####
#
# OBJ File Generated by Meshlab
#
####
# Object input_mesh.obj
#
# Vertices: 900
# Faces: 1796
#
####
vn 0.0004993888847791 0.0002484093008697 0.0005526411528821
v 0.0054774719318806 0.1477706432590551 0.0817917495513017 0.615686 0.572549 0.490196
vn 0.0000367336418518 -0.0000404525668539 0.0005527152545057
v -0.0012159603390839 0.1427786919361232 0.0854794338491028 0.705882 0.650980 0.545098
vn 0.0002333864028718 -0.0001217132772539 0.0006590970251728
v 0.0054210169929859 0.1346036419099610 0.0821965326566754 0.721569 0.670588 0.564706
vn 0.0003868373372048 0.0000930574825043 0.0005918512520128
v 0.0315346814617899 0.1329875517521774 0.0791154818237920 0.674510 0.635294 0.537255
vn 0.0003161682478312 0.0000301593356272 0.0004220438932216
v 0.0336051691539017 0.1230833158158854 0.0773480626421268 0.694118 0.650980 0.556863
vn 0.0008711926195502 0.0002714987655991 0.0002285847008712
v 0.0403305363174226 0.1302409705331307 0.0665948541910146 0.643137 0.592157 0.498039
vn 0.0004610413257663 0.0000655205867489 0.0002837638813639
v 0.0409919999797120 0.1192496791839766 0.0713278849160140 0.674510 0.639216 0.549020
vn -0.0001151098112348 -0.0008862789297262 -0.0000960860507725
v -0.0006903806914053 -0.1489043202928650 0.0161293042717967 0.207843 0.215686 0.184314
vn -0.0001669810447972 -0.0007645431380403 0.0000015274187961
v 0.0094100283269728 -0.1496671911984388 0.0104020866078405 0.207843 0.215686 0.184314
vn -0.0000728624112791 -0.0007403268855371 -0.0001051588561792
v 0.0101801365427989 -0.1511856149175053 0.0219130630769646 0.196078 0.211765 0.176471
vn -0.0006123636370436 0.0000074048059762 -0.0000430219752135
v -0.0611587636720997 -0.1489834337418214 0.0387588315196576 0.600000 0.533333 0.392157
vn -0.0006651585086354 0.0002549873899904 0.0001747666970613
v -0.0565593721494499 -0.1419106277697689 0.0468648407053237 0.843137 0.760784 0.600000
vn -0.0009212928641059 0.0001866132484175 -0.0000911906930062
v -0.0567502448804231 -0.1359237903476551 0.0371981268553252 0.843137 0.772549 0.615686
vn -0.0002795824464331 0.0004436016839289 -0.0002988091716376
v -0.0130353651764251 0.1575846701644298 0.0672352938031609 0.741176 0.686275 0.564706
vn -0.0003190091408332 0.0005306498762350 0.0000222682850704
v -0.0195514529675379 0.1518426722086590 0.0733433866161610 0.862745 0.788235 0.635294
vn -0.0002700534892164 0.0004561212246274 0.0002927725381952
v -0.0126577697510903 0.1586079882788434 0.0783982339406088 0.760784 0.690196 0.541176
vn 0.0006577619740946 -0.0000232759827839 0.0002732548192238
v -0.0402476063179118 0.0092189649134777 0.0909891919319826 0.635294 0.600000 0.517647
vn 0.0007354733717050 0.0000986722987533 0.0003913196299872
v -0.0396772954637274 0.0101272421348564 0.0795944374795864 0.505882 0.454902 0.356863
vn 0.0010605505683105 -0.0000281211528167 0.0001474042391929
v -0.0395490401873836 0.0248448569417326 0.0854989070682715 0.529412 0.486275 0.396078
vn 0.0005481504885734 0.0001400134242580 -0.0001538255468509
v 0.0829254020455159 0.0952098968360375 0.0814736887182042 0.690196 0.635294 0.529412
vn 0.0003729923434664 0.0003741629511238 -0.0003807933835963
v 0.0765315552478291 0.1059154219866827 0.0789996750043543 0.741176 0.670588 0.533333
vn 0.0003993992407089 0.0001366726868087 -0.0000544664081920
v 0.0807571721452651 0.1054930689057557 0.0863156359950483 0.600000 0.533333 0.411765
vn -0.0001700498934124 0.0001676415277683 0.0000125111306048
v 0.0604756290234181 0.1164666926926285 0.0946941676865620 0.749020 0.658824 0.490196
vn -0.0003493726691834 0.0001335437863138 0.0000577952507964
v 0.0564027789840154 0.1085511559705492 0.0925936067429765 0.815686 0.729412 0.576471
vn -0.0001729606585253 0.0001998776228026 0.0002949455788050
v 0.0628002568090429 0.1140653401663033 0.1015067318103326 0.796078 0.709804 0.533333
vn 0.0000745255784381 0.0000115706287542 -0.0008141800850411
v -0.0134546809481028 -0.1307860660521135 -0.0005417404718078 0.541176 0.498039 0.400000
vn -0.0000142435786020 -0.0005973181765841 -0.0007433684904080
v -0.0281756102696456 -0.1393843149956757 -0.0006656487998625 0.345098 0.313725 0.227451
vn 0.0000070288498114 0.0000943503460666 -0.0006853286164142
v -0.0203164827005565 -0.1243393913806633 -0.0002406608034651 0.631373 0.584314 0.490196
vn 0.0000130427158852 0.0004527999412651 -0.0000236673484299
v 0.0675450810436460 0.1196875570803397 0.0948175449786104 0.611765 0.537255 0.384314
vn 0.0002412298430626 0.0002379824805262 0.0003374163781210
v 0.0734775294489956 0.1144366560814722 0.1006704524959510 0.533333 0.478431 0.376471
vn 0.0004041386341550 -0.0000172760636199 0.0007399266984682
v -0.0230947320760547 0.0689532480480740 0.0713389669845820 0.713725 0.666667 0.564706
vn 0.0001893859146725 -0.0000374793135737 0.0003477221664702
v -0.0267901396801091 0.0777332497673223 0.0747303365542832 0.729412 0.678431 0.580392
vn -0.0000608618084505 -0.0001285635273075 0.0007176946614743
v -0.0347383587227239 0.0711690479938178 0.0756004139792482 0.772549 0.717647 0.600000
vn 0.0004479558010155 0.0000733662054002 0.0002081375372857
v 0.0801053222150329 0.1050998848839825 0.0950601887513609 0.662745 0.623529 0.533333
vn 0.0002189337834360 -0.0000643143442804 0.0004203630550830
v 0.0746832639808317 0.1045744005975107 0.1010881775593190 0.717647 0.670588 0.560784
vn -0.0006828069495344 0.0001328487313990 0.0006434403420274
v -0.0441028310994344 0.1279870914855751 0.0823250533579800 0.878431 0.807843 0.643137
vn -0.0004498836692744 0.0003222810921586 0.0003930044141793
v -0.0397782212874030 0.1418185991579253 0.0817840618367643 0.807843 0.733333 0.568627
vn -0.0007806154271731 0.0003340499837588 -0.0000179172884724
v -0.0467450471123736 0.1363730786323453 0.0688011435074384 0.800000 0.725490 0.576471
vn 0.0001030912043576 0.0000691361693630 -0.0005014131193060
v 0.0100433314074204 -0.1341794890620977 0.0046065604024022 0.623529 0.580392 0.482353
vn 0.0001614854146490 0.0000649593231903 -0.0004250912241718
v 0.0189368404123979 -0.1313932421657545 0.0061331150699306 0.650980 0.600000 0.501961
vn 0.0003197061170790 0.0002584512598783 -0.0008191950556010
v 0.0206710370253617 -0.1410603296592432 0.0061714750671745 0.541176 0.494118 0.380392
vn 0.0001412352780068 -0.0000351967069652 0.0003335819891804
v 0.0365105631887022 -0.1525463256915532 0.0717456783045376 0.227451 0.219608 0.176471
vn 0.0001678469446778 0.0001454448335465 0.0002149070277962
v 0.0424791496755289 -0.1496580225760804 0.0674876711830815 0.572549 0.494118 0.341176
vn 0.0002300116236797 0.0002060221241239 0.0004921974265614
v 0.0299621900850901 -0.1445705601619215 0.0694962144407770 0.647059 0.603922 0.521569
vn -0.0003427311137617 0.0004140359885265 -0.0005020043535307
v -0.0170938032271470 0.1476784075930752 0.0626111132485295 0.741176 0.686275 0.572549
vn -0.0001960116889841 0.0002521598798722 -0.0004609263779051
v -0.0132115200635681 0.1399521328877350 0.0547867564084173 0.745098 0.694118 0.588235
vn -0.0002404899111129 0.0002266265110718 -0.0003951107265986
v -0.0205604922014064 0.1373481837822685 0.0606634110358521 0.741176 0.674510 0.556863
vn -0.0001007937808155 0.0002775339955241 -0.0004875806551855
v -0.0272295347920426 0.1426491588236760 0.0654327450115124 0.698039 0.635294 0.517647
vn -0.0001574561440832 -0.0002213195265662 0.0008888470900096
v 0.0406401575383383 0.0855472215215791 0.0672657522407790 0.756863 0.701961 0.603922
vn -0.0000184459915924 -0.0001980184444932 0.0007181233860636
v 0.0301346697265871 0.0870119738891563 0.0709950207521300 0.768627 0.709804 0.603922
vn 0.0000603178361345 -0.0001152393747161 0.0006771080992932
v 0.0305771876997839 0.0765069218824077 0.0694090542483031 0.745098 0.686275 0.576471
vn -0.0004016362078989 -0.0000174536231627 0.0007726091276550
v -0.0229155914911791 -0.1475538199898177 0.0773671046032658 0.831373 0.756863 0.623529
vn -0.0002307274487366 -0.0000169570983623 0.0004885978368272
v -0.0144353282929727 -0.1352795701543808 0.0830760537177367 0.792157 0.713725 0.572549
vn -0.0004644940793409 0.0000240585183507 0.0008913560646963
v -0.0215865481947810 -0.1304221649865684 0.0796016968346820 0.831373 0.756863 0.623529
vn -0.0008882878592437 0.0000413340353616 -0.0003204453682828
v -0.0518255501506606 0.0551550652120379 0.0615307124075989 0.792157 0.725490 0.603922
vn -0.0005331738678464 0.0000396726193630 -0.0001098342502538
v -0.0495060506745532 0.0660368715385148 0.0570477149422202 0.792157 0.729412 0.600000
vn -0.0005365550205816 0.0000400808544816 -0.0003107708930922
v -0.0464243107417428 0.0616899900704362 0.0497267169688221 0.694118 0.631373 0.517647
vn -0.0007363584655145 0.0000789998206718 0.0003582193308719
v 0.0505342385236580 0.0706701974207390 0.0789494411157287 0.839216 0.768627 0.639216
vn -0.0003730809863136 -0.0001996663508500 0.0007106853065008
v 0.0552847090037293 0.0618992729846298 0.0835410524640592 0.831373 0.768627 0.639216
vn -0.0005422921389911 -0.0001707365469743 0.0005993007530151
v 0.0564228562474545 0.0757460602298896 0.0884859646313877 0.835294 0.764706 0.635294
vn -0.0004298356274706 0.0000357072432765 -0.0008880089535134
v -0.0306871334035238 -0.0591880758634279 0.0188622545585730 0.737255 0.686275 0.584314
vn -0.0001616278938448 0.0001015162864130 -0.0006881271154927
v -0.0226332392513970 -0.0526766902376605 0.0167242294022432 0.733333 0.686275 0.592157
vn -0.0003514373697225 0.0002216400886606 -0.0012891167875291
v -0.0190510311818439 -0.0680837319637681 0.0137630769983263 0.709804 0.658824 0.564706
vn 0.0000340315020390 -0.0005272733579449 -0.0000414703758526
v 0.0365271654899177 -0.1556824792527475 0.0111976300601649 0.211765 0.211765 0.180392
vn -0.0001455633713267 -0.0010578386643213 0.0000754866347163
v 0.0228052155649441 -0.1522157173714292 0.0189840659626678 0.196078 0.207843 0.176471
vn -0.0001006664126381 -0.0005921307218806 -0.0000510952415481
v 0.0216403596574250 -0.1551253497354667 0.0057643401156196 0.203922 0.207843 0.176471
vn 0.0000520885450163 0.0000366645627576 0.0008001531710999
v -0.0020057150787223 -0.0950940311253941 0.0791479608350671 0.725490 0.682353 0.588235
vn 0.0001252377644958 0.0000886884275673 0.0007212105268933
v -0.0019424100752093 -0.1076950410739267 0.0802847713374207 0.729412 0.682353 0.592157
vn 0.0000561425004020 0.0000066503548095 0.0006681817592165
v 0.0091681588162383 -0.1031248501540845 0.0792116761629353 0.713725 0.674510 0.588235
vn -0.0000249825228571 -0.0000309601732344 -0.0007559835341109
v 0.0040058257629383 0.0149795184231747 0.0244132008834583 0.733333 0.678431 0.584314
vn -0.0000210802145190 0.0000491379981227 -0.0008975672913004
v 0.0050203043942484 0.0294662944986994 0.0231713870620578 0.725490 0.670588 0.584314
vn -0.0000464905613874 -0.0000089861874509 -0.0005530571758563
v 0.0125945554120557 0.0181118318113017 0.0240736424002231 0.729412 0.678431 0.584314
vn -0.0002576182101409 0.0004709721941079 0.0002342734804630
v -0.0592334554002962 0.0704590733079341 0.1026524587430481 0.541176 0.450980 0.305882
vn -0.0005272232086299 0.0002519020550137 0.0004264738683115
v -0.0676703648252237 0.0579376792509487 0.1062197878922140 0.874510 0.788235 0.607843
vn -0.0000980938282359 0.0001675526181917 0.0003131141478590
v -0.0593203893826132 0.0627629693879476 0.1101990992340759 0.686275 0.600000 0.435294
vn 0.0001105143554440 0.0000035083255370 0.0005397641432929
v 0.0088766743780098 -0.1126823339821982 0.0784411160209885 0.666667 0.627451 0.533333
vn -0.0002192069054282 -0.0003005687107688 0.0003637266613970
v -0.0437433533879626 -0.1553338521171390 0.0634112517842788 0.286275 0.278431 0.223529
vn -0.0000557557192973 -0.0006320714720059 -0.0000678178459317
v -0.0315670793543398 -0.1619860302400851 0.0612667083801764 0.250980 0.243137 0.200000
vn -0.0003868490354168 -0.0001590878270318 0.0004247403614969
v -0.0295280065474150 -0.1574294442088008 0.0750077355092194 0.788235 0.698039 0.517647
vn 0.0001530505829337 0.0002466406828700 0.0002366376172356
v -0.0535586631696220 0.0682703535268039 0.1057037499879329 0.509804 0.447059 0.325490
vn 0.0002141491849354 0.0004550418601591 -0.0000351856910171
v -0.0511385329871296 0.0712171201015873 0.0948525000663516 0.439216 0.376471 0.254902
vn 0.0002278439516623 0.0000545221170218 -0.0005202352624410
v 0.0282830237977555 -0.1511618166893896 0.0038367204225832 0.380392 0.345098 0.254902
vn 0.0000853255806418 0.0000020784773636 0.0008007629248922
v -0.0076887618911652 0.0643153545550825 0.0650154219755344 0.764706 0.701961 0.588235
vn 0.0000887382064657 -0.0000376384616868 0.0005814689525929
v -0.0151968264763621 0.0738032048122037 0.0633941698668934 0.800000 0.737255 0.615686
vn -0.0000103539778387 -0.0001250569134404 0.0006459518323127
v -0.0022015158449388 0.0731830753081845 0.0681435508114489 0.733333 0.674510 0.572549
vn -0.0006907142969181 0.0002760487212513 -0.0006475363995491
v -0.0463179812599013 0.1227940614354315 0.0588742592080183 0.737255 0.674510 0.556863
vn -0.0001106209675127 0.0002746641444207 -0.0006198384618286
v -0.0366132561211266 0.1262353658506203 0.0555781826056539 0.737255 0.690196 0.592157
vn -0.0002094797960826 0.0003002117430355 -0.0008506300601514
v -0.0376762138021217 0.1104254774636137 0.0496483339057885 0.733333 0.678431 0.580392
vn -0.0001254801612091 0.0000808593511847 0.0009258418522638
v 0.0419699156636997 0.0267470754483525 0.0790506753668976 0.717647 0.658824 0.541176
vn -0.0000909898696133 0.0003057577869616 0.0010100216993218
v 0.0327742466740114 0.0383139191442141 0.0753368985174581 0.725490 0.674510 0.568627
vn -0.0002033582480856 -0.0000117052467562 0.0009489269167511
v 0.0254811153045374 0.0261909584523855 0.0747921690666796 0.713725 0.666667 0.568627
vn 0.0002034490704078 -0.0001134244767592 0.0005196954337947
v 0.0285033886983180 -0.1008480257379632 0.0752005204077991 0.654902 0.615686 0.541176
vn 0.0005265456615581 -0.0001759201464211 0.0007326583978269
v 0.0335876711868769 -0.1090865874868286 0.0707102105173895 0.643137 0.603922 0.533333
vn 0.0004898097471017 -0.0002722903805050 0.0005910279842475
v 0.0382956709788778 -0.0945994514906541 0.0721057631355920 0.619608 0.580392 0.501961
vn 0.0000046859050107 -0.0007328603704656 -0.0001086021863528
v 0.0127866663087552 -0.1556290991068731 0.0600921680807336 0.188235 0.200000 0.168627
vn 0.0000257895989455 -0.0005993755020596 -0.0001523828865397
v 0.0074932174524393 -0.1568346104173809 0.0700878367498775 0.184314 0.192157 0.160784
vn -0.0000192426642837 -0.0010906452348369 -0.0001968838433697
v -0.0007159110034849 -0.1561333566494749 0.0625445707793025 0.196078 0.203922 0.172549
vn -0.0002600969830565 0.0002538603422595 -0.0007998640860605
v -0.0187050326963901 -0.0840677362742582 0.0097310450871621 0.709804 0.658824 0.560784
vn -0.0004572670820987 0.0002079699926822 -0.0007051887819428
v -0.0305123462420076 -0.0813635438266951 0.0158500488120763 0.745098 0.694118 0.596078
vn 0.0004722565926639 -0.0000498513169455 0.0003025989450107
v -0.0434651731911290 0.0206537705979424 0.0950717426434739 0.588235 0.545098 0.458824
vn -0.0002074709374049 -0.0000210820592215 0.0005241015087125
v -0.0616163395492462 0.0533377150727495 0.1113829558151719 0.807843 0.725490 0.568627
vn 0.0003685937732303 0.0001151022108560 0.0006091399981022
v -0.0531526446229968 0.0570932744474108 0.1110743111537576 0.627451 0.568627 0.450980
vn -0.0001498525669419 0.0000359664351934 0.0003406680008080
v -0.0139721040655185 -0.1540026678212128 0.0819649202014689 0.749020 0.678431 0.529412
vn -0.0000404421236423 -0.0000632942956308 0.0001678231453097
v -0.0145987789490965 -0.1587298195351385 0.0840028450805210 0.701961 0.631373 0.478431
vn -0.0000055682323809 -0.0001403693705407 0.0005437669458146
v -0.0058384552874984 -0.1577200868116558 0.0854672662597993 0.529412 0.462745 0.356863
vn 0.0000203510395434 0.0003031332409293 0.0005374091986300
v 0.0249300815769182 0.1431017148147324 0.0790597331662294 0.615686 0.552941 0.447059
vn -0.0000441269779221 0.0000269662457888 0.0006119623362732
v 0.0184504538015204 0.1347705905708632 0.0808153587100173 0.807843 0.733333 0.596078
vn -0.0000582960315200 -0.0011248897107801 -0.0002639292577443
v -0.0274298730296970 -0.1512926065597128 0.0374707508189231 0.180392 0.192157 0.156863
vn -0.0000523102203033 -0.0006636139698512 -0.0001303331662211
v -0.0153620128770156 -0.1521379794674271 0.0378326739849394 0.200000 0.211765 0.176471
vn -0.0000303277349474 -0.0009444518151636 -0.0001539702168355
v -0.0172249847406396 -0.1540526564099887 0.0496370054118708 0.192157 0.203922 0.172549
vn 0.0002151892336961 0.0001540559791904 0.0006018942746654
v -0.0093375844350758 -0.0297898364776094 0.0819737273630277 0.631373 0.584314 0.494118
vn 0.0003438296130283 0.0002107042842645 0.0008063529321392
v -0.0190457745063353 -0.0268562032736366 0.0854404782794422 0.627451 0.580392 0.490196
vn 0.0001607135126372 0.0000665947813248 0.0004561465109473
v -0.0157159597470246 -0.0357488251572831 0.0857224152750537 0.643137 0.600000 0.498039
vn -0.0000059367573478 -0.0000419422965994 0.0004892962017528
v 0.0660799909327198 0.1058394446018244 0.1037741517964076 0.803922 0.737255 0.596078
vn -0.0003322509636049 0.0001587118855489 -0.0004783869444482
v -0.0318887979126621 -0.0913351761630820 0.0137248594053203 0.682353 0.627451 0.529412
vn -0.0006457035940341 0.0001895699523785 -0.0006284011676893
v -0.0409237914000661 -0.0936949912083615 0.0207490396703703 0.686275 0.631373 0.533333
vn -0.0001528312285634 0.0002793161813460 -0.0004961873662507
v -0.0759431936568567 0.0480820129669552 0.0708379048105651 0.650980 0.545098 0.380392
vn -0.0004718856960571 0.0001066815487442 0.0000427937783500
v -0.0804794595469714 0.0445126056938471 0.0758208654435220 0.847059 0.756863 0.580392
vn -0.0004011070910788 0.0002828334235298 -0.0001188457672516
v -0.0776235103965779 0.0533659380047348 0.0790403017997064 0.788235 0.690196 0.501961
vn -0.0005937423308940 0.0000309830145917 0.0000879631393082
v -0.0825631600612556 0.0347174557637553 0.0754517277224511 0.878431 0.788235 0.627451
vn -0.0006966182541625 0.0000024398167514 0.0002940672510057
v -0.0775642729751224 0.0345871249673845 0.0846618161041531 0.894118 0.819608 0.666667
vn 0.0003800681766605 0.0003775632628828 -0.0000806282830176
v 0.0771564624780689 0.1143573232250710 0.0906135243134048 0.533333 0.454902 0.321569
vn 0.0002760130441815 -0.0000765573850142 0.0009622245971712
v 0.0354498683677091 -0.0664182902600954 0.0816645790286899 0.686275 0.623529 0.505882
vn 0.0004357388907954 -0.0001098364697100 0.0004629929965720
v 0.0478023016384778 -0.0698446793486536 0.0743877201886875 0.670588 0.615686 0.498039
vn 0.0005117134658218 -0.0000731615801586 0.0007729181496504
v 0.0475533187359359 -0.0570585645092361 0.0766111659664055 0.682353 0.623529 0.505882
vn 0.0004814950187201 -0.0001560414175408 0.0003197972549385
v 0.0407149030164399 -0.1044727149274602 0.0642448058526513 0.650980 0.623529 0.552941
vn 0.0006299497079951 -0.0002154583237596 0.0002550924369328
v 0.0452775173693463 -0.0958962733356142 0.0617248776198485 0.670588 0.643137 0.560784
vn -0.0006001366241522 0.0001842919332232 -0.0004142342819207
v -0.0537948745826117 -0.0079569642322355 0.0440158228576820 0.631373 0.568627 0.450980
vn -0.0003516817979521 0.0000622268300444 -0.0003738152560305
v -0.0470534835528791 -0.0078861765230723 0.0337165649738242 0.717647 0.658824 0.552941
vn -0.0005418868605355 0.0001427500543384 -0.0005285099630693
v -0.0523775524513148 -0.0156347431131527 0.0378581838246810 0.705882 0.643137 0.529412
vn -0.0007749842248274 0.0001226400298978 0.0000032067623035
v -0.0503147742759483 0.1227202992087144 0.0682131499067733 0.819608 0.741176 0.596078
vn 0.0007631343377704 0.0000495903937325 -0.0001379447707102
v 0.0460054025841171 -0.1185322446133579 0.0344681348464173 0.627451 0.580392 0.494118
vn 0.0008537676927003 -0.0000539734952366 -0.0000475829376635
v 0.0452326903779831 -0.1063335454726141 0.0448766728544983 0.607843 0.568627 0.486275
vn 0.0009429685329197 -0.0000214453076818 0.0001733322538105
v 0.0443387496658094 -0.1196609660119188 0.0463979415629499 0.643137 0.611765 0.525490
vn 0.0003234336877565 0.0004260617330176 -0.0006459607768636
v 0.0302609063851613 0.1368475464734581 0.0546508308385692 0.745098 0.690196 0.584314
vn 0.0004936740138920 0.0001813091660675 -0.0003421129251015
v 0.0382832957227582 0.1241738052233617 0.0543599034482218 0.721569 0.662745 0.552941
vn 0.0003178823839342 0.0002436850347177 -0.0005959496003593
v 0.0322100000797428 0.1217514802427572 0.0481749303751411 0.741176 0.690196 0.588235
vn 0.0000071766791986 0.0001241511670617 -0.0007886159789276
v -0.0066292296234528 -0.0718630501891281 0.0119955969046360 0.701961 0.650980 0.556863
vn 0.0001566966501865 0.0001052178052879 -0.0008283016007902
v 0.0068350631219906 -0.0735434691266872 0.0128708963623309 0.733333 0.686275 0.592157
vn 0.0001421894719307 0.0001632072520442 -0.0007460439355443
v 0.0055750253651177 -0.0829724136225764 0.0098845221714470 0.709804 0.658824 0.560784
vn -0.0003284020850048 0.0001449298300475 -0.0006381212823621
v -0.0440367345187531 0.0949006470891594 0.0474645359521743 0.741176 0.682353 0.584314
vn -0.0006011910164572 0.0001822932145341 -0.0005748559497780
v -0.0455746466216520 0.1056712050604342 0.0522906208638143 0.752941 0.690196 0.576471
vn -0.0002234296748258 0.0002310183521612 -0.0008740079387493
v -0.0332203335473689 0.0986362318510651 0.0457781570540330 0.725490 0.678431 0.584314
vn -0.0002367529817537 0.0000703980049924 -0.0002950132934556
v -0.0810112758899657 0.0380644895210870 0.0696233633603652 0.643137 0.533333 0.360784
vn 0.0002685553880672 -0.0001101253771397 0.0003327359681314
v 0.0765177469164299 0.0951006873192752 0.0971650593970050 0.686275 0.631373 0.533333
vn 0.0004763968658871 -0.0000245904219103 0.0001580958407111
v 0.0819566812489325 0.0953245707587007 0.0901679235104802 0.670588 0.627451 0.545098
vn 0.0003858129614293 0.0002793581377640 0.0003675252828352
v 0.0383035442122414 -0.1445919000003334 0.0630173665726070 0.635294 0.596078 0.505882
vn 0.0003256440665324 0.0001628243687330 0.0002311808549018
v 0.0488627876029769 -0.1495028009209445 0.0603609543529361 0.427451 0.372549 0.270588
vn 0.0000543244895968 -0.0003714967464866 0.0008972960841918
v 0.0678638043885782 0.0894974214785445 0.0986550653290181 0.784314 0.725490 0.603922
vn -0.0005340427978658 -0.0000044675797126 -0.0006023068706502
v -0.0399398652622992 -0.0672815139309976 0.0248162764011559 0.733333 0.670588 0.556863
vn -0.0004633494240493 -0.0000325000687925 -0.0005073817638495
v -0.0407296132335098 -0.0562383530605778 0.0250652301670283 0.745098 0.682353 0.572549
vn 0.0006757534478461 0.0002388923863233 -0.0000738016985125
v 0.0535580038872429 -0.1482332908065017 0.0405969593745526 0.525490 0.462745 0.341176
vn 0.0002647741127741 -0.0003058506860081 0.0000343632371882
v 0.0520422956020648 -0.1529069940797850 0.0505256872213377 0.188235 0.188235 0.149020
vn 0.0002515983090649 -0.0004173898056303 -0.0000276652104055
v 0.0517855545445180 -0.1538787962994545 0.0357077602470183 0.203922 0.207843 0.172549
vn -0.0000708506589236 0.0001909177578746 -0.0006987644614919
v -0.0701200200917317 0.0353716006759038 0.0665993931505710 0.682353 0.619608 0.482353
vn -0.0003467094365365 0.0001587670283636 -0.0008151143661672
v -0.0604038753170045 0.0331557042252858 0.0665947301432723 0.670588 0.611765 0.486275
vn -0.0000890694371807 0.0001727993942323 -0.0006782210314010
v -0.0691029893077560 0.0239954065798432 0.0631583872114087 0.674510 0.607843 0.478431
vn -0.0002602969676778 0.0003442157974178 -0.0000501878611328
v -0.0397171244998850 0.1461099930152570 0.0710172203371723 0.756863 0.682353 0.529412
vn -0.0002512724684052 0.0004804164548166 -0.0006948875465483
v -0.0406004043343796 0.1380802635233854 0.0625434090379570 0.721569 0.658824 0.552941
vn 0.0001092082347409 0.0001833764980749 -0.0007155199581204
v -0.0051601565357382 -0.1144609325926463 0.0028786355941929 0.666667 0.619608 0.525490
vn 0.0000937220928347 0.0000437724691400 -0.0004408582684291
v 0.0022240665753193 -0.1193252678048791 0.0020484408249130 0.674510 0.627451 0.533333
vn 0.0000811553879234 0.0000368703855999 -0.0005655029731283
v -0.0072745650690472 -0.1227362954412408 0.0003535259778511 0.611765 0.568627 0.478431
vn 0.0005415744046956 0.0002708267822233 -0.0008847073358732
v 0.0590595285847729 0.0269895586533361 0.0351968861872346 0.729412 0.674510 0.584314
vn 0.0003508331491510 0.0002152908029256 -0.0008238747783170
v 0.0483084732048573 0.0222110294910095 0.0284971082657910 0.733333 0.686275 0.588235
vn 0.0003758582744028 0.0003824512994672 -0.0007735213336325
v 0.0447694839933884 0.0336049387889937 0.0313600227964667 0.717647 0.666667 0.572549
vn -0.0000750806488331 0.0002613797214418 -0.0006049133581017
v 0.0239491059833316 0.1292562252286578 0.0493207710867771 0.745098 0.690196 0.592157
vn -0.0001330036951228 0.0003769255930888 -0.0005620822135218
v 0.0201296653627902 0.1409930234597200 0.0557059776379402 0.741176 0.682353 0.576471
vn 0.0001936993496580 -0.0001864697939851 0.0009067745916224
v 0.0042870055140975 0.0859367878159312 0.0684385584118491 0.752941 0.694118 0.600000
vn 0.0001429808508452 -0.0000745141175162 0.0006647089954497
v 0.0061411177623883 0.0746170776184357 0.0638112103804674 0.737255 0.690196 0.596078
vn -0.0000116388807936 -0.0002024734884423 0.0007156277571668
v -0.0329741365357389 -0.0630841415979413 0.0871588561193498 0.737255 0.670588 0.545098
vn -0.0002121301096320 -0.0002434422009123 0.0006792714740128
v -0.0437862346480162 -0.0613580530102463 0.0859504851404042 0.800000 0.729412 0.584314
vn -0.0001321948981725 -0.0003440545182295 0.0008641919267312
v -0.0353916244089078 -0.0736920471316501 0.0830476506584633 0.764706 0.694118 0.556863
vn -0.0005597477161424 -0.0002367730158322 0.0002355992026390
v -0.0573691279498161 -0.0588382716364325 0.0752714721275106 0.866667 0.788235 0.623529
vn -0.0005078274121094 -0.0002340565949785 0.0003835921229749
v -0.0601583207483110 -0.0488163185090086 0.0781552258963995 0.839216 0.756863 0.584314
vn -0.0007474707372910 -0.0002778096914923 0.0000697629572681
v -0.0624438509567570 -0.0508588451378234 0.0689878515330475 0.827451 0.741176 0.576471
vn -0.0000648925711757 0.0001738429176046 -0.0006886329308430
v -0.0095782784859201 -0.0214858090522606 0.0218539049051055 0.705882 0.658824 0.568627
vn -0.0000961724337026 0.0002245333462423 -0.0009364387320232
v 0.0026369633731296 -0.0154548172425483 0.0217397059607523 0.709804 0.658824 0.568627
vn -0.0000520873418318 0.0001504963037534 -0.0006518205002740
v 0.0004635787487792 -0.0261929974482630 0.0195951553094580 0.713725 0.662745 0.572549
vn 0.0000555161413680 -0.0008425621483154 -0.0001566723513077
v -0.0142718405618583 -0.1559728446572286 0.0628654001093677 0.200000 0.207843 0.176471
vn -0.0000228221000625 -0.0009595815400812 -0.0001264331513881
v -0.0031693692111228 -0.1542160208041608 0.0483227662061435 0.219608 0.227451 0.192157
vn 0.0004410423837715 0.0004131311014158 -0.0001571044851284
v 0.0327934164998930 0.1459667113515811 0.0650456899537380 0.572549 0.494118 0.360784
vn 0.0000368991795161 0.0004373078444730 -0.0003738112711829
v 0.0223954656362778 0.1491943056897259 0.0617478610881693 0.713725 0.643137 0.513725
vn 0.0001177943220256 0.0003481227045977 0.0001196032939287
v 0.0256433471689047 0.1507310554712696 0.0710572050203992 0.482353 0.411765 0.290196
vn 0.0000299125752765 0.0001160331855377 -0.0007427726158714
v 0.0164497380255599 0.0639058254980202 0.0367959711612379 0.772549 0.717647 0.611765
vn 0.0001222014480886 0.0001799266609048 -0.0005869904208484
v 0.0090881810887722 0.0576521646486960 0.0331802450563016 0.772549 0.717647 0.607843
vn 0.0001797041186231 0.0001250235789114 -0.0006631213334406
v 0.0022407921983085 0.0633899236023759 0.0314149225995563 0.713725 0.662745 0.568627
vn -0.0002009307954534 -0.0001811411692327 0.0003987840242923
v -0.0532071659538133 -0.1514119555222463 0.0645530196938761 0.411765 0.368627 0.278431
vn -0.0005607081908440 0.0001899593755589 0.0002263279094045
v -0.0594825389934323 -0.1515158860850518 0.0562137836645709 0.388235 0.349020 0.266667
vn -0.0002552774569176 -0.0004621872381433 0.0000457658542177
v -0.0584144430732982 -0.1561065067004453 0.0527075501465776 0.219608 0.219608 0.184314
vn 0.0000047970687959 -0.0003341583090520 0.0000112927030249
v -0.0189225528993887 -0.1618953574175903 0.0796324576432558 0.380392 0.349020 0.270588
vn -0.0000016466729405 -0.0002496317501944 0.0000136325263742
v -0.0103060595020225 -0.1615525124104334 0.0796945498030661 0.219608 0.211765 0.180392
vn 0.0011625617438701 0.0000979847091201 0.0001840465552398
v -0.0392461684554575 0.0419770649991234 0.0899077824932665 0.552941 0.501961 0.400000
vn 0.0007652581852716 -0.0001376875340842 0.0004953537191062
v -0.0423479829745424 0.0310480905976158 0.0989864268027613 0.607843 0.564706 0.478431
vn 0.0007498305263345 -0.0000580459906905 -0.0006756104364979
v 0.0633030023614415 0.0121968597436556 0.0375512637261850 0.701961 0.654902 0.552941
vn 0.0005898368278627 -0.0000915953787406 -0.0002399436780064
v 0.0701082703012071 0.0150301564959755 0.0477695625274594 0.725490 0.678431 0.584314
vn 0.0009664321541789 -0.0001617187085102 -0.0002839681732914
v 0.0690436645814745 0.0036162459982916 0.0491983342447839 0.756863 0.717647 0.627451
vn 0.0001154250972307 -0.0004117586750915 -0.0000533386292063
v 0.0472041025979896 -0.1552748539007804 0.0299678028732609 0.192157 0.196078 0.168627
vn -0.0000771123789716 -0.0007306262612683 0.0000274595082290
v 0.0391128480562383 -0.1534400017735932 0.0219076470020099 0.219608 0.223529 0.188235
vn 0.0001814803684285 -0.0002662524584809 -0.0000935676715944
v 0.0437968569829478 -0.1544958310200648 0.0177332755000405 0.192157 0.196078 0.168627
vn -0.0004117982966430 0.0003012654331812 -0.0003054679985786
v 0.0576795990422900 0.1030614881702296 0.0783523808259242 0.713725 0.647059 0.525490
vn -0.0003787442381081 0.0004469416723297 -0.0003070529887708
v 0.0602474652336367 0.1126367502534243 0.0859517075763021 0.674510 0.588235 0.447059
vn -0.0000500716440176 0.0004771615970526 -0.0005344456847581
v 0.0670096859637569 0.1057220592090930 0.0758737212492956 0.741176 0.670588 0.545098
vn -0.0000141788134677 -0.0006588742301527 -0.0000589970344043
v 0.0181419794789173 -0.1538782439750591 0.0402705760723063 0.192157 0.203922 0.168627
vn -0.0000429258351584 -0.0009368279685024 -0.0001220743900795
v 0.0042488736685994 -0.1528438826086967 0.0352806331346760 0.176471 0.188235 0.156863
vn -0.0000426185482726 -0.0007931431062054 -0.0000802237183114
v 0.0184343808150539 -0.1527888581588305 0.0292007497598802 0.188235 0.196078 0.168627
vn -0.0000376146811937 0.0000961411325046 0.0006168822746731
v 0.0278043460436599 -0.0346901837962565 0.0797332824317419 0.705882 0.650980 0.537255
vn -0.0000125737805696 0.0001529066553649 0.0008308675204185
v 0.0144071652140827 -0.0363928648587875 0.0788980943614073 0.686275 0.639216 0.541176
vn -0.0000132454898843 0.0001173148641524 0.0007635202455465
v 0.0219604257950743 -0.0427887368658459 0.0805545960223970 0.705882 0.647059 0.545098
vn -0.0003131135133203 0.0000486711477318 -0.0005177757239500
v -0.0307301964647432 -0.0705099823615269 0.0190725294581969 0.709804 0.650980 0.545098
vn -0.0004360507606347 -0.0000511831259702 0.0004653294270543
v 0.0589139933844758 0.1053390137528479 0.1006058889258252 0.858824 0.784314 0.623529
vn -0.0008012748761967 0.0001113606106372 0.0000662502662254
v 0.0536229751456388 0.1000948728550438 0.0881380043248382 0.792157 0.717647 0.576471
vn -0.0005034438308118 -0.0001908513845573 0.0005244437687110
v 0.0577835720831146 0.0905785903513514 0.0959324686354886 0.803922 0.725490 0.572549
vn 0.0002979871461381 0.0000810010753264 -0.0010454802731159
v 0.0077273012926852 -0.1002879048334952 0.0093985754364735 0.603922 0.564706 0.474510
vn 0.0002994751244027 0.0002224450514714 -0.0008022640437667
v 0.0061238722205410 -0.1104554119070893 0.0065443337210127 0.674510 0.623529 0.517647
vn 0.0001616927255488 0.0001261043761454 -0.0008619778440232
v -0.0049434398142043 -0.1001442317187362 0.0060355382962366 0.678431 0.631373 0.541176
vn -0.0000378720025049 0.0002446402326052 -0.0004423566226978
v 0.0138181561980892 0.1219623600628024 0.0518444041750774 0.752941 0.690196 0.580392
vn -0.0000833634504245 0.0001847579769480 -0.0004829645061758
v 0.0140701351089087 0.1317846144774313 0.0542435371299876 0.741176 0.682353 0.572549
vn 0.0004925814165453 -0.0000300548464229 0.0006304062178078
v 0.0536876805045011 -0.0302554257216031 0.0738597341808394 0.662745 0.607843 0.498039
vn 0.0003747427796580 -0.0000466262805411 0.0003325263026539
v 0.0591537937861133 -0.0227641268739973 0.0695699376590452 0.643137 0.600000 0.501961
vn 0.0003910035356194 -0.0000260924823779 0.0008761615695579
v 0.0526104417836190 -0.0164493489999764 0.0745560917291334 0.682353 0.627451 0.521569
vn -0.0000069440642808 -0.0001855758922096 0.0007565385299288
v 0.0014364047267382 -0.0848669230521996 0.0805168609993414 0.686275 0.631373 0.505882
vn -0.0000264799735093 -0.0001370445918642 0.0009951663079602
v -0.0141975468980930 -0.0884267622718394 0.0788949504503538 0.713725 0.662745 0.549020
vn 0.0001684169431560 -0.0000072898116303 -0.0004824739825499
v 0.0198087382609977 -0.0704911107466302 0.0163271562761410 0.709804 0.658824 0.568627
vn 0.0002828832063934 0.0000813826149669 -0.0006180032083824
v 0.0197110812856208 -0.0798751394319355 0.0152143686591457 0.737255 0.686275 0.584314
vn -0.0000000761550210 -0.0001412391854615 0.0008111516196152
v -0.0354560267937303 -0.0501490324392921 0.0901411071199651 0.717647 0.650980 0.537255
vn 0.0002382010685386 0.0000007981399855 0.0011078881669914
v -0.0268125858943049 -0.0410218333448085 0.0899049589162138 0.662745 0.611765 0.501961
vn -0.0000777334207213 -0.0001276834419445 0.0008656386846070
v -0.0436333816402163 -0.0390870897116790 0.0914985335339769 0.729412 0.662745 0.545098
vn 0.0001549391898794 -0.0000491663409901 0.0006505631224851
v -0.0332711983884324 0.0366716256081574 0.0731195744922675 0.639216 0.592157 0.494118
vn 0.0000916591794344 0.0000438042130829 0.0007143617374916
v -0.0278765498418649 0.0500711271153477 0.0735884437799871 0.694118 0.639216 0.537255
vn 0.0005246145462117 0.0000109749112382 0.0004770885904399
v -0.0387350597036713 0.0466690712005729 0.0730111865332252 0.635294 0.576471 0.466667
vn -0.0004811972018963 0.0000111855655510 -0.0002794956797787
v -0.0474415937240163 0.0834122466938663 0.0494869833032671 0.741176 0.678431 0.564706
vn -0.0007133800589171 -0.0000351529407651 -0.0000907870743201
v -0.0504361496845460 0.0830887352282274 0.0601445299188686 0.796078 0.729412 0.600000
vn -0.0004620391233898 0.0000406058389824 -0.0002140856445075
v -0.0483676424634644 0.0929686936366237 0.0548515800728233 0.749020 0.690196 0.568627
vn 0.0005302625539443 -0.0000039058981219 -0.0007860456267337
v 0.0371739906002928 0.0725626917619497 0.0369208532301879 0.749020 0.698039 0.600000
vn 0.0001513105763875 0.0000790536669046 -0.0007458597955571
v 0.0309769762737356 0.0864648181076213 0.0353935594402489 0.741176 0.694118 0.603922
vn 0.0004383843241686 0.0000934833435675 -0.0004911691572514
v 0.0397720542308071 0.0883980880579131 0.0401811723847163 0.760784 0.705882 0.600000
vn -0.0001507248634217 -0.0004814582348040 -0.0000946769622636
v -0.0067692780503865 -0.1479107244276989 0.0022097679892970 0.215686 0.227451 0.192157
vn -0.0000623739279308 -0.0004703203826316 -0.0000905107622852
v 0.0041574198480602 -0.1493874349433066 0.0013516691477811 0.192157 0.200000 0.168627
vn 0.0000294927478246 -0.0008223563450744 -0.0002246228929920
v -0.0310074023633651 -0.1475469834548312 0.0253034678946001 0.196078 0.203922 0.172549
vn 0.0001262161593232 -0.0011362381929637 -0.0002112091556925
v -0.0414391630848203 -0.1496327193854984 0.0338130561411516 0.188235 0.196078 0.160784
vn 0.0008176994384505 0.0003730232496569 0.0002634569492010
v -0.0437187082352802 0.0525806256883695 0.0837232930275104 0.584314 0.513725 0.384314
vn 0.0005689410141174 0.0003312342626370 -0.0001857462446952
v -0.0446683030086882 0.0631032919459127 0.0914082644603361 0.505882 0.439216 0.309804
vn 0.0008561264512956 0.0001663926632636 0.0002739211854776
v -0.0426724128563195 0.0529993938130692 0.1006683353541346 0.525490 0.490196 0.400000
vn 0.0006831728460479 -0.0001996508194834 -0.0000836569349390
v 0.0571337826865084 -0.0559504751554640 0.0545264891073905 0.650980 0.607843 0.513725
vn 0.0006017956200751 -0.0002028005075995 -0.0001956077049748
v 0.0533143861621242 -0.0615070616196083 0.0471145675574613 0.650980 0.607843 0.517647
vn 0.0007589904642181 -0.0002306032037276 -0.0004134023136229
v 0.0536631568624053 -0.0529434346864825 0.0419239339973685 0.658824 0.615686 0.525490
vn 0.0004931317975441 -0.0002143195773551 0.0007012419804142
v 0.0720739735983817 0.0382681658045072 0.0755679278950762 0.764706 0.717647 0.611765
vn 0.0006850864685815 -0.0001372674147779 0.0002720099305889
v 0.0764636101184935 0.0477051522819956 0.0716642585672286 0.725490 0.694118 0.611765
vn 0.0003270358544047 -0.0002556772449756 0.0006065095511395
v 0.0726416888227403 0.0527577188445219 0.0806958225480811 0.737255 0.698039 0.607843
vn -0.0002745645925911 0.0005748385178682 -0.0003920389008184
v -0.0683300712760400 0.0632802913024611 0.0831219819960020 0.670588 0.572549 0.411765
vn -0.0000521732008323 0.0003404040241897 -0.0004275034394199
v -0.0680988374314599 0.0553935208223114 0.0757809875610729 0.647059 0.564706 0.419608
vn -0.0007477655766693 -0.0000811177303948 -0.0000156030948261
v -0.0524976566605797 -0.0862453060248970 0.0538454394196497 0.858824 0.792157 0.654902
vn -0.0005655407107224 -0.0000916710987515 0.0001680671577023
v -0.0504341930000281 -0.0941641173581709 0.0589224941931963 0.854902 0.788235 0.647059
vn -0.0005976365571836 -0.0001769405731913 0.0001946309108410
v -0.0517544678369979 -0.0797888833393335 0.0620426287659199 0.847059 0.768627 0.603922
vn -0.0007121855925660 -0.0000810161685321 0.0004665457286842
v -0.0747353027482562 0.0272794696174006 0.0914008412291239 0.886275 0.811765 0.654902
vn -0.0009906919410825 -0.0000807763822434 0.0004814038566643
v -0.0787565532659923 0.0191554750714612 0.0825453492657681 0.901961 0.827451 0.666667
vn -0.0005866237710354 -0.0001151967129964 0.0005140554004095
v -0.0702490789066260 0.0158897500481699 0.0956197391717984 0.866667 0.792157 0.650980
vn -0.0001537830520282 0.0001885055270238 -0.0008859789090076
v -0.0273791719118496 -0.0148016975243532 0.0246623289756577 0.721569 0.670588 0.576471
vn -0.0000876604434406 0.0002249863311051 -0.0010185590133969
v -0.0120233562894466 -0.0087894820481038 0.0253559554185726 0.721569 0.670588 0.572549
vn -0.0000897984638033 0.0001734734521022 -0.0007490163964477
v -0.0196274879997598 -0.0209256563003753 0.0225140108765014 0.698039 0.650980 0.560784
vn 0.0004908546274010 -0.0001908527029847 0.0006628375480496
v 0.0603374102206301 -0.0010755429143782 0.0736349648072251 0.670588 0.627451 0.541176
vn 0.0008168465493382 -0.0002537598713578 0.0005590122022123
v 0.0699575806357222 0.0119180895958864 0.0702325572665053 0.725490 0.698039 0.607843
vn 0.0002403116038853 -0.0001568839745451 0.0007147682627035
v 0.0579683050879214 0.0081017215064780 0.0755320283695454 0.694118 0.647059 0.556863
vn -0.0001833499842778 -0.0007993759333457 -0.0001817560758831
v -0.0119546023994139 -0.1465328451838318 0.0135414950587786 0.176471 0.188235 0.156863
vn 0.0001773034043820 -0.0000195318536497 -0.0004450815767552
v 0.0458987800788892 0.0010476643032285 0.0253783668435560 0.721569 0.670588 0.576471
vn 0.0000423190135491 -0.0000155080873258 -0.0004901360926045
v 0.0379856834307028 0.0067738112449432 0.0242907242442380 0.729412 0.678431 0.584314
vn 0.0002693223484865 0.0000296463717613 -0.0006268035210065
v 0.0467641392122926 0.0111389152975732 0.0253479399398689 0.737255 0.686275 0.588235
vn 0.0000673525347908 0.0001996652320666 0.0009967472914905
v -0.0080442698502009 0.0436187084322064 0.0720675755815455 0.701961 0.650980 0.552941
vn 0.0001186779708543 0.0002182981900325 0.0005343145330463
v -0.0177332539066879 0.0461000819622986 0.0718039756726210 0.717647 0.662745 0.560784
vn 0.0000353701515967 -0.0000134992579524 0.0007831240988858
v -0.0209266782210451 0.0376679311161032 0.0731430706969213 0.698039 0.647059 0.552941
vn 0.0001769315867471 0.0001865704339687 -0.0006161709563205
v 0.0313316755426376 0.0996642018226414 0.0382822412665449 0.749020 0.701961 0.603922
vn 0.0002985394122482 0.0001141705767989 -0.0002829037458433
v 0.0389279834447137 0.0975481409943944 0.0419637470573443 0.741176 0.686275 0.584314
vn 0.0000280545678655 0.0000903921499366 -0.0009158757326624
v 0.0022554520324471 -0.0605713073054712 0.0127385472753383 0.721569 0.674510 0.584314
vn 0.0001009241478289 -0.0000139476168556 -0.0004796769292332
v 0.0106958330292106 -0.0643916632297665 0.0131957837808586 0.729412 0.682353 0.588235
vn 0.0003729730222731 0.0001879599610217 0.0001376532981142
v 0.0527536289004526 -0.1478221078912221 0.0504997591474531 0.411765 0.368627 0.278431
vn -0.0001817430629474 -0.0001798868506974 0.0008258324737255
v 0.0194073415120991 0.1148301188043279 0.0777202607422080 0.827451 0.760784 0.631373
vn -0.0001221631844846 -0.0002272806966887 0.0008175158864881
v 0.0223851590699790 0.1029765504289539 0.0762922186386917 0.807843 0.745098 0.615686
vn 0.0002736705971784 -0.0001443395809708 0.0008953659241398
v 0.0348636172289459 0.1129516061889970 0.0762214092759688 0.694118 0.647059 0.552941
vn -0.0000827307107908 -0.0007543966421940 -0.0001138701906934
v -0.0449083342643878 -0.1590694351656132 0.0576784879459015 0.235294 0.235294 0.203922
vn -0.0001639854959408 -0.0005092234242018 -0.0004456792244601
v -0.0155872684067965 -0.1419077806345016 0.0013192493301031 0.203922 0.196078 0.152941
vn -0.0001248917449869 -0.0008244048745691 -0.0002669655902994
v -0.0237282379074916 -0.1448229524091832 0.0142135212942149 0.188235 0.200000 0.164706
vn -0.0000057272724353 0.0001707521915382 0.0006982050128334
v 0.0098797277955139 0.0442513192225250 0.0694500116792949 0.729412 0.678431 0.584314
vn 0.0000689068497681 0.0002305332487149 0.0006602101761750
v 0.0052247901824716 0.0532137009095827 0.0679877365699743 0.749020 0.694118 0.588235
vn -0.0004710803013949 -0.0003644492852306 -0.0003142997026590
v -0.0568092500407138 -0.1506913631891797 0.0297769303036108 0.247059 0.247059 0.196078
vn -0.0000418750478772 -0.0005099700504282 -0.0001305300620970
v -0.0564071849934922 -0.1554238648374387 0.0397149640989489 0.196078 0.196078 0.168627
vn -0.0004743645328429 0.0000596015611205 -0.0002095436036899
v -0.0481070806869635 0.0383550532946018 0.0447097474170046 0.752941 0.694118 0.576471
vn -0.0005215508481812 0.0003384541203395 -0.0007429373585624
v -0.0428538686279053 0.0432118427093347 0.0371791881444744 0.729412 0.674510 0.576471
vn -0.0004016730225804 0.0000638796771301 -0.0003612820638330
v -0.0442197895095662 0.0326520461836172 0.0365796047383951 0.721569 0.666667 0.560784
vn 0.0000185044648881 0.0000031090298690 -0.0007302298822006
v 0.0263368110525546 0.0030356651247939 0.0245841741639595 0.717647 0.662745 0.572549
vn -0.0000052818715963 0.0001318440741194 -0.0006733896510026
v 0.0232764257053733 -0.0085214133235638 0.0216633257128505 0.713725 0.666667 0.572549
vn 0.0000006818901774 0.0000283228841603 -0.0005255014270601
v 0.0176609544578989 -0.0016091813890943 0.0238398637883637 0.709804 0.658824 0.560784
vn 0.0001431423127282 0.0000621795048795 -0.0007851170755238
v 0.0165094941189107 -0.0566955079788481 0.0144078406814126 0.729412 0.682353 0.588235
vn 0.0004177494522829 0.0001296462569977 -0.0006010563780850
v 0.0289834352229154 -0.0922104041802466 0.0194150840919112 0.690196 0.647059 0.549020
vn 0.0004214708180357 0.0000358801984785 -0.0008410822592339
v 0.0235825570777136 -0.1002913253295649 0.0132922077687167 0.701961 0.647059 0.552941
vn 0.0003207616536387 0.0001334767953653 -0.0008460653749959
v 0.0145876171616998 -0.0868331331126277 0.0116953657291849 0.690196 0.643137 0.537255
vn 0.0004119704398892 -0.0000928820268546 -0.0000193861522492
v 0.0637934614402866 -0.0302395557201492 0.0543404114531857 0.658824 0.615686 0.525490
vn 0.0005177236892338 -0.0000791466268411 0.0001653972663151
v 0.0645914846999304 -0.0221196849992222 0.0609434366751131 0.658824 0.619608 0.525490
vn 0.0005090948479694 -0.0000946479116226 0.0002406961365853
v 0.0621052320816759 -0.0314517500506838 0.0627563373411593 0.650980 0.607843 0.517647
vn 0.0000397583089038 -0.0002615719604987 0.0006823158906530
v 0.0682626484629947 0.0704777718020302 0.0892949327723402 0.784314 0.725490 0.615686
vn 0.0003053820841149 -0.0002470507065719 0.0004841718475312
v 0.0745114521073891 0.0780208994198237 0.0902380566899826 0.760784 0.713725 0.615686
vn -0.0000604653065984 -0.0002413682763385 0.0004959325754355
v 0.0646420652763513 0.0799215336509393 0.0924163512400681 0.803922 0.741176 0.627451
vn 0.0000028396404348 -0.0000205892547236 -0.0001227352456845
v 0.0059468866148196 -0.1466817020106329 -0.0016685589997633 0.274510 0.262745 0.200000
vn 0.0001497253026063 0.0002234919732019 -0.0005782514755157
v 0.0061066894131693 -0.1430558550194767 0.0003346239910857 0.521569 0.454902 0.321569
vn 0.0000403356488069 -0.0001530761433833 -0.0003946286624964
v 0.0135762704002172 -0.1505499919101438 -0.0004267797417816 0.215686 0.211765 0.168627
vn -0.0000976931765883 -0.0008077882601079 -0.0002200429467964
v -0.0197658272495395 -0.1485026270095325 0.0241469931322868 0.188235 0.196078 0.168627
vn -0.0000778727373222 -0.0007383287393778 -0.0001659059112154
v -0.0092237893189930 -0.1508477955474566 0.0274819962583237 0.188235 0.200000 0.172549
vn 0.0001659946440169 0.0002781121058520 -0.0010213216805772
v 0.0015495513653498 0.0938895971719844 0.0347687117383327 0.737255 0.686275 0.592157
vn 0.0001449157827792 0.0000432158498460 -0.0005571802183332
v 0.0007670993657497 0.0795299133976143 0.0316103831358186 0.733333 0.678431 0.580392
vn -0.0001047863439979 0.0000847839014824 -0.0006422741253332
v -0.0085410873627845 0.0795671161246320 0.0315143424170610 0.729412 0.682353 0.592157
vn -0.0004547841048122 -0.0001288442717099 0.0003963465665812
v -0.0694401212254831 0.0342632343411726 0.0996993070741370 0.874510 0.800000 0.647059
vn -0.0005953040080036 -0.0000670325666593 0.0002818753703794
v -0.0740595488933116 0.0418053229261883 0.0955224269620567 0.862745 0.776471 0.607843
vn 0.0000630090488033 -0.0000312425388944 0.0006268674798497
v -0.0404207957732331 -0.0298944466180415 0.0922955472190369 0.690196 0.635294 0.521569
vn 0.0007847747891253 -0.0001569867837205 0.0003906351825405
v 0.0562009492724840 -0.0542193390329669 0.0661761063967845 0.682353 0.631373 0.533333
vn 0.0006501774022437 -0.0001087829454108 0.0003922911919665
v 0.0587047034518138 -0.0392860169107124 0.0672909759360443 0.666667 0.619608 0.521569
vn 0.0006161428547349 -0.0000525501565783 0.0009125966706539
v 0.0492384146036532 -0.0441889742635601 0.0767678028840948 0.654902 0.596078 0.482353
vn 0.0001091802761784 0.0000253142486376 0.0005198730116174
v 0.0007224305999147 0.0644179780796992 0.0665666862321444 0.733333 0.678431 0.568627
vn 0.0002690775703820 -0.0000023762433948 0.0007259692435735
v -0.0326473282458403 0.0610541880812985 0.0741032854533367 0.745098 0.686275 0.576471
vn 0.0008862312810711 -0.0002451549299865 -0.0000901775462870
v 0.0739003122089818 0.0203700848384949 0.0571317901537091 0.764706 0.725490 0.635294
vn 0.0007881275325463 0.0000190085583381 -0.0006105880235090
v 0.0690708585329904 0.0255142700605950 0.0433388334893201 0.780392 0.733333 0.635294
vn -0.0000602559031580 0.0001178742177086 -0.0006435400666653
v 0.0104014274585571 -0.0075309742077010 0.0227731921603460 0.717647 0.670588 0.572549
vn -0.0000120793779215 0.0001296125851467 -0.0007599487686231
v 0.0160003932041359 -0.0170639873025839 0.0205561386576021 0.705882 0.662745 0.568627
vn 0.0000781258106914 -0.0002143263380413 0.0005543454935392
v 0.0105602587014167 0.1159555653377149 0.0715274779567906 0.796078 0.737255 0.623529
vn 0.0001657012958565 -0.0002404622930619 0.0008704283348411
v 0.0037103526616146 0.1245510885061075 0.0791387941682162 0.749020 0.694118 0.592157
vn 0.0000070294572608 0.0000413086371211 0.0008544729624152
v 0.0545387846252358 0.0312370794028873 0.0784341697077656 0.729412 0.670588 0.560784
vn -0.0002222213296614 0.0001851225389858 0.0007986598404908
v 0.0454565094056781 0.0376313534629098 0.0754004726122837 0.764706 0.705882 0.592157
vn -0.0003888682973637 0.0000946157211633 -0.0004475906513872
v -0.0367850306941157 -0.0777957059377740 0.0231224475437227 0.752941 0.694118 0.588235
vn 0.0002877040056931 -0.0002010935208697 0.0008418232533690
v -0.0506832843104469 0.0223252509472409 0.1031874645557413 0.670588 0.611765 0.513725
vn 0.0004267223431624 0.0002539220372044 0.0002740217867967
v 0.0319095155133390 0.1440426970754674 0.0737244367330306 0.474510 0.423529 0.341176
vn 0.0000371652853102 -0.0006713276670365 -0.0002168156925345
v -0.0099542123308936 -0.1571677185358730 0.0737154339459872 0.172549 0.172549 0.141176
vn 0.0004830603650869 0.0000771133494996 -0.0004699571030868
v 0.0351406699874763 -0.0892605796616500 0.0256074373038315 0.658824 0.615686 0.517647
vn 0.0002905905871327 0.0000302046583784 -0.0003932206855690
v 0.0277017808634591 -0.0808066672756351 0.0199371305871991 0.717647 0.670588 0.560784
vn 0.0000828486352200 -0.0001195672093775 0.0007126612679309
v 0.0194704909541365 -0.0957593975046261 0.0783774839624171 0.705882 0.666667 0.580392
vn 0.0001769025523330 -0.0001907716999179 0.0005453530291321
v 0.0283533089495365 -0.0911578108119451 0.0777578937509705 0.666667 0.627451 0.537255
vn -0.0002453206794283 -0.0000857680245902 0.0007889642420437
v 0.0210728168459659 0.0735185482577412 0.0665346972440239 0.815686 0.752941 0.631373
vn -0.0001440914247727 -0.0001861190981689 0.0006553150863934
v 0.0197060213915023 0.0867669371553293 0.0689333514104156 0.807843 0.745098 0.619608
vn -0.0000404763285939 -0.0001118049862087 0.0003723974727451
v 0.0164849483763660 0.0801610165964341 0.0625330851808971 0.831373 0.768627 0.647059
vn 0.0001589896028202 0.0000407606824420 0.0007859387457361
v 0.0376509498841539 -0.0501154595585642 0.0813256989301457 0.690196 0.623529 0.505882
vn 0.0000017334291382 0.0000910392398958 0.0007370321440479
v 0.0242974235898270 -0.0523558460579349 0.0822812568488924 0.713725 0.654902 0.545098
vn -0.0005787936332434 -0.0000265710804670 0.0001542756457350
v 0.0546218550914889 0.0873502355673176 0.0861768967614609 0.823529 0.752941 0.603922
vn -0.0007194418176289 -0.0003459832176211 0.0002731188240812
v -0.0546857325659482 -0.0693122982111621 0.0718070666742278 0.862745 0.784314 0.623529
vn -0.0004179282719220 -0.0003599537195780 0.0005719119113312
v -0.0460210395720176 -0.0714089705382712 0.0803710188886146 0.827451 0.745098 0.592157
vn -0.0002923427197396 -0.0001710328794667 0.0003057854859338
v -0.0512603247621886 -0.0635546129134419 0.0806646240626973 0.843137 0.764706 0.607843
vn -0.0000783327132060 0.0001615646358527 0.0009380154222586
v 0.0216621370439423 -0.0228113012211491 0.0770090450327888 0.698039 0.647059 0.549020
vn 0.0000587644361797 0.0001741598875930 0.0008716199496404
v 0.0077475108550096 -0.0251374003967670 0.0768724112507344 0.678431 0.631373 0.541176
vn -0.0008524950782808 -0.0000128731417709 0.0003577708585050
v -0.0499473256846628 -0.1151840996728349 0.0551231633647017 0.850980 0.776471 0.631373
vn -0.0006247767487645 0.0000617932086654 0.0000508200722960
v -0.0528142141899491 -0.1162712620109561 0.0441040576548885 0.839216 0.764706 0.627451
vn -0.0008909403694239 0.0001391744846039 0.0002287578755941
v -0.0531060498772380 -0.1267709227368368 0.0454330125436608 0.874510 0.803922 0.658824
vn -0.0000351075525034 -0.0005177662179288 -0.0000935705189233
v 0.0006286812936777 -0.1510780698232781 0.0258400511134737 0.207843 0.219608 0.188235
vn 0.0004470371272897 -0.0000938450253082 0.0007521758167432
v -0.0455843221807246 -0.0037946601453979 0.0950688641672199 0.674510 0.635294 0.541176
vn 0.0004155923360943 0.0000642295768667 0.0002041945601985
v -0.0402871011250706 0.0002522476610480 0.0880921606471205 0.615686 0.576471 0.501961
vn -0.0000255399913524 0.0003503343783656 -0.0007795129053631
v 0.0584331721751903 0.0618425956508321 0.0509535234767108 0.764706 0.705882 0.596078
vn 0.0002103630813510 0.0002749354876372 -0.0008178743743305
v 0.0642759397710644 0.0508300490986774 0.0455722860833238 0.764706 0.713725 0.611765
vn 0.0003987444028760 0.0004284525219133 -0.0009080992151271
v 0.0501781884359016 0.0503194563827981 0.0478654615862284 0.713725 0.658824 0.556863
vn 0.0004468687465602 0.0002647531930414 -0.0008108645951755
v 0.0173246000499623 -0.1217377436817586 0.0089452216601057 0.627451 0.576471 0.462745
vn 0.0002576491654219 0.0000602990742666 -0.0005801463971526
v 0.0156736316619899 -0.1096486122555669 0.0112610115332044 0.639216 0.584314 0.478431
vn -0.0000051599300260 0.0001640115514140 -0.0008253978728185
v 0.0115379611718586 -0.0272427738782143 0.0186532233871619 0.709804 0.666667 0.572549
vn -0.0000127271754250 0.0001133031586175 -0.0005545019951082
v 0.0084681968487229 -0.0370938476263081 0.0166463373596625 0.713725 0.670588 0.576471
vn -0.0002557398695831 -0.0000499779453297 0.0004920813395674
v -0.0313427973452990 -0.1390010997987643 0.0762530117746126 0.827451 0.749020 0.600000
vn 0.0001279387905988 0.0004138591328137 -0.0008529358593616
v 0.0673780887199693 0.0716711992840650 0.0537389945777089 0.752941 0.686275 0.584314
vn 0.0005189677580551 0.0002982810672609 -0.0006172771359443
v 0.0768817334290847 0.0844212266382265 0.0630674873295480 0.745098 0.682353 0.560784
vn 0.0006904622679868 0.0000838473615513 -0.0004575486036197
v 0.0795143119845094 0.0716481257538828 0.0619190679325447 0.717647 0.662745 0.560784
vn 0.0006527774566039 0.0000601435474770 -0.0004759228060971
v 0.0747090467388677 0.0622210974900736 0.0542092036538502 0.752941 0.701961 0.600000
vn -0.0003932580593288 -0.0002139748607804 0.0006318675378193
v -0.0566661719237251 -0.0360653777842740 0.0884211100857207 0.803922 0.721569 0.564706
vn -0.0002479763209961 -0.0001457576885315 0.0004317545640604
v -0.0514181543491848 -0.0447582815594139 0.0882793313644617 0.792157 0.717647 0.572549
vn -0.0001072527709476 -0.0001431765985472 0.0007605186788241
v -0.0497731208879296 -0.0269889673472895 0.0924673894148668 0.749020 0.686275 0.564706
vn 0.0003609423173983 0.0001791468047650 -0.0005734206611419
v 0.0634785500225057 0.0365175603645332 0.0411610480507141 0.741176 0.690196 0.588235
vn 0.0006314498127349 0.0001050157681571 -0.0005239612288718
v 0.0719788010020749 0.0404625370733398 0.0503651927360328 0.796078 0.756863 0.654902
vn 0.0002010104381345 0.0004108693868020 -0.0007013180433281
v 0.0545138265508366 0.0410577771582335 0.0410242542988211 0.780392 0.709804 0.568627
vn -0.0000692873791798 -0.0002802133465459 0.0008399934370543
v -0.0231570372276651 -0.0791541214904462 0.0820373990957231 0.729412 0.662745 0.545098
vn 0.0000606460522291 -0.0002224230977160 0.0009475210528622
v -0.0197301773421110 -0.0663010118340558 0.0854577377422543 0.698039 0.639216 0.521569
vn -0.0003698540810612 0.0001927005231902 -0.0009153938739805
v -0.0344155576148199 0.0330248485140850 0.0300537837730875 0.721569 0.670588 0.572549
vn -0.0001736463931222 0.0002454018056121 -0.0008787721684876
v -0.0198200179431892 0.0356165754620807 0.0268050923540254 0.733333 0.686275 0.588235
vn -0.0001197628103294 0.0000592532742628 -0.0006751557232310
v -0.0217999322396691 0.0247334977949684 0.0256711417145832 0.717647 0.670588 0.576471
vn -0.0008209315957267 0.0001272979634863 -0.0003414064486442
v -0.0496294538133927 0.0487790456156532 0.0509673929292537 0.729412 0.662745 0.537255
vn -0.0005801454423033 0.0000123647495373 -0.0001731509826502
v -0.0504154915947627 0.0358443342810210 0.0532585781496531 0.760784 0.694118 0.568627
vn -0.0007104131038142 0.0002150638878053 -0.0002028565080139
v -0.0494768050300864 0.0425474735250873 0.0597911352873207 0.776471 0.713725 0.576471
vn 0.0000566536673449 0.0004264572733964 -0.0003154832250216
v 0.0697564205087753 0.1140632960500767 0.0839244327045198 0.725490 0.654902 0.509804
vn 0.0004359964681699 -0.0001126358433058 -0.0003543621577809
v 0.0506529424577456 -0.0467594255968442 0.0343690002854074 0.682353 0.631373 0.545098
vn 0.0006000652483985 -0.0001332458569583 -0.0003713587537563
v 0.0561748699152849 -0.0400596362007594 0.0398564882467874 0.662745 0.619608 0.525490
vn 0.0004555907643746 -0.0000379868217408 -0.0006116075862994
v 0.0474090418210233 -0.0236019260769947 0.0278557337422986 0.713725 0.670588 0.572549
vn 0.0003875204928975 -0.0000383202495650 -0.0004016834100890
v 0.0545191739763712 -0.0171508096742455 0.0336589216291112 0.690196 0.643137 0.549020
vn 0.0004991631510084 -0.0000696224580302 -0.0004095375129969
v 0.0559889903520255 -0.0271120926675659 0.0364988095894201 0.662745 0.615686 0.521569
vn 0.0005097781498818 -0.0000739745762042 -0.0005434722330597
v 0.0504163641795215 -0.0341492462068325 0.0311250966937982 0.686275 0.643137 0.549020
vn -0.0003147612097023 0.0000253118763677 -0.0010636557518812
v -0.0306724922422414 0.0168204387336702 0.0269384818425741 0.741176 0.690196 0.596078
vn -0.0003836639478831 0.0000506179424431 -0.0005190124831060
v -0.0427563544200000 0.0115624159475014 0.0320408754795909 0.729412 0.678431 0.572549
vn -0.0005530936327456 0.0000830727619979 -0.0006285580953484
v -0.0425526798726200 0.0226232878462486 0.0333579134978474 0.725490 0.670588 0.568627
vn 0.0001053219924843 -0.0004397577240310 -0.0001679191253615
v -0.0222082347134285 -0.1553582405201726 0.0580646107618869 0.184314 0.192157 0.160784
vn -0.0000848409188912 0.0000702590268745 -0.0007664831461512
v 0.0004449209554805 -0.0037269619436588 0.0253849048658212 0.717647 0.666667 0.568627
vn 0.0006449063806046 -0.0001387004122417 -0.0000119727678959
v 0.0714554480474174 0.0102670964875757 0.0591026434051310 0.741176 0.701961 0.615686
vn 0.0008576027435068 -0.0002475305158077 0.0002734907524951
v 0.0682436714405986 -0.0029758297684238 0.0618721877389733 0.682353 0.639216 0.560784
vn 0.0003196738776286 -0.0000118262736320 -0.0003822423585263
v 0.0351351939868130 -0.0783768994753047 0.0259442938182858 0.670588 0.619608 0.525490
vn 0.0003427760974705 -0.0000429741476100 -0.0005508119701260
v 0.0282316558147069 -0.0711352980352289 0.0207137070991725 0.670588 0.623529 0.533333
vn 0.0007936317316703 -0.0001625265627933 -0.0002350521647365
v 0.0506931590404820 -0.0710189584701157 0.0488618542220848 0.631373 0.592157 0.501961
vn 0.0006982242864401 -0.0001942792333445 -0.0004232619447772
v 0.0463429517157916 -0.0668718223966347 0.0367597057717579 0.666667 0.623529 0.533333
vn -0.0005203379217991 0.0004476215920097 0.0001384518354422
v -0.0702809798893334 0.0636802702764515 0.0947007699616473 0.847059 0.749020 0.560784
vn 0.0002878006024343 -0.0002297095485346 0.0006914961513440
v 0.0018214034850174 0.1063784640752934 0.0751233527507561 0.749020 0.694118 0.584314
vn 0.0000572130937781 -0.0002244711646548 0.0008600547772210
v -0.0085092728019297 0.1035523689567734 0.0759192918580153 0.803922 0.741176 0.623529
vn 0.0001478632473386 -0.0001877342755240 0.0006655655848705
v -0.0035633928905512 0.0939254166684208 0.0730014102198541 0.756863 0.694118 0.580392
vn -0.0007598801648190 -0.0000965053058405 -0.0006147803097546
v -0.0478202150726495 -0.0521792982807407 0.0321093446235408 0.721569 0.662745 0.541176
vn -0.0005477612421008 0.0000598317347463 -0.0009250974248629
v -0.0401273091420658 -0.0452079350306557 0.0245309768218671 0.749020 0.694118 0.588235
vn -0.0000098235572934 -0.0001053854676316 0.0005302631835399
v 0.0129925258731089 0.1279916287395924 0.0745311389684935 0.827451 0.752941 0.619608
vn -0.0000446083963357 -0.0001016270090697 0.0006864611318123
v 0.0237351127112483 0.1248296007233992 0.0803965572938624 0.784314 0.717647 0.592157
vn 0.0000220855153022 -0.0000067629578344 0.0007919593703006
v 0.0203498702130272 -0.0657593539132719 0.0830738419985826 0.717647 0.662745 0.549020
vn 0.0000559544078552 -0.0000669197819382 0.0007385841285275
v 0.0210210066671470 -0.0768135149421187 0.0824385136774878 0.725490 0.666667 0.552941
vn -0.0005134785641811 -0.0000789327279795 0.0004492718574325
v -0.0704307183939129 0.0456327052102832 0.1036274493657696 0.874510 0.796078 0.639216
vn 0.0001282675917308 -0.0001111526373455 0.0008525629174926
v -0.0227537080063897 -0.0536829341582326 0.0883844437674037 0.674510 0.623529 0.513725
vn -0.0001203261105855 0.0001612389331675 -0.0005180868701897
v -0.0265949704648602 -0.1168629408578552 0.0031191349330987 0.713725 0.670588 0.572549
vn -0.0001754037508365 0.0001468564379483 -0.0003267995821360
v -0.0346595437389874 -0.1220948989382398 0.0034146291770492 0.713725 0.666667 0.560784
vn -0.0003100182776698 0.0002005472562476 -0.0004324090056122
v -0.0334986411980237 -0.1122072580135964 0.0065852818686208 0.678431 0.623529 0.525490
vn -0.0000436342707746 0.0000868522988091 0.0007199112229155
v 0.0131464444514683 -0.0041413835342188 0.0732440466052694 0.698039 0.650980 0.560784
vn -0.0000839385289087 0.0000210444281526 0.0008345055443899
v 0.0150560352434231 0.0088782110382242 0.0726300885098228 0.717647 0.674510 0.576471
vn -0.0000372883895453 0.0001196445646557 0.0008943699622458
v 0.0025537444549002 0.0002591213821051 0.0722136331934065 0.701961 0.654902 0.564706
vn -0.0000586899481838 0.0000378750390611 0.0004893812625892
v -0.0318919064788706 0.1333876012028845 0.0871802555032172 0.701961 0.631373 0.505882
vn 0.0001803436673843 0.0001905841255720 0.0009573820108632
v 0.0028083987850120 -0.0350756103362185 0.0795561325956625 0.674510 0.631373 0.537255
vn -0.0000228122458954 -0.0001307931958937 0.0006135540557202
v 0.0120883544656448 -0.0833839351352022 0.0821455198198263 0.698039 0.643137 0.533333
vn 0.0000296490471327 -0.0000669380144669 0.0009115834562374
v 0.0100526479760825 -0.0730712280091165 0.0828077426203194 0.682353 0.627451 0.525490
vn -0.0001399091162408 0.0005136396466348 0.0002449043872928
v -0.0319818787053432 0.1479630718324226 0.0773541614292274 0.549020 0.486275 0.352941
vn 0.0002027037827602 0.0000603115584730 0.0006232117887241
v -0.0311338352428283 -0.0277014842657918 0.0904739168159813 0.654902 0.603922 0.498039
vn 0.0000059710010075 0.0002187185373950 0.0005190090110976
v -0.0052154333755878 0.1521512248254504 0.0858195358007414 0.721569 0.666667 0.560784
vn 0.0001940767783609 0.0003570762733432 0.0002717406575564
v 0.0006453518573866 0.1591061190564834 0.0779716663263744 0.384314 0.333333 0.243137
vn -0.0000019777595781 0.0003942636865767 -0.0000699470859834
v -0.0045613486616607 0.1621726562994559 0.0724116090502982 0.572549 0.505882 0.364706
vn 0.0000339477565801 -0.0000751329531223 0.0008535955514257
v 0.0502049956003436 0.0169754992635592 0.0793055934055995 0.694118 0.639216 0.533333
vn 0.0000070539831929 -0.0000910201524577 0.0007897192596843
v 0.0474544277607326 0.0046115559744655 0.0777040728448951 0.721569 0.662745 0.556863
vn -0.0006068396224807 0.0001107199300904 0.0002348168588379
v -0.0747240928745551 0.0537705965160082 0.0962150676988835 0.874510 0.784314 0.603922
vn 0.0002290192585902 0.0001494114580459 0.0006000237259698
v 0.0234411020630729 -0.1512205732741773 0.0749063889730585 0.596078 0.529412 0.400000
vn 0.0002019495061532 0.0004496024301976 -0.0005320790406503
v -0.0027919116328798 0.1557845760525998 0.0632943559924723 0.717647 0.666667 0.556863
vn 0.0000261971827537 0.0001136353220102 -0.0008594953975640
v 0.0172531681884253 0.0273139305526055 0.0234239150301847 0.721569 0.674510 0.580392
vn -0.0000185659917420 -0.0000130722836106 -0.0008434939760550
v 0.0201223048590841 0.0134183527838266 0.0223384924956522 0.741176 0.690196 0.596078
vn 0.0001041514762876 -0.0001333989280989 0.0000402589982297
v 0.0482112507305683 -0.1543846985670447 0.0582842417801724 0.184314 0.184314 0.152941
vn 0.0001374002094548 0.0000757641074142 -0.0008299345425156
v 0.0369213075148907 -0.0030929898016310 0.0232161829941461 0.721569 0.670588 0.572549
vn -0.0000431870630075 -0.0000144352535509 0.0009816199781945
v -0.0041445357182438 0.0103115900906831 0.0713990853535584 0.701961 0.658824 0.568627
vn -0.0000245901582405 0.0000099808495992 0.0003951666707929
v 0.0055817630172191 0.0110903637657030 0.0718530025841096 0.701961 0.658824 0.568627
vn -0.0001204549459079 0.0000103243324035 0.0008933848348693
v 0.0352075956127365 -0.0003932004279457 0.0754270763249172 0.721569 0.670588 0.572549
vn -0.0000611683938905 0.0001135121264279 0.0008242969014572
v 0.0313474712025022 -0.0131550022394078 0.0766816647348239 0.717647 0.670588 0.560784
vn 0.0000489373163743 0.0000140071929906 0.0007055839537014
v 0.0431050383747120 -0.0098790729467154 0.0762888932349523 0.713725 0.658824 0.552941
vn -0.0006016362703685 0.0000767962329072 -0.0001626174143379
v -0.0511987681319372 0.0191646736008808 0.0503829571787493 0.741176 0.678431 0.552941
vn -0.0005386152881752 0.0000252520660868 -0.0002732206685918
v -0.0497935209630270 0.0294488999368468 0.0598810074521867 0.600000 0.537255 0.403922
vn -0.0007643278982669 0.0000620318076782 -0.0002557852999686
v -0.0494782591457144 0.0276558380719934 0.0446360349744400 0.733333 0.674510 0.556863
vn 0.0005940916554688 -0.0001344404756562 0.0004358700414131
v 0.0621451771832965 -0.0133084910679825 0.0671117098614192 0.627451 0.580392 0.498039
vn -0.0010940957220727 -0.0000446459261840 -0.0006878927230899
v -0.0478574865787399 -0.0686689474825229 0.0353326463919823 0.745098 0.682353 0.556863
vn -0.0009766550216124 0.0000366116375307 -0.0003247856507047
v -0.0504539740862798 -0.0853505057958229 0.0384299910309179 0.784314 0.725490 0.596078
vn -0.0009383579012735 -0.0000916867457881 -0.0002543656813612
v -0.0523777920598760 -0.0740400800110621 0.0460981665445883 0.807843 0.741176 0.603922
vn -0.0009475480273721 -0.0001825955473446 -0.0004718193921990
v -0.0542907521904819 -0.0574814098533115 0.0444915653389631 0.709804 0.643137 0.525490
vn -0.0004268052425663 -0.0001101905214669 -0.0002249328136759
v -0.0575023031451486 -0.0483955645926406 0.0464001220284935 0.701961 0.639216 0.517647
vn -0.0005147408166943 -0.0001521930321796 -0.0002228213710919
v -0.0633246521711563 -0.0407696551700911 0.0542050100066381 0.709804 0.643137 0.517647
vn -0.0004372493390893 -0.0000935832932481 -0.0002694799935701
v -0.0596497144067663 -0.0388151329259934 0.0460636904208693 0.694118 0.631373 0.505882
vn 0.0008820904041709 -0.0001530255091210 -0.0000283425562235
v 0.0481426693018904 -0.0953881722235461 0.0521199009892926 0.694118 0.666667 0.580392
vn 0.0009849545864391 -0.0000046564792246 -0.0004347467526922
v 0.0444615217874502 -0.0966087346077630 0.0356264361353909 0.631373 0.600000 0.513725
vn -0.0003597763565990 0.0001649975403386 -0.0009957851585987
v -0.0281923463187420 0.0868944236403809 0.0436124386382386 0.721569 0.674510 0.584314
vn -0.0000865399807858 -0.0000180585945360 -0.0004659940268238
v -0.0291897472902335 0.0773026578053609 0.0423738262600417 0.717647 0.666667 0.576471
vn -0.0001977533455340 0.0000969253639564 -0.0006388169197523
v -0.0404207126083958 0.0811492130203731 0.0435326813891139 0.733333 0.678431 0.588235
vn -0.0003787311863840 -0.0000478914989209 -0.0005652444259591
v -0.0168786620439047 0.0786796134908896 0.0354682879059588 0.752941 0.705882 0.603922
vn 0.0006876195725969 -0.0001811274880444 -0.0006264340608238
v 0.0437606189145721 -0.0555368637378699 0.0290553939612907 0.701961 0.658824 0.564706
vn 0.0002681705680607 -0.0000536280764426 -0.0004105042965249
v 0.0369041061630107 -0.0541469539080650 0.0230714388164274 0.701961 0.654902 0.564706
vn 0.0004569598607915 -0.0000688542517490 -0.0005731859538378
v 0.0441244799745167 -0.0437309496624994 0.0271183913186832 0.701961 0.650980 0.560784
vn 0.0006698005574459 -0.0001779757858832 -0.0002019524665939
v 0.0584344422984739 -0.0459757405675313 0.0481142378115589 0.635294 0.592157 0.505882
vn 0.0001210432012324 0.0001399938420209 -0.0007783273456678
v 0.0095686968296653 0.0856592122486652 0.0358823495141000 0.760784 0.698039 0.596078
vn 0.0000696324890312 0.0003018734247206 -0.0007959028242491
v 0.0137787905127488 0.0986912814086066 0.0414153144164340 0.733333 0.670588 0.560784
vn -0.0000153590658825 0.0003331253074270 0.0008062750702436
v 0.0313826437649353 0.0488642958878785 0.0699592095226363 0.749020 0.690196 0.592157
vn -0.0000854561062241 0.0002105337850495 0.0005932491118535
v 0.0204726063351514 0.0444104979976610 0.0717761615441933 0.749020 0.694118 0.588235
vn 0.0001134435198620 0.0000018055213030 0.0005944821183226
v 0.0318496074202243 -0.0579263418573227 0.0826215715196127 0.709804 0.647059 0.525490
vn 0.0001068135383176 0.0005080568346212 -0.0006865428435557
v 0.0091406061439383 0.1446838344272091 0.0656696025140481 0.678431 0.611765 0.486275
vn 0.0001802534195031 0.0000448718442229 0.0008519454188762
v -0.0274930805046370 0.0193136197586672 0.0705983773207045 0.670588 0.623529 0.525490
vn 0.0002859102281821 0.0000749609003409 0.0002035025409148
v -0.0407468794108278 0.0194756158637198 0.0778532710517071 0.509804 0.450980 0.337255
vn -0.0004137951553482 -0.0002271505238257 0.0008379813305919
v -0.0632150683283223 0.0247646899654814 0.1037862158849064 0.835294 0.776471 0.647059
vn 0.0001936129760358 -0.0002109825747526 0.0007334457056304
v -0.0529740963564987 0.0362127556808918 0.1078223352583816 0.694118 0.639216 0.529412
vn 0.0000120920734749 0.0000037707092466 -0.0006230361369118
v -0.0041052161073543 -0.1450179193416667 -0.0017638880384339 0.215686 0.211765 0.160784
vn 0.0010246739909389 -0.0002671576370102 0.0000713108427968
v 0.0538538669958365 -0.0687469868017237 0.0633125560513120 0.678431 0.627451 0.529412
vn 0.0009979735601580 -0.0002223943312166 -0.0000165048236119
v 0.0499582704647394 -0.0825706189449409 0.0553200629321002 0.647059 0.607843 0.517647
vn 0.0002318416528997 -0.0000075251355904 0.0007980927564986
v -0.0419121894254111 -0.0170936105824920 0.0928466162080679 0.662745 0.619608 0.513725
vn -0.0000495425515256 -0.0001749723167051 0.0007717062411203
v -0.0546541119411497 -0.0125281221238406 0.0960625120164877 0.752941 0.694118 0.572549
vn -0.0001028498606713 0.0003623076189455 -0.0008006223261645
v -0.0275653649295695 0.1308651324255374 0.0586079755090213 0.749020 0.698039 0.596078
vn -0.0003740350374681 -0.0000374420305472 -0.0002835585464250
v -0.0448384491788966 -0.1419653582975091 0.0065789184961473 0.247059 0.235294 0.184314
vn -0.0004481466238773 -0.0001518019643649 -0.0002917984093160
v -0.0503618908669005 -0.1479038023025828 0.0203004562829899 0.200000 0.200000 0.164706
vn -0.0008123704776324 0.0000684574039676 -0.0004545744865366
v -0.0469097104348459 -0.1336043616953309 0.0134492831915282 0.580392 0.513725 0.388235
vn -0.0004264137903399 0.0002142779903649 0.0000274975485968
v -0.0744332873536964 0.0581147499275424 0.0877283257036157 0.839216 0.741176 0.545098
vn -0.0001602371817106 0.0002733643414137 0.0006033955355886
v 0.0432504847123041 0.0474241181524133 0.0694499997524478 0.792157 0.741176 0.631373
vn -0.0006827545043964 0.0000266764392583 0.0005936499329982
v 0.0502032076910702 0.0530674584403876 0.0773341773358383 0.815686 0.756863 0.631373
vn -0.0007665475359825 -0.0002470421762726 -0.0002144086092253
v -0.0610053094244041 -0.0496907905095003 0.0554864066984903 0.721569 0.650980 0.525490
vn -0.0007500405358022 -0.0002582254256301 -0.0000131529671605
v -0.0590128136570849 -0.0597065274723740 0.0614441479879715 0.784314 0.705882 0.564706
vn 0.0007310742894130 0.0001555252721031 -0.0005217669259022
v 0.0413738397037741 -0.1255220729836972 0.0216807453786593 0.611765 0.560784 0.450980
vn 0.0005701402802374 0.0002436602339791 -0.0005043146300118
v 0.0407603200367971 -0.1361254993900957 0.0208894033232150 0.603922 0.556863 0.462745
vn 0.0005204746418859 0.0002067589564686 -0.0008095093906373
v 0.0287065422023554 -0.1323255456633860 0.0107745617381607 0.600000 0.541176 0.443137
vn -0.0006380174516058 0.0000511020330623 0.0001678370043021
v -0.0773344795231994 0.0452589893328478 0.0869633673466996 0.870588 0.784314 0.611765
vn -0.0002320971205102 -0.0001154649309823 0.0007073299360692
v 0.0167468521471456 0.0968871403237143 0.0697384449197532 0.827451 0.760784 0.635294
vn 0.0002219520379544 0.0002544953244281 -0.0009941683257563
v 0.0340822304850559 0.0291308043353734 0.0248892251923709 0.756863 0.709804 0.611765
vn 0.0006166682068784 -0.0000180598193284 -0.0003146468576352
v 0.0750775777756237 0.0312296185966412 0.0530313157157540 0.780392 0.729412 0.631373
vn -0.0006978826668708 -0.0000015962791897 -0.0006051029851257
v -0.0559373799799557 -0.0305372525477290 0.0387263120155820 0.698039 0.635294 0.517647
vn -0.0004416399750309 0.0000860889600660 -0.0005908797898601
v -0.0478113183334632 -0.0239330524784931 0.0316505711698482 0.733333 0.674510 0.564706
vn 0.0006289025588916 0.0000448160884931 -0.0003474649136091
v 0.0426668317045411 -0.1076215500000997 0.0325927008519657 0.635294 0.603922 0.505882
vn -0.0001046386332877 0.0000664979875956 0.0009251001707761
v -0.0101632780340868 -0.1254623984279442 0.0853637872860314 0.721569 0.658824 0.525490
vn 0.0006485175549644 0.0000065257487738 -0.0006351777038136
v 0.0375437824987482 -0.0982333217934246 0.0241485081984080 0.662745 0.619608 0.525490
vn 0.0006550604872258 -0.0002149681822251 0.0004794120881552
v 0.0725210877641512 0.0244265362203141 0.0699187515705523 0.674510 0.643137 0.556863
vn 0.0003156968633809 -0.0000955832092035 0.0007495164367018
v 0.0629599969304606 0.0210391508661327 0.0776803520692039 0.666667 0.619608 0.525490
vn 0.0000554497509313 0.0001750414138958 0.0007994408994111
v 0.0032830197728723 -0.0125788079498571 0.0746687741893589 0.674510 0.631373 0.541176
vn 0.0000817655402836 0.0002699575448578 0.0007510882540834
v -0.0075976378351983 -0.0077362276870783 0.0744334461153457 0.647059 0.603922 0.521569
vn 0.0001916482382768 0.0002225735168632 0.0008189772260813
v -0.0066933942912630 -0.0202229094646779 0.0784478829426795 0.639216 0.588235 0.505882
vn -0.0002879978104501 -0.0001718691131200 0.0006281286169168
v -0.0625128821558558 0.0399135934063927 0.1082122505824445 0.803922 0.741176 0.607843
vn 0.0005986540478345 -0.0001422773589166 -0.0000117405728740
v 0.0615564554536311 -0.0401308853164435 0.0560910477511790 0.647059 0.603922 0.521569
vn -0.0005964194260119 0.0000863581877565 -0.0005445550868981
v -0.0475485874461708 0.0020527574052624 0.0353149946979730 0.737255 0.682353 0.572549
vn -0.0006211604220550 0.0001966208463253 -0.0003166668785893
v -0.0517943966054506 0.0029996674159346 0.0450571839074354 0.745098 0.686275 0.568627
vn -0.0007838021100831 0.0000870716524170 -0.0003474631727698
v -0.0492799624046191 0.0141578206479519 0.0416608799249592 0.733333 0.674510 0.560784
vn 0.0004882651372415 -0.0000852704003008 -0.0004653298543466
v 0.0594937571229126 -0.0086386665316220 0.0376663493046354 0.658824 0.611765 0.517647
vn 0.0005086338025589 -0.0000840640031541 -0.0003795338046786
v 0.0633645606745128 0.0007796267748434 0.0399299994712129 0.670588 0.623529 0.525490
vn 0.0006314548188843 -0.0001110592402206 -0.0002916493598193
v 0.0648748795918590 -0.0121550644728888 0.0457375068073568 0.650980 0.607843 0.513725
vn -0.0007241019231758 0.0002401007319867 0.0003640446885490
v -0.0515868187138208 -0.1381103612438644 0.0559788533481011 0.882353 0.811765 0.650980
vn -0.0005438381566881 0.0000572064935195 0.0002780089236715
v -0.0491192930312985 -0.1267072445572470 0.0571001950430310 0.886275 0.819608 0.682353
vn 0.0006083971823680 0.0000928948731383 -0.0002031217232048
v 0.0503103332770606 -0.1470648664213831 0.0241728773275859 0.478431 0.427451 0.321569
vn 0.0007538247609492 0.0003178652686365 -0.0001750236217010
v 0.0452003262801870 -0.1392481722530459 0.0297122792406124 0.596078 0.549020 0.454902
vn 0.0000591610783004 -0.0004515465629457 0.0000074437117487
v 0.0311069177011034 -0.1576621528840186 0.0675316412843417 0.207843 0.207843 0.180392
vn -0.0000047398130209 -0.0005932809248379 -0.0000704990893699
v 0.0346259524833911 -0.1550716662879703 0.0591261244522553 0.188235 0.196078 0.164706
vn 0.0001496986751080 -0.0003294066140588 0.0001249629409123
v 0.0429467270766110 -0.1554714337371735 0.0655589323278689 0.192157 0.192157 0.160784
vn -0.0001427065567465 0.0000798571933788 0.0007648910322403
v 0.0219927274770073 0.0617441696155624 0.0645354150370531 0.800000 0.737255 0.615686
vn 0.0000093608572165 -0.0000727471740470 0.0005100853946986
v 0.0284532320120469 0.0665866152140434 0.0683061784524398 0.745098 0.686275 0.576471
vn -0.0001957054900656 -0.0000776040446890 0.0009553483171464
v 0.0386242383983185 0.0155104045386773 0.0768324989471386 0.733333 0.678431 0.576471
vn -0.0000403029288232 0.0001121773690034 -0.0004547468864218
v -0.0095366635378370 -0.0305740034582424 0.0193620958512977 0.705882 0.658824 0.568627
vn -0.0000521682603410 0.0001072459223411 -0.0004669244530990
v -0.0189238892777177 -0.0307300077510602 0.0201755928055671 0.698039 0.647059 0.560784
vn 0.0000115336548230 0.0002549398066562 -0.0006111247385153
v -0.0058711658225088 0.1268298150087800 0.0465179357958091 0.749020 0.694118 0.596078
vn 0.0000070022488366 0.0001893347874347 -0.0003758367238046
v -0.0060324621459126 0.1350696018958333 0.0511033098715148 0.733333 0.674510 0.576471
vn 0.0002149528626272 0.0003118857199579 -0.0006511888539407
v 0.0030588838980409 0.1307725190924003 0.0521269621369689 0.698039 0.631373 0.509804
vn -0.0000306279970160 -0.0006531900523626 -0.0000429584180867
v 0.0299753862742274 -0.1534106727144270 0.0294843108074153 0.180392 0.192157 0.160784
vn -0.0000231012293066 -0.0008001734743354 -0.0000093008478549
v 0.0374717646653885 -0.1541185261067898 0.0381582207303536 0.188235 0.196078 0.164706
vn -0.0000137618477868 -0.0006697187079529 -0.0000420067372421
v 0.0279682798211733 -0.1541460929508743 0.0415518635925380 0.196078 0.203922 0.176471
vn -0.0001396606775726 -0.0000221454001154 0.0008253893747862
v 0.0279812169437949 0.0106840763113973 0.0744222528421293 0.725490 0.678431 0.584314
vn 0.0006004991259325 -0.0000050727702806 0.0001567672499969
v -0.0408644180484755 0.0351087664338834 0.0812066994311220 0.549020 0.486275 0.364706
vn 0.0008241347672199 -0.0000570431747445 -0.0002715322066737
v 0.0472721602330552 -0.0846121360377089 0.0430110615214565 0.678431 0.635294 0.541176
vn 0.0002214491935669 0.0002712539366466 0.0006280039597844
v -0.0168940609667117 -0.0172640596521839 0.0807880074273845 0.615686 0.568627 0.482353
vn -0.0003781651215804 0.0001128474177805 -0.0007308439311715
v -0.0413548581534946 -0.0147610761872394 0.0289312645916495 0.725490 0.666667 0.564706
vn -0.0004445468695661 0.0001702943871163 -0.0011255258048465
v -0.0347106850981209 -0.0293937273170348 0.0236148787435987 0.733333 0.682353 0.584314
vn 0.0004915511029911 -0.0002136045310307 0.0002329806423707
v 0.0471067877120879 -0.0875597649893937 0.0670049568822017 0.654902 0.611765 0.513725
vn 0.0005962535350411 -0.0001942063332614 0.0003190148642061
v 0.0503651729824995 -0.0772650925999259 0.0681664541885790 0.682353 0.631373 0.529412
vn -0.0001361902269127 0.0000937397987249 -0.0005479384515507
v -0.0301055629845249 -0.1273619073330431 -0.0017673689528254 0.592157 0.537255 0.443137
vn 0.0004145585168559 0.0003008878737571 -0.0006450253226410
v 0.0337078099652866 -0.1425200848218943 0.0125356147517397 0.576471 0.521569 0.415686
vn -0.0006629511135156 -0.0001223113808674 0.0003687142177358
v -0.0768571622560838 0.0072661531904232 0.0850708093462630 0.874510 0.788235 0.623529
vn -0.0009764406157388 -0.0001509023249412 -0.0001381089793839
v -0.0797360554169509 0.0048727910695014 0.0725911839546213 0.823529 0.733333 0.580392
vn -0.0003762140465796 -0.0001095447184611 0.0001326649632522
v -0.0772566835938940 -0.0018881028561005 0.0790281833227415 0.858824 0.784314 0.619608
vn -0.0005395175262524 0.0000637080725136 -0.0001772895438561
v -0.0552338765320494 -0.1309277032993312 0.0275747532287813 0.772549 0.701961 0.572549
vn -0.0007218478522528 0.0001305801105942 -0.0000110126037366
v -0.0534063113390770 -0.1226926564180450 0.0354143906271816 0.831373 0.756863 0.619608
vn 0.0005142505670081 0.0001049620321159 -0.0001933163637339
v 0.0813539634379202 0.0877850629328470 0.0728862666158877 0.717647 0.670588 0.560784
vn 0.0009874672073785 -0.0000401285606149 -0.0000488523567173
v 0.0834100074047193 0.0747191618781723 0.0740349144766283 0.717647 0.674510 0.580392
vn -0.0007849399234316 0.0000601725601738 -0.0001446712829241
v -0.0508738026050906 0.1003283128700402 0.0606440886907457 0.776471 0.705882 0.588235
vn -0.0005732299669734 -0.0000588782574543 0.0001925966409581
v -0.0503516341369650 0.0942374045079864 0.0713719259657177 0.866667 0.800000 0.654902
vn -0.0003258912226663 0.0001820014852055 -0.0005213902058119
v -0.0603391374751782 0.0039713865375401 0.0575259633806681 0.600000 0.537255 0.419608
vn -0.0004814308425651 0.0001837173112265 -0.0003712374671423
v -0.0515052662966206 0.0094290825472082 0.0542581424682876 0.592157 0.529412 0.400000
vn -0.0000938510815514 0.0000152688836181 -0.0011646245728885
v -0.0101208217314306 0.0220741915412368 0.0244272257898507 0.721569 0.670588 0.576471
vn -0.0000821657646803 0.0001687130344884 -0.0008398401401912
v -0.0063016432930265 0.0369784240564878 0.0251026054566648 0.733333 0.686275 0.588235
vn 0.0003449017752557 0.0005143141154667 -0.0001107177337602
v 0.0042276793410907 0.1578226769914142 0.0694970916761488 0.611765 0.541176 0.403922
vn 0.0004852148811773 -0.0000513255672721 -0.0007569212818460
v 0.0474527758878714 -0.0087997874396400 0.0272019818196448 0.717647 0.670588 0.572549
vn 0.0000726318837018 0.0001895602196590 -0.0007277534397312
v 0.0013405917798007 0.0482311511234549 0.0275108983702681 0.745098 0.694118 0.592157
vn -0.0000791115378130 0.0000037055659901 -0.0008642973482413
v 0.0093618661829530 0.0048934466254890 0.0240388889516513 0.725490 0.674510 0.580392
vn 0.0000150190431057 -0.0000053274534345 0.0009365103854287
v -0.0014282402705652 0.0279526290658253 0.0717921563270131 0.686275 0.639216 0.549020
vn -0.0000119990709408 -0.0000758091493127 0.0009800310984507
v -0.0130119715200845 0.0244687848845805 0.0718160962632784 0.690196 0.643137 0.552941
vn -0.0004759917052314 0.0001309920019100 -0.0004979300568067
v -0.0404892759331421 -0.1283759474712365 0.0044780790465786 0.666667 0.603922 0.490196
vn -0.0001890878212594 -0.0000665321736424 -0.0004069084340236
v -0.0375428974577723 -0.1374943958280513 0.0018841725701325 0.462745 0.407843 0.290196
vn 0.0004506936664259 0.0002917268421635 0.0003478253907086
v 0.0442965451820232 -0.1415833123430803 0.0539977969617440 0.619608 0.580392 0.490196
vn 0.0008434981486121 0.0003097181009273 0.0000946252488261
v 0.0464962309221091 -0.1351021527507691 0.0452893495429385 0.572549 0.529412 0.431373
vn 0.0005767567107005 0.0000064537026222 0.0003326246225937
v 0.0424874079140008 -0.1285220259564050 0.0518900605541363 0.584314 0.545098 0.450980
vn 0.0002297791013080 -0.0003214275388328 0.0004134176418232
v 0.0138369265051094 -0.1593298222145370 0.0795937649970675 0.223529 0.219608 0.176471
vn 0.0000173176737261 -0.0006526674812226 -0.0000875776053736
v -0.0006304328807942 -0.1619855553565377 0.0789736139084677 0.282353 0.274510 0.223529
vn 0.0000985050776851 -0.0007243253937355 -0.0001509410108140
v -0.0461469434388340 -0.1505127830176799 0.0203169531802875 0.196078 0.196078 0.164706
vn 0.0003781808752263 -0.0000395534532904 0.0003241956952742
v 0.0410740570578073 0.1068280883220893 0.0710943437642305 0.717647 0.670588 0.572549
vn 0.0006882433033066 0.0000661384936748 -0.0000058565027544
v 0.0436833792443418 0.1108973851676257 0.0647597624716527 0.698039 0.639216 0.533333
vn -0.0000070544060692 0.0000632051395076 0.0007229942397626
v 0.0064195775225447 0.0363942461984043 0.0713176143365967 0.698039 0.650980 0.560784
vn -0.0009957250439685 0.0002002449658422 -0.0002817444308840
v -0.0514394409563789 -0.1097327621183253 0.0295777967905370 0.764706 0.701961 0.576471
vn -0.0006825600373133 0.0000411710167867 0.0000016259347255
v -0.0515483408737179 -0.1063866419511874 0.0450690150399789 0.792157 0.713725 0.564706
vn -0.0005866164292810 0.0000415843851218 -0.0000847097872506
v -0.0499618847488287 -0.0993359806644468 0.0388365613797978 0.780392 0.709804 0.576471
vn -0.0009309648636601 -0.0003960708021540 0.0004362748605902
v -0.0640533398880841 -0.0388390990877120 0.0789525228834990 0.854902 0.768627 0.600000
vn 0.0003049323959964 0.0001380049292445 -0.0003244624005751
v 0.0463697127288260 -0.1498609348073337 0.0161967991994919 0.262745 0.243137 0.180392
vn 0.0001851464303783 0.0001036273376598 0.0008383240478848
v -0.0014879169137714 -0.0497205560072283 0.0831193890810348 0.650980 0.603922 0.509804
vn 0.0000983644456183 0.0000239938484809 0.0009892117312624
v 0.0037271374693175 -0.0628216488326510 0.0834243571757035 0.678431 0.627451 0.521569
vn 0.0000470302889693 0.0001490643343194 0.0009457883393478
v 0.0095166945389468 -0.0484601960154584 0.0812799841078718 0.694118 0.650980 0.549020
vn 0.0001916982811879 0.0000454639545291 -0.0006679450399686
v 0.0281704326737175 -0.0360693894974936 0.0188354593920455 0.717647 0.670588 0.580392
vn 0.0001433087632421 0.0001333310819112 -0.0010560867446716
v 0.0179975396308520 -0.0404402556535433 0.0163996319537091 0.717647 0.670588 0.580392
vn 0.0001562745012891 0.0001178875336256 -0.0010089335048077
v 0.0260812574735339 -0.0249589078841944 0.0196828226131687 0.713725 0.670588 0.576471
vn -0.0002356181024886 0.0003351009713010 0.0009217496398808
v -0.0167684289752951 0.1465760933429144 0.0825180864443524 0.811765 0.737255 0.580392
vn 0.0000282625746217 0.0000771446710524 0.0007264599930844
v 0.0081205844081985 0.0622944071577651 0.0615862258836276 0.800000 0.745098 0.639216
vn -0.0000023833442201 0.0000243251683864 0.0007907773802570
v -0.0160683055484215 0.0127210370003555 0.0708510598462832 0.701961 0.654902 0.560784
vn 0.0000523815180603 -0.0001729080802661 0.0007034909077225
v -0.0550218275121215 0.0059471871341732 0.1011503943346662 0.776471 0.713725 0.596078
vn -0.0002717311396959 -0.0001559199602916 0.0006663798482803
v -0.0618705090207732 0.0145884094648653 0.1009184538743899 0.792157 0.729412 0.600000
vn -0.0002124599820316 -0.0000301979439486 -0.0005897806805887
v -0.0208317124025421 0.0736917092892521 0.0438407657321528 0.631373 0.545098 0.400000
vn -0.0003208298839460 0.0001875056759501 -0.0006186103774317
v -0.0130446207517211 0.0517652012181736 0.0336673730173593 0.749020 0.690196 0.584314
vn -0.0002834329902915 0.0001572944867009 -0.0006038756908713
v -0.0197622649825115 0.0608756439399026 0.0409656662471330 0.650980 0.572549 0.435294
vn -0.0004995363474096 -0.0000064324246569 -0.0006858508022818
v -0.0127173479927134 0.0677640253261714 0.0325464138602669 0.729412 0.682353 0.588235
vn 0.0003947707337963 0.0000473511479550 0.0007004413078563
v 0.0137688317806863 -0.1439669080823705 0.0767991725618873 0.580392 0.533333 0.427451
vn 0.0003002523098920 -0.0000144232437988 0.0005630174990411
v 0.0221504292423824 -0.1375497036629307 0.0706089050172880 0.619608 0.588235 0.494118
vn 0.0003045396502324 -0.0000452966737052 0.0005154568388649
v 0.0144768325266979 -0.1331022501917596 0.0783264497860811 0.596078 0.556863 0.458824
vn 0.0005162210891423 -0.0000940892071828 -0.0001208245157669
v 0.0653291466669609 -0.0209064986351936 0.0508548331648216 0.635294 0.592157 0.501961
vn 0.0007150346889769 -0.0001278432259860 0.0000401872028683
v 0.0670043141043334 -0.0124869091705436 0.0562664239498869 0.647059 0.611765 0.521569
vn -0.0004148764296639 -0.0000872503342172 0.0002730048620602
v -0.0499161835605026 0.0849979254921924 0.0693940762330719 0.882353 0.819608 0.686275
vn -0.0005170921679050 -0.0003886301666975 0.0010942045980948
v -0.0376780444663243 -0.0864387861883925 0.0765246972028833 0.811765 0.756863 0.611765
vn -0.0005204500456085 -0.0002806379464308 0.0004049079559724
v -0.0479473644010307 -0.0807570699508962 0.0700698029704113 0.847059 0.768627 0.607843
vn -0.0005854127382242 -0.0001535507151238 0.0004377747003290
v -0.0466783930847654 -0.0938511860454804 0.0675518024983632 0.847059 0.784314 0.654902
vn -0.0002424400740143 0.0004129415417708 -0.0005901882712080
v 0.0625548355351803 0.0963991243704676 0.0690620558377773 0.717647 0.647059 0.525490
vn 0.0003759298703424 0.0004888251219918 -0.0006812578820339
v 0.0761633985277011 0.0960339710942296 0.0698537925375502 0.756863 0.694118 0.564706
vn -0.0001230485908508 0.0004666740628610 -0.0007867847774892
v 0.0654251335105468 0.0850655016242602 0.0618568743888050 0.749020 0.682353 0.568627
vn -0.0000286288331352 0.0001353671848067 -0.0006626919347422
v -0.0163383350213751 -0.1141273972999608 0.0015929298129313 0.650980 0.600000 0.490196
vn 0.0009662280738885 0.0003785744840151 -0.0002014372856872
v 0.0439113446868227 0.0974180288101540 0.0630581428074081 0.713725 0.654902 0.549020
vn -0.0000013685698325 -0.0000742331910202 0.0005297369773182
v 0.0083491499562427 -0.0934005193751922 0.0783892447201514 0.741176 0.705882 0.607843
vn -0.0001040653828274 0.0000463425341197 -0.0006765104863828
v -0.0353464592114028 0.0703679512173951 0.0412297336561217 0.729412 0.686275 0.592157
vn -0.0005379198969110 -0.0000025908971405 -0.0004789161785582
v -0.0443327828796264 0.0730994136951788 0.0455889622304212 0.756863 0.701961 0.596078
vn 0.0000079628081748 -0.0005118516478221 -0.0001183558090977
v 0.0229817373812564 -0.1551319971871938 0.0616769187405028 0.188235 0.196078 0.164706
vn 0.0000064177767514 -0.0008207181506897 -0.0000530927328021
v 0.0215843588162174 -0.1546031378891114 0.0514560743461124 0.192157 0.200000 0.168627
vn 0.0002126216060218 -0.0000785666962376 0.0005915637008228
v 0.0646842895378869 0.0311476497104779 0.0765876307244366 0.717647 0.666667 0.568627
vn -0.0000411401543354 0.0001349919542076 -0.0006133598669426
v -0.0026416362208851 -0.0366862369079215 0.0173859070241424 0.698039 0.647059 0.560784
vn -0.0000425686357663 0.0001314727640814 -0.0006893469090976
v -0.0038852200481773 -0.0463183462154754 0.0153637712481496 0.709804 0.658824 0.572549
vn -0.0001204465169351 0.0001765616689315 -0.0008964556093902
v -0.0135311587637618 -0.0405995140238839 0.0174349085959830 0.717647 0.674510 0.584314
vn 0.0000894420430285 -0.0005941460896685 -0.0001586640105284
v -0.0501731240451349 -0.1543009882958545 0.0474063567081716 0.192157 0.200000 0.164706
vn 0.0001748783494250 -0.0005539419441426 -0.0001571010696096
v -0.0240305905925584 -0.1607044099635363 0.0683462567199721 0.239216 0.243137 0.203922
vn -0.0004534466849285 -0.0000699636232077 0.0003828714981143
v -0.0424952522526598 -0.1118343358840368 0.0663529830153621 0.870588 0.803922 0.670588
vn -0.0003351555031892 0.0000013460365256 0.0004554555628893
v -0.0395882222168501 -0.1209516194409430 0.0682989665982415 0.866667 0.807843 0.682353
vn -0.0004132663598184 -0.0001038569668993 0.0007071918441785
v -0.0345229649719540 -0.1105297252853718 0.0733094084097070 0.839216 0.768627 0.643137
vn 0.0003295883638484 0.0003393537370011 0.0005747774243749
v -0.0269499772120518 -0.0127391559661608 0.0832071548507237 0.596078 0.552941 0.462745
vn 0.0002413565387071 0.0001563846296305 0.0004850713083127
v -0.0328501147621064 -0.0180819638326868 0.0890508442139368 0.631373 0.584314 0.490196
vn -0.0000470189005234 0.0002944038018209 0.0006832638855981
v 0.0160120193124149 0.0530984403750949 0.0671102935413215 0.772549 0.717647 0.607843
vn 0.0001308664509910 0.0000471711204676 -0.0009231940379111
v 0.0339946975206867 0.0154806709633093 0.0224525437398292 0.745098 0.698039 0.600000
vn 0.0003540686698356 -0.0000243194745199 0.0004090800061074
v -0.0371519316115525 0.0258484422269689 0.0702554746341192 0.556863 0.505882 0.403922
vn 0.0001771704902866 0.0000833203771624 -0.0008385601304697
v -0.0008328326222556 -0.1294454274608387 0.0038791554823384 0.513725 0.462745 0.372549
vn -0.0001566721745640 -0.0001702989433006 0.0004927059982904
v 0.0149220222892333 0.1069115753024356 0.0707999302592037 0.847059 0.772549 0.635294
vn -0.0003126127258121 -0.0000985508065095 0.0004451733571769
v -0.0413711896336174 -0.1405392366332600 0.0690590515823878 0.827451 0.749020 0.596078
vn -0.0002592783907580 -0.0000945300146425 0.0003610306257007
v -0.0308317750441833 -0.1484712867744483 0.0722794495711270 0.823529 0.749020 0.592157
vn 0.0004287768723425 0.0002332419130553 0.0002336933717124
v -0.0467956844962123 0.0640006592404257 0.1017864069054880 0.392157 0.352941 0.278431
vn 0.0000471508071542 -0.0007856771489448 -0.0003246948242650
v -0.0292704761181844 -0.1541755503008204 0.0520626481456466 0.196078 0.203922 0.168627
vn -0.0003885391809767 -0.0001851441554691 0.0007536490642860
v -0.0424785642603192 0.0929843823051691 0.0774986119014965 0.827451 0.768627 0.635294
vn 0.0000303520766085 -0.0001921335659591 0.0007923548831066
v -0.0313918876874560 0.0977068714894250 0.0809683325329978 0.788235 0.729412 0.603922
vn -0.0003300932777036 -0.0001476019549990 0.0007463132684805
v -0.0450326453733176 0.1083534744184097 0.0803158229184114 0.835294 0.756863 0.600000
vn -0.0001012277988873 -0.0000544703656452 -0.0008155285738339
v -0.0206757510105310 0.0052080736092705 0.0266340114477282 0.729412 0.682353 0.584314
vn -0.0002303359690635 0.0000040485163744 -0.0007619984827782
v -0.0362589837058512 0.0030702987613942 0.0289124447030474 0.717647 0.662745 0.568627
vn 0.0000485565094743 0.0002666500040419 -0.0007380766991243
v 0.0200215399478559 0.0373943966139414 0.0258248194919393 0.733333 0.682353 0.584314
vn 0.0002506529861998 0.0003407125922484 -0.0008248708222024
v 0.0311462036948083 0.0413017284858134 0.0286439887275583 0.749020 0.698039 0.603922
vn -0.0000207658097196 0.0002012251267463 -0.0000794022836817
v -0.0498117819759296 0.0392080761276191 0.0736043394773034 0.603922 0.541176 0.411765
vn -0.0002044621471951 -0.0001861737731175 -0.0002117981405247
v -0.0515368557498654 0.0487950558423439 0.0761628201385938 0.635294 0.572549 0.450980
vn -0.0000060010485904 -0.0000006455699285 -0.0008227713408900
v 0.0248423087826971 0.0727935579900020 0.0346194738692721 0.737255 0.686275 0.592157
vn 0.0001537738999831 0.0000907820569308 -0.0007397076136826
v 0.0309909339255141 0.0636309591860737 0.0344392425996416 0.749020 0.698039 0.603922
vn -0.0002912268045584 -0.0000098989867002 0.0002340146297071
v 0.0523577861702243 0.0767762635329517 0.0681715668752095 0.737255 0.674510 0.549020
vn -0.0001192783182178 0.0000433419240379 0.0007808988847649
v 0.0413781970749476 0.0736350923389208 0.0642469121445545 0.756863 0.709804 0.611765
vn -0.0001931995321943 -0.0000474209660713 0.0004878430761721
v -0.0399831134670322 0.1177356436139704 0.0839171963006951 0.796078 0.717647 0.564706
vn 0.0000635148764026 -0.0000549098898913 0.0006132764942477
v -0.0315165703097874 0.1227836854228356 0.0854157566591617 0.733333 0.670588 0.545098
vn 0.0005651629199972 -0.0000837942001737 -0.0006969925411608
v 0.0550128370282026 0.0003787722218611 0.0314978531611360 0.721569 0.670588 0.572549
vn 0.0003799589851204 0.0000353049019606 -0.0005474882480707
v 0.0552248072549116 0.0145374576307330 0.0310106558049892 0.713725 0.654902 0.556863
vn 0.0000678156093204 -0.0001304777085304 0.0007145148278447
v -0.0303150096224144 0.1123803593521816 0.0843115366735367 0.741176 0.678431 0.560784
vn 0.0004823763820949 0.0002944743954222 -0.0007089450987374
v 0.0300235971971866 -0.1215457815524517 0.0165684389240190 0.607843 0.552941 0.443137
vn -0.0000358212904452 0.0001888516618572 -0.0004989339474932
v -0.0050416082217666 0.1155738102049249 0.0434046467624840 0.756863 0.701961 0.592157
vn -0.0003184471100897 0.0002727337040936 -0.0006455122635031
v -0.0160865043979238 0.1189282348669460 0.0470328997724248 0.756863 0.701961 0.600000
vn 0.0000028331615401 -0.0000615111374575 0.0002634377244540
v -0.0015325499343831 0.0848308025912614 0.0708474208349150 0.776471 0.721569 0.615686
vn 0.0000373005155528 0.0001400250700073 0.0007300559597868
v -0.0118816733997499 0.0020798953016183 0.0707881622607354 0.694118 0.647059 0.560784
vn 0.0002202143300533 0.0003441293654187 0.0006904020139945
v -0.0192756488925689 -0.0079447464361055 0.0757122793443939 0.619608 0.576471 0.490196
vn 0.0004488822546669 -0.0000748896181188 -0.0003051662368525
v 0.0603537408098714 -0.0191295150275646 0.0407251309673986 0.650980 0.607843 0.509804
vn -0.0000412318651683 0.0004146936786923 -0.0008584799253247
v -0.0631132795947421 0.0453594012230756 0.0704835600403582 0.682353 0.619608 0.501961
vn -0.0006261483800997 0.0000692974728726 -0.0005212349918466
v -0.0686324919156108 -0.0145918723234056 0.0562331848367013 0.701961 0.639216 0.505882
vn -0.0007990602634315 0.0001706227737149 -0.0006423507958479
v -0.0619171362861856 -0.0214981771379306 0.0461217494509336 0.701961 0.639216 0.509804
vn -0.0008014033409484 -0.0001558923699309 -0.0003246683620080
v -0.0693457684099023 -0.0273763664318611 0.0589009847358070 0.741176 0.666667 0.525490
vn -0.0005437975180144 0.0002362882140420 -0.0005263959536278
v -0.0596179259854446 -0.0057126787087175 0.0526065006516711 0.600000 0.537255 0.415686
vn 0.0000102656030352 -0.0004786364337578 -0.0002480485583000
v -0.0411655799645709 -0.1452914158323757 0.0073550400993456 0.203922 0.200000 0.172549
vn 0.0001975877083191 -0.0001449396613007 0.0003526239204597
v 0.0729980503755947 0.0629272966007675 0.0837529075307838 0.721569 0.678431 0.588235
vn 0.0004893675312315 -0.0001751411019505 0.0004015787479969
v 0.0785510808735673 0.0715237407432302 0.0841300749148517 0.713725 0.666667 0.580392
vn -0.0001453177437814 0.0002137415563205 -0.0005483617659292
v -0.0099349858343552 0.1001798602242463 0.0365853184757986 0.741176 0.694118 0.596078
vn 0.0001728974244220 0.0003841180700185 -0.0008614417291146
v -0.0016208729308449 0.1076961845223652 0.0387829793317359 0.737255 0.686275 0.588235
vn -0.0006602304069045 0.0003177378489239 -0.0005155905879626
v -0.0417392400659928 -0.1103889482517345 0.0165499592601254 0.694118 0.631373 0.513725
vn -0.0004362331655199 0.0001157122162127 -0.0003811341146410
v -0.0454961092822286 -0.1040504178194486 0.0240377821186884 0.749020 0.698039 0.600000
vn 0.0000954783790358 0.0000765068196664 0.0008025263130337
v 0.0374707365249999 -0.0389295066693955 0.0803343838108106 0.709804 0.643137 0.521569
vn -0.0000981424250089 0.0002891703938884 -0.0004464247991328
v -0.0073533491317715 0.1479486498328068 0.0580970469307607 0.729412 0.678431 0.580392
vn 0.0007200972764092 0.0000292453214662 -0.0000856574868300
v 0.0451185143774795 -0.1309800313151094 0.0355988581638412 0.596078 0.549020 0.447059
vn -0.0001569141467371 0.0000854890811231 0.0009446847111029
v 0.0172162678948494 0.0336996668579686 0.0731785224795251 0.713725 0.662745 0.564706
vn -0.0002137030522057 0.0000986609710425 -0.0006771220367421
v -0.0283959437502412 -0.0439927403322370 0.0194095706109734 0.737255 0.690196 0.592157
vn -0.0001838523399402 0.0001262509032876 -0.0007198193016103
v -0.0273858990451054 -0.0345854787818991 0.0207441425022656 0.725490 0.674510 0.576471
vn 0.0000985433412116 0.0001861053641224 0.0004350263121810
v 0.0096073345926101 0.1408246542769016 0.0752445595625939 0.678431 0.615686 0.509804
vn -0.0006127656363668 -0.0000352831189830 0.0002775109417959
v 0.0517551762964109 0.0816839510306596 0.0775013400777932 0.780392 0.717647 0.596078
vn -0.0001653599043715 -0.0000197697500609 0.0002882102131735
v -0.0230670866286356 -0.1576488747040923 0.0801437061492867 0.717647 0.643137 0.490196
vn -0.0000752351132465 0.0000042445008161 0.0009471570729030
v 0.0086642417092743 0.0203839402117019 0.0720855740748712 0.690196 0.643137 0.552941
vn -0.0003241439635526 0.0002388317429748 -0.0006237146634694
v -0.0568505117784128 0.0183386687075407 0.0628749768963518 0.592157 0.525490 0.403922
vn 0.0004177828660278 -0.0000781342651104 0.0004685792989463
v 0.0328727374932394 -0.1197339950708695 0.0708012741119530 0.662745 0.635294 0.545098
vn 0.0004374200243332 -0.0001018574075976 0.0002748802745287
v 0.0352135739822667 -0.1242039429447930 0.0630808331164118 0.580392 0.541176 0.450980
vn 0.0007470029877322 -0.0001552241466688 0.0004053973027339
v 0.0405662424485219 -0.1169974815737429 0.0594320819382733 0.643137 0.611765 0.533333
vn 0.0004589910669937 0.0002602547017764 -0.0007179118858210
v 0.0391636526317418 0.0478642520369806 0.0348099155417205 0.776471 0.729412 0.619608
vn 0.0005641337113677 0.0001365337508548 -0.0005494307183106
v 0.0390779381178811 0.0599530825484128 0.0397688843911548 0.745098 0.690196 0.588235
vn 0.0000743291594891 -0.0000800009706846 0.0004530398398861
v -0.0547860050801309 0.0459258252827555 0.1105892471941834 0.705882 0.643137 0.525490
vn 0.0002382388496469 -0.0001669797628735 0.0007057246712291
v 0.0349920438459492 0.0963584493951049 0.0724498547129687 0.741176 0.686275 0.584314
vn -0.0000230589339117 0.0001201646922617 0.0008671430428754
v -0.0132204104056586 -0.1027628710556616 0.0817466193927143 0.749020 0.698039 0.596078
vn -0.0000958679686908 -0.0002721709041123 0.0012418891163072
v 0.0591639110522828 0.0456192947110558 0.0798990467136412 0.792157 0.733333 0.611765
vn -0.0006012708577170 -0.0000150220745926 -0.0000388021055785
v -0.0518749476398617 -0.0933936129787207 0.0468378251941970 0.811765 0.745098 0.615686
vn -0.0005007804902254 -0.0000333592128570 0.0001232165240858
v -0.0515480665286995 -0.1017372787101526 0.0525376107455372 0.862745 0.800000 0.658824
vn -0.0005806664916306 0.0000042852243055 -0.0002734014758963
v -0.0521777741948706 -0.1379506201193819 0.0220954291740598 0.619608 0.552941 0.427451
vn -0.0005613174334414 -0.0001049430838339 0.0003312738704710
v -0.0466437539696080 -0.1029892496543702 0.0619724059086965 0.772549 0.682353 0.529412
vn -0.0005972553274060 -0.0000415412696262 -0.0000962251873553
v -0.0834327352078921 0.0204947771768134 0.0728871823736742 0.827451 0.737255 0.556863
vn -0.0004551079642368 -0.0002170903505946 0.0007265059627538
v -0.0645660012938405 -0.0007429650279922 0.0961374132601320 0.831373 0.768627 0.627451
vn -0.0004282402553903 -0.0001371747417206 0.0004298316129154
v -0.0701518377682159 0.0070346798061281 0.0923213340207960 0.850980 0.780392 0.619608
vn -0.0001288160906235 0.0002561364167409 -0.0004670017150740
v -0.0183335003724449 0.0444146015932395 0.0312036122566319 0.756863 0.705882 0.600000
vn -0.0001531367927232 0.0001958844345545 -0.0005328467028601
v -0.0076910054408856 0.0456071224054476 0.0288127827675646 0.717647 0.662745 0.556863
vn 0.0002470564620864 -0.0001190033582400 0.0008159548292942
v 0.0189601387216469 -0.1077525748744818 0.0776927849283606 0.623529 0.580392 0.501961
vn -0.0001727281531606 0.0004788252440755 -0.0001018004859447
v -0.0616093403092156 0.0707465180458651 0.0927571373395173 0.643137 0.549020 0.380392
vn 0.0001304047512385 -0.0001337412415325 0.0005547770243317
v 0.0076595339081751 0.1013181617240491 0.0666384341264874 0.768627 0.713725 0.596078
vn 0.0004505228984536 -0.0000005535725613 -0.0009129557993734
v 0.0389929578980329 -0.0319252228300079 0.0230417911639022 0.725490 0.678431 0.584314
vn 0.0002586848580920 0.0000137232119034 0.0006363127567642
v 0.0046371752984073 -0.1504836622413726 0.0824636652297405 0.643137 0.592157 0.482353
vn 0.0000619383245660 -0.0000996073955140 0.0002347835937532
v 0.0046885977379316 -0.1588088446481172 0.0832533951960302 0.247059 0.231373 0.172549
vn -0.0002140672647068 0.0004236363168850 -0.0008907321984365
v -0.0285866243214631 0.0506530214297635 0.0374798801826888 0.717647 0.670588 0.572549
vn 0.0006909981955615 -0.0001562229428056 0.0001866380373083
v 0.0438674743554858 -0.1081587266461469 0.0550339467436603 0.647059 0.619608 0.537255
vn -0.0002518539210333 0.0003172158109160 -0.0008634848570046
v -0.0211146967581912 0.1076275344733192 0.0476153007847728 0.737255 0.678431 0.572549
vn -0.0001198695541437 -0.0001079267717825 0.0002855220643464
v -0.0562559119230775 -0.0213217817210891 0.0920930408540520 0.780392 0.713725 0.576471
vn -0.0004128590708049 -0.0002195776959898 0.0005484128250242
v -0.0621239054121040 -0.0256413817535808 0.0879697133125353 0.835294 0.756863 0.596078
vn 0.0000223350322241 -0.0001490467309694 0.0008076813209291
v -0.0047701103507754 -0.0766399343659526 0.0839970396879518 0.701961 0.643137 0.533333
vn -0.0000122716792648 -0.0001242486141989 0.0005187213337002
v -0.0136515889949816 -0.0757422785196387 0.0833618676147829 0.741176 0.686275 0.572549
vn -0.0000147970169056 0.0000974937681435 0.0006865858547805
v 0.0328399506303599 -0.0242838150314872 0.0784243205348219 0.709804 0.650980 0.541176
vn 0.0001326279498785 -0.0006933312213114 -0.0002052840283605
v -0.0340799310593528 -0.1438134771045032 0.0160158016048589 0.188235 0.192157 0.164706
vn 0.0000042151093206 -0.0000961836273891 0.0003495702360387
v -0.0552293560333647 -0.0029592684549740 0.0973755042001578 0.721569 0.666667 0.556863
vn -0.0000322829210295 0.0000361491077575 -0.0006367109798777
v 0.0208707076098953 0.0833143134503398 0.0356540492542599 0.752941 0.701961 0.603922
vn -0.0000761116917135 0.0001578264471002 -0.0006814223395122
v 0.0228078252085819 0.0935192680935074 0.0366162567423707 0.752941 0.701961 0.607843
vn -0.0007874230499656 -0.0000282436702157 0.0002443095375795
v -0.0507212418614843 0.1074760692219965 0.0742779803408621 0.878431 0.800000 0.647059
vn -0.0004157061296690 0.0000307977195092 0.0002938443123080
v -0.0485215501514634 0.1185063832554324 0.0770285363579258 0.890196 0.811765 0.650980
vn -0.0002508226545315 0.0002425778652666 -0.0005507125487718
v -0.0109998073765666 0.1094565428795447 0.0426881511954093 0.733333 0.674510 0.568627
vn 0.0005066015865224 0.0004025665195131 0.0006633079089387
v -0.0351150181655691 -0.0035126334780907 0.0808247273835152 0.501961 0.466667 0.380392
vn 0.0000589606618826 -0.0000175139075449 0.0005356335336123
v -0.0034853865673789 -0.1456293144471772 0.0849295554044205 0.686275 0.627451 0.517647
vn -0.0002049280875908 -0.0000241060192496 0.0005552858432067
v -0.0131687813196158 -0.1446479223577753 0.0839861287971389 0.811765 0.741176 0.592157
vn 0.0000231504347377 0.0000251495763428 0.0006333112307913
v -0.0055094496070499 -0.1360895524616022 0.0856488802226575 0.658824 0.588235 0.466667
vn 0.0006330996810634 -0.0000548988514008 0.0005574170852246
v -0.0461294227756288 0.0438008189981964 0.1060266276663011 0.603922 0.560784 0.466667
vn -0.0003618463491472 0.0000725291104677 -0.0004910687154766
v -0.0780154065297912 0.0272373553602115 0.0676235570696771 0.635294 0.552941 0.400000
vn -0.0005155887119821 0.0001841374395189 -0.0008121906058370
v -0.0404372328622213 0.0563086408508623 0.0430388509121260 0.752941 0.694118 0.592157
vn -0.0000340912599088 0.0001080374166778 -0.0006280542550601
v -0.0304854228795269 0.0608307118182377 0.0403412177246973 0.741176 0.690196 0.600000
vn 0.0000144646645516 0.0001283700929135 -0.0008106862409552
v 0.0059669878659264 -0.0473076510682217 0.0147568621360721 0.713725 0.662745 0.576471
vn 0.0001405235349700 0.0001278435511657 -0.0004361768822116
v 0.0673535179207855 0.0606825447199034 0.0489823071377599 0.760784 0.701961 0.603922
vn 0.0001126509902126 0.0004757842884822 -0.0004175843901765
v -0.0557031530778646 0.0671936599908250 0.0855520107080765 0.619608 0.541176 0.400000
vn 0.0001090043539690 0.0005214089221323 -0.0000214503081811
v -0.0520438438724123 0.0602121012813650 0.0816054095624108 0.635294 0.568627 0.439216
vn -0.0003867074712661 0.0005935637397435 -0.0004959896417477
v -0.0581584421010430 0.0563284170523232 0.0770765739041900 0.662745 0.596078 0.470588
vn 0.0001552120082534 0.0000220698373475 -0.0009022919234565
v 0.0098761666616560 0.0728707509749457 0.0362238434878988 0.764706 0.701961 0.592157
vn 0.0002466871551314 -0.0000165669882330 0.0005866760210729
v 0.0057999958675367 -0.1374918132195274 0.0834566421676001 0.603922 0.549020 0.439216
vn 0.0002294686764097 0.0001047387005351 0.0006964473552952
v 0.0069208795139998 -0.1289069690292600 0.0815148166109250 0.615686 0.560784 0.447059
vn 0.0002861893702792 0.0000044874375023 -0.0007902825888130
v 0.0268599776135546 -0.0532398774256473 0.0180345627798365 0.721569 0.678431 0.584314
vn 0.0000080670678882 0.0001366013320779 -0.0003602064569485
v 0.0211173214690425 0.0456463320455347 0.0301618061623109 0.737255 0.682353 0.588235
vn 0.0000757577355536 0.0002822630364218 -0.0009276957409590
v 0.0251842613661674 0.0543404004516589 0.0323668863437182 0.733333 0.678431 0.588235
vn 0.0002918081879002 0.0000140375829827 -0.0007801162201563
v 0.0394861160343941 -0.0177651308398707 0.0232118182960193 0.729412 0.682353 0.588235
vn 0.0000678013841736 0.0000580046188542 -0.0005982023488633
v 0.0305234860182702 -0.0154227019923926 0.0211719351481078 0.717647 0.670588 0.580392
vn -0.0001339599946760 0.0000683292317657 -0.0006191778128702
v -0.0061564399316858 0.0569748288890767 0.0300443307921984 0.717647 0.662745 0.572549
vn -0.0000328254552950 -0.0006865830700913 -0.0001055603368327
v -0.0053525403222251 -0.1528164835249638 0.0385295033727615 0.200000 0.207843 0.180392
vn 0.0002812480420764 -0.0001491340640867 0.0006704557245389
v -0.0225585384459473 0.1234947064834051 0.0812234122978379 0.717647 0.662745 0.549020
vn -0.0000060834026534 -0.0006010166688655 -0.0000366216404858
v 0.0338209227132068 -0.1544933665074789 0.0497046364460672 0.184314 0.196078 0.164706
vn -0.0003333597211578 -0.0001781632946979 0.0004159499147297
v -0.0522365744871045 -0.0540106706360266 0.0841742308096454 0.835294 0.760784 0.603922
vn -0.0001179680259083 -0.0001215098505654 0.0004405150271578
v -0.0445941133739927 -0.0514604823738479 0.0887658880776943 0.776471 0.713725 0.576471
vn 0.0000526731316112 0.0002168190421426 -0.0007147787224996
v 0.0063538966489439 0.0392968266421699 0.0260944013964553 0.721569 0.666667 0.572549
vn 0.0003308914397439 0.0001731731612857 -0.0001831771958706
v 0.0369726943767554 0.1358741524413679 0.0596958412168074 0.709804 0.650980 0.529412
vn -0.0001372212748809 0.0004640531024105 -0.0002922991400102
v -0.0316513655833399 0.1478167729470153 0.0701255702649086 0.666667 0.600000 0.454902
vn 0.0001494257744839 -0.0000451362220019 0.0008149278056034
v -0.0100736417466125 -0.0565344127358626 0.0855545639753339 0.650980 0.600000 0.498039
vn 0.0000032195166742 -0.0001520388598761 0.0008827234901882
v -0.0092265624538066 0.1357627398280604 0.0838697939208837 0.756863 0.698039 0.576471
vn 0.0004246344692417 -0.0001921773546315 0.0007843417646459
v -0.0204336776425084 0.0832332776241907 0.0691097548186785 0.768627 0.717647 0.615686
vn -0.0001034835568764 -0.0001795424152993 0.0005921179085681
v -0.0082722691626344 0.0837861077073803 0.0680714571320353 0.803922 0.749020 0.635294
vn -0.0002178051050600 0.0000844195288857 -0.0005798677205375
v -0.0372867675872756 -0.0062806534616227 0.0281323514634269 0.717647 0.666667 0.568627
vn -0.0000346553847566 0.0001029536668291 0.0008512509488711
v 0.0359294144000286 0.0593917634862480 0.0666933482622693 0.764706 0.713725 0.600000
vn 0.0002119123793546 0.0001182101048654 0.0007380914451310
v 0.0005369092194761 -0.1184351956524217 0.0820259140279620 0.639216 0.596078 0.490196
vn -0.0001072722215045 0.0002647495328687 -0.0007065047808326
v 0.0210230827304885 0.1056542719035948 0.0393325362932375 0.752941 0.701961 0.600000
vn 0.0000043906829743 0.0002151497686981 -0.0006389888381938
v 0.0123738098014581 0.1091032945347842 0.0460582343466984 0.729412 0.666667 0.556863
vn -0.0000690692383265 0.0003510681219091 -0.0007970823462141
v 0.0211601572353838 0.1190772881317637 0.0455145230692724 0.760784 0.709804 0.607843
vn 0.0001810787800523 0.0003667154245058 -0.0007856092602492
v 0.0058935123374683 0.1185744852611619 0.0465511690486860 0.741176 0.686275 0.592157
vn 0.0000528568059831 -0.0001055519368310 0.0004224446476155
v 0.0210378125333799 -0.0861345693343997 0.0809669876351785 0.690196 0.623529 0.509804
vn -0.0003514016888143 0.0000351873586889 -0.0005143328561677
v -0.0708435253089198 0.0049906850038344 0.0601945296855669 0.643137 0.580392 0.454902
vn -0.0002248054481023 0.0000867256023497 -0.0003976193886892
v -0.0671364327964665 -0.0035994031524576 0.0581492084766007 0.627451 0.568627 0.447059
vn -0.0005839931307677 -0.0000281898126972 -0.0003853664407533
v -0.0750487555496743 -0.0032044564156480 0.0635301613662623 0.647059 0.572549 0.439216
vn 0.0000529683189301 -0.0002378698004062 0.0005674517648222
v -0.0129529453934873 0.0926329092906747 0.0700179633067205 0.811765 0.745098 0.627451
vn 0.0003361034845269 -0.0003182546042788 0.0007597581973783
v -0.0233207931391297 0.0977238683114882 0.0762289644248215 0.721569 0.662745 0.552941
vn -0.0008006680477778 -0.0002594957952471 0.0005486338265913
v -0.0716976299673463 -0.0074007471621867 0.0852521551352361 0.874510 0.803922 0.654902
vn -0.0009853088526326 -0.0003430871029420 0.0004642677429183
v -0.0701492728500300 -0.0215756351641087 0.0815424933503970 0.854902 0.768627 0.596078
vn -0.0004363399097100 -0.0002220173849305 0.0005639805319536
v -0.0642466827418858 -0.0141738218736398 0.0912351129313801 0.827451 0.752941 0.607843
vn -0.0006005495076986 -0.0001554078948698 -0.0001563743408061
v -0.0556249608200399 -0.0643974210672738 0.0524921387581593 0.733333 0.666667 0.533333
vn 0.0000332577555591 -0.0007261586769232 -0.0002402603702024
v -0.0403122367523798 -0.1530063885973092 0.0467990665594065 0.176471 0.188235 0.152941
vn 0.0004124307109272 0.0000158295086658 -0.0003664960312881
v 0.0733169545134993 0.0512942954002943 0.0525753453213173 0.737255 0.686275 0.580392
vn 0.0006003287923529 -0.0001251424272567 -0.0005894247699220
v 0.0392627118035694 -0.0696980189644550 0.0281547331550795 0.698039 0.650980 0.560784
vn 0.0003392122241063 -0.0000849652564415 -0.0005166174113505
v 0.0325314322613505 -0.0625919551797849 0.0213555645936591 0.709804 0.662745 0.564706
vn -0.0005748540624103 0.0003245917841571 0.0001221884770232
v -0.0480401530310899 0.0656586336747273 0.0656967673112759 0.858824 0.788235 0.647059
vn -0.0000873309780305 0.0002916424865570 0.0005363069381213
v -0.0413011594878585 0.0647549958182546 0.0721930977163804 0.803922 0.741176 0.611765
vn -0.0003701589815287 -0.0001007304350007 0.0004227898739817
v -0.0462100805527034 0.0764102920005899 0.0708036260769066 0.862745 0.800000 0.662745
vn 0.0002065087962607 -0.0000286264331511 0.0005405227342474
v 0.0229031556700066 -0.1183156338326392 0.0735281285883494 0.635294 0.600000 0.513725
vn 0.0000339443836479 -0.0005164595679541 -0.0000209425524645
v 0.0438138198534387 -0.1540708224214730 0.0455078503995716 0.188235 0.196078 0.160784
vn -0.0002643514727420 0.0002009417318896 -0.0005824622320191
v -0.0257162086402543 -0.0963972994796758 0.0072349788309131 0.643137 0.592157 0.501961
vn -0.0000460922043697 0.0001652237164577 -0.0006755117773161
v -0.0132009362673456 -0.0928291540611445 0.0059026310540842 0.709804 0.658824 0.560784
vn 0.0000019579332516 0.0001570193696650 -0.0007180151962701
v -0.0175091305678325 -0.1027809461716488 0.0038739445815581 0.713725 0.666667 0.572549
vn 0.0004585489018371 0.0000848580681012 -0.0000695090414590
v 0.0419422132541056 0.1214342870758384 0.0623248762067216 0.658824 0.600000 0.498039
vn 0.0000702436353576 0.0000465398567772 0.0003245644348394
v 0.0416032769817862 0.0983202453425099 0.0691161733648229 0.733333 0.686275 0.580392
vn 0.0002633671118913 -0.0000781532847790 0.0005502318487972
v 0.0240548298216971 -0.1280415339687797 0.0746204103264244 0.635294 0.600000 0.513725
vn 0.0002637336935611 0.0000372034399925 0.0007346614141538
v 0.0145732548818563 -0.1221966074611886 0.0769363810041589 0.635294 0.596078 0.498039
vn 0.0000027817115048 0.0000412509452005 0.0006210200386633
v 0.0130982883022956 -0.0582156449757227 0.0825939991692119 0.698039 0.643137 0.541176
vn -0.0000653298732143 -0.0000564220486929 -0.0009663908168384
v -0.0056835921486738 0.0071255475116347 0.0248376566726265 0.717647 0.670588 0.568627
vn 0.0005086544568664 0.0000261015050394 -0.0007131858655740
v 0.0258736780245993 -0.1097155362022799 0.0168615388597249 0.654902 0.603922 0.494118
vn 0.0001087363509000 -0.0002090914467221 0.0001956241616962
v 0.0272420393239056 -0.1560713236258928 0.0732881752805294 0.203922 0.203922 0.168627
vn -0.0000814651788658 -0.0002097847470077 0.0000684356050053
v -0.0274469871487059 -0.1614150997227479 0.0722586540358738 0.254902 0.243137 0.207843
vn 0.0000305937949203 -0.0004522610721047 -0.0000322516854319
v 0.0431816795276964 -0.1555307756343948 0.0550843806245103 0.196078 0.203922 0.168627
vn 0.0003037761153515 -0.0000599526697114 0.0001966151509684
v 0.0523177020799971 -0.0620159460377721 0.0706233143111314 0.694118 0.643137 0.537255
vn -0.0000629175356267 0.0003374746828919 -0.0006930420983336
v -0.0299867219374876 0.1182915866074020 0.0531365354875575 0.749020 0.698039 0.603922
vn -0.0001623412158224 0.0001561881367347 -0.0003220621659731
v -0.0189134950061138 0.1217265298727253 0.0556842701485426 0.721569 0.643137 0.501961
vn -0.0000458355005572 0.0000923149388821 0.0006862267698140
v -0.0110681296350693 -0.1140482501935381 0.0836279516344469 0.729412 0.670588 0.552941
vn -0.0002662779696315 -0.0000068217845855 0.0007024103082317
v -0.0221187713323761 -0.1066377496197662 0.0795497223260730 0.815686 0.752941 0.627451
vn -0.0004095291303909 -0.0000186156456776 0.0007841669461181
v -0.0216806674067569 -0.1156183906042818 0.0793173398741044 0.803922 0.733333 0.592157
vn -0.0007359471794395 -0.0002568537162529 0.0000695744434423
v -0.0707124756017647 -0.0290056540905900 0.0704422798235869 0.827451 0.737255 0.568627
vn -0.0000027065595685 -0.0002395080965427 0.0008499182350004
v -0.0118505357280421 0.1254964191905303 0.0813401254161124 0.792157 0.725490 0.600000
vn 0.0000819083983295 -0.0002188030869584 0.0008358891994233
v -0.0053116507066211 0.1168364648824800 0.0803757748680103 0.756863 0.698039 0.584314
vn 0.0006917695757741 0.0001533929891488 -0.0002446730343950
v 0.0418969272112876 0.1028357265055703 0.0489151261578736 0.752941 0.698039 0.596078
vn -0.0004673978285410 -0.0000767284329988 -0.0002860133154895
v -0.0642522685636054 -0.0306255177944107 0.0504666256128938 0.690196 0.623529 0.494118
vn 0.0004748556699868 -0.0000524018986461 -0.0002641510596836
v 0.0456436977400289 -0.0761247332499624 0.0389721882001508 0.674510 0.631373 0.537255
vn -0.0000513751214771 0.0002177834518200 0.0006148552544627
v -0.0055720640999572 0.0537036196339365 0.0664549414060861 0.745098 0.686275 0.568627
vn 0.0000985015714225 0.0000991131151721 -0.0006208279873340
v -0.0026348387609844 -0.0876254105209284 0.0066660021453869 0.733333 0.686275 0.588235
vn -0.0005533855731288 0.0003955537194333 0.0001027658303437
v 0.0537118346987134 0.0916482566850246 0.0763642116604028 0.749020 0.686275 0.568627
vn -0.0007729564051079 -0.0002210508623269 0.0000675769638700
v -0.0766376355549558 -0.0095728824465856 0.0717889424067668 0.823529 0.741176 0.576471
vn -0.0007826831335609 0.0001974059159536 -0.0003703876402807
v -0.0519973832136504 -0.1213196747771920 0.0247736650330749 0.780392 0.717647 0.607843
vn 0.0008058120548737 -0.0001353830096482 0.0001353570631583
v 0.0797431700815116 0.0328109527347580 0.0635411057288590 0.760784 0.713725 0.619608
vn 0.0002375608033203 0.0003752868571681 -0.0006201763837401
v 0.0000000000000000 0.1412474346217559 0.0548966650000000 0.721569 0.666667 0.564706
vn 0.0000234267093668 -0.0000116143934543 0.0004216563182684
v -0.0112426967085270 0.0343315633867635 0.0724244710623948 0.698039 0.650980 0.552941
vn 0.0007204044489707 -0.0001541712835026 -0.0003106498744319
v 0.0614796259585926 -0.0284759221118512 0.0452991148432769 0.654902 0.615686 0.521569
vn 0.0001633634670726 0.0000849826746175 0.0005174570032697
v -0.0070747377410900 -0.0399809732520114 0.0831561584591270 0.639216 0.592157 0.501961
vn -0.0000227836509687 0.0000998282131927 0.0005671935095729
v 0.0140662524793335 -0.0150241226348709 0.0750013871362728 0.694118 0.647059 0.556863
vn -0.0000588296911404 0.0000749281078881 0.0005100654720905
v 0.0224537198589178 -0.0097434368605698 0.0749508684668641 0.705882 0.658824 0.560784
vn -0.0000122333071409 0.0002016210991177 0.0004134222202829
v -0.0320938135978650 0.1418379730739270 0.0842269057980974 0.650980 0.588235 0.447059
vn 0.0001295072256020 -0.0000439202704608 0.0008397935564426
v -0.0242042487683245 0.1349595271956634 0.0831963567712764 0.592157 0.525490 0.407843
vn 0.0000181126938561 -0.0002054236953763 0.0005654924228708
v 0.0651659212047910 0.0601582591507970 0.0854979182578523 0.784314 0.729412 0.619608
vn -0.0003244629675961 0.0000929145754715 0.0005387015181716
v -0.0350840176685477 -0.1325668730018945 0.0719873205144208 0.870588 0.796078 0.654902
vn 0.0000581871791630 0.0000298306365601 -0.0006148938159518
v -0.0037344616395031 0.0709885392244676 0.0309409427078141 0.701961 0.650980 0.556863
vn -0.0004454566366035 -0.0000452259190722 0.0000576219985772
v -0.0495875162926450 0.0741788137538787 0.0632952175823149 0.843137 0.776471 0.639216
vn 0.0001637302913501 -0.0001478249016823 0.0006562197886010
v 0.0307361374287095 -0.0818759762178400 0.0806960262643703 0.701961 0.643137 0.525490
vn -0.0005416047245599 0.0000938947339441 0.0004983279920604
v -0.0434685274917953 -0.1303072791681817 0.0667171467418253 0.882353 0.819608 0.682353
vn -0.0003951168776577 0.0001211247402163 0.0004519763558795
v -0.0485279567800655 -0.1432142261409326 0.0633969518359699 0.843137 0.768627 0.607843
vn 0.0003970907709893 0.0003586009406145 -0.0007259656466218
v 0.0335229442913472 0.1103065285290684 0.0439690298808572 0.721569 0.662745 0.564706
vn 0.0002814954084922 0.0002819743192224 -0.0004444966791294
v 0.0450438341192751 0.0414050188281645 0.0364106059953123 0.725490 0.678431 0.572549
vn -0.0002760929004963 0.0001631412777461 -0.0002894859423643
v -0.0403096566031075 -0.1169212033003262 0.0095980224201590 0.709804 0.658824 0.549020
vn -0.0004954790859242 0.0001491887274166 -0.0003211985494631
v -0.0460699274282759 -0.1226200474607086 0.0132545944231884 0.729412 0.670588 0.556863
vn -0.0000888251636886 0.0000529254663411 0.0007214379053621
v 0.0238342534502697 -0.0000111851551820 0.0739345313829879 0.705882 0.658824 0.568627
vn -0.0003490938939478 -0.0000143720331140 0.0005916545592212
v -0.0308499257581030 -0.1233903962711980 0.0728574909605519 0.850980 0.780392 0.647059
vn 0.0006169058602999 0.0002433214079306 -0.0007287172013010
v 0.0456037569184186 0.0659890901850868 0.0493458798988412 0.760784 0.701961 0.596078
vn 0.0006699898313805 0.0000341602816280 -0.0002858996455070
v 0.0439321685246321 0.0777108348354373 0.0443338605123957 0.796078 0.741176 0.639216
vn -0.0005800007712253 0.0000195392388956 -0.0007169134551683
v -0.0477683087574810 -0.0353510942131552 0.0304876374577654 0.721569 0.662745 0.549020
vn -0.0002356999319025 -0.0000760344637673 0.0006051425097080
v -0.0308482862130691 -0.1011458346710845 0.0759672243990264 0.803922 0.745098 0.623529
vn -0.0001683829908653 -0.0000669783921730 0.0008654963183143
v -0.0259932520106802 -0.0902592323027586 0.0782128660002752 0.749020 0.690196 0.592157
vn -0.0000063613229428 -0.0009236983707130 -0.0000992758802402
v 0.0090731326838337 -0.1544909339280936 0.0484778353680425 0.196078 0.203922 0.172549
vn -0.0007135102229781 0.0001183917759467 -0.0005611518126105
v -0.0437781980748734 -0.0834582217576585 0.0282835618040731 0.752941 0.694118 0.584314
vn 0.0001930629671980 0.0000310621876813 -0.0002723729730249
v 0.0382130772044587 -0.1511653885399865 0.0098741725971876 0.254902 0.239216 0.192157
vn -0.0000296654142446 0.0002241425365699 -0.0007055445629728
v -0.0093269714762025 -0.0810490834397963 0.0096711912427906 0.721569 0.670588 0.568627
vn 0.0001876990946685 -0.0001620790322793 0.0007849272894740
v -0.0322979635260966 0.0854997385002677 0.0781349487717029 0.784314 0.725490 0.611765
vn -0.0006208261876881 -0.0001091767994040 -0.0004457077492366
v -0.0530918106025434 -0.0422454256342691 0.0370052225010764 0.694118 0.631373 0.509804
vn -0.0000511666965614 -0.0000025619130082 -0.0005783453188893
v -0.0125022873662121 0.0002674736070680 0.0260363886533279 0.725490 0.674510 0.576471
vn 0.0001738937530233 0.0000616289737793 -0.0005636940484513
v 0.0104857619102788 -0.1254213680495779 0.0038472194016744 0.670588 0.627451 0.529412
vn -0.0002235377779649 -0.0001027064450486 0.0004673218482608
v -0.0411903279189525 0.0831162760787905 0.0757567425736843 0.800000 0.733333 0.600000
vn 0.0002906191924349 -0.0001093165220393 0.0004681577208784
v 0.0402991650590773 -0.0748529484580637 0.0785907762779352 0.674510 0.619608 0.501961
vn 0.0005654215309528 -0.0001962711493468 0.0002966479887134
v 0.0788858768044911 0.0614744004048439 0.0782615752235262 0.717647 0.686275 0.596078
vn 0.0000732314829368 0.0002312592970429 -0.0006383545153142
v 0.0116477605902746 0.0470711207997024 0.0303952383205341 0.768627 0.709804 0.607843
vn 0.0007421059994568 0.0002555511615049 -0.0005022339661923
v 0.0452840353857136 0.0834997336528505 0.0547063295876235 0.772549 0.713725 0.607843
vn 0.0006836579140861 0.0001022118958217 -0.0001807481189994
v 0.0426437604030501 0.0930309782845677 0.0483588407491146 0.756863 0.701961 0.596078
vn 0.0001463755670344 0.0002174435412163 0.0006200390145934
v -0.0229265393306626 0.0029120145455614 0.0730937727569526 0.654902 0.611765 0.521569
vn 0.0000017722281967 0.0002556883097423 -0.0001457106703839
v 0.0200143310072554 0.1515567363214441 0.0669643227908490 0.607843 0.517647 0.372549
vn 0.0001458586735022 0.0003778627183151 0.0004517479647157
v 0.0165041192859168 0.1487823055426450 0.0717887125305473 0.709804 0.627451 0.470588
vn 0.0005065326766181 -0.0000469617429995 0.0005446645880099
v 0.0311988613721323 -0.1333335804793719 0.0679698285474190 0.627451 0.596078 0.505882
vn 0.0005782715877021 0.0001690748448326 -0.0003254119512174
v 0.0403224832039609 0.1129339938524066 0.0540285922070690 0.674510 0.615686 0.498039
vn -0.0004586425196945 0.0000068055963417 -0.0005554266733755
v -0.0766924729880324 0.0146428288767274 0.0646619092968637 0.631373 0.556863 0.419608
vn 0.0000506835565697 -0.0001132849294186 0.0006218645576433
v -0.0176580902550693 0.1114229423166259 0.0737217362924985 0.815686 0.741176 0.611765
vn -0.0002453758340354 -0.0000496111130798 0.0004948231098904
v -0.0379197431991496 -0.1483032097315299 0.0660244996421802 0.639216 0.564706 0.423529
vn -0.0004097525033810 -0.0000216550876970 -0.0001204871404374
v -0.0478899288048995 0.0753528910554284 0.0548707555814916 0.807843 0.749020 0.619608
vn 0.0001101619730606 -0.0000553631808227 0.0005130776716247
v 0.0512542087875226 -0.0040327865029928 0.0748460937014225 0.698039 0.643137 0.549020
vn 0.0000959660592248 0.0004883228407212 -0.0008644322416701
v 0.0568799615431491 0.0729051016329738 0.0590242310239138 0.725490 0.654902 0.533333
vn -0.0000756325150112 0.0000881961641481 -0.0007375141968888
v -0.0280760499548206 -0.0042664231655954 0.0276732766805111 0.729412 0.674510 0.580392
vn -0.0007255207134345 -0.0001886519541907 -0.0000211719025823
v -0.0548399633764176 -0.0720667023033891 0.0598532801879694 0.807843 0.733333 0.584314
vn -0.0008191827379649 -0.0002997993481882 -0.0000436184854427
v -0.0664264439818301 -0.0398344353647161 0.0626393905608222 0.768627 0.690196 0.545098
vn 0.0003803547251601 -0.0002219319922709 0.0005466206806619
v 0.0406688536268860 -0.0848203569910653 0.0757289815533660 0.654902 0.600000 0.490196
vn -0.0000550412935665 0.0000840545626756 -0.0006187540120052
v -0.0080785568684632 -0.0617576920345307 0.0127746419748524 0.713725 0.666667 0.572549
vn -0.0000911197241597 -0.0000126378972696 0.0006098188905684
v 0.0187465954754359 0.0185170458032368 0.0732006011032340 0.705882 0.658824 0.568627
vn 0.0002710460322017 -0.0000163311079385 -0.0005441816829422
v 0.0346034046770541 -0.0452035134765527 0.0207616290274879 0.713725 0.666667 0.576471
vn 0.0002150545072602 0.0000511583353711 0.0007750286324566
v 0.0431093626224983 -0.0291473107286992 0.0784444496162083 0.701961 0.639216 0.517647
vn 0.0003273549932971 -0.0000679912105893 0.0006152210666028
v -0.0244350038325646 0.1072501694224941 0.0803214717255047 0.725490 0.666667 0.549020
vn -0.0001542521230109 0.0002859498605149 -0.0005497977820437
v -0.0290821627088663 0.0406232475616603 0.0319210563214923 0.694118 0.647059 0.552941
vn -0.0007849542204011 -0.0001847295722709 -0.0001461204346880
v -0.0732154346898745 -0.0188735463866913 0.0656876698003138 0.784314 0.705882 0.545098
vn 0.0004396048640774 0.0000779188652299 0.0003287372123877
v 0.0376869235521120 -0.1337123332648589 0.0581259555974867 0.541176 0.498039 0.403922
vn 0.0006894892799514 -0.0001071931222356 0.0001913469671121
v 0.0824820344301143 0.0857184113755057 0.0817768566042622 0.725490 0.682353 0.588235
vn 0.0003311932353991 -0.0001770856759054 0.0003096229648777
v 0.0791220027292639 0.0866294774417383 0.0916911319306666 0.725490 0.678431 0.588235
vn 0.0002344779641765 0.0001491068808919 0.0005946303641673
v -0.0306527884528777 0.0085776035355401 0.0713114500925532 0.627451 0.576471 0.494118
vn -0.0003451840212602 0.0002249822367575 -0.0005570921679260
v -0.0143526822064411 0.1300906876508641 0.0509780409965004 0.756863 0.694118 0.588235
vn 0.0005900653631715 -0.0000069184449043 -0.0004392959035448
v 0.0416024929153593 -0.0818704599468497 0.0325180668681693 0.694118 0.647059 0.552941
vn -0.0002861580202765 0.0001726883603699 -0.0007550217046009
v -0.0128838414752847 0.0890957056517097 0.0340842204404383 0.749020 0.698039 0.603922
vn -0.0005532326097645 0.0002137070513973 -0.0005857598119896
v -0.0344185093474048 -0.1013070617865694 0.0136438789303211 0.694118 0.639216 0.537255
vn 0.0001993061289571 -0.0000422483567910 -0.0004982996416765
v 0.0242033909287731 -0.0622029976945049 0.0170019881619405 0.717647 0.670588 0.580392
vn -0.0006477552861002 0.0001249529790901 -0.0003241140791218
v -0.0484935283730270 -0.0953633206548183 0.0300759036305878 0.717647 0.658824 0.541176
vn -0.0002223576141855 0.0001453323033507 -0.0005379044016934
v -0.0266670448062087 -0.1056606738285653 0.0047442898321529 0.737255 0.686275 0.592157
vn 0.0000913774244255 0.0000936945066049 0.0003866082387214
v -0.0164506177132616 0.0531576689671599 0.0657334478726297 0.764706 0.701961 0.592157
vn -0.0001941730844055 0.0000486689773646 0.0002893932331138
v 0.0455584946424227 0.0565935156330319 0.0660502691603728 0.776471 0.713725 0.592157
vn -0.0003449956896677 0.0000198046852106 0.0002591101588255
v -0.0447968648856701 -0.1192948327911925 0.0621691899624121 0.862745 0.792157 0.643137
vn -0.0004335253922000 -0.0000286635183312 0.0003789633456023
v 0.0485000376407187 0.0653726377797034 0.0699537633920566 0.756863 0.694118 0.576471
vn -0.0000923776222065 0.0001089031201683 -0.0006230580071828
v -0.0121128069732816 -0.0518555530084338 0.0151204240340966 0.713725 0.666667 0.576471
vn 0.0004649391632601 -0.0001145973635763 0.0000435756792011
v 0.0593165777188621 -0.0484861162452483 0.0595801772322260 0.670588 0.631373 0.533333
vn 0.0003503561387438 0.0001715412152029 0.0004089925767707
v -0.0378258146582290 -0.0090810833448541 0.0887966457985924 0.623529 0.584314 0.498039
vn 0.0000384231703352 -0.0000482266152017 0.0005684703893156
v -0.0092381963348397 -0.0670021496544257 0.0839478207544523 0.674510 0.623529 0.509804
vn 0.0000327141610746 0.0002709646538544 -0.0003768406624207
v 0.0085434737072478 0.1384988726361249 0.0583368114834340 0.729412 0.670588 0.556863
vn 0.0009172927394328 0.0000146592637681 -0.0002893616915727
v 0.0774252293041556 0.0461963557682823 0.0615828703685622 0.733333 0.686275 0.588235
vn 0.0001959142983148 0.0000402609525667 0.0006867946031371
v -0.0163756522782975 -0.0451493907489552 0.0869224365611900 0.639216 0.592157 0.494118
vn -0.0000295557254611 -0.0000864458830757 0.0005818723384379
v -0.0261933456717056 0.0293278091042088 0.0723203108064366 0.694118 0.647059 0.549020
vn -0.0003647626735959 0.0002811400810706 -0.0007308231917619
v -0.0190570519207144 0.0964819471903215 0.0407002751378319 0.749020 0.694118 0.588235
vn -0.0001539448941123 0.0001860694080521 -0.0006330125222147
v -0.0661898966399774 0.0143350900168984 0.0604675036005027 0.654902 0.592157 0.470588
vn 0.0004219243904945 0.0000551458672599 -0.0004719183883579
v 0.0345667719906022 -0.1102524441065190 0.0247713202858054 0.603922 0.552941 0.447059
vn 0.0003542789151581 0.0001821585149403 -0.0003617102913852
v 0.0407786797096863 -0.1173079082447082 0.0265491449642802 0.647059 0.592157 0.486275
vn 0.0009147373190627 -0.0001508865248395 -0.0001286759374583
v 0.0802501376399087 0.0577379953680688 0.0684521496456596 0.713725 0.666667 0.576471
vn -0.0004391045022536 -0.0001394046063700 0.0005447740374482
v -0.0405379445094175 -0.1018296297382694 0.0713433953411140 0.850980 0.792157 0.658824
vn 0.0002232684933575 0.0005147731259208 -0.0006248139180792
v 0.0568521338272927 0.0866874388457992 0.0673916616322484 0.717647 0.650980 0.541176
vn -0.0006390736336688 0.0000706179700702 -0.0001847428032901
v -0.0486624991001014 0.1118512531800613 0.0632697381828139 0.796078 0.725490 0.596078
vn 0.0000149208578049 0.0000562634372294 -0.0004282418923113
v 0.0263905119612116 0.0221985532571804 0.0240735655405600 0.737255 0.686275 0.592157
vn 0.0002863899554676 0.0000113533189509 0.0006328000877979
v -0.0238642813673288 0.0590210129662444 0.0694897581500557 0.729412 0.678431 0.580392
vn 0.0000101106629959 -0.0005627991121889 -0.0000824338447245
v 0.0182668732819446 -0.1587612872317268 0.0705911171676791 0.207843 0.211765 0.180392
vn 0.0000563085824850 0.0000637087315557 0.0005167134238063
v 0.0412561232851039 -0.0195024524160275 0.0777160079844286 0.709804 0.647059 0.529412
vn -0.0000700407376819 -0.0000367357719621 -0.0006398069727220
v -0.0178915726233364 0.0152381328046993 0.0253070805174966 0.713725 0.662745 0.568627
vn 0.0003779497594693 -0.0000714898383923 0.0004797436133064
v -0.0463454989075412 0.0116782891150773 0.0983124316364353 0.694118 0.658824 0.568627
vn 0.0002829987314861 0.0000741028208325 -0.0002251876908564
v 0.0455068877876167 0.0737248693894480 0.0553603372338995 0.760784 0.705882 0.603922
# 900 vertices, 0 vertices normals

f 1//1 2//2 3//3
f 4//4 5//5 6//6
f 7//7 6//6 5//5
f 8//8 9//9 10//10
f 11//11 12//12 13//13
f 14//14 15//15 16//16
f 17//17 18//18 19//19
f 20//20 21//21 22//22
f 23//23 24//24 25//25
f 26//26 27//27 28//28
f 29//29 25//25 30//30
f 31//31 32//32 33//33
f 34//34 30//30 35//35
f 36//36 37//37 38//38
f 39//39 40//40 41//41
f 42//42 43//43 44//44
f 45//45 46//46 47//47
f 45//45 47//47 48//48
f 49//49 50//50 51//51
f 52//52 53//53 54//54
f 55//55 56//56 57//57
f 58//58 59//59 60//60
f 61//61 62//62 63//63
f 64//64 65//65 66//66
f 67//67 68//68 69//69
f 70//70 71//71 72//72
f 73//73 74//74 75//75
f 69//69 68//68 76//76
f 77//77 78//78 79//79
f 80//80 81//81 73//73
f 82//82 64//64 66//66
f 83//83 84//84 31//31
f 85//85 84//84 83//83
f 86//86 87//87 88//88
f 89//89 90//90 91//91
f 92//92 93//93 94//94
f 95//95 96//96 97//97
f 98//98 99//99 63//63
f 19//19 100//100 17//17
f 101//101 102//102 75//75
f 103//103 104//104 105//105
f 106//106 107//107 4//4
f 108//108 109//109 110//110
f 111//111 112//112 113//113
f 114//114 30//30 25//25
f 99//99 115//115 116//116
f 117//117 118//118 119//119
f 120//120 121//121 118//118
f 30//30 34//34 122//122
f 123//123 124//124 125//125
f 94//94 126//126 127//127
f 30//30 122//122 29//29
f 128//128 129//129 130//130
f 38//38 86//86 131//131
f 132//132 133//133 134//134
f 135//135 136//136 137//137
f 138//138 139//139 140//140
f 141//141 142//142 143//143
f 120//120 118//118 144//144
f 145//145 146//146 34//34
f 114//114 35//35 30//30
f 147//147 43//43 148//148
f 149//149 35//35 114//114
f 61//61 150//150 151//151
f 152//152 153//153 154//154
f 155//155 156//156 157//157
f 38//38 158//158 159//159
f 160//160 161//161 162//162
f 163//163 164//164 165//165
f 166//166 167//167 135//135
f 168//168 85//85 169//169
f 170//170 171//171 172//172
f 173//173 174//174 175//175
f 176//176 177//177 178//178
f 179//179 180//180 97//97
f 181//181 182//182 183//183
f 184//184 185//185 186//186
f 187//187 188//188 189//189
f 104//104 190//190 191//191
f 182//182 181//181 135//135
f 192//192 193//193 19//19
f 194//194 195//195 196//196
f 197//197 198//198 199//199
f 200//200 201//201 202//202
f 203//203 204//204 205//205
f 206//206 207//207 208//208
f 99//99 209//209 63//63
f 210//210 211//211 212//212
f 213//213 214//214 215//215
f 166//166 216//216 217//217
f 218//218 219//219 220//220
f 67//67 221//221 222//222
f 223//223 224//224 139//139
f 225//225 226//226 227//227
f 228//228 229//229 230//230
f 231//231 232//232 233//233
f 234//234 235//235 236//236
f 237//237 238//238 8//8
f 239//239 108//108 240//240
f 241//241 242//242 243//243
f 244//244 245//245 246//246
f 247//247 248//248 249//249
f 250//250 251//251 119//119
f 252//252 253//253 254//254
f 144//144 118//118 117//117
f 255//255 256//256 257//257
f 258//258 259//259 260//260
f 261//261 262//262 263//263
f 237//237 8//8 264//264
f 265//265 266//266 267//267
f 88//88 143//143 142//142
f 268//268 269//269 270//270
f 271//271 272//272 236//236
f 273//273 274//274 139//139
f 152//152 275//275 153//153
f 276//276 277//277 278//278
f 279//279 77//77 187//187
f 280//280 237//237 264//264
f 280//280 264//264 281//281
f 268//268 282//282 283//283
f 11//11 284//284 285//285
f 286//286 287//287 288//288
f 289//289 290//290 291//291
f 273//273 292//292 274//274
f 293//293 294//294 295//295
f 296//296 297//297 298//298
f 299//299 300//300 301//301
f 73//73 75//75 80//80
f 302//302 303//303 304//304
f 109//109 305//305 306//306
f 307//307 308//308 309//309
f 310//310 311//311 255//255
f 226//226 312//312 227//227
f 313//313 314//314 315//315
f 83//83 316//316 85//85
f 33//33 317//317 31//31
f 75//75 74//74 101//101
f 318//318 195//195 319//319
f 66//66 304//304 82//82
f 177//177 320//320 321//321
f 322//322 276//276 323//323
f 324//324 325//325 89//89
f 99//99 116//116 326//326
f 193//193 327//327 100//100
f 328//328 6//6 181//181
f 329//329 191//191 190//190
f 109//109 108//108 305//305
f 219//219 298//298 297//297
f 11//11 285//285 189//189
f 330//330 293//293 331//331
f 332//332 92//92 333//333
f 334//334 335//335 336//336
f 337//337 208//208 338//338
f 339//339 60//60 212//212
f 340//340 341//341 342//342
f 207//207 343//343 344//344
f 345//345 346//346 347//347
f 189//189 188//188 11//11
f 29//29 23//23 25//25
f 10//10 204//204 348//348
f 17//17 349//349 350//350
f 351//351 352//352 353//353
f 354//354 214//214 355//355
f 178//178 356//356 357//357
f 52//52 54//54 358//358
f 359//359 360//360 361//361
f 359//359 361//361 362//362
f 363//363 364//364 227//227
f 365//365 363//363 227//227
f 366//366 352//352 367//367
f 366//366 368//368 352//352
f 369//369 370//370 172//172
f 371//371 372//372 373//373
f 135//135 167//167 182//182
f 374//374 375//375 376//376
f 122//122 377//377 29//29
f 106//106 328//328 183//183
f 246//246 378//378 379//379
f 380//380 381//381 382//382
f 380//380 382//382 383//383
f 384//384 385//385 386//386
f 179//179 387//387 110//110
f 177//177 388//388 320//320
f 389//389 390//390 196//196
f 367//367 319//319 366//366
f 347//347 13//13 12//12
f 391//391 331//331 392//392
f 126//126 94//94 93//93
f 245//245 393//393 394//394
f 74//74 73//73 395//395
f 159//159 86//86 38//38
f 159//159 87//87 86//86
f 396//396 397//397 398//398
f 158//158 38//38 37//37
f 399//399 400//400 151//151
f 401//401 402//402 107//107
f 403//403 404//404 123//123
f 101//101 74//74 405//405
f 370//370 406//406 170//170
f 407//407 408//408 409//409
f 410//410 411//411 412//412
f 413//413 37//37 36//36
f 207//207 344//344 414//414
f 211//211 339//339 212//212
f 415//415 404//404 416//416
f 37//37 417//417 158//158
f 418//418 312//312 226//226
f 122//122 22//22 21//21
f 36//36 38//38 131//131
f 419//419 420//420 16//16
f 16//16 420//420 421//421
f 422//422 423//423 263//263
f 74//74 424//424 405//405
f 395//395 424//424 74//74
f 42//42 44//44 425//425
f 426//426 14//14 421//421
f 421//421 14//14 16//16
f 427//427 428//428 72//72
f 427//427 72//72 71//71
f 148//148 429//429 153//153
f 265//265 430//430 266//266
f 431//431 412//412 432//432
f 433//433 434//434 435//435
f 433//433 435//435 423//423
f 436//436 437//437 438//438
f 220//220 219//219 439//439
f 220//220 439//439 261//261
f 440//440 441//441 442//442
f 440//440 442//442 443//443
f 444//444 445//445 446//446
f 447//447 133//133 448//448
f 449//449 450//450 451//451
f 452//452 450//450 449//449
f 148//148 153//153 275//275
f 319//319 194//194 163//163
f 453//453 454//454 455//455
f 244//244 246//246 456//456
f 457//457 307//307 458//458
f 90//90 459//459 460//460
f 338//338 461//461 337//337
f 167//167 462//462 182//182
f 163//163 165//165 368//368
f 114//114 210//210 149//149
f 212//212 149//149 210//210
f 189//189 279//279 187//187
f 18//18 463//463 464//464
f 18//18 464//464 19//19
f 465//465 327//327 466//466
f 467//467 237//237 280//280
f 468//468 469//469 393//393
f 470//470 349//349 471//471
f 48//48 472//472 159//159
f 473//473 474//474 475//475
f 395//395 476//476 424//424
f 477//477 90//90 325//325
f 477//477 325//325 478//478
f 479//479 480//480 175//175
f 481//481 482//482 483//483
f 188//188 12//12 11//11
f 484//484 119//119 118//118
f 50//50 485//485 335//335
f 88//88 142//142 86//86
f 61//61 151//151 400//400
f 467//467 302//302 238//238
f 304//304 238//238 302//302
f 486//486 165//165 164//164
f 318//318 319//319 487//487
f 488//488 130//130 489//489
f 114//114 25//25 210//210
f 132//132 490//490 133//133
f 448//448 133//133 490//490
f 54//54 53//53 491//491
f 294//294 293//293 492//492
f 262//262 493//493 494//494
f 495//495 496//496 497//497
f 466//466 498//498 465//465
f 416//416 404//404 403//403
f 102//102 80//80 75//75
f 296//296 298//298 499//499
f 500//500 501//501 502//502
f 503//503 504//504 505//505
f 506//506 507//507 347//347
f 508//508 509//509 152//152
f 510//510 511//511 512//512
f 334//334 513//513 514//514
f 154//154 508//508 152//152
f 422//422 89//89 515//515
f 176//176 516//516 517//517
f 183//183 328//328 181//181
f 518//518 519//519 520//520
f 521//521 522//522 523//523
f 91//91 524//524 515//515
f 91//91 515//515 89//89
f 230//230 525//525 228//228
f 467//467 280//280 26//26
f 27//27 26//26 280//280
f 526//526 393//393 469//469
f 496//496 527//527 497//497
f 528//528 258//258 529//529
f 1//1 419//419 2//2
f 530//530 469//469 531//531
f 532//532 28//28 27//27
f 483//483 482//482 533//533
f 293//293 295//295 224//224
f 7//7 5//5 278//278
f 379//379 383//383 382//382
f 200//200 211//211 201//201
f 193//193 100//100 19//19
f 534//534 535//535 536//536
f 537//537 13//13 538//538
f 360//360 539//539 540//540
f 541//541 232//232 542//542
f 137//137 166//166 135//135
f 501//501 543//543 544//544
f 71//71 545//545 546//546
f 10//10 205//205 204//204
f 421//421 547//547 426//426
f 420//420 547//547 421//421
f 548//548 503//503 381//381
f 186//186 185//185 549//549
f 70//70 72//72 550//550
f 422//422 263//263 494//494
f 125//125 337//337 461//461
f 431//431 551//551 552//552
f 553//553 554//554 473//473
f 555//555 556//556 557//557
f 96//96 558//558 559//559
f 284//284 474//474 560//560
f 179//179 110//110 180//180
f 7//7 561//561 562//562
f 106//106 4//4 328//328
f 563//563 282//282 268//268
f 564//564 565//565 566//566
f 567//567 175//175 174//174
f 171//171 342//342 341//341
f 568//568 482//482 508//508
f 569//569 570//570 571//571
f 572//572 573//573 574//574
f 575//575 419//419 16//16
f 576//576 316//316 283//283
f 213//213 140//140 295//295
f 346//346 565//565 564//564
f 431//431 552//552 577//577
f 578//578 327//327 579//579
f 580//580 450//450 452//452
f 581//581 582//582 583//583
f 584//584 585//585 586//586
f 587//587 588//588 297//297
f 356//356 178//178 177//177
f 232//232 589//589 542//542
f 172//172 590//590 369//369
f 414//414 344//344 497//497
f 590//590 341//341 591//591
f 590//590 591//591 592//592
f 593//593 594//594 595//595
f 414//414 569//569 571//571
f 160//160 162//162 596//596
f 562//562 561//561 597//597
f 67//67 69//69 598//598
f 125//125 461//461 123//123
f 599//599 600//600 451//451
f 601//601 602//602 511//511
f 601//601 511//511 510//510
f 494//494 493//493 603//603
f 335//335 485//485 168//168
f 604//604 605//605 606//606
f 465//465 310//310 255//255
f 297//297 588//588 439//439
f 390//390 439//439 588//588
f 320//320 290//290 321//321
f 302//302 467//467 303//303
f 285//285 607//607 189//189
f 608//608 78//78 387//387
f 609//609 610//610 611//611
f 612//612 613//613 112//112
f 61//61 209//209 150//150
f 502//502 385//385 500//500
f 386//386 385//385 502//502
f 460//460 459//459 614//614
f 486//486 164//164 615//615
f 267//267 615//615 164//164
f 262//262 261//261 390//390
f 571//571 338//338 208//208
f 616//616 464//464 463//463
f 225//225 170//170 406//406
f 231//231 233//233 141//141
f 617//617 467//467 26//26
f 276//276 278//278 402//402
f 322//322 618//618 276//276
f 424//424 311//311 405//405
f 619//619 620//620 358//358
f 242//242 81//81 621//621
f 110//110 622//622 108//108
f 623//623 624//624 625//625
f 104//104 191//191 105//105
f 542//542 589//589 623//623
f 384//384 626//626 627//627
f 628//628 629//629 486//486
f 376//376 630//630 631//631
f 584//584 425//425 585//585
f 340//340 591//591 341//341
f 276//276 401//401 323//323
f 574//574 573//573 356//356
f 632//632 234//234 633//633
f 78//78 279//279 622//622
f 279//279 78//78 77//77
f 293//293 224//224 331//331
f 58//58 634//634 635//635
f 636//636 637//637 36//36
f 298//298 314//314 499//499
f 192//192 241//241 243//243
f 638//638 639//639 194//194
f 640//640 636//636 625//625
f 313//313 468//468 244//244
f 484//484 118//118 121//121
f 394//394 453//453 246//246
f 221//221 598//598 415//415
f 483//483 641//641 481//481
f 163//163 368//368 366//366
f 518//518 642//642 643//643
f 236//236 235//235 271//271
f 398//398 644//644 168//168
f 496//496 645//645 646//646
f 381//381 647//647 382//382
f 55//55 631//631 648//648
f 649//649 650//650 651//651
f 649//649 652//652 650//650
f 474//474 473//473 653//653
f 299//299 654//654 655//655
f 307//307 656//656 657//657
f 169//169 336//336 168//168
f 335//335 168//168 336//336
f 658//658 564//564 659//659
f 206//206 208//208 660//660
f 45//45 661//661 46//46
f 458//458 307//307 657//657
f 132//132 662//662 481//481
f 90//90 663//663 91//91
f 165//165 486//486 629//629
f 328//328 4//4 6//6
f 664//664 665//665 606//606
f 94//94 127//127 530//530
f 107//107 666//666 3//3
f 49//49 634//634 667//667
f 52//52 79//79 668//668
f 110//110 387//387 622//622
f 669//669 663//663 563//563
f 353//353 352//352 368//368
f 221//221 67//67 598//598
f 1//1 547//547 420//420
f 156//156 437//437 670//670
f 156//156 670//670 157//157
f 671//671 672//672 673//673
f 674//674 633//633 675//675
f 101//101 498//498 676//676
f 677//677 278//278 277//277
f 67//67 678//678 68//68
f 122//122 21//21 377//377
f 334//334 514//514 51//51
f 324//324 679//679 325//325
f 89//89 325//325 90//90
f 355//355 214//214 213//213
f 680//680 565//565 681//681
f 682//682 284//284 13//13
f 355//355 213//213 294//294
f 683//683 253//253 681//681
f 455//455 378//378 453//453
f 684//684 535//535 256//256
f 685//685 579//579 686//686
f 105//105 191//191 559//559
f 594//594 20//20 539//539
f 687//687 581//581 688//688
f 80//80 621//621 81//81
f 332//332 69//69 689//689
f 345//345 565//565 346//346
f 690//690 73//73 81//81
f 289//289 291//291 428//428
f 168//168 691//691 398//398
f 692//692 380//380 383//383
f 203//203 523//523 602//602
f 693//693 694//694 558//558
f 581//581 687//687 695//695
f 178//178 516//516 176//176
f 447//447 127//127 696//696
f 383//383 378//378 455//455
f 143//143 88//88 697//697
f 433//433 515//515 524//524
f 423//423 515//515 433//433
f 365//365 698//698 699//699
f 222//222 700//700 701//701
f 343//343 702//702 434//434
f 7//7 278//278 561//561
f 239//239 703//703 281//281
f 468//468 531//531 469//469
f 685//685 704//704 578//578
f 471//471 704//704 685//685
f 705//705 706//706 235//235
f 542//542 623//623 707//707
f 542//542 707//707 541//541
f 625//625 707//707 623//623
f 581//581 695//695 582//582
f 36//36 708//708 636//636
f 509//509 481//481 662//662
f 417//417 575//575 15//15
f 405//405 498//498 101//101
f 643//643 709//709 697//697
f 18//18 350//350 710//710
f 105//105 711//711 712//712
f 713//713 712//712 711//711
f 102//102 714//714 243//243
f 155//155 157//157 715//715
f 155//155 715//715 144//144
f 522//522 197//197 154//154
f 448//448 490//490 492//492
f 716//716 599//599 717//717
f 332//332 689//689 92//92
f 292//292 718//718 573//573
f 102//102 243//243 621//621
f 80//80 102//102 621//621
f 362//362 719//719 359//359
f 447//447 526//526 469//469
f 720//720 721//721 722//722
f 250//250 395//395 690//690
f 723//723 457//457 705//705
f 308//308 457//457 723//723
f 713//713 724//724 725//725
f 276//276 402//402 401//401
f 292//292 573//573 726//726
f 629//629 727//727 728//728
f 628//628 727//727 629//629
f 729//729 730//730 430//430
f 267//267 164//164 639//639
f 731//731 581//581 583//583
f 508//508 197//197 199//199
f 119//119 476//476 250//250
f 348//348 204//204 732//732
f 468//468 393//393 245//245
f 733//733 637//637 640//640
f 99//99 326//326 209//209
f 602//602 523//523 734//734
f 735//735 736//736 364//364
f 239//239 305//305 108//108
f 310//310 405//405 311//311
f 546//546 549//549 737//737
f 548//548 638//638 503//503
f 6//6 738//738 181//181
f 170//170 172//172 370//370
f 351//351 719//719 352//352
f 159//159 158//158 739//739
f 739//739 48//48 159//159
f 417//417 739//739 158//158
f 370//370 740//740 406//406
f 3//3 2//2 741//741
f 742//742 31//31 84//84
f 742//742 84//84 743//743
f 528//528 744//744 258//258
f 682//682 474//474 284//284
f 635//635 514//514 745//745
f 746//746 76//76 68//68
f 85//85 743//743 84//84
f 747//747 748//748 749//749
f 750//750 749//749 748//748
f 415//415 751//751 404//404
f 505//505 587//587 647//647
f 752//752 753//753 754//754
f 649//649 754//754 753//753
f 537//537 475//475 682//682
f 491//491 725//725 746//746
f 755//755 756//756 742//742
f 10//10 65//65 205//205
f 648//648 631//631 630//630
f 757//757 758//758 759//759
f 560//560 703//703 239//239
f 560//560 240//240 284//284
f 760//760 480//480 479//479
f 87//87 159//159 472//472
f 761//761 240//240 108//108
f 512//512 429//429 148//148
f 419//419 1//1 420//420
f 295//295 294//294 213//213
f 604//604 516//516 178//178
f 568//568 508//508 199//199
f 719//719 362//362 762//762
f 719//719 762//762 352//352
f 222//222 701//701 369//369
f 763//763 391//391 392//392
f 763//763 392//392 764//764
f 765//765 722//722 721//721
f 766//766 765//765 721//721
f 766//766 767//767 765//765
f 241//241 721//721 242//242
f 766//766 721//721 241//241
f 689//689 768//768 93//93
f 279//279 607//607 761//761
f 160//160 215//215 214//214
f 544//544 436//436 502//502
f 447//447 448//448 526//526
f 522//522 154//154 769//769
f 414//414 497//497 111//111
f 770//770 771//771 772//772
f 359//359 719//719 351//351
f 6//6 773//773 136//136
f 561//561 677//677 774//774
f 26//26 28//28 162//162
f 775//775 586//586 585//585
f 775//775 776//776 586//586
f 403//403 777//777 416//416
f 570//570 416//416 777//777
f 550//550 778//778 70//70
f 355//355 779//779 354//354
f 42//42 780//780 510//510
f 42//42 510//510 512//512
f 731//731 688//688 581//581
f 608//608 190//190 781//781
f 608//608 781//781 78//78
f 669//669 432//432 411//411
f 153//153 782//782 769//769
f 153//153 769//769 154//154
f 495//495 410//410 412//412
f 242//242 721//721 720//720
f 355//355 294//294 779//779
f 468//468 313//313 783//783
f 784//784 785//785 643//643
f 697//697 784//784 643//643
f 270//270 229//229 228//228
f 558//558 425//425 584//584
f 693//693 558//558 584//584
f 693//693 584//584 724//724
f 67//67 222//222 678//678
f 235//235 706//706 271//271
f 241//241 192//192 230//230
f 709//709 642//642 657//657
f 786//786 787//787 788//788
f 616//616 228//228 525//525
f 616//616 525//525 19//19
f 541//541 142//142 233//233
f 789//789 567//567 758//758
f 455//455 692//692 383//383
f 741//741 790//790 323//323
f 791//791 323//323 790//790
f 201//201 23//23 29//29
f 597//597 792//792 562//562
f 650//650 793//793 651//651
f 521//521 205//205 65//65
f 171//171 225//225 736//736
f 128//128 500//500 129//129
f 526//526 794//794 393//393
f 347//347 538//538 13//13
f 346//346 538//538 347//347
f 83//83 795//795 316//316
f 29//29 377//377 201//201
f 422//422 324//324 89//89
f 796//796 140//140 213//213
f 597//597 774//774 797//797
f 15//15 14//14 45//45
f 15//15 45//45 739//739
f 535//535 798//798 536//536
f 799//799 537//537 538//538
f 799//799 538//538 564//564
f 318//318 487//487 800//800
f 520//520 519//519 801//801
f 653//653 473//473 554//554
f 668//668 103//103 52//52
f 551//551 802//802 552//552
f 803//803 647//647 587//587
f 414//414 804//804 569//569
f 61//61 63//63 209//209
f 567//567 174//174 363//363
f 494//494 263//263 262//262
f 805//805 806//806 410//410
f 653//653 554//554 27//27
f 807//807 413//413 808//808
f 705//705 457//457 706//706
f 784//784 87//87 472//472
f 809//809 249//249 654//654
f 809//809 654//654 299//299
f 619//619 358//358 810//810
f 133//133 447//447 696//696
f 133//133 696//696 134//134
f 418//418 226//226 112//112
f 37//37 413//413 807//807
f 500//500 128//128 501//501
f 811//811 309//309 308//308
f 589//589 812//812 767//767
f 813//813 751//751 333//333
f 674//674 675//675 353//353
f 814//814 815//815 619//619
f 390//390 588//588 196//196
f 761//761 622//622 279//279
f 480//480 340//340 173//173
f 480//480 173//173 175//175
f 193//193 466//466 327//327
f 749//749 816//816 747//747
f 137//137 816//816 749//749
f 786//786 678//678 787//787
f 629//629 817//817 165//165
f 658//658 818//818 819//819
f 740//740 570//570 569//569
f 410//410 806//806 820//820
f 488//488 650//650 130//130
f 664//664 62//62 61//61
f 610//610 821//821 611//611
f 822//822 234//234 823//823
f 822//822 675//675 234//234
f 130//130 528//528 489//489
f 400//400 665//665 664//664
f 186//186 549//549 731//731
f 575//575 808//808 741//741
f 524//524 411//411 820//820
f 259//259 388//388 177//177
f 261//261 439//439 390//390
f 267//267 266//266 615//615
f 315//315 314//314 218//218
f 782//782 153//153 429//429
f 446//446 793//793 488//488
f 683//683 681//681 345//345
f 140//140 139//139 295//295
f 156//156 648//648 376//376
f 376//376 648//648 630//630
f 599//599 716//716 600//600
f 824//824 489//489 529//529
f 400//400 824//824 529//529
f 255//255 121//121 256//256
f 260//260 176//176 517//517
f 20//20 594//594 21//21
f 48//48 47//47 472//472
f 443//443 399//399 440//440
f 260//260 665//665 529//529
f 274//274 223//223 139//139
f 438//438 286//286 288//288
f 825//825 826//826 590//590
f 578//578 704//704 349//349
f 471//471 349//349 704//704
f 330//330 492//492 293//293
f 180//180 827//827 97//97
f 97//97 827//827 95//95
f 204//204 827//827 180//180
f 203//203 827//827 204//204
f 828//828 326//326 116//116
f 629//629 728//728 674//674
f 795//795 283//283 316//316
f 795//795 268//268 283//283
f 356//356 177//177 321//321
f 508//508 154//154 197//197
f 533//533 41//41 483//483
f 82//82 41//41 533//533
f 479//479 443//443 760//760
f 112//112 613//613 418//418
f 533//533 829//829 82//82
f 533//533 568//568 829//829
f 568//568 199//199 829//829
f 300//300 299//299 655//655
f 652//652 128//128 650//650
f 463//463 577//577 552//552
f 140//140 830//830 138//138
f 138//138 830//830 63//63
f 262//262 389//389 318//318
f 590//590 172//172 341//341
f 474//474 653//653 560//560
f 623//623 831//831 624//624
f 449//449 141//141 143//143
f 449//449 451//451 141//141
f 488//488 832//832 446//446
f 778//778 833//833 626//626
f 798//798 535//535 754//754
f 354//354 641//641 483//483
f 685//685 757//757 759//759
f 52//52 103//103 712//712
f 617//617 834//834 39//39
f 835//835 623//623 589//589
f 354//354 779//779 641//641
f 123//123 836//836 124//124
f 837//837 655//655 654//654
f 837//837 654//654 249//249
f 279//279 189//189 607//607
f 495//495 805//805 410//410
f 473//473 475//475 553//553
f 819//819 553//553 475//475
f 491//491 713//713 725//725
f 417//417 807//807 575//575
f 459//459 745//745 513//513
f 549//549 185//185 838//838
f 728//728 838//838 185//185
f 193//193 714//714 466//466
f 192//192 714//714 193//193
f 192//192 243//243 714//714
f 578//578 579//579 685//685
f 353//353 817//817 674//674
f 700//700 416//416 570//570
f 839//839 840//840 597//597
f 337//337 660//660 208//208
f 646//646 645//645 841//841
f 411//411 432//432 412//412
f 183//183 842//842 843//843
f 547//547 843//843 842//842
f 585//585 44//44 844//844
f 775//775 585//585 844//844
f 182//182 462//462 842//842
f 360//360 594//594 539//539
f 648//648 155//155 117//117
f 792//792 845//845 562//562
f 535//535 684//684 846//846
f 712//712 53//53 52//52
f 108//108 622//622 761//761
f 206//206 343//343 207//207
f 264//264 306//306 305//305
f 141//141 451//451 231//231
f 791//791 847//847 397//397
f 848//848 77//77 79//79
f 187//187 77//77 848//848
f 27//27 280//280 281//281
f 206//206 702//702 343//343
f 745//745 459//459 477//477
f 147//147 148//148 555//555
f 396//396 791//791 397//397
f 56//56 849//849 600//600
f 729//729 380//380 692//692
f 495//495 497//497 344//344
f 677//677 561//561 278//278
f 263//263 423//423 850//850
f 263//263 850//850 261//261
f 667//667 339//339 797//797
f 247//247 493//493 800//800
f 800//800 493//493 318//318
f 262//262 318//318 493//493
f 351//351 822//822 851//851
f 56//56 55//55 765//765
f 847//847 790//790 733//733
f 852//852 833//833 259//259
f 582//582 695//695 717//717
f 273//273 718//718 292//292
f 442//442 853//853 760//760
f 442//442 252//252 853//853
f 400//400 529//529 665//665
f 657//657 642//642 750//750
f 518//518 750//750 642//642
f 854//854 651//651 445//445
f 334//334 169//169 576//576
f 723//723 705//705 632//632
f 488//488 489//489 824//824
f 558//558 694//694 559//559
f 162//162 28//28 596//596
f 82//82 829//829 64//64
f 531//531 836//836 855//855
f 788//788 54//54 491//491
f 546//546 737//737 71//71
f 231//231 600//600 849//849
f 595//595 594//594 360//360
f 222//222 369//369 826//826
f 590//590 826//826 369//369
f 553//553 532//532 554//554
f 138//138 856//856 273//273
f 602//602 95//95 827//827
f 376//376 631//631 55//55
f 668//668 190//190 104//104
f 78//78 622//622 387//387
f 778//778 550//550 388//388
f 381//381 380//380 548//548
f 394//394 763//763 453//453
f 857//857 669//669 411//411
f 173//173 342//342 735//735
f 434//434 806//806 343//343
f 853//853 254//254 340//340
f 365//365 312//312 470//470
f 365//365 470//470 471//471
f 771//771 830//830 796//796
f 455//455 454//454 858//858
f 859//859 660//660 315//315
f 270//270 552//552 802//802
f 546//546 545//545 372//372
f 733//733 640//640 860//860
f 412//412 496//496 495//495
f 356//356 321//321 574//574
f 85//85 316//316 169//169
f 372//372 371//371 861//861
f 584//584 586//586 724//724
f 775//775 844//844 671//671
f 257//257 579//579 465//465
f 36//36 637//637 413//413
f 798//798 862//862 758//758
f 789//789 758//758 862//862
f 550//550 72//72 428//428
f 268//268 802//802 551//551
f 64//64 199//199 198//198
f 692//692 572//572 574//574
f 166//166 749//749 216//216
f 553//553 819//819 818//818
f 147//147 555//555 863//863
f 498//498 405//405 310//310
f 498//498 310//310 465//465
f 729//729 548//548 380//380
f 808//808 637//637 733//733
f 413//413 637//637 808//808
f 299//299 59//59 809//809
f 117//117 251//251 648//648
f 210//210 24//24 211//211
f 20//20 864//864 539//539
f 540//540 539//539 864//864
f 33//33 32//32 831//831
f 864//864 146//146 865//865
f 864//864 20//20 146//146
f 479//479 444//444 443//443
f 852//852 626//626 833//833
f 315//315 218//218 859//859
f 859//859 218//218 220//220
f 577//577 463//463 866//866
f 577//577 866//866 841//841
f 681//681 565//565 345//345
f 458//458 748//748 747//747
f 484//484 476//476 119//119
f 424//424 476//476 484//484
f 250//250 476//476 395//395
f 682//682 13//13 537//537
f 472//472 867//867 785//785
f 868//868 794//794 526//526
f 728//728 633//633 674//674
f 588//588 587//587 505//505
f 545//545 70//70 778//778
f 689//689 69//69 76//76
f 517//517 665//665 260//260
f 16//16 15//15 575//575
f 709//709 657//657 656//656
f 317//317 766//766 241//241
f 488//488 824//824 832//832
f 869//869 307//307 309//309
f 465//465 579//579 327//327
f 847//847 791//791 790//790
f 156//156 155//155 648//648
f 583//583 452//452 309//309
f 68//68 678//678 786//786
f 11//11 13//13 284//284
f 115//115 870//870 116//116
f 596//596 772//772 160//160
f 788//788 611//611 821//821
f 150//150 828//828 440//440
f 853//853 480//480 760//760
f 25//25 24//24 210//210
f 392//392 871//871 764//764
f 872//872 659//659 564//564
f 772//772 596//596 873//873
f 559//559 694//694 105//105
f 533//533 482//482 568//568
f 795//795 83//83 874//874
f 1//1 843//843 547//547
f 848//848 620//620 619//619
f 79//79 620//620 848//848
f 837//837 249//249 248//248
f 828//828 150//150 326//326
f 330//330 391//391 868//868
f 870//870 409//409 658//658
f 257//257 465//465 255//255
f 135//135 738//738 136//136
f 135//135 181//181 738//738
f 471//471 685//685 759//759
f 422//422 494//494 324//324
f 664//664 606//606 62//62
f 477//477 478//478 875//875
f 507//507 814//814 876//876
f 163//163 366//366 319//319
f 477//477 459//459 90//90
f 877//877 875//875 478//478
f 856//856 138//138 63//63
f 63//63 878//878 856//856
f 213//213 215//215 796//796
f 360//360 359//359 595//595
f 44//44 147//147 844//844
f 844//844 147//147 863//863
f 851//851 595//595 359//359
f 503//503 505//505 647//647
f 828//828 872//872 441//441
f 186//186 731//731 811//811
f 811//811 731//731 583//583
f 78//78 781//781 79//79
f 735//735 342//342 171//171
f 485//485 277//277 618//618
f 800//800 248//248 247//247
f 314//314 879//879 499//499
f 422//422 515//515 423//423
f 379//379 382//382 803//803
f 98//98 830//830 771//771
f 625//625 624//624 640//640
f 756//756 624//624 831//831
f 718//718 357//357 573//573
f 623//623 835//835 831//831
f 619//619 810//810 814//814
f 691//691 396//396 398//398
f 164//164 163//163 639//639
f 828//828 441//441 440//440
f 880//880 613//613 612//612
f 881//881 701//701 700//700
f 171//171 736//736 735//735
f 728//728 185//185 184//184
f 167//167 882//882 462//462
f 801//801 661//661 426//426
f 702//702 206//206 660//660
f 399//399 824//824 400//400
f 573//573 572//572 726//726
f 479//479 854//854 445//445
f 479//479 445//445 444//444
f 556//556 275//275 152//152
f 803//803 296//296 499//499
f 863//863 672//672 844//844
f 602//602 734//734 511//511
f 374//374 287//287 286//286
f 317//317 230//230 229//229
f 600//600 231//231 451//451
f 394//394 794//794 763//763
f 868//868 763//763 794//794
f 494//494 603//603 324//324
f 651//651 854//854 789//789
f 547//547 842//842 462//462
f 168//168 644//644 85//85
f 427//427 71//71 737//737
f 813//813 123//123 404//404
f 513//513 334//334 576//576
f 527//527 112//112 111//111
f 527//527 111//111 497//497
f 183//183 182//182 842//842
f 770//770 772//772 873//873
f 131//131 708//708 36//36
f 707//707 708//708 131//131
f 174//174 173//173 735//735
f 259//259 177//177 176//176
f 541//541 233//233 232//232
f 606//606 517//517 516//516
f 172//172 171//171 341//341
f 168//168 485//485 691//691
f 362//362 883//883 762//762
f 424//424 484//484 311//311
f 660//660 859//859 702//702
f 315//315 660//660 337//337
f 531//531 124//124 836//836
f 881//881 370//370 701//701
f 740//740 884//884 406//406
f 226//226 406//406 884//884
f 467//467 617//617 303//303
f 120//120 256//256 121//121
f 121//121 255//255 311//311
f 695//695 716//716 717//717
f 236//236 840//840 823//823
f 823//823 840//840 839//839
f 101//101 676//676 102//102
f 360//360 540//540 361//361
f 3//3 323//323 401//401
f 3//3 401//401 107//107
f 322//322 323//323 791//791
f 558//558 780//780 425//425
f 42//42 425//425 780//780
f 268//268 270//270 802//802
f 861//861 287//287 695//695
f 858//858 454//454 726//726
f 858//858 726//726 572//572
f 776//776 725//725 586//586
f 853//853 340//340 480//480
f 552//552 885//885 463//463
f 785//785 867//867 643//643
f 693//693 711//711 105//105
f 225//225 406//406 226//226
f 138//138 273//273 139//139
f 10//10 348//348 8//8
f 8//8 238//238 9//9
f 40//40 39//39 834//834
f 321//321 730//730 574//574
f 134//134 662//662 132//132
f 289//289 615//615 266//266
f 883//883 487//487 367//367
f 883//883 367//367 762//762
f 800//800 487//487 883//883
f 411//411 410//410 820//820
f 367//367 487//487 319//319
f 142//142 141//141 233//233
f 357//357 718//718 604//604
f 483//483 41//41 40//40
f 689//689 93//93 92//92
f 814//814 506//506 815//815
f 671//671 673//673 93//93
f 126//126 93//93 673//673
f 570//570 881//881 700//700
f 441//441 872//872 566//566
f 564//564 566//566 872//872
f 116//116 872//872 828//828
f 577//577 841//841 645//645
f 356//356 573//573 357//357
f 64//64 829//829 199//199
f 165//165 817//817 368//368
f 449//449 886//886 869//869
f 143//143 886//886 449//449
f 194//194 639//639 163//163
f 351//351 851//851 359//359
f 797//797 49//49 667//667
f 617//617 26//26 162//162
f 363//363 365//365 699//699
f 363//363 699//699 567//567
f 152//152 509//509 556//556
f 509//509 482//482 481//481
f 508//508 482//482 509//509
f 167//167 217//217 882//882
f 648//648 251//251 722//722
f 55//55 648//648 722//722
f 119//119 251//251 117//117
f 120//120 715//715 684//684
f 684//684 256//256 120//120
f 602//602 827//827 203//203
f 861//861 687//687 372//372
f 369//369 701//701 370//370
f 567//567 699//699 758//758
f 671//671 93//93 768//768
f 426//426 661//661 14//14
f 396//396 618//618 322//322
f 691//691 618//618 396//396
f 285//285 284//284 240//240
f 661//661 801//801 46//46
f 45//45 14//14 661//661
f 215//215 160//160 772//772
f 239//239 240//240 560//560
f 518//518 643//643 867//867
f 55//55 57//57 374//374
f 880//880 349//349 470//470
f 551//551 669//669 563//563
f 431//431 669//669 551//551
f 371//371 373//373 384//384
f 628//628 486//486 427//427
f 680//680 253//253 252//252
f 353//353 675//675 822//822
f 351//351 353//353 822//822
f 745//745 514//514 513//513
f 741//741 323//323 3//3
f 136//136 773//773 845//845
f 54//54 788//788 821//821
f 87//87 784//784 88//88
f 651//651 789//789 862//862
f 37//37 807//807 417//417
f 287//287 861//861 371//371
f 586//586 725//725 724//724
f 580//580 583//583 582//582
f 840//840 236//236 272//272
f 507//507 876//876 345//345
f 709//709 643//643 642//642
f 447//447 469//469 127//127
f 277//277 50//50 677//677
f 49//49 677//677 50//50
f 443//443 832//832 399//399
f 399//399 832//832 824//824
f 569//569 804//804 884//884
f 556//556 662//662 134//134
f 550//550 320//320 388//388
f 468//468 245//245 244//244
f 130//130 650//650 128//128
f 407//407 596//596 28//28
f 407//407 28//28 532//532
f 340//340 342//342 173//173
f 655//655 540//540 864//864
f 545//545 71//71 70//70
f 270//270 885//885 552//552
f 689//689 76//76 776//776
f 547//547 462//462 426//426
f 426//426 462//462 801//801
f 567//567 789//789 854//854
f 567//567 854//854 175//175
f 854//854 479//479 175//175
f 752//752 846//846 887//887
f 157//157 887//887 846//846
f 740//740 569//569 884//884
f 807//807 808//808 575//575
f 55//55 374//374 376//376
f 692//692 455//455 858//858
f 597//597 561//561 774//774
f 52//52 620//620 79//79
f 358//358 620//620 52//52
f 33//33 766//766 317//317
f 379//379 378//378 383//383
f 453//453 378//378 246//246
f 587//587 296//296 803//803
f 246//246 245//245 394//394
f 343//343 806//806 805//805
f 434//434 820//820 806//806
f 285//285 240//240 607//607
f 761//761 607//607 240//240
f 143//143 697//697 886//886
f 724//724 711//711 693//693
f 562//562 845//845 773//773
f 562//562 773//773 7//7
f 50//50 277//277 485//485
f 334//334 51//51 335//335
f 452//452 583//583 580//580
f 449//449 869//869 452//452
f 140//140 796//796 830//830
f 352//352 762//762 367//367
f 608//608 179//179 329//329
f 535//535 846//846 752//752
f 754//754 535//535 752//752
f 878//878 606//606 605//605
f 397//397 756//756 755//755
f 397//397 755//755 398//398
f 398//398 755//755 743//743
f 755//755 742//742 743//743
f 225//225 227//227 736//736
f 418//418 470//470 312//312
f 888//888 490//490 889//889
f 682//682 475//475 474//474
f 890//890 361//361 540//540
f 890//890 362//362 361//361
f 890//890 883//883 362//362
f 673//673 557//557 134//134
f 370//370 881//881 740//740
f 570//570 740//740 881//881
f 120//120 144//144 715//715
f 559//559 191//191 329//329
f 332//332 415//415 598//598
f 332//332 598//598 69//69
f 315//315 337//337 125//125
f 534//534 256//256 535//535
f 365//365 471//471 698//698
f 534//534 257//257 256//256
f 314//314 298//298 218//218
f 592//592 683//683 891//891
f 609//609 891//891 683//683
f 543//543 652//652 753//753
f 543//543 753//753 752//752
f 61//61 400//400 664//664
f 653//653 703//703 560//560
f 234//234 675//675 633//633
f 795//795 269//269 268//268
f 407//407 409//409 873//873
f 122//122 34//34 22//22
f 452//452 869//869 309//309
f 696//696 127//127 126//126
f 757//757 536//536 798//798
f 880//880 612//612 710//710
f 793//793 445//445 651//651
f 313//313 125//125 783//783
f 442//442 760//760 443//443
f 211//211 24//24 201//201
f 733//733 860//860 847//847
f 166//166 217//217 167//167
f 855//855 94//94 530//530
f 55//55 722//722 765//765
f 663//663 282//282 563//563
f 513//513 576//576 614//614
f 819//819 799//799 658//658
f 614//614 576//576 283//283
f 658//658 799//799 564//564
f 82//82 304//304 41//41
f 746//746 68//68 786//786
f 212//212 301//301 149//149
f 594//594 202//202 21//21
f 652//652 501//501 128//128
f 512//512 148//148 43//43
f 212//212 60//60 301//301
f 97//97 96//96 559//559
f 593//593 200//200 202//202
f 795//795 874//874 269//269
f 384//384 386//386 371//371
f 670//670 887//887 157//157
f 501//501 544//544 502//502
f 109//109 306//306 732//732
f 348//348 732//732 306//306
f 729//729 430//430 548//548
f 657//657 748//748 458//458
f 657//657 750//750 748//748
f 798//798 754//754 862//862
f 649//649 651//651 862//862
f 649//649 862//862 754//754
f 160//160 214//214 161//161
f 823//823 234//234 236//236
f 532//532 408//408 407//407
f 553//553 408//408 532//532
f 725//725 776//776 746//746
f 1//1 3//3 666//666
f 797//797 593//593 892//892
f 797//797 892//892 597//597
f 595//595 892//892 593//593
f 425//425 44//44 585//585
f 892//892 839//839 597//597
f 839//839 892//892 851//851
f 595//595 851//851 892//892
f 655//655 837//837 540//540
f 456//456 499//499 879//879
f 456//456 879//879 244//244
f 524//524 857//857 411//411
f 313//313 244//244 879//879
f 289//289 266//266 430//430
f 610//610 609//609 876//876
f 345//345 876//876 609//609
f 641//641 779//779 888//888
f 443//443 444//444 832//832
f 588//588 505//505 196//196
f 390//390 389//389 262//262
f 635//635 745//745 877//877
f 51//51 514//514 635//635
f 504//504 194//194 196//196
f 435//435 850//850 423//423
f 451//451 450//450 599//599
f 668//668 104//104 103//103
f 747//747 271//271 706//706
f 650//650 488//488 793//793
f 481//481 889//889 132//132
f 490//490 132//132 889//889
f 747//747 706//706 458//458
f 457//457 458//458 706//706
f 747//747 816//816 271//271
f 776//776 768//768 689//689
f 528//528 129//129 744//744
f 260//260 259//259 176//176
f 260//260 529//529 258//258
f 354//354 834//834 214//214
f 214//214 834//834 161//161
f 430//430 265//265 548//548
f 838//838 628//628 737//737
f 838//838 737//737 549//549
f 524//524 91//91 857//857
f 878//878 62//62 606//606
f 506//506 12//12 188//188
f 347//347 12//12 506//506
f 427//427 737//737 628//628
f 614//614 282//282 460//460
f 91//91 663//663 857//857
f 669//669 857//857 663//663
f 555//555 557//557 863//863
f 555//555 275//275 556//556
f 441//441 566//566 680//680
f 609//609 683//683 345//345
f 600//600 57//57 56//56
f 592//592 591//591 254//254
f 616//616 885//885 228//228
f 183//183 843//843 106//106
f 169//169 316//316 576//576
f 290//290 289//289 430//430
f 615//615 289//289 428//428
f 402//402 5//5 4//4
f 713//713 711//711 724//724
f 222//222 826//826 678//678
f 65//65 64//64 198//198
f 60//60 339//339 667//667
f 388//388 833//833 778//778
f 644//644 743//743 85//85
f 644//644 398//398 743//743
f 35//35 149//149 145//145
f 545//545 373//373 372//372
f 509//509 662//662 556//556
f 194//194 504//504 638//638
f 505//505 504//504 196//196
f 230//230 192//192 525//525
f 306//306 264//264 8//8
f 692//692 858//858 572//572
f 763//763 868//868 391//391
f 723//723 632//632 184//184
f 723//723 184//184 186//186
f 466//466 676//676 498//498
f 714//714 676//676 466//466
f 632//632 235//235 234//234
f 705//705 235//235 632//632
f 693//693 105//105 694//694
f 668//668 79//79 781//781
f 668//668 781//781 190//190
f 792//792 272//272 816//816
f 142//142 541//541 893//893
f 142//142 893//893 86//86
f 428//428 291//291 550//550
f 86//86 893//893 131//131
f 408//408 553//553 818//818
f 408//408 818//818 409//409
f 707//707 131//131 893//893
f 707//707 893//893 541//541
f 846//846 684//684 715//715
f 649//649 753//753 652//652
f 521//521 523//523 205//205
f 816//816 845//845 792//792
f 784//784 472//472 785//785
f 529//529 489//489 528//528
f 111//111 113//113 804//804
f 757//757 534//534 536//536
f 428//428 894//894 615//615
f 427//427 894//894 428//428
f 178//178 357//357 604//604
f 453//453 764//764 454//454
f 18//18 17//17 350//350
f 679//679 59//59 478//478
f 415//415 416//416 221//221
f 700//700 221//221 416//416
f 379//379 456//456 246//246
f 600//600 716//716 57//57
f 522//522 769//769 734//734
f 683//683 592//592 253//253
f 130//130 129//129 528//528
f 270//270 269//269 229//229
f 759//759 758//758 699//699
f 869//869 656//656 307//307
f 258//258 852//852 259//259
f 697//697 88//88 784//784
f 625//625 708//708 707//707
f 395//395 73//73 690//690
f 402//402 4//4 107//107
f 321//321 290//290 730//730
f 531//531 468//468 124//124
f 530//530 531//531 855//855
f 868//868 448//448 330//330
f 492//492 330//330 448//448
f 782//782 429//429 512//512
f 855//855 836//836 813//813
f 813//813 836//836 123//123
f 890//890 540//540 837//837
f 299//299 60//60 59//59
f 679//679 809//809 59//59
f 301//301 60//60 299//299
f 594//594 593//593 202//202
f 347//347 507//507 345//345
f 617//617 39//39 303//303
f 417//417 15//15 739//739
f 524//524 820//820 433//433
f 478//478 325//325 679//679
f 877//877 745//745 875//875
f 803//803 456//456 379//379
f 145//145 149//149 865//865
f 606//606 665//665 517//517
f 739//739 45//45 48//48
f 695//695 687//687 861//861
f 9//9 238//238 304//304
f 237//237 467//467 238//238
f 9//9 304//304 66//66
f 10//10 9//9 65//65
f 66//66 65//65 9//9
f 825//825 787//787 826//826
f 611//611 788//788 787//787
f 611//611 787//787 825//825
f 491//491 746//746 786//786
f 826//826 787//787 678//678
f 786//786 788//788 491//491
f 377//377 21//21 202//202
f 865//865 146//146 145//145
f 22//22 146//146 20//20
f 22//22 34//34 146//146
f 384//384 627//627 385//385
f 710//710 646//646 841//841
f 710//710 612//612 646//646
f 207//207 414//414 571//571
f 597//597 840//840 792//792
f 441//441 680//680 252//252
f 442//442 441//441 252//252
f 626//626 852//852 627//627
f 640//640 624//624 860//860
f 231//231 849//849 232//232
f 880//880 710//710 350//350
f 194//194 319//319 195//195
f 318//318 389//389 195//195
f 196//196 195//195 389//389
f 891//891 609//609 611//611
f 433//433 820//820 434//434
f 329//329 190//190 608//608
f 329//329 179//179 97//97
f 97//97 559//559 329//329
f 31//31 895//895 83//83
f 136//136 845//845 137//137
f 184//184 632//632 633//633
f 184//184 633//633 728//728
f 137//137 845//845 816//816
f 197//197 522//522 198//198
f 521//521 198//198 522//522
f 65//65 198//198 521//521
f 558//558 896//896 780//780
f 510//510 780//780 896//896
f 95//95 896//896 96//96
f 96//96 896//896 558//558
f 58//58 478//478 59//59
f 478//478 58//58 877//877
f 49//49 51//51 635//635
f 852//852 258//258 744//744
f 852//852 744//744 627//627
f 587//587 297//297 296//296
f 864//864 865//865 300//300
f 864//864 300//300 655//655
f 264//264 305//305 281//281
f 239//239 281//281 305//305
f 306//306 8//8 348//348
f 692//692 574//574 729//729
f 257//257 686//686 579//579
f 757//757 685//685 686//686
f 757//757 686//686 534//534
f 534//534 686//686 257//257
f 396//396 322//322 791//791
f 437//437 375//375 438//438
f 228//228 885//885 270//270
f 492//492 779//779 294//294
f 492//492 888//888 779//779
f 90//90 460//460 663//663
f 614//614 283//283 282//282
f 330//330 331//331 391//391
f 679//679 603//603 247//247
f 324//324 603//603 679//679
f 625//625 636//636 708//708
f 468//468 783//783 124//124
f 502//502 438//438 386//386
f 150//150 209//209 326//326
f 446//446 445//445 793//793
f 869//869 886//886 656//656
f 374//374 57//57 716//716
f 374//374 716//716 287//287
f 695//695 287//287 716//716
f 638//638 267//267 639//639
f 602//602 601//601 95//95
f 680//680 566//566 565//565
f 886//886 709//709 656//656
f 697//697 709//709 886//886
f 7//7 773//773 6//6
f 377//377 202//202 201//201
f 738//738 6//6 136//136
f 171//171 170//170 225//225
f 156//156 375//375 437//437
f 376//376 375//375 156//156
f 232//232 812//812 589//589
f 767//767 812//812 765//765
f 713//713 491//491 53//53
f 713//713 53//53 712//712
f 134//134 557//557 556//556
f 203//203 205//205 523//523
f 368//368 817//817 353//353
f 303//303 39//39 41//41
f 303//303 41//41 304//304
f 750//750 518//518 520//520
f 215//215 771//771 796//796
f 215//215 772//772 771//771
f 770//770 98//98 771//771
f 436//436 438//438 502//502
f 670//670 437//437 436//436
f 436//436 544//544 670//670
f 149//149 300//300 865//865
f 749//749 166//166 137//137
f 129//129 500//500 744//744
f 627//627 744//744 500//500
f 680//680 681//681 253//253
f 139//139 224//224 295//295
f 252//252 254//254 853//853
f 878//878 605//605 856//856
f 273//273 856//856 605//605
f 574//574 730//730 729//729
f 430//430 730//730 290//290
f 590//590 891//891 825//825
f 611//611 825//825 891//891
f 592//592 891//891 590//590
f 734//734 523//523 522//522
f 307//307 457//457 308//308
f 218//218 298//298 219//219
f 811//811 583//583 309//309
f 388//388 259//259 833//833
f 577//577 645//645 431//431
f 412//412 431//431 645//645
f 412//412 645//645 496//496
f 385//385 627//627 500//500
f 317//317 895//895 31//31
f 741//741 2//2 575//575
f 419//419 575//575 2//2
f 776//776 76//76 746//746
f 495//495 344//344 805//805
f 344//344 343//343 805//805
f 399//399 151//151 440//440
f 150//150 440//440 151//151
f 58//58 60//60 667//667
f 819//819 475//475 799//799
f 537//537 799//799 475//475
f 840//840 272//272 792//792
f 200//200 593//593 797//797
f 409//409 818//818 658//658
f 520//520 882//882 217//217
f 801//801 882//882 520//520
f 485//485 618//618 691//691
f 838//838 727//727 628//628
f 782//782 512//512 511//511
f 317//317 241//241 230//230
f 859//859 897//897 702//702
f 635//635 634//634 49//49
f 504//504 503//503 638//638
f 117//117 155//155 144//144
f 808//808 790//790 741//741
f 808//808 733//733 790//790
f 646//646 527//527 496//496
f 646//646 612//612 527//527
f 612//612 112//112 527//527
f 635//635 877//877 58//58
f 700//700 222//222 221//221
f 615//615 894//894 486//486
f 427//427 486//486 894//894
f 652//652 543//543 501//501
f 106//106 666//666 107//107
f 106//106 843//843 666//666
f 538//538 346//346 564//564
f 614//614 459//459 513//513
f 663//663 460//460 282//282
f 211//211 797//797 339//339
f 797//797 211//211 200//200
f 883//883 248//248 800//800
f 890//890 248//248 883//883
f 837//837 248//248 890//890
f 756//756 860//860 624//624
f 580//580 582//582 717//717
f 477//477 875//875 745//745
f 847//847 860//860 397//397
f 756//756 397//397 860//860
f 640//640 637//637 636//636
f 617//617 161//161 834//834
f 872//872 116//116 659//659
f 658//658 659//659 870//870
f 116//116 870//870 659//659
f 846//846 715//715 157//157
f 438//438 288//288 386//386
f 371//371 386//386 288//288
f 371//371 288//288 287//287
f 335//335 51//51 50//50
f 641//641 889//889 481//481
f 888//888 889//889 641//641
f 770//770 870//870 115//115
f 407//407 873//873 596//596
f 764//764 726//726 454//454
f 99//99 98//98 115//115
f 770//770 115//115 98//98
f 1//1 666//666 843//843
f 281//281 703//703 27//27
f 27//27 703//703 653//653
f 776//776 775//775 768//768
f 671//671 768//768 775//775
f 723//723 811//811 308//308
f 186//186 811//811 723//723
f 549//549 688//688 731//731
f 546//546 688//688 549//549
f 111//111 804//804 414//414
f 372//372 688//688 546//546
f 63//63 62//62 878//878
f 249//249 809//809 679//679
f 797//797 774//774 49//49
f 677//677 49//49 774//774
f 679//679 247//247 249//249
f 201//201 24//24 23//23
f 888//888 492//492 490//490
f 868//868 526//526 448//448
f 525//525 192//192 19//19
f 19//19 464//464 616//616
f 463//463 18//18 866//866
f 710//710 866//866 18//18
f 841//841 866//866 710//710
f 570//570 777//777 571//571
f 338//338 777//777 403//403
f 571//571 777//777 338//338
f 484//484 121//121 311//311
f 275//275 555//555 148//148
f 898//898 545//545 778//778
f 545//545 898//898 373//373
f 373//373 898//898 384//384
f 384//384 898//898 626//626
f 35//35 145//145 34//34
f 456//456 803//803 499//499
f 44//44 43//43 147//147
f 409//409 870//870 873//873
f 770//770 873//873 870//870
f 512//512 43//43 42//42
f 759//759 698//698 471//471
f 699//699 698//698 759//759
f 544//544 543//543 887//887
f 544//544 887//887 670//670
f 752//752 887//887 543//543
f 608//608 387//387 179//179
f 696//696 126//126 673//673
f 696//696 673//673 134//134
f 247//247 603//603 493//493
f 617//617 162//162 161//161
f 402//402 278//278 5//5
f 896//896 601//601 510//510
f 896//896 95//95 601//601
f 261//261 850//850 220//220
f 714//714 102//102 676//676
f 404//404 751//751 813//813
f 782//782 511//511 734//734
f 124//124 783//783 125//125
f 592//592 254//254 253//253
f 340//340 254//254 591//591
f 439//439 219//219 297//297
f 767//767 766//766 33//33
f 83//83 895//895 874//874
f 874//874 895//895 269//269
f 229//229 269//269 895//895
f 317//317 229//229 895//895
f 548//548 265//265 638//638
f 638//638 265//265 267//267
f 174//174 735//735 364//364
f 174//174 364//364 363//363
f 286//286 438//438 375//375
f 286//286 375//375 374//374
f 885//885 616//616 463//463
f 180//180 732//732 204//204
f 109//109 732//732 110//110
f 110//110 732//732 180//180
f 243//243 242//242 621//621
f 742//742 32//32 31//31
f 831//831 32//32 742//742
f 756//756 831//831 742//742
f 327//327 899//899 100//100
f 100//100 899//899 17//17
f 578//578 899//899 327//327
f 899//899 349//349 17//17
f 349//349 899//899 578//578
f 530//530 127//127 469//469
f 301//301 300//300 149//149
f 435//435 897//897 220//220
f 220//220 897//897 859//859
f 382//382 647//647 803//803
f 848//848 815//815 187//187
f 619//619 815//815 848//848
f 358//358 54//54 810//810
f 372//372 687//687 688//688
f 571//571 208//208 207//207
f 94//94 333//333 92//92
f 94//94 855//855 333//333
f 813//813 333//333 855//855
f 276//276 618//618 277//277
f 557//557 672//672 863//863
f 557//557 673//673 672//672
f 844//844 672//672 671//671
f 33//33 831//831 835//835
f 767//767 33//33 835//835
f 435//435 220//220 850//850
f 563//563 268//268 551//551
f 832//832 444//444 446//446
f 434//434 702//702 897//897
f 435//435 434//434 897//897
f 273//273 605//605 718//718
f 718//718 605//605 604//604
f 483//483 40//40 354//354
f 320//320 291//291 290//290
f 320//320 550//550 291//291
f 63//63 830//830 98//98
f 880//880 470//470 613//613
f 470//470 418//418 613//613
f 503//503 647//647 381//381
f 431//431 432//432 669//669
f 227//227 312//312 365//365
f 271//271 816//816 272//272
f 880//880 350//350 349//349
f 610//610 814//814 810//810
f 821//821 810//810 54//54
f 610//610 810//810 821//821
f 728//728 727//727 838//838
f 27//27 554//554 532//532
f 758//758 757//757 798//798
f 722//722 251//251 250//250
f 822//822 900//900 851//851
f 823//823 900//900 822//822
f 851//851 900//900 839//839
f 823//823 839//839 900//900
f 81//81 242//242 720//720
f 690//690 81//81 720//720
f 250//250 690//690 720//720
f 250//250 720//720 722//722
f 364//364 736//736 227//227
f 734//734 769//769 782//782
f 580//580 599//599 450//450
f 314//314 313//313 879//879
f 58//58 667//667 634//634
f 462//462 882//882 801//801
f 610//610 876//876 814//814
f 103//103 105//105 712//712
f 804//804 113//113 884//884
f 226//226 884//884 113//113
f 750//750 216//216 749//749
f 520//520 216//216 750//750
f 217//217 216//216 520//520
f 472//472 47//47 867//867
f 604//604 606//606 516//516
f 46//46 867//867 47//47
f 334//334 336//336 169//169
f 629//629 674//674 817//817
f 393//393 794//794 394//394
f 814//814 507//507 506//506
f 187//187 815//815 188//188
f 506//506 188//188 815//815
f 403//403 461//461 338//338
f 313//313 315//315 125//125
f 403//403 123//123 461//461
f 226//226 113//113 112//112
f 453//453 763//763 764//764
f 580//580 717//717 599//599
f 898//898 778//778 626//626
f 40//40 834//834 354//354
f 801//801 519//519 46//46
f 867//867 46//46 519//519
f 867//867 519//519 518//518
f 333//333 751//751 332//332
f 332//332 751//751 415//415
f 764//764 871//871 726//726
f 871//871 392//392 223//223
f 726//726 871//871 292//292
f 274//274 871//871 223//223
f 274//274 292//292 871//871
f 835//835 589//589 767//767
f 392//392 224//224 223//223
f 331//331 224//224 392//392
f 765//765 812//812 56//56
f 56//56 812//812 849//849
f 232//232 849//849 812//812
# 1796 faces, 0 coords texture

# End of File
