####
#
# OBJ File Generated by Meshlab
#
####
# Object input_mesh.obj
#
# Vertices: 1083
# Faces: 2162
#
####
vn -0.0000602879392240 -0.0004867932278718 0.0005319762281888
v -0.1143313236728957 -0.0818044813346041 0.0106941920197260 0.631373 0.321569 0.294118
vn -0.0000442716896133 -0.0003952613381649 0.0007025844535815
v -0.1131317741038793 -0.0708177938871803 0.0153724363033533 0.607843 0.239216 0.215686
vn -0.0001577486536363 -0.0004385781365942 0.0008078676689501
v -0.1246991906679053 -0.0688133420656205 0.0151439092015816 0.584314 0.215686 0.203922
vn -0.0000036514431467 0.0000142358640336 -0.0009360916486531
v 0.1126974090424008 0.0013525911159772 0.0013018416493671 0.529412 0.215686 0.192157
vn -0.0000019216439248 0.0000171097413229 -0.0009934363689925
v 0.1007672972378049 0.0038723962642806 0.0013729408756584 0.529412 0.219608 0.196078
vn -0.0000033392167200 0.0000177405291709 -0.0007624118247172
v 0.1060788489321846 0.0156993307901920 0.0015803837665679 0.482353 0.215686 0.196078
vn -0.0004797875931994 -0.0004008326195782 -0.0001713704605893
v -0.1521891601783241 -0.0690963534083659 0.0022047606880794 0.803922 0.545098 0.517647
vn -0.0002432047404593 -0.0003502015921777 0.0003957014423024
v -0.1425163684697865 -0.0735529168225960 0.0104174880083483 0.529412 0.235294 0.231373
vn -0.0003521196507895 -0.0002734040453113 0.0006693114838849
v -0.1492285353059715 -0.0629764603430984 0.0122009752729239 0.584314 0.270588 0.262745
vn 0.0000639847053671 0.0000075565256446 -0.0007168915749842
v 0.1550309354707025 -0.0291775009490488 -0.0018426976995519 0.615686 0.325490 0.286275
vn 0.0006392761417982 0.0000098452567541 -0.0003229203494036
v 0.1615583805968473 -0.0160678404485053 0.0027392168956341 0.486275 0.207843 0.211765
vn 0.0003891219128666 -0.0000103950475205 -0.0002566689133199
v 0.1604297412947190 -0.0333027442510658 0.0016654352040202 0.607843 0.294118 0.282353
vn 0.0000070271634571 0.0000215853772814 -0.0008455195437751
v -0.1209791235589841 0.0451498405148175 0.0022981334053237 0.533333 0.250980 0.219608
vn 0.0000041937873132 0.0000132277038160 -0.0006990369280624
v -0.1165463557622662 0.0597530327661400 0.0026798787347744 0.560784 0.235294 0.207843
vn 0.0000021846778324 0.0000204794484129 -0.0007863561089005
v -0.1077995470839042 0.0475390365019752 0.0024124143127421 0.533333 0.235294 0.203922
vn -0.0000000147365889 0.0000179935805956 -0.0007108448623288
v 0.0740615425152409 0.0479019091994113 0.0024492544627789 0.509804 0.203922 0.180392
vn -0.0000002797179031 0.0000231291367430 -0.0009610682365156
v 0.0685629895483795 0.0330654203223254 0.0020818645282925 0.462745 0.203922 0.172549
vn -0.0000000624825445 0.0000195731957940 -0.0008049506029038
v 0.0589972231518177 0.0421401983537079 0.0023026943087172 0.533333 0.231373 0.207843
vn -0.0000291869233466 -0.0000921104544752 -0.0006333122206271
v -0.0096989054410713 -0.0785592305900722 -0.0018019667260808 0.560784 0.266667 0.258824
vn 0.0000049453989307 0.0000649021759586 -0.0006484169113368
v -0.0168939578412745 -0.0711638145724521 0.0003240381633310 0.521569 0.207843 0.188235
vn -0.0000316272443394 0.0001042974180579 -0.0008855056739475
v -0.0027482394234326 -0.0661349436655686 0.0005851025193796 0.580392 0.262745 0.235294
vn 0.0000086756100433 -0.0000705356408753 -0.0004059630064417
v 0.1018113062204080 0.0780428071804747 -0.0004183829245863 0.549020 0.262745 0.250980
vn 0.0000158431234694 -0.0001219638737600 -0.0011398394488053
v 0.1121403598945378 0.0686939088768257 0.0029939428133435 0.529412 0.227451 0.203922
vn -0.0000091608146242 -0.0001553321710710 -0.0010847985423052
v 0.0947452960773659 0.0687357013138679 0.0028753336983433 0.501961 0.200000 0.180392
vn 0.0004144562363323 0.0003984870448302 -0.0001657690132042
v 0.1490840204442353 0.0693298567831841 0.0060500209176845 0.400000 0.180392 0.180392
vn 0.0002357413122311 0.0003073237419211 0.0003532884972374
v 0.1388279448845402 0.0756806626472946 0.0138482043841517 0.588235 0.286275 0.282353
vn 0.0001969721296453 0.0001724540044981 0.0003951366168682
v 0.1440169107725726 0.0677754520363342 0.0146696454086542 0.623529 0.305882 0.294118
vn 0.0003086546966383 0.0001691204938683 0.0003473479463195
v 0.1519069561618235 0.0630455849145974 0.0123312639355371 0.560784 0.266667 0.262745
vn 0.0000191573929380 0.0001182522092841 -0.0006647056241161
v 0.1205960886339251 0.0799717907668293 0.0000946802921356 0.560784 0.266667 0.262745
vn 0.0000280671816871 0.0002218312377832 -0.0004899455120987
v 0.1053973463300631 0.0827856347722274 0.0006618117460289 0.623529 0.321569 0.301961
vn 0.0000303573881775 0.0005493011553904 -0.0000824685329224
v 0.1122183408606248 0.0860199814218326 0.0066886553958864 0.474510 0.211765 0.211765
vn 0.0001271532197041 0.0003828595783416 -0.0002870022618460
v 0.1257349097157836 0.0839849825852379 0.0046438996688740 0.478431 0.219608 0.219608
vn 0.0000002172797508 0.0000173743507156 -0.0007039582334172
v -0.0042609915123644 0.0466473438753655 0.0024123497573032 0.533333 0.223529 0.196078
vn -0.0000000000639318 0.0000132468701394 -0.0005585171652905
v -0.0054275561678058 0.0346994290761389 0.0021137526554020 0.501961 0.223529 0.192157
vn -0.0000000167162596 0.0000127800070130 -0.0005322571545101
v -0.0135928136383071 0.0399300464439762 0.0022421173977309 0.509804 0.223529 0.200000
vn -0.0000001798840115 0.0000282161512257 -0.0010954170189955
v 0.0699454095037923 0.0196766581993434 0.0017641435512781 0.478431 0.219608 0.188235
vn -0.0000002766145260 0.0000214248064163 -0.0008822919794714
v 0.0573677408488151 0.0260979052715385 0.0019256933518945 0.517647 0.239216 0.211765
vn 0.0000004470276616 0.0000047427931101 -0.0010449963608029
v 0.1245780767946610 -0.0410645761762049 0.0009061641361074 0.537255 0.215686 0.188235
vn -0.0000002707252237 0.0000039564470531 -0.0007645994325698
v 0.1070879519385504 -0.0399456327295682 0.0009101442602675 0.560784 0.219608 0.192157
vn -0.0000005574534744 0.0000032574413532 -0.0006590312502481
v 0.1128586678953713 -0.0311417408213222 0.0009410336145233 0.564706 0.243137 0.219608
vn -0.0000737870604775 -0.0002076637506554 0.0010305454627566
v -0.1064693260820427 -0.0188076118349061 0.0583912885606365 0.568627 0.270588 0.243137
vn -0.0000635776634606 -0.0000558846862253 0.0007957066722477
v -0.1070013006457224 -0.0025116975563701 0.0611761035542134 0.521569 0.243137 0.227451
vn -0.0002545263260907 -0.0001123412659946 0.0008811598455962
v -0.1176447230244538 -0.0090103400631584 0.0588698921413423 0.556863 0.278431 0.262745
vn 0.0003191146988343 0.0000714678919818 -0.0002010963927033
v 0.1569634478652957 0.0501602064597206 0.0040045758016093 0.482353 0.215686 0.207843
vn 0.0002971197768870 0.0000788986108522 0.0001315634114915
v 0.1568001683961482 0.0529242966190245 0.0104316973703712 0.470588 0.200000 0.203922
vn 0.0005282784492557 0.0000894520972158 0.0003020539973943
v 0.1595032842443050 0.0403077581648736 0.0099785713317595 0.615686 0.301961 0.298039
vn -0.0000472288285856 -0.0000920074840991 -0.0005613497515049
v 0.1239922445383686 0.0698618441000781 0.0029343320952888 0.498039 0.219608 0.200000
vn 0.0000187659266681 0.0000002333062542 0.0007280784538647
v -0.0078205512256356 -0.0044925244704492 0.0621449063127308 0.623529 0.301961 0.278431
vn -0.0000089281368348 -0.0000195330225770 0.0008127888379246
v 0.0039247303801036 -0.0047169579698979 0.0619124940383207 0.576471 0.243137 0.231373
vn 0.0000081026267689 0.0001321363011962 0.0009087034181814
v -0.0027860573350117 0.0069762016514918 0.0609988235596861 0.596078 0.290196 0.274510
vn 0.0000014934897500 0.0001824782130569 -0.0006703209755859
v 0.0430256363442154 0.0796917296680114 -0.0005564073815678 0.560784 0.266667 0.254902
vn 0.0000101376154737 0.0002753285295173 -0.0004715487495632
v 0.0280352015592866 0.0820060771659092 0.0000429565837628 0.600000 0.298039 0.286275
vn 0.0000110617436228 0.0006147216867472 -0.0000674595314563
v 0.0335023408040679 0.0858466730555513 0.0052315009017893 0.533333 0.258824 0.247059
vn 0.0000065522425144 0.0004986629354123 0.0000187531381370
v 0.0784364980970401 0.0362660237274831 0.0359407579938169 0.498039 0.192157 0.176471
vn 0.0000270488895989 0.0006096278140766 0.0002448539311017
v 0.0826034194772739 0.0349189293989751 0.0440941870306601 0.576471 0.235294 0.223529
vn 0.0000224015370354 0.0005545092155965 0.0000516266423693
v 0.0891116381211861 0.0360194174487737 0.0375327452675153 0.517647 0.192157 0.176471
vn 0.0002350317564219 0.0003281928221373 -0.0001940550175913
v 0.1379406148437336 0.0783001055753463 0.0045197268371548 0.415686 0.184314 0.184314
vn -0.0001932652531373 -0.0001564042918713 0.0007060699210516
v -0.1211222709617550 -0.0218515600038030 0.0560139886105967 0.568627 0.286275 0.262745
vn -0.0000029570573647 0.0000155379493338 -0.0005856065107290
v 0.1257536350935962 0.0165779943960565 0.0015016004548688 0.498039 0.219608 0.203922
vn -0.0000041928976258 0.0000155615528491 -0.0005177515542283
v 0.1353366946608468 0.0212046974347719 0.0016041180358415 0.478431 0.235294 0.215686
vn -0.0000046351628590 0.0000128706754622 -0.0005748956965704
v 0.1338282351287629 0.0120956240973364 0.0013570782111824 0.470588 0.207843 0.188235
vn -0.0006982806811590 -0.0002884217972994 0.0003963591370161
v -0.1347218809802494 -0.0312106700921714 0.0434164317847278 0.505882 0.207843 0.192157
vn -0.0008533940126255 -0.0001841271113247 0.0003823347833123
v -0.1423716227455613 -0.0263070737726947 0.0297158510248870 0.458824 0.172549 0.156863
vn -0.0005237208851496 -0.0002413031041721 0.0002822905207244
v -0.1382082766389632 -0.0350242490844499 0.0294625031145149 0.376471 0.137255 0.129412
vn -0.0000832350441761 0.0011490184509227 0.0001712415664351
v -0.1050804661920112 0.0360960065425986 0.0314768688801757 0.474510 0.192157 0.180392
vn 0.0000487748448788 0.0002112776535047 0.0004708991638975
v -0.1045147921059149 0.0442251123969876 0.0183452989763772 0.458824 0.160784 0.145098
vn -0.0000710364214253 0.0002094280630681 0.0008286895188029
v -0.1143615329178408 0.0424194603232835 0.0181921571572285 0.521569 0.200000 0.180392
vn 0.0001484165641288 -0.0007028047955959 0.0003827897041680
v 0.1173209924533954 -0.0535971982460059 0.0343372087509340 0.588235 0.231373 0.215686
vn 0.0002238259646575 -0.0003728999028764 0.0002865743232854
v 0.1255412871524911 -0.0472397823882977 0.0404487362016747 0.592157 0.254902 0.235294
vn 0.0001019505354912 -0.0005233887022199 0.0005028824560590
v 0.1178929150837753 -0.0463699632263314 0.0464543047656483 0.596078 0.250980 0.235294
vn 0.0000050355800358 0.0000175743020959 -0.0006997098041850
v -0.1168445169731042 0.0160307640165538 0.0014806329045197 0.443137 0.184314 0.160784
vn 0.0000035740506146 0.0000173007295180 -0.0008020678516300
v -0.1049791765813998 0.0120341554332938 0.0014629417984901 0.478431 0.207843 0.180392
vn 0.0000047893100937 0.0000105984949607 -0.0007871098015661
v -0.1127171594262181 0.0046983750470636 0.0013334408846744 0.486275 0.203922 0.180392
vn -0.0000005134105387 0.0000150689488482 -0.0010723236288676
v -0.0158665413611428 -0.0139014883397069 0.0011744195840946 0.541176 0.223529 0.200000
vn -0.0000001051435136 0.0000103888505697 -0.0007466989214838
v -0.0052523036368635 -0.0104968967267342 0.0012117439387176 0.498039 0.188235 0.164706
vn -0.0000003181013370 0.0000115746364220 -0.0009140482441592
v -0.0025095337535345 -0.0218688303388416 0.0010623051389095 0.537255 0.211765 0.192157
vn -0.0000129217057219 -0.0001677981104971 -0.0009262070830991
v 0.0706829580697605 -0.0765434793656872 -0.0013216444050933 0.513725 0.215686 0.211765
vn -0.0000084596284989 0.0000446622470026 -0.0007697645653045
v 0.0657698954398007 -0.0619230221275231 0.0007482813669600 0.603922 0.262745 0.231373
vn 0.0000139631148665 0.0000825517837565 -0.0008753529032121
v 0.0790923766520424 -0.0659726823630339 0.0006622475057388 0.545098 0.243137 0.219608
vn -0.0000050931603830 0.0008158828671544 0.0000563843686941
v 0.0277055955182595 0.0364552476926320 0.0384776540180300 0.490196 0.188235 0.172549
vn -0.0000014391740201 0.0009957094411036 0.0001558397370210
v 0.0403424504807198 0.0362941250657597 0.0333206538550982 0.458824 0.172549 0.164706
vn 0.0000446151430881 0.0006576841956844 0.0003823298985804
v 0.0277916339981314 0.0352399676684125 0.0268829041330723 0.403922 0.156863 0.145098
vn -0.0000014165525196 0.0003333043471870 0.0003171514150569
v -0.0089592149450321 0.0841582760441088 0.0122927585303939 0.513725 0.235294 0.235294
vn 0.0000096660857100 0.0003428364908940 0.0005087006372712
v -0.0238732673927757 0.0840618390999415 0.0123642967603369 0.486275 0.219608 0.223529
vn -0.0000036994863806 0.0002642185146306 0.0007484690134119
v -0.0090100159460154 0.0777085225040548 0.0137834947679830 0.486275 0.215686 0.215686
vn 0.0000005445507262 0.0004396246224327 -0.0000201450686653
v -0.0211835012257333 0.0865013756033791 0.0061658752648702 0.494118 0.227451 0.231373
vn -0.0000860917050860 0.0001675267430110 0.0008184839709867
v -0.1294814066847172 0.0703867805563425 0.0167283363113771 0.607843 0.262745 0.239216
vn -0.0000300182724279 0.0001453794517639 0.0009267884394280
v -0.1181145110533472 0.0640214856256106 0.0188717736868934 0.541176 0.215686 0.196078
vn -0.0000314925149300 0.0002660148519116 0.0007269264697529
v -0.1218463235228303 0.0796086063274545 0.0143608688124151 0.596078 0.286275 0.278431
vn 0.0000154750505642 -0.0002018432807202 0.0006500668058627
v -0.0118234943640508 -0.0211959265180657 0.0597670656650637 0.643137 0.282353 0.258824
vn 0.0000010927258705 -0.0000741184469677 0.0004690096697409
v -0.0131459796141581 -0.0121541573022683 0.0617041957955312 0.635294 0.294118 0.270588
vn -0.0000559029687535 -0.0002091934582844 0.0008797146459671
v -0.0217700293499020 -0.0189975317303911 0.0598575407264289 0.596078 0.239216 0.219608
vn 0.0000017158594741 -0.0000195829616632 -0.0004751859319655
v -0.1022056593932133 0.0652205246536131 0.0028084434398819 0.537255 0.235294 0.211765
vn 0.0000092320592689 -0.0000724285998618 -0.0006188290364542
v -0.1137265959088701 0.0687874209561914 0.0027570858560122 0.525490 0.219608 0.192157
vn 0.0000089605104495 -0.0000990047308984 -0.0004837882221445
v -0.1063957834791129 0.0746778766575923 0.0016898945477238 0.564706 0.262745 0.258824
vn -0.0000107285362762 0.0000759763916458 -0.0006326851695771
v -0.0931783948617727 -0.0693345187909819 0.0003588098082597 0.537255 0.231373 0.203922
vn 0.0000029359499248 0.0000156500931417 -0.0008109160024965
v -0.0915885699194617 -0.0571457249277663 0.0007658562678308 0.525490 0.215686 0.192157
vn -0.0000007582706117 0.0000494854343480 -0.0005054713901295
v -0.0855644809286138 -0.0641692495609322 0.0006314665129323 0.498039 0.203922 0.184314
vn 0.0003708305585925 -0.0000274514670356 0.0003864619168298
v 0.1580552198052080 -0.0362331409420805 0.0116315422575118 0.576471 0.250980 0.247059
vn 0.0002916125661407 -0.0000141169723067 0.0000526980780743
v 0.1615430565325156 -0.0369046839228370 0.0070097197390835 0.533333 0.231373 0.235294
vn 0.0005177565236716 0.0000107960456380 0.0002769561844537
v 0.1608779931897052 -0.0252324613055278 0.0097280582469687 0.564706 0.266667 0.254902
vn -0.0000959153903967 0.0000831837224738 0.0010014591037442
v 0.0769022501541028 0.0479442677729422 0.0194903826042779 0.529412 0.188235 0.172549
vn -0.0000516939794052 0.0003293312238188 0.0003041301267323
v 0.0762975627129959 0.0343868089241285 0.0183767030733954 0.309804 0.109804 0.105882
vn -0.0000691991879865 0.0006990926663082 0.0002855201654506
v 0.0856343375004214 0.0355570232172166 0.0291248144578240 0.427451 0.156863 0.145098
vn 0.0001238951939960 0.0008315540569927 0.0000553575147870
v 0.0699504622375931 0.0360338622081427 0.0312061007994181 0.439216 0.156863 0.145098
vn 0.0000070215792409 -0.0000503071464891 -0.0006954085830009
v 0.0266878946119095 0.0661295114258009 0.0027506305019100 0.541176 0.231373 0.207843
vn 0.0000233671339136 -0.0000941071647432 -0.0004240994229390
v 0.0268250451801354 0.0767297193713201 0.0000476434392191 0.592157 0.290196 0.278431
vn 0.0000104464180110 -0.0001257856647078 -0.0006080952381087
v 0.0357797035865273 0.0740540758054801 0.0022771045848332 0.521569 0.203922 0.188235
vn -0.0000007109330394 0.0000138921057061 -0.0010527313305026
v 0.0697361411658213 -0.0032507790264584 0.0013033622628238 0.525490 0.223529 0.196078
vn -0.0000004676754715 0.0000109084135182 -0.0008367043877486
v 0.0763312319584114 -0.0154171838937299 0.0011321686233872 0.572549 0.247059 0.227451
vn -0.0000002751981386 0.0000121889685046 -0.0009149841504758
v 0.0641719926428783 -0.0200976557302668 0.0010881517645156 0.560784 0.239216 0.211765
vn -0.0000000384592298 0.0000106377033299 -0.0007725869043461
v 0.0579256651618922 -0.0104653004932114 0.0012070617673301 0.549020 0.247059 0.215686
vn -0.0003944154335345 -0.0000270658989470 -0.0001565969638667
v -0.1601570641644439 -0.0347495848392293 0.0027170579016954 0.415686 0.164706 0.168627
vn -0.0004148005747483 -0.0000860643768510 -0.0000593293301906
v -0.1594349125464307 -0.0464439045705852 0.0047196146178141 0.509804 0.231373 0.223529
vn -0.0002341079479007 -0.0000291581490083 0.0000749197066059
v -0.1604213681887572 -0.0378064141288014 0.0085378919690509 0.513725 0.227451 0.231373
vn -0.0000022369899532 0.0006678254107785 0.0000902903966755
v -0.0564318592005647 0.0364844582829035 0.0373695151639250 0.494118 0.211765 0.196078
vn -0.0000005461222969 0.0005917675291632 0.0004290962096749
v -0.0525073684005789 0.0311283580085534 0.0522191973908231 0.509804 0.235294 0.219608
vn -0.0000174095115423 0.0005404144101893 0.0002323068439381
v -0.0455297650893313 0.0346024616028380 0.0460240821415303 0.552941 0.235294 0.223529
vn -0.0003619495009448 -0.0000417762255110 0.0001313410049132
v -0.1426139113553927 -0.0169790583611335 0.0321623694737068 0.490196 0.188235 0.172549
vn -0.0007254064069920 -0.0000666842690233 0.0003744667531050
v -0.1456953160966841 -0.0123654203059775 0.0242708983481461 0.498039 0.200000 0.180392
vn 0.0000144137854498 -0.0006497649396690 0.0002641445463008
v -0.0130265985371659 -0.0522661300887282 0.0392355157972669 0.623529 0.250980 0.231373
vn 0.0000056683928063 -0.0004865240984542 0.0002237965814540
v -0.0021908677107055 -0.0522612485710627 0.0389894149314363 0.635294 0.262745 0.243137
vn 0.0000127060399324 -0.0004292810773094 0.0003941666242181
v -0.0097951844787682 -0.0479501311350002 0.0469327059157183 0.643137 0.294118 0.270588
vn 0.0000211395768865 -0.0009307229710090 0.0005229093598405
v -0.0763985016157681 -0.0540723009081403 0.0376809350263896 0.580392 0.239216 0.219608
vn 0.0000298021417214 -0.0005194658317172 0.0004649132736498
v -0.0795736146592703 -0.0606122729635179 0.0235652512895654 0.505882 0.219608 0.196078
vn 0.0000063837930612 -0.0004888460082384 0.0003316096171023
v -0.0698979076477724 -0.0559732775402549 0.0270200633386192 0.454902 0.164706 0.149020
vn -0.0000040431341925 0.0000219560238598 -0.0005248121538971
v 0.0832779704445452 0.0805647656259257 -0.0006010524382263 0.611765 0.317647 0.301961
vn 0.0000086491847942 0.0002026452139634 -0.0004845983381818
v 0.0718608945945432 0.0821499748898559 0.0000815912335743 0.592157 0.298039 0.286275
vn -0.0000063798519263 0.0005690742615625 -0.0001103997699209
v 0.0814239608088908 0.0860559306857846 0.0057119924750541 0.494118 0.231373 0.227451
vn 0.0000192837277116 0.0005292024604077 -0.0000125450781938
v 0.0178160921081609 0.0860338953199093 0.0085776318093242 0.482353 0.219608 0.219608
vn -0.0003967777210588 -0.0001201817839577 0.0005959927604571
v -0.1559623352087728 -0.0432239937684718 0.0125265104848723 0.607843 0.305882 0.294118
vn 0.0000043200633004 -0.0002219930715118 0.0006317511035084
v 0.0865476987903853 -0.0267620527507141 0.0568022746122471 0.556863 0.239216 0.207843
vn 0.0000029764905980 -0.0001525576229323 0.0006763007489542
v 0.0840958069946543 -0.0172392198222114 0.0594931694657917 0.517647 0.215686 0.196078
vn -0.0000056835456197 -0.0003731843683583 0.0009355427825504
v 0.0737078573701191 -0.0277524944608394 0.0564372736861075 0.545098 0.235294 0.211765
vn -0.0000211433549729 0.0008587495042129 0.0002851374895010
v -0.1035297346757972 0.0352586990599916 0.0442741838859593 0.560784 0.266667 0.243137
vn -0.0003033230769447 0.0007458852840867 0.0000796306094439
v -0.1178765904270568 0.0353988291296402 0.0387562502646530 0.486275 0.211765 0.203922
vn -0.0000039056509794 -0.0005457783145807 0.0007327474418375
v -0.0742937354245699 -0.0679780203805261 0.0192911657692617 0.627451 0.258824 0.243137
vn -0.0000612466521305 -0.0005462931257002 0.0005207274969398
v -0.0599205050594342 -0.0601587772521314 0.0238077471700724 0.517647 0.200000 0.180392
vn 0.0000004478055075 0.0000169616714362 -0.0006851560808470
v -0.0950501284600990 0.0516454737592584 0.0025221934559955 0.552941 0.243137 0.219608
vn -0.0000005260829891 0.0000139493792646 -0.0006840988081339
v -0.0839370501419934 0.0549886597559444 0.0026168606415276 0.509804 0.211765 0.188235
vn 0.0000005240992909 0.0000123917579125 -0.0004982922236133
v -0.0904384912222524 0.0435220312451939 0.0023286901881606 0.564706 0.282353 0.250980
vn -0.0004815253334063 0.0003036141618807 0.0007424238566747
v -0.1217934241718691 0.0169785711487872 0.0555375001419877 0.470588 0.200000 0.184314
vn -0.0001505475524774 0.0005266495693496 0.0006784943104300
v -0.1110849583088913 0.0276405862989773 0.0543796176195396 0.568627 0.298039 0.278431
vn -0.0004451216618481 0.0004677441270347 0.0003758952549586
v -0.1226729836293225 0.0277700087853355 0.0480733629472518 0.537255 0.270588 0.250980
vn 0.0000477693332791 0.0008272787562312 0.0001021166243291
v -0.0365954769273061 0.0361218534486679 0.0315678850389798 0.419608 0.160784 0.149020
vn 0.0000034051269512 0.0008638103470835 -0.0000306326872038
v -0.0257380639651617 0.0364129045591229 0.0355177702010536 0.474510 0.200000 0.184314
vn 0.0000612187232642 0.0003794247270243 0.0001807032988400
v -0.0292598744710973 0.0328242536050778 0.0202074661136069 0.274510 0.094118 0.090196
vn -0.0000056276583447 -0.0004009121151145 0.0000268640598763
v -0.1030700193236424 -0.0842401507355789 0.0057112139019198 0.560784 0.262745 0.254902
vn -0.0000076961814752 -0.0001939034479478 -0.0002156644131598
v -0.1083581501185062 -0.0818813283029790 0.0007287535205558 0.490196 0.211765 0.203922
vn 0.0000085460431709 -0.0001287075613089 -0.0006963882640285
v -0.0993659349609850 -0.0798329510349924 -0.0013016702265393 0.552941 0.266667 0.250980
vn 0.0004132783573345 -0.0000965375014113 0.0005867931433533
v 0.1329517285241775 -0.0159952550897457 0.0522091815811175 0.564706 0.247059 0.227451
vn 0.0002273633408145 -0.0001758324022099 0.0006807150724769
v 0.1232324862385045 -0.0235915352670565 0.0554105155753522 0.564706 0.215686 0.203922
vn 0.0003604098983431 -0.0001716374672681 0.0004821810447340
v 0.1315631290876431 -0.0279457012263820 0.0503145449301908 0.556863 0.239216 0.219608
vn 0.0000358133784679 -0.0000245722315642 0.0010459230467740
v 0.1058101219051152 -0.0051169313680671 0.0606119594751169 0.607843 0.286275 0.258824
vn 0.0000765866736835 -0.0001760821031474 0.0009598871804887
v 0.1090953612244509 -0.0183522123506303 0.0589530768239190 0.549020 0.227451 0.207843
vn 0.0001553719678395 -0.0000183015491014 0.0006791738914951
v 0.1163490079517093 -0.0046634515064536 0.0600412986133501 0.572549 0.262745 0.243137
vn 0.0000001333150800 0.0000144142520036 -0.0005717454422579
v 0.0833590746801221 0.0523727665462115 0.0025633620938277 0.509804 0.215686 0.192157
vn 0.0000007058684054 0.0000062935829371 -0.0006160336006673
v 0.0842404256990632 0.0626495036287709 0.0028033321779276 0.525490 0.227451 0.203922
vn 0.0000011078297101 0.0000144273633365 -0.0006324359369450
v 0.0921295187192942 0.0567965628009709 0.0026917712436745 0.541176 0.231373 0.207843
vn 0.0000007004827295 0.0000999681255211 -0.0008880248014102
v -0.0659103644438476 -0.0640487330421368 0.0006725250994595 0.580392 0.250980 0.227451
vn -0.0000019171247972 0.0001111069476513 -0.0008787057729665
v -0.0539831131829018 -0.0670780385075504 0.0005102682203645 0.568627 0.243137 0.227451
vn 0.0000198253081774 -0.0000642324201128 -0.0006225249072517
v -0.0658283483937832 -0.0770885397950359 -0.0020963072653966 0.592157 0.290196 0.278431
vn 0.0000749425984430 -0.0005128484797780 0.0004345192634013
v -0.0457726951754201 -0.0564383863703923 0.0249204297520158 0.435294 0.168627 0.149020
vn -0.0000596404765899 -0.0005441384326505 0.0003604997536978
v -0.0353247926962689 -0.0557975654740950 0.0266542746568892 0.478431 0.168627 0.149020
vn 0.0000156280656304 -0.0009499204566095 0.0004817338182406
v -0.0447214943192814 -0.0533219179667433 0.0390330720253790 0.639216 0.266667 0.243137
vn 0.0000105777521195 0.0002597063512771 0.0009808347316400
v -0.0508335611313031 0.0152815885482382 0.0589453312343899 0.596078 0.282353 0.262745
vn 0.0000018198108949 0.0002371083731602 0.0005707652091829
v -0.0587702788101112 0.0238029026758854 0.0563275739613188 0.505882 0.235294 0.215686
vn 0.0000082118517653 0.0002631062244371 0.0009536938912282
v -0.0641579767162079 0.0151164702961018 0.0591605878973614 0.486275 0.196078 0.176471
vn 0.0000000098759429 0.0000128793928746 -0.0009091530838183
v 0.0451212081192281 -0.0131685418234415 0.0011727253695695 0.549020 0.235294 0.207843
vn -0.0000004132664412 0.0000098525887933 -0.0008926546371006
v 0.0478940063385101 -0.0239988801072030 0.0010254567526643 0.560784 0.223529 0.196078
vn -0.0000001264236198 0.0000090355697013 -0.0008492348580486
v 0.0367406272732627 -0.0232189364326721 0.0010376486576795 0.556863 0.207843 0.188235
vn -0.0004216087168737 -0.0001548981176487 0.0003516371523324
v -0.1561109637595032 -0.0559059302605826 0.0095234578544832 0.576471 0.282353 0.266667
vn -0.0002840807772292 0.0000113364840342 0.0005931115338097
v -0.1530414692894462 0.0440222253248913 0.0136613050570121 0.501961 0.223529 0.219608
vn -0.0004988849853633 0.0000435404999471 0.0006604006142463
v -0.1566126464022594 0.0277878294873151 0.0129801590886929 0.556863 0.254902 0.243137
vn -0.0002569272128962 0.0001252359814153 0.0008303471238650
v -0.1452458746371971 0.0378929362412895 0.0184301778383139 0.584314 0.254902 0.231373
vn 0.0000168157143836 0.0000962752120721 0.0010293167248634
v -0.0564984345149780 0.0034319183679425 0.0612054587335682 0.556863 0.231373 0.211765
vn 0.0000096660388445 -0.0001023232137160 0.0009955873995674
v -0.0487423791312876 -0.0101454624400090 0.0608377338999846 0.556863 0.223529 0.200000
vn 0.0000124725004519 0.0000763782968963 0.0009658091715566
v -0.0423899226961454 0.0039811351745341 0.0610408610778727 0.615686 0.262745 0.243137
vn -0.0000071154197224 -0.0008674424728495 0.0005277592789083
v 0.0881777338618192 -0.0543828252675618 0.0342259414583716 0.580392 0.227451 0.207843
vn 0.0000144933717422 -0.0009535259647294 0.0006516184229165
v 0.1035474068698609 -0.0502161588162966 0.0411980834443198 0.607843 0.247059 0.223529
vn -0.0000236031414459 -0.0005098579912807 0.0004593113115848
v 0.0887789205242813 -0.0470329288404617 0.0456672608845115 0.588235 0.235294 0.215686
vn 0.0000183453795050 -0.0005619603501971 0.0006609497606287
v -0.0894306727459768 -0.0473507716611873 0.0463927308186509 0.537255 0.235294 0.215686
vn -0.0000025681827658 -0.0002570866238590 0.0004815961198034
v -0.0848744725920356 -0.0386682753745378 0.0517047309347912 0.552941 0.243137 0.219608
vn -0.0000024994964050 -0.0003116991437012 0.0006500168367477
v -0.0948990736421547 -0.0374851621060520 0.0521876178407144 0.541176 0.231373 0.215686
vn 0.0000999664654360 0.0008740422291868 0.0005097668074117
v 0.1087995609710347 0.0349314884566910 0.0274257552016528 0.384314 0.141176 0.129412
vn -0.0000345826270396 0.0002604263681414 0.0009170041442423
v 0.1012201507225503 0.0483484849872554 0.0193736183750260 0.505882 0.180392 0.160784
vn -0.0000176538940125 0.0006195579767437 0.0003641278892481
v 0.0974359149439924 0.0351701361417716 0.0276427054888262 0.392157 0.141176 0.133333
vn 0.0003227993195349 -0.0002843494250706 -0.0002172821880839
v 0.1523192314699306 -0.0659635146922613 0.0024058143892549 0.607843 0.282353 0.270588
vn 0.0003783390925167 -0.0001814800524180 0.0002402859979876
v 0.1568391639517574 -0.0593925512717940 0.0083210624883627 0.576471 0.254902 0.250980
vn 0.0003452403575970 -0.0002835414371070 0.0004567618703538
v 0.1494765114202647 -0.0683130589189698 0.0102973452107254 0.698039 0.337255 0.333333
vn 0.0003544262863615 -0.0004560114875668 0.0008028415655426
v 0.1235567915049377 -0.0367215372687318 0.0504497264194938 0.564706 0.223529 0.207843
vn 0.0003143012696529 -0.0003299559185568 0.0003302238346141
v 0.1318135315022169 -0.0410022161165297 0.0418746964612063 0.584314 0.258824 0.235294
vn 0.0003138133486762 -0.0000652167416473 -0.0001890646541253
v 0.1598035572269000 -0.0501006928652054 0.0029912340750682 0.552941 0.247059 0.239216
vn 0.0004113259919254 -0.0000788746596855 0.0003156484816726
v 0.1595845693366569 -0.0475028657155644 0.0100833097025849 0.627451 0.298039 0.286275
vn -0.0001600017195300 0.0001117318115633 0.0008405198405751
v -0.1138130980236190 0.0087871066204541 0.0601269371373246 0.537255 0.250980 0.231373
vn -0.0000101933573291 0.0001021274513153 0.0008749795562860
v -0.0976848969610068 0.0056232681471922 0.0611535301869510 0.521569 0.243137 0.227451
vn -0.0000023463749895 0.0000206124760186 -0.0007606977145780
v 0.1187842364629099 0.0344510638007582 0.0020616387632394 0.454902 0.200000 0.176471
vn -0.0000030819053462 0.0000231151132997 -0.0007609914688947
v 0.1232637064073431 0.0481080591206687 0.0024352870279812 0.517647 0.219608 0.192157
vn -0.0000040372270667 0.0000213227654588 -0.0007584071397566
v 0.1294295739704601 0.0391661604018527 0.0021445598354046 0.501961 0.223529 0.200000
vn 0.0000170373475523 -0.0000036463475122 -0.0006759063678659
v -0.0460133766623753 -0.0760831526802202 -0.0021076622733463 0.603922 0.298039 0.278431
vn -0.0000058319255591 -0.0001704855441027 -0.0004958496237049
v -0.0557513835137175 -0.0799172847188769 -0.0013237769658399 0.615686 0.321569 0.301961
vn 0.0000211360841191 0.0003193655652479 0.0006120043709713
v 0.0891410078708881 0.0432487539328811 0.0190983872506771 0.466667 0.168627 0.152941
vn -0.0000165777190952 -0.0005570193805476 0.0006284854499446
v -0.0269904693763822 -0.0614427556391117 0.0233007066182876 0.560784 0.227451 0.203922
vn -0.0000276837617259 -0.0003823606250877 0.0005113846083812
v -0.0111977033340537 -0.0634317600450582 0.0224541556742935 0.564706 0.219608 0.200000
vn 0.0000268138601263 -0.0005605318140857 0.0003679031793141
v -0.0130462033896304 -0.0552706933623779 0.0288217812513282 0.517647 0.192157 0.168627
vn 0.0000139439413744 0.0002434947930705 0.0008307599069135
v 0.0552024092604750 0.0156282823848165 0.0586181721086393 0.509804 0.203922 0.188235
vn 0.0000160554197177 0.0001613572940376 0.0006033988364600
v 0.0685304792415133 0.0121983682629109 0.0592699316828484 0.533333 0.219608 0.196078
vn 0.0000202766398925 0.0002946244080121 0.0006897303872685
v 0.0658921535694819 0.0217644864186771 0.0562416593969182 0.501961 0.207843 0.192157
vn -0.0001100916977182 0.0000945668425350 0.0009379947308403
v -0.1342993457566559 0.0579805916724712 0.0184746641382335 0.568627 0.235294 0.215686
vn 0.0000027447977317 0.0004646006301981 -0.0000153103737152
v 0.0636586040456028 0.0859864299417125 0.0057016212231616 0.474510 0.207843 0.215686
vn -0.0000076445608619 0.0003163210817353 0.0000393916616472
v 0.0724737504124315 0.0860268264870074 0.0071323578084711 0.466667 0.203922 0.211765
vn -0.0000432526003834 0.0005123198665808 -0.0002716488744418
v -0.1206503035448217 0.0849926490091352 0.0054243625744290 0.431373 0.196078 0.192157
vn -0.0001374898290180 0.0004572846249350 0.0001617429456452
v -0.1316621044891999 0.0836625656477758 0.0108320207988721 0.419608 0.196078 0.192157
vn -0.0000079387385410 0.0003156838745215 0.0001647371325073
v -0.1198811830641649 0.0842645948105718 0.0120138089288564 0.498039 0.223529 0.223529
vn -0.0000112503712213 0.0005458004756480 0.0005389255791312
v -0.0009527111587744 0.0300109991819629 0.0543592719385964 0.549020 0.270588 0.262745
vn 0.0000128474521337 0.0005298675897262 0.0006664556311549
v 0.0103915954090901 0.0281439266689475 0.0555091862403807 0.501961 0.219608 0.223529
vn -0.0000024384152867 0.0008636645882903 0.0002765917962785
v 0.0062426986939344 0.0351986004739525 0.0435117110683602 0.505882 0.203922 0.196078
vn -0.0000081664450566 0.0006417255451699 0.0002886593167175
v 0.0185201319099105 0.0347241048373671 0.0453791887413607 0.580392 0.247059 0.239216
vn -0.0000018444546354 0.0000073429682271 -0.0007447444133257
v 0.1103680352720110 -0.0204387019806688 0.0010278074789329 0.568627 0.239216 0.211765
vn -0.0000008677062056 0.0000051094775566 -0.0007380371084177
v 0.1206086183780245 -0.0242436715244532 0.0009606578965139 0.560784 0.227451 0.203922
vn 0.0000009051116976 -0.0001685762757325 0.0005279419306174
v -0.0782755876681219 -0.0231674381398285 0.0578803118817863 0.513725 0.219608 0.192157
vn -0.0000036672987695 -0.0001492956091460 0.0007792549174457
v -0.0784258261547871 -0.0135270571166657 0.0602153411804882 0.541176 0.243137 0.219608
vn -0.0000085766283493 -0.0001219948529343 0.0004648901301335
v -0.0873607092934923 -0.0211099602290039 0.0583334083176172 0.560784 0.262745 0.243137
vn -0.0000001111296396 0.0000038776537529 -0.0007713257373728
v 0.0685922262910262 -0.0439861387971428 0.0009139985737560 0.576471 0.231373 0.207843
vn 0.0000000033015353 0.0000011669769267 -0.0004013531843654
v 0.0649989498342543 -0.0353155645361285 0.0009417521201207 0.588235 0.243137 0.211765
vn 0.0000001942603757 0.0000090468200526 -0.0011033767584947
v 0.0717112418257093 -0.0287553741109924 0.0009591238584403 0.588235 0.247059 0.219608
vn -0.0000616288487331 0.0001666308404357 0.0010972129550587
v -0.0275899725350868 0.0069175639181233 0.0603498405036465 0.580392 0.239216 0.215686
vn 0.0000196114453113 0.0001391697970823 0.0006029808379143
v -0.0362390312237734 0.0116850552950816 0.0594064201742280 0.529412 0.207843 0.184314
vn -0.0006650302984420 -0.0004934973613263 0.0003732537882515
v -0.1330102353155122 -0.0414858353769041 0.0343004574682475 0.388235 0.133333 0.129412
vn -0.0003921633567308 -0.0004341653969418 0.0002477441603039
v -0.1245827339788468 -0.0512124164212730 0.0291927986190798 0.341176 0.129412 0.117647
vn -0.0004260312507475 -0.0005495059094289 0.0004851764798202
v -0.1247674606162347 -0.0470823373715738 0.0439154083560562 0.552941 0.282353 0.258824
vn 0.0000045773177415 -0.0000879067776575 0.0008244738725457
v 0.0461476678208581 -0.0091266338942197 0.0610457196718312 0.603922 0.270588 0.247059
vn -0.0000022308425158 -0.0000202193898806 0.0005085403328288
v 0.0569577690719079 -0.0040954015368449 0.0614535442034871 0.525490 0.211765 0.192157
vn 0.0000018991924038 0.0000758435384286 0.0007226789152375
v 0.0514250863741110 0.0041860291246541 0.0611754731638985 0.556863 0.231373 0.215686
vn 0.0000001040287241 0.0000245444664690 -0.0008703994784275
v 0.1021182501380211 0.0475344185914530 0.0024414462518851 0.541176 0.247059 0.219608
vn 0.0000023650864129 0.0000138671029316 -0.0006455421110854
v 0.1017432973842152 0.0588151006167385 0.0027807416087484 0.572549 0.250980 0.227451
vn -0.0000002253164840 0.0000207985657011 -0.0007389316276988
v 0.1122009574711176 0.0554945114310137 0.0027022604062191 0.533333 0.219608 0.188235
vn 0.0000059033101051 0.0009412099261229 0.0003185015641065
v 0.0665424437945479 0.0358218155105417 0.0429609637570428 0.564706 0.223529 0.211765
vn -0.0000379121628370 0.0006557712675290 0.0000869908052561
v 0.0589504280527127 0.0364720516601318 0.0352234493238029 0.478431 0.172549 0.156863
vn -0.0006970618104926 0.0000219260732139 0.0005040362106481
v -0.1368797238412010 -0.0041379542613336 0.0458421036018702 0.482353 0.200000 0.184314
vn -0.0003665515324180 0.0000036421116848 0.0004748171693896
v -0.1307989608372684 -0.0063586936000973 0.0526156591218674 0.533333 0.250980 0.231373
vn -0.0007527887953544 0.0002633061496195 0.0006140514423924
v -0.1305586993462616 0.0105762141663625 0.0502902114932545 0.505882 0.223529 0.207843
vn -0.0000101875012642 -0.0003505618684590 0.0006467120893697
v -0.0324354769416478 -0.0368052722560460 0.0524266513178421 0.600000 0.247059 0.223529
vn 0.0000042598626319 -0.0002832488024717 0.0004975355132128
v -0.0417623885897538 -0.0382761304417554 0.0517089738130684 0.643137 0.274510 0.243137
vn -0.0000164641838996 -0.0006831928670260 0.0006892753063401
v -0.0334291366145649 -0.0480943277301756 0.0447437582338225 0.584314 0.231373 0.211765
vn -0.0000201366093809 -0.0003243604816370 0.0005442013245268
v -0.0691973672411672 -0.0753563406321135 0.0116423041629678 0.462745 0.196078 0.176471
vn 0.0000271135509621 -0.0002578105811963 0.0004040799920799
v -0.0809916695111695 -0.0730009967506733 0.0147252706360084 0.623529 0.243137 0.227451
vn 0.0000271150994199 -0.0003897300289708 0.0003566731429772
v -0.0791606155347097 -0.0816300696783777 0.0111022397563437 0.580392 0.266667 0.254902
vn 0.0000010167205964 0.0000150749066395 -0.0009299979700216
v -0.0775505759458176 -0.0561099438113496 0.0008049875524982 0.521569 0.203922 0.184314
vn -0.0003552282129895 0.0000498308831866 0.0006299759992721
v -0.1254376677376936 0.0003863433114206 0.0564799172191656 0.494118 0.219608 0.203922
vn -0.0000019677264772 0.0000091190958198 -0.0007563779843982
v 0.1170516573720807 -0.0117157731498928 0.0011021662666030 0.529412 0.211765 0.192157
vn -0.0000160949884123 0.0002331244852955 0.0007792379680893
v -0.1028807376837156 0.0166897415063812 0.0592800412635177 0.560784 0.270588 0.250980
vn -0.0000688999267397 0.0001189074272548 0.0003573579179889
v -0.1124447790720122 0.0186380777127770 0.0580922333882756 0.494118 0.219608 0.207843
vn -0.0000006077725543 0.0000199108506065 -0.0008147997481346
v 0.0809457953952793 0.0285312336836479 0.0019745344393292 0.521569 0.247059 0.227451
vn 0.0003063205797622 0.0000648580610085 0.0006230904306972
v 0.1521254159253679 0.0498164806236920 0.0143738251102497 0.580392 0.266667 0.258824
vn 0.0002264808153290 0.0001196035249082 0.0008406858990830
v 0.1409012693927167 0.0591959540717751 0.0172730048951249 0.533333 0.203922 0.184314
vn 0.0002140919764156 0.0000936687170024 0.0009044266065378
v 0.1414338191753767 0.0426584165815217 0.0192683001331213 0.568627 0.231373 0.207843
vn 0.0000123211674878 0.0003460561339078 0.0009802823448462
v -0.0071064743410244 0.0209510766916279 0.0582838600723424 0.521569 0.231373 0.231373
vn -0.0000005519592367 0.0002372495539155 0.0008820341666803
v 0.0054421665915749 0.0182293324973089 0.0587811170110512 0.537255 0.243137 0.235294
vn -0.0000301397117591 -0.0004655072888029 0.0003909493678758
v 0.0963268938241788 -0.0847757779464400 0.0112974744085677 0.654902 0.298039 0.286275
vn 0.0000087304302083 -0.0005257998060736 0.0005183209827420
v 0.0830041609164398 -0.0827891262470035 0.0123652822125132 0.588235 0.274510 0.258824
vn -0.0000187714108764 -0.0006004716308835 -0.0003015329364599
v 0.0938149924783950 -0.0853139683788965 0.0025344805700768 0.619608 0.294118 0.282353
vn -0.0000205193078347 -0.0006251915245083 -0.0002523773187409
v 0.0778695525755236 -0.0856790106221492 0.0040389106925950 0.584314 0.270588 0.262745
vn 0.0000155515568388 0.0001758552854336 0.0007090243174187
v 0.0868983750658976 0.0116628707902643 0.0589377031611142 0.494118 0.196078 0.180392
vn 0.0000337785683157 0.0001207338271719 0.0007714162379814
v 0.1010274614002615 0.0037929717112472 0.0601233464306453 0.549020 0.227451 0.207843
vn 0.0000206331226532 0.0001644033790392 0.0005809066450817
v 0.1040355550130814 0.0132391120874927 0.0580688971361953 0.505882 0.203922 0.188235
vn -0.0000000170871804 0.0000394657059312 0.0006156406671334
v 0.1056482462916633 0.0571799012460626 0.0197329662729980 0.525490 0.196078 0.176471
vn 0.0000562371650936 0.0001450996383814 0.0005794464975717
v 0.1119567530877092 0.0478021087980314 0.0193665381270116 0.537255 0.203922 0.180392
vn 0.0000016041421751 0.0000074063443520 0.0005351709629277
v 0.1155046368360474 0.0579421377032977 0.0197734068112818 0.549020 0.200000 0.180392
vn -0.0000484521031824 0.0000605780407564 -0.0008120742656778
v 0.1294289391403014 -0.0600545960166002 0.0007123266048261 0.541176 0.231373 0.207843
vn 0.0000007107171838 0.0000054774200309 -0.0005698962382599
v 0.1321699624855971 -0.0507064683153904 0.0008710000673988 0.556863 0.239216 0.211765
vn -0.0000830494892883 0.0000499672403108 -0.0007157864162067
v 0.1403216850173095 -0.0557184493539279 0.0007830276768046 0.517647 0.235294 0.207843
vn 0.0002107588931620 -0.0004057913935329 0.0006898765552519
v 0.1374247337059565 -0.0756599704419431 0.0115351048112643 0.537255 0.227451 0.219608
vn 0.0000959154846742 -0.0003547739579564 0.0003303522754240
v 0.1266952431126857 -0.0833246817410700 0.0090020163059525 0.619608 0.274510 0.274510
vn 0.0001583545547834 -0.0003272354262581 -0.0000781440896922
v 0.1354769654894372 -0.0804709946691417 0.0060602565797701 0.588235 0.266667 0.262745
vn -0.0001316580505145 0.0003767898564829 -0.0006432515575469
v -0.1331972989949793 0.0807076524304549 0.0015887648891914 0.600000 0.298039 0.290196
vn 0.0000189918740679 0.0006544227423678 -0.0000591911992968
v -0.1051153515731024 0.0853458171031171 0.0063022627379528 0.474510 0.219608 0.211765
vn -0.0000123825607436 0.0001396016098876 -0.0004984286107568
v -0.0973466290401419 0.0794803182323161 -0.0001264636954571 0.560784 0.274510 0.262745
vn -0.0000050332014749 0.0001768941713461 -0.0003179713416861
v -0.1076859112842282 0.0808739723912666 0.0005089529595063 0.596078 0.301961 0.286275
vn -0.0000106593055963 -0.0003043351094613 0.0003488958705857
v 0.0540152367060840 -0.0825793220775582 0.0120792168178568 0.650980 0.309804 0.298039
vn -0.0000166919360796 -0.0005547716741404 -0.0000491292865776
v 0.0474552346500323 -0.0852148703752672 0.0069241328526904 0.494118 0.207843 0.203922
vn -0.0000031835921933 -0.0006041951797471 -0.0002108577168726
v 0.0623092720864675 -0.0853586630524471 0.0047634562999360 0.521569 0.215686 0.219608
vn -0.0000080663142450 -0.0002112753728833 -0.0005948837296168
v 0.0553757045478984 -0.0792999077349791 -0.0010262926979571 0.560784 0.258824 0.243137
vn -0.0000011186567959 -0.0000977569240990 -0.0005108904291259
v 0.0172478493008807 0.0693914552637803 0.0027387191451835 0.549020 0.231373 0.203922
vn 0.0000109253324269 -0.0000520561808755 -0.0006304271415941
v 0.0140208444800363 0.0782399431186118 -0.0005847696130306 0.560784 0.258824 0.258824
vn -0.0000103490412926 0.0002851564028290 0.0008792592460506
v 0.0918531363744275 0.0750288175773021 0.0150278586016023 0.549020 0.227451 0.203922
vn -0.0000226432372578 0.0002701522947759 0.0009130549144778
v 0.1051255428579462 0.0712505710194962 0.0173381630181654 0.529412 0.219608 0.196078
vn -0.0000122858010164 0.0003688194037966 0.0005001898849862
v 0.1046891989335013 0.0834757594835556 0.0128953886927001 0.525490 0.243137 0.235294
vn -0.0003794937181783 0.0005172837723925 0.0000475440152252
v -0.1449128168394351 0.0780404964920016 0.0076527875043824 0.419608 0.192157 0.192157
vn -0.0001839985139458 0.0001844831072861 -0.0005314880770654
v -0.1463497692578833 0.0709863042604513 0.0005320248324866 0.541176 0.254902 0.243137
vn -0.0000027257436774 0.0000111396421712 -0.0005296027220970
v 0.1159606243000511 0.0126589155318449 0.0014576358667815 0.490196 0.223529 0.203922
vn -0.0000382469523428 -0.0005160797213139 0.0007886069623700
v -0.0595256648466872 -0.0698544510223640 0.0180437245502151 0.584314 0.223529 0.196078
vn 0.0000366915684357 -0.0004417353172847 0.0005832548414323
v -0.0501652597117301 -0.0650103064293066 0.0214833348204881 0.576471 0.227451 0.211765
vn 0.0000487353436387 -0.0006421344733597 0.0003590826776077
v -0.0560015316830118 -0.0554177518126614 0.0332708476594361 0.556863 0.207843 0.192157
vn 0.0000050817605212 -0.0003385031202371 0.0005590470651527
v -0.1044184195728605 -0.0427854033500109 0.0495743998304192 0.541176 0.235294 0.215686
vn 0.0000052954266703 -0.0004610700330826 0.0003760858732497
v -0.1000626022913742 -0.0504031181491152 0.0433955557709654 0.556863 0.243137 0.227451
vn 0.0002336874821511 -0.0000290095650687 -0.0001215873733735
v 0.1601734044439639 -0.0418770746569184 0.0017691862820413 0.572549 0.262745 0.250980
vn 0.0001250565865007 0.0000275257763291 -0.0007177300224690
v 0.1572870840910189 0.0313039274902329 -0.0000307324883696 0.592157 0.298039 0.286275
vn -0.0000952228569665 0.0000438591002233 -0.0007693555993471
v 0.1451238662283042 0.0226357371387352 0.0015268935516910 0.443137 0.203922 0.188235
vn -0.0000719446604324 -0.0000051067737760 -0.0009377288105423
v 0.1435766471141526 0.0323731537493682 0.0018607683365871 0.419608 0.196078 0.172549
vn -0.0003802106327270 0.0001092800279815 -0.0000824950046423
v -0.1595162496387670 0.0539902060213725 0.0070182944653670 0.435294 0.196078 0.200000
vn -0.0002616540091134 0.0000170054546261 0.0001262512024125
v -0.1591055617964424 0.0469064840795065 0.0118522980887149 0.517647 0.227451 0.231373
vn -0.0003200895899680 0.0000852741912109 0.0005035925480073
v -0.1556033631523371 0.0547235462445576 0.0136689644544292 0.552941 0.270588 0.258824
vn -0.0000145923127515 -0.0003697714801750 -0.0001605291857226
v -0.0638891625689935 -0.0845131144594506 0.0034510238829010 0.466667 0.192157 0.188235
vn 0.0000292464653386 0.0004103048153652 0.0006038465258064
v 0.0465385330074430 0.0412494942380166 0.0189309023505230 0.470588 0.184314 0.168627
vn 0.0000009978720381 -0.0000275189593506 0.0007299823154633
v 0.0399565223048594 0.0492906979161629 0.0195285222624734 0.513725 0.200000 0.180392
vn 0.0000071378622122 0.0003506200093010 0.0003939412464942
v 0.0349527450107677 0.0401910267303482 0.0188220039380786 0.462745 0.180392 0.164706
vn -0.0000004719753001 0.0000079931690155 -0.0007764018398335
v 0.0732493173110204 -0.0539062868544779 0.0008472594366655 0.529412 0.211765 0.188235
vn 0.0000006190571860 0.0000090792882858 -0.0007850697024881
v 0.0578908154135632 -0.0544337690671881 0.0008414716501531 0.552941 0.219608 0.196078
vn 0.0006278992651843 -0.0000449123566138 0.0002796947126441
v 0.1519888061365523 -0.0104755883931420 0.0205257041669524 0.501961 0.192157 0.168627
vn 0.0005103200178455 -0.0000486418184144 0.0001915278763864
v 0.1496876081131708 -0.0198343037126128 0.0254047144411744 0.552941 0.250980 0.227451
vn 0.0006838553433461 -0.0000291634429114 0.0004841357786199
v 0.1519798862082257 -0.0258637962372559 0.0163554912332216 0.498039 0.192157 0.168627
vn 0.0000045617077744 0.0000212252432804 -0.0007532175200000
v -0.1070280279092953 0.0233262136823114 0.0017776375508551 0.458824 0.207843 0.192157
vn 0.0000032796408534 0.0000210324039277 -0.0007904945209482
v -0.1101801408695678 0.0343624704210397 0.0020471292244512 0.521569 0.254902 0.231373
vn 0.0000014891505552 0.0000107266480999 -0.0004324001093791
v -0.1011710219962364 0.0304271341301910 0.0019903946995641 0.501961 0.219608 0.200000
vn 0.0000088078270169 0.0003638789022451 0.0006108927352706
v -0.0422556283812792 0.0817216268354470 0.0131924805976970 0.541176 0.243137 0.239216
vn -0.0000102005438180 0.0004997520428220 -0.0001505613432269
v -0.0447193454657311 0.0863536410294927 0.0055366113407731 0.509804 0.235294 0.231373
vn 0.0000080684074493 0.0002957031483428 0.0001511881083678
v -0.0502414928059005 0.0853183743562800 0.0105454284660472 0.498039 0.219608 0.211765
vn 0.0000014860914191 -0.0000501977943473 -0.0007722344800566
v -0.0856557664142470 0.0664651700088229 0.0027654909879145 0.494118 0.215686 0.192157
vn -0.0000052410737458 -0.0000639700160714 -0.0007025235354678
v -0.0697081135936088 0.0666284396792637 0.0027292644802276 0.498039 0.203922 0.184314
vn 0.0000002917374139 0.0000155793215428 -0.0008795491499969
v -0.0723318846794143 0.0550688022208768 0.0026081451221119 0.584314 0.266667 0.231373
vn 0.0000192699639371 0.0000149013641002 -0.0009449277028208
v -0.1307872721742083 -0.0476374587912297 0.0006163812740869 0.533333 0.219608 0.196078
vn 0.0000065998796477 0.0000098194130347 -0.0007577772721478
v -0.1189968376180095 -0.0462340606197669 0.0007945041341853 0.517647 0.203922 0.180392
vn -0.0000035955014193 0.0000715609424120 -0.0013411516083714
v -0.1168501069360443 -0.0579104126326184 0.0005861304976721 0.549020 0.231373 0.203922
vn -0.0001321577058400 0.0001454182973959 0.0004377769820199
v -0.1449724355522413 0.0709141278068320 0.0147239603801950 0.580392 0.270588 0.274510
vn -0.0002374920074307 0.0001532719144276 0.0003100775885287
v -0.1523460451725460 0.0661275070555362 0.0133032084888035 0.619608 0.305882 0.298039
vn -0.0005073606410307 0.0002649883033409 -0.0001414995294931
v -0.1547566107894104 0.0667455268043104 0.0067534084776035 0.490196 0.239216 0.235294
vn -0.0000006967332114 0.0000153302850408 -0.0005857951256554
v -0.0142971020658939 -0.0609633353394571 0.0007569554813644 0.537255 0.215686 0.196078
vn -0.0000004291926572 0.0000104187872808 -0.0008343524772683
v -0.0044747766382288 -0.0531321047038005 0.0008568951543679 0.568627 0.239216 0.215686
vn -0.0001788670721783 0.0000804030447713 -0.0005887751586228
v -0.1519399830317222 0.0553794018188784 -0.0006320253104409 0.509804 0.231373 0.223529
vn -0.0000089445108762 0.0004469586899341 -0.0003641812932208
v -0.0581584088128531 0.0847105998509492 0.0027167599102159 0.478431 0.223529 0.215686
vn -0.0000285146782569 0.0005975425498275 -0.0002700631881546
v -0.0721060864479094 0.0853677477116468 0.0044135555517417 0.501961 0.239216 0.243137
vn -0.0000027736842977 0.0003260400480119 0.0000566366116329
v -0.0598147993567818 0.0860245717316005 0.0080156293823127 0.537255 0.258824 0.254902
vn 0.0001011486375736 0.0001764084953062 0.0007873758161201
v 0.1303678165295374 0.0661583988154793 0.0182406497511622 0.568627 0.223529 0.200000
vn 0.0000049792563803 -0.0003698228542164 0.0004885709670020
v 0.0987581712025790 -0.0438040365211170 0.0485744571707359 0.576471 0.215686 0.200000
vn -0.0000142345702977 0.0006617785726305 0.0003141064941374
v -0.0260559518130976 0.0345645230171544 0.0461231018679734 0.568627 0.243137 0.227451
vn 0.0000043275958769 0.0005555101881775 0.0001033043061161
v -0.0341134888087795 0.0361725735313661 0.0409528784573036 0.545098 0.235294 0.215686
vn 0.0000202451438249 0.0003970495999765 0.0003063889793913
v -0.0360001113124447 0.0327473007574950 0.0498382091187094 0.490196 0.196078 0.184314
vn -0.0000328241684852 -0.0005714219662594 0.0007789344550238
v -0.0891223698362975 -0.0692205452939846 0.0179717933939662 0.603922 0.250980 0.223529
vn -0.0000317778882877 -0.0007475993084329 0.0004235184658307
v -0.0892830965869904 -0.0560746871982397 0.0292671107082506 0.458824 0.164706 0.149020
vn 0.0000079938159269 0.0003038648502096 0.0003238418367495
v 0.0597425979480103 0.0825982735901918 0.0132790955783442 0.654902 0.309804 0.309804
vn -0.0000114960486708 0.0003093550030083 0.0004698364776395
v 0.0700646143897505 0.0817483818080862 0.0135670991166606 0.572549 0.266667 0.258824
vn -0.0000224907384155 -0.0000648055029210 0.0007109837433357
v -0.0965347617539065 -0.0044117411871832 0.0613187650137532 0.509804 0.231373 0.211765
vn -0.0000028541081203 -0.0000435690403036 0.0004446319447493
v -0.0869658042287807 -0.0059422871940886 0.0613801460279599 0.556863 0.258824 0.239216
vn -0.0000019653578353 0.0001025165785633 0.0009056530155201
v -0.0855429002210509 0.0032917133630618 0.0614841683987862 0.537255 0.254902 0.231373
vn 0.0000032783139051 -0.0005349104944789 0.0006905414478054
v 0.0188325204917031 -0.0806396143482250 0.0118548882596215 0.541176 0.231373 0.231373
vn -0.0000100729189469 -0.0005316204453554 -0.0002600095410896
v 0.0110237537117638 -0.0843502566538707 0.0030380765652173 0.501961 0.215686 0.215686
vn -0.0000078897927149 -0.0004132937311598 0.0000728997126387
v 0.0245939129634037 -0.0848784004698456 0.0062007676807197 0.603922 0.282353 0.274510
vn 0.0000158134118089 -0.0004997618585179 0.0003630795691694
v 0.0034987601415208 -0.0830936408128968 0.0105224162393111 0.564706 0.262745 0.254902
vn 0.0000004358736034 0.0000008301113432 -0.0006577376237292
v 0.1330423841934137 -0.0366739199141145 0.0009312367104957 0.545098 0.227451 0.200000
vn -0.0000034188270062 -0.0002442819106117 0.0006332724731127
v -0.0854674675060970 -0.0296599555122047 0.0557505320185260 0.517647 0.219608 0.200000
vn -0.0000196924468534 -0.0002599043381514 0.0008199482109893
v -0.0971652624853400 -0.0265457634252795 0.0566027046990279 0.560784 0.254902 0.231373
vn 0.0000007706811374 0.0005292005432195 -0.0000456025141552
v 0.0984405908950642 0.0861822717943966 0.0065811708387604 0.439216 0.200000 0.196078
vn -0.0000060653648506 0.0003317798282180 0.0003220787922387
v 0.0925093383601647 0.0836822063606410 0.0126475288384516 0.513725 0.235294 0.227451
vn -0.0000002933078016 0.0000198375633367 -0.0010393614311983
v 0.0778378912447546 0.0079691094348628 0.0014506232321071 0.490196 0.196078 0.176471
vn -0.0000012403018785 0.0000164198566087 -0.0008388503804807
v 0.0602385484523855 0.0087241639040063 0.0014581411187775 0.564706 0.250980 0.231373
vn 0.0005075390945005 -0.0002896800288048 0.0004877982568208
v 0.1367789729032742 -0.0325948547538044 0.0432905755367393 0.619608 0.301961 0.282353
vn 0.0000478996120386 -0.0009786833545439 0.0004152424114519
v -0.1042273107456347 -0.0558369747051593 0.0332917626005216 0.556863 0.227451 0.203922
vn -0.0000124452558845 -0.0005316967418931 0.0004709604547704
v -0.0986505347970732 -0.0580370193690485 0.0243646746880608 0.450980 0.172549 0.152941
vn -0.0000506228177359 -0.0000933072797210 -0.0008168451664069
v -0.1396100343063384 -0.0694247805626404 -0.0019898298939702 0.423529 0.176471 0.160784
vn -0.0002343852285635 -0.0004683485822818 -0.0002165707375025
v -0.1370372403928163 -0.0784180291324797 0.0033536226057362 0.411765 0.188235 0.192157
vn -0.0000004435091176 0.0000193202812019 -0.0009358354439238
v 0.0294916064593657 0.0508295521996478 0.0025110572915432 0.564706 0.239216 0.211765
vn 0.0000004004127279 0.0000163894736349 -0.0009811090364647
v 0.0189281398827804 0.0584176372724537 0.0027000200841691 0.560784 0.243137 0.219608
vn -0.0000007642402450 0.0000194497591907 -0.0010063998054742
v -0.0199193590618995 0.0102771753604478 0.0014851079322390 0.454902 0.196078 0.172549
vn -0.0000003094454263 0.0000142846151645 -0.0005201682356026
v -0.0142711823480770 0.0188570790900011 0.0017396377557281 0.560784 0.286275 0.258824
vn 0.0000005825029726 0.0000166027528155 -0.0007608866962040
v -0.0050092187991632 0.0122482338733371 0.0015211623832791 0.501961 0.235294 0.215686
vn 0.0000265559559602 -0.0005866873302454 -0.0003190853050797
v 0.1102294587881717 -0.0859008982552979 0.0034845447687129 0.450980 0.172549 0.180392
vn 0.0000818963317418 -0.0005885979080397 0.0006519587803343
v 0.1112151929908562 -0.0843139188516539 0.0113729576829667 0.627451 0.286275 0.274510
vn -0.0000000944547446 0.0000169651108768 -0.0008479360727261
v 0.0076824261367013 0.0510552699603683 0.0025153710755789 0.545098 0.243137 0.215686
vn -0.0000021050220406 -0.0001177612047102 -0.0009980304922591
v 0.0074771642204018 0.0673205671469695 0.0027419475486493 0.545098 0.239216 0.215686
vn 0.0002199428201817 -0.0000785655138769 0.0006612875856302
v 0.1212456475833255 -0.0138230325751466 0.0581527443091249 0.568627 0.254902 0.235294
vn -0.0000001379705466 0.0000035785065304 -0.0006652413850122
v -0.0045680465702137 -0.0342141971188869 0.0009462523978585 0.572549 0.239216 0.211765
vn -0.0000006446287031 0.0000051092878338 -0.0006190712239194
v 0.0063955413294949 -0.0273957785191661 0.0009677628106561 0.588235 0.262745 0.239216
vn -0.0000000680490752 0.0000017230608643 -0.0004909110877663
v 0.0059115715157261 -0.0378657962875071 0.0009368140756170 0.556863 0.219608 0.200000
vn 0.0003947137568622 0.0003604570480154 0.0003299080158973
v 0.1271246063891825 0.0216513904784297 0.0476480993373306 0.458824 0.188235 0.172549
vn 0.0001931684521629 0.0002528301531509 0.0004794382463595
v 0.1177559320814953 0.0224941614194651 0.0536012314667451 0.529412 0.243137 0.235294
vn 0.0006884076168280 0.0003896140944924 0.0008316321992152
v 0.1293442030995512 0.0103782925321855 0.0524991148816087 0.521569 0.227451 0.215686
vn 0.0000240449949417 0.0001057791123591 -0.0009061747624868
v 0.0178639563340030 -0.0647111595516938 0.0006500494926112 0.509804 0.200000 0.184314
vn -0.0000024521846739 0.0000582261307497 -0.0008556512821326
v 0.0070400078367132 -0.0581059988400030 0.0007989708520057 0.533333 0.211765 0.188235
vn 0.0000000520215471 0.0000093644471552 -0.0009617417776711
v 0.0180889010450568 -0.0520396905453991 0.0008563439044894 0.580392 0.239216 0.211765
vn -0.0000192640985222 0.0000128531638076 -0.0006580002077838
v 0.1533583920447970 0.0161422107521504 -0.0011143293329560 0.552941 0.270588 0.254902
vn 0.0000149885890285 0.0000098894167806 -0.0005722712222566
v 0.0401716924324642 -0.0744582470797133 -0.0011977317859190 0.619608 0.309804 0.286275
vn 0.0000119991998902 -0.0001528699998132 -0.0004260821337856
v 0.0452982179609726 -0.0801901424980897 -0.0002540772091947 0.607843 0.305882 0.290196
vn 0.0000124043355983 -0.0004342684667731 -0.0002664330430677
v 0.0360863787028424 -0.0834359892335485 0.0019281506198340 0.639216 0.313725 0.298039
vn 0.0000000000832387 0.0000101303488603 -0.0007343918480884
v 0.0070873383991217 -0.0003222071900499 0.0013653758711699 0.517647 0.200000 0.180392
vn -0.0000003146101413 0.0000083731252597 -0.0006165529762013
v 0.0183854832475482 -0.0017786844114481 0.0013414584702214 0.611765 0.274510 0.250980
vn -0.0000001355980814 0.0000106785887548 -0.0007571550714472
v 0.0180549925156988 -0.0119804180882153 0.0011880096275678 0.556863 0.215686 0.192157
vn -0.0000507631972261 -0.0004531358719238 0.0007768695195215
v 0.0403130796970747 -0.0710499098810182 0.0168093384904185 0.623529 0.243137 0.215686
vn 0.0000130455693750 -0.0005137902182744 0.0007120301527175
v 0.0277867249263607 -0.0665689888697953 0.0203960847567992 0.627451 0.258824 0.231373
vn 0.0000025810028743 -0.0003458298837925 0.0006142488815466
v 0.0281327032279260 -0.0744565696128075 0.0124731990221867 0.572549 0.203922 0.188235
vn -0.0000338473345047 -0.0004694349105585 0.0004756157054697
v 0.0355237281392592 -0.0827829613250810 0.0114009578458420 0.654902 0.317647 0.301961
vn 0.0004778809532055 0.0002091563423146 0.0004917472156978
v 0.1487975835925578 0.0189169053847287 0.0228321328062474 0.545098 0.223529 0.203922
vn 0.0006116923449875 0.0002842263438207 0.0004284952840496
v 0.1465529787536717 0.0086078053810141 0.0298808856081746 0.501961 0.200000 0.188235
vn 0.0007938294242701 0.0000532340326363 0.0005872377101479
v 0.1546059831489449 0.0084676704024232 0.0136840142237089 0.498039 0.203922 0.184314
vn 0.0006177834539302 0.0000409811240872 0.0002460013644908
v 0.1519440367696927 -0.0002162146415893 0.0239063922565902 0.564706 0.254902 0.235294
vn -0.0000112292027583 0.0006191159638784 -0.0001696139885952
v -0.0884620534335585 0.0851001524508389 0.0046585023333378 0.490196 0.231373 0.223529
vn -0.0000047665653347 0.0000812268270499 -0.0006809934205740
v -0.0841414061622715 0.0781614016181508 -0.0004220517864135 0.552941 0.266667 0.254902
vn -0.0001486940439200 -0.0005272275732545 0.0004909284379638
v -0.1285431302770451 -0.0807607860980572 0.0098874479904924 0.509804 0.219608 0.219608
vn 0.0004811278887367 -0.0000571064864165 0.0002508829701783
v 0.1453417068852593 -0.0222297981844937 0.0345722810616726 0.576471 0.262745 0.243137
vn 0.0005302357521860 -0.0001964598041697 0.0003674389802120
v 0.1434268382189201 -0.0325604264511615 0.0350026239564950 0.611765 0.278431 0.258824
vn 0.0005268493527594 -0.0000786578727458 0.0002380873964083
v 0.1478406440426879 -0.0291985050606859 0.0274614955650387 0.545098 0.231373 0.211765
vn 0.0000278904520683 -0.0006470371779292 0.0004105922063346
v -0.0038482311588673 -0.0548688672446648 0.0302067222758766 0.501961 0.176471 0.160784
vn 0.0000032419351783 0.0002391231239675 0.0005029531730916
v 0.0055082499567747 0.0830664532579334 0.0129585455872992 0.482353 0.203922 0.207843
vn 0.0000093067633112 0.0005932650097153 0.0000210263292912
v 0.0010547886264725 0.0862567676805367 0.0077517948465682 0.470588 0.211765 0.219608
vn -0.0000028101993712 -0.0003072944030684 0.0004975010008964
v -0.1007934605792750 -0.0804127325999291 0.0117312649251535 0.592157 0.266667 0.254902
vn 0.0000600295929288 0.0002373232546563 0.0004982633856367
v 0.1285940821789481 0.0761603686065293 0.0147189348031056 0.552941 0.258824 0.250980
vn 0.0001124271511384 0.0002457731747654 0.0001125264286422
v 0.1330075066147638 0.0814244301782391 0.0107293427744138 0.470588 0.223529 0.219608
vn 0.0000553486677162 0.0002781330754124 0.0001651136572902
v 0.1246788396938921 0.0844638486119131 0.0100882403378952 0.431373 0.196078 0.200000
vn -0.0003324816398959 0.0000431839873441 -0.0005736474230879
v -0.1581299660758997 0.0462919920014506 0.0009746634939505 0.513725 0.239216 0.239216
vn 0.0001033548533891 -0.0000403643081537 -0.0005117387802791
v 0.1516566148299822 -0.0577486897664363 -0.0014207348494360 0.588235 0.278431 0.266667
vn 0.0000492321588463 -0.0000076480165600 -0.0008869339395875
v 0.1536157143315814 -0.0435593228666244 -0.0014268465563162 0.556863 0.270588 0.254902
vn -0.0000018158936027 0.0000284215568940 -0.0011505268440708
v 0.0930999203495694 0.0180045895934991 0.0016948753208925 0.447059 0.203922 0.180392
vn -0.0000001102557644 0.0000129527717141 -0.0006421477789885
v 0.0893867006203127 0.0070321104234274 0.0014301399638127 0.517647 0.235294 0.207843
vn -0.0000005249819447 0.0000154796238004 -0.0006115009114188
v 0.0822942437488725 0.0178117582995698 0.0017017479520163 0.478431 0.227451 0.203922
vn -0.0000132427231667 0.0004310464080307 0.0005400128865427
v 0.0369207294546861 0.0827331081145416 0.0132263681146276 0.525490 0.227451 0.231373
vn -0.0000098866271362 0.0006895725728708 -0.0000630270325928
v 0.0487142998972418 0.0860313358669326 0.0073139560620525 0.517647 0.231373 0.239216
vn -0.0000002637040201 0.0000029432992533 -0.0006950270270910
v -0.0116033043458203 -0.0427968149153707 0.0009243300896076 0.525490 0.192157 0.168627
vn -0.0000000909541298 0.0000022483166447 -0.0004768458580236
v -0.0018907099582487 -0.0437239699030131 0.0009180840817961 0.596078 0.254902 0.227451
vn 0.0000184409963230 0.0001918498835559 0.0006584662660297
v -0.1003676647246998 0.0697223350147334 0.0175788096607546 0.517647 0.203922 0.184314
vn -0.0000064752707127 0.0001558445660809 0.0005433548536121
v -0.1109834631337975 0.0719447200620268 0.0166766473516506 0.501961 0.196078 0.176471
vn -0.0000053854428845 0.0000713712160637 0.0005792402451444
v -0.1077311402376423 0.0635009824254683 0.0189834047338938 0.549020 0.215686 0.196078
vn 0.0000088253353818 0.0000122041053253 -0.0010893474254014
v -0.1217552487749041 -0.0009589689960737 0.0012141841400906 0.560784 0.250980 0.223529
vn 0.0000110709934436 0.0000177461818208 -0.0009248484492957
v -0.1286886420161066 0.0119765527700713 0.0012817136026666 0.458824 0.200000 0.180392
vn -0.0000001652304593 0.0000095847198984 -0.0008842786961047
v 0.0470433071589538 -0.0540205323368729 0.0008483677901431 0.572549 0.235294 0.203922
vn -0.0000000442178170 0.0000078706048457 -0.0010722671801705
v 0.0348697961104089 -0.0473130017445991 0.0008952951424417 0.596078 0.243137 0.211765
vn -0.0000002789751562 0.0000061481791547 -0.0011065219164929
v 0.0436154568678956 -0.0379824145190519 0.0009370437756477 0.572549 0.231373 0.203922
vn 0.0000031391849302 0.0000684560069282 -0.0007041339806735
v -0.0420058390305909 -0.0642524937431469 0.0006637029102874 0.576471 0.235294 0.207843
vn 0.0000007170705732 0.0000098384498542 -0.0005470731735699
v -0.0502797604625235 -0.0544948195397613 0.0008516710335683 0.592157 0.254902 0.223529
vn -0.0000003094694509 -0.0000904210573159 -0.0007156204556828
v 0.1153501111077193 -0.0772007307364884 -0.0014983819680128 0.611765 0.321569 0.290196
vn 0.0000854522603711 -0.0004441174469347 -0.0002317933272826
v 0.1252103412737737 -0.0833028883697844 0.0021259574614111 0.568627 0.258824 0.239216
vn -0.0000006268958990 0.0000160957078541 -0.0005436645260703
v 0.1130104380159606 0.0445576181737457 0.0023497927348774 0.517647 0.215686 0.196078
vn -0.0000333546481823 -0.0005294116540721 0.0004724315112401
v -0.1113479229916912 -0.0497698704546029 0.0452872051188950 0.541176 0.247059 0.231373
vn -0.0000638548676161 -0.0002435842442451 0.0004566977314959
v -0.1136364216763670 -0.0419679479129723 0.0497088159439220 0.564706 0.278431 0.258824
vn 0.0000005735573059 0.0000037314821672 -0.0006086977985249
v -0.0768045355714801 -0.0420435349993766 0.0009194461444148 0.580392 0.247059 0.219608
vn 0.0000008193543129 0.0000079191578933 -0.0009869447199464
v -0.0640903047479154 -0.0494363529749290 0.0008856705506652 0.572549 0.239216 0.215686
vn -0.0000217405055637 0.0002264443558095 -0.0005441249949752
v 0.0600916926169677 0.0819234686178893 0.0000382443571592 0.603922 0.298039 0.286275
vn 0.0000000797910085 0.0000163045765768 -0.0006624679783041
v -0.0811050294514205 0.0432693158786309 0.0023240416689719 0.478431 0.207843 0.180392
vn -0.0000128419179232 -0.0001963780518826 0.0008162631885321
v -0.0357143304546425 -0.0205582994696945 0.0588616366597182 0.545098 0.200000 0.188235
vn -0.0000335824823810 -0.0000706075362689 0.0011166018589703
v -0.0340119184839841 -0.0070084297471104 0.0609755389079478 0.611765 0.262745 0.239216
vn 0.0000006127788509 0.0000107691450403 -0.0007983713444861
v -0.0666183219575561 -0.0066070610943064 0.0012666084721003 0.552941 0.239216 0.207843
vn 0.0000004098646193 0.0000121420337824 -0.0008466588295477
v -0.0575407087721544 -0.0107765622662922 0.0012125079847507 0.560784 0.243137 0.215686
vn 0.0000008254063355 0.0000121768327809 -0.0009737476719051
v -0.0704468081718887 -0.0190904269086380 0.0011003774294855 0.549020 0.239216 0.215686
vn 0.0000246148517335 0.0008403604198229 0.0000742447561361
v -0.0143384878392273 0.0360247893696386 0.0313261264847634 0.443137 0.180392 0.172549
vn -0.0000951607286895 0.0003806487966498 0.0001544295885864
v -0.0209704795292615 0.0346045058636039 0.0246628410733819 0.352941 0.133333 0.125490
vn 0.0003652341064347 0.0004026380501004 0.0003281169678246
v 0.1361204022100118 0.0157607135983901 0.0306909239156513 0.337255 0.125490 0.113725
vn 0.0005600761193541 0.0003908393313812 0.0001937364776120
v 0.1314578519991460 0.0204367132656983 0.0384809568250746 0.360784 0.133333 0.125490
vn 0.0006708958905308 0.0004168393419259 0.0004148862362000
v 0.1385285841164182 0.0101543583068399 0.0397519864178688 0.466667 0.184314 0.172549
vn 0.0000120968720724 0.0003519294202429 -0.0002473015733243
v 0.0136086170311937 0.0837087054152771 0.0011249388385994 0.533333 0.258824 0.250980
vn 0.0000523339035810 0.0000424538897185 0.0008111341286597
v 0.1307120829213358 0.0519950063485822 0.0194392074564386 0.545098 0.203922 0.180392
vn 0.0000416084109837 0.0000865365437710 -0.0009330407980645
v -0.1040631204141331 -0.0629679355949264 0.0005533623283348 0.521569 0.223529 0.200000
vn 0.0000000414891603 0.0000132643021376 -0.0009034915258291
v -0.1118892218289291 -0.0743195689969947 -0.0018445642540637 0.545098 0.247059 0.235294
vn -0.0001829519056013 -0.0002915552845639 0.0006891978648446
v -0.1199768721686107 -0.0355438957656504 0.0517553020609674 0.556863 0.266667 0.250980
vn -0.0003365513202764 -0.0002266876008559 0.0003351145816924
v -0.1282359267987637 -0.0380299005475473 0.0465555391077521 0.541176 0.247059 0.223529
vn 0.0000030956215672 0.0000084987207730 -0.0007847154360203
v -0.1075366853469413 -0.0433174840055260 0.0008788470856557 0.541176 0.219608 0.196078
vn 0.0000018212400611 0.0000036325398788 -0.0005926987627139
v -0.1118004017754056 -0.0345265551396143 0.0009254129028026 0.552941 0.235294 0.207843
vn -0.0001068359348334 -0.0000422050242788 -0.0005715475905130
v -0.1494300739859949 -0.0578956438996389 -0.0017746516642448 0.443137 0.184314 0.176471
vn -0.0003440402736559 -0.0000947041348278 -0.0002281000289857
v -0.1559653374293191 -0.0566900476810102 0.0029376873939959 0.454902 0.196078 0.196078
vn -0.0001901283738842 0.0000632499372708 0.0007883488611241
v -0.1442640959123005 0.0503874123493366 0.0170676712817050 0.592157 0.254902 0.231373
vn -0.0001481774820649 0.0000905605485117 0.0007028307639368
v -0.1439064512846697 0.0606378676092155 0.0156950552915757 0.592157 0.254902 0.239216
vn 0.0000010088610240 0.0000205291918792 -0.0008568702534083
v -0.0929333682027533 0.0345333311432053 0.0021012525542449 0.415686 0.176471 0.152941
vn 0.0000003306423159 0.0000169514980882 -0.0007259615247785
v -0.0774798577401088 0.0334658787232753 0.0020866738687812 0.513725 0.247059 0.219608
vn 0.0000010476052026 0.0000243112631028 -0.0009512735550529
v -0.0798582547121499 0.0232876743775849 0.0018565052157881 0.486275 0.231373 0.207843
vn -0.0000105288678916 -0.0003203589297764 0.0007546893190625
v 0.0967343126991261 -0.0338666284347807 0.0540536846204079 0.603922 0.239216 0.211765
vn 0.0000360392224014 -0.0005041157054010 0.0008134230777859
v 0.1082887647941181 -0.0395079781871367 0.0516034254011437 0.619608 0.262745 0.231373
vn -0.0000013735643363 0.0000135916876340 -0.0008882509020625
v 0.0542835439651558 -0.0002965777119931 0.0013633842811531 0.529412 0.211765 0.188235
vn -0.0000010074227903 0.0000215670626318 -0.0009392799971616
v 0.0522765779420669 0.0163332229944877 0.0016686097487336 0.494118 0.223529 0.192157
vn -0.0005031675761171 -0.0000757423887611 0.0006463536036427
v -0.1296535846950772 -0.0159647581818839 0.0529640170130742 0.505882 0.223529 0.211765
vn -0.0004740264640585 -0.0002240518724840 0.0004128625154434
v -0.1398655593482579 -0.0426455857812078 0.0223018954650521 0.600000 0.250980 0.227451
vn 0.0000120820709349 -0.0000401237979358 -0.0007777551222842
v 0.0706272373003459 0.0649658384562673 0.0028202270540020 0.556863 0.247059 0.223529
vn 0.0000128469905213 -0.0001363359048882 -0.0007767508999874
v 0.0787683315767833 0.0716510780986959 0.0027433586892110 0.533333 0.215686 0.192157
vn -0.0000009903353728 0.0000125832284636 -0.0009392177669174
v 0.0874595435392349 -0.0043921361163386 0.0012687668304046 0.537255 0.219608 0.196078
vn 0.0001733632544064 0.0000283351459148 0.0003300392386105
v 0.1497329067664896 0.0409338888283067 0.0155159495909223 0.517647 0.192157 0.180392
vn 0.0003809448118398 0.0001587813195231 0.0007465102529525
v 0.1503529004769236 0.0317820419167391 0.0168532196886842 0.533333 0.200000 0.188235
vn -0.0000033876934386 0.0002003830394944 0.0005915817715943
v 0.0131232710773558 0.0771485790631468 0.0136653769041044 0.521569 0.227451 0.227451
vn -0.0000002064496085 0.0001664908809994 0.0001984228740843
v 0.0140570737965438 0.0834462468215278 0.0128818876808561 0.462745 0.196078 0.196078
vn -0.0000005697585181 -0.0002392998945017 0.0001589481987594
v -0.0079143339532981 -0.0835133578220867 0.0100366138802262 0.611765 0.301961 0.286275
vn -0.0000030434828462 -0.0002643635926403 -0.0000167363982989
v -0.0177816125195420 -0.0848287165547994 0.0043194175881812 0.517647 0.223529 0.223529
vn 0.0000125779028452 -0.0003757041891905 -0.0001372861402786
v -0.0084748471775722 -0.0847571734523591 0.0042470681829913 0.501961 0.219608 0.219608
vn 0.0000347346847911 -0.0004666045559317 0.0002819024242821
v 0.0988661973332151 -0.0546763255598918 0.0325111298645833 0.560784 0.207843 0.188235
vn 0.0000617246348660 0.0000515379659852 -0.0005669736899877
v -0.1440820030403017 -0.0550204091045138 0.0000372006573230 0.419608 0.152941 0.141176
vn -0.0000015523385155 0.0003874866659492 0.0006183306420597
v 0.0214234617763984 0.0821011684230309 0.0133685854714026 0.560784 0.243137 0.247059
vn -0.0005951340131680 -0.0000109794126441 0.0005290668986090
v -0.1613979433093325 -0.0000968453595625 0.0096547316881157 0.533333 0.262745 0.254902
vn -0.0003953452010150 0.0000025669103498 -0.0000855641270079
v -0.1620725583101455 0.0100852926874728 0.0049288443414701 0.490196 0.223529 0.219608
vn -0.0003390650607883 -0.0000080676384216 -0.0002452811365924
v -0.1615770212787477 0.0007252587140961 0.0034530504507052 0.443137 0.203922 0.200000
vn -0.0000004978786717 0.0000144170785976 -0.0011150645699929
v -0.0240500645825701 -0.0028442916611764 0.0013361595479422 0.505882 0.219608 0.196078
vn -0.0000002235362145 0.0000112630781346 -0.0008595044130014
v -0.0089086691177413 0.0000321789213377 0.0013674266079820 0.501961 0.203922 0.184314
vn 0.0005930110897277 -0.0000057284548091 0.0001615119734749
v 0.1619603471893415 -0.0011278146394706 0.0072939573379775 0.509804 0.227451 0.227451
vn 0.0001939207076366 0.0000100259396709 -0.0005405854472163
v 0.1570578697683315 -0.0025079214311562 -0.0011872324810905 0.556863 0.254902 0.250980
vn 0.0002512172767765 -0.0000002245171785 -0.0002906170657107
v 0.1595695447972613 0.0059594081428358 0.0007010856684020 0.568627 0.274510 0.254902
vn -0.0000061843709448 -0.0002329563519585 -0.0002708183406401
v 0.0240178224115724 -0.0829723744248041 0.0014333205197338 0.529412 0.235294 0.231373
vn 0.0000123932426112 -0.0000601744628742 -0.0003354774877783
v 0.0317707163865995 -0.0773097008883942 -0.0016612704160429 0.592157 0.294118 0.266667
vn -0.0004047550979247 -0.0001786072027230 0.0007754297264841
v -0.1454841314118303 -0.0510446444443679 0.0145647369459476 0.549020 0.207843 0.188235
vn -0.0003467039280976 0.0004238474198879 0.0007820585048151
v -0.1337751570760591 0.0277525724521802 0.0213554645433495 0.541176 0.188235 0.168627
vn -0.0003531974365645 0.0003348958678862 0.0002292396762837
v -0.1331150390781311 0.0190734908155697 0.0301226918387071 0.458824 0.188235 0.176471
vn -0.0005827777401869 0.0005482299367732 0.0001779072421285
v -0.1277454366644591 0.0261744313692366 0.0350308724738869 0.474510 0.184314 0.172549
vn -0.0004447521336652 0.0003575917288382 0.0005630637958324
v -0.1433955721719324 0.0195278972901714 0.0242595089509929 0.596078 0.266667 0.254902
vn -0.0001232804966992 0.0002161268252440 0.0012045375940672
v -0.1316424810562229 0.0408918635769952 0.0194739966428300 0.560784 0.223529 0.203922
vn 0.0000047325295842 0.0000652068616467 -0.0006587659193468
v -0.0331951598637510 -0.0681742997743036 0.0004797242965735 0.529412 0.215686 0.196078
vn 0.0000269448543790 -0.0001705765049787 -0.0004755103080326
v -0.0353810130594670 -0.0810218273236893 -0.0002421891975666 0.615686 0.321569 0.301961
vn 0.0000014826465144 -0.0006075460705467 0.0009693129612769
v -0.0187674006818312 -0.0694821738579049 0.0183726373170775 0.627451 0.262745 0.239216
vn -0.0000187760483431 -0.0006401797832350 0.0010622637394445
v -0.0358808006788203 -0.0689977057949971 0.0187816681625456 0.611765 0.250980 0.223529
vn 0.0001289444606998 0.0000199165544638 -0.0010855182873422
v -0.1427279391098938 0.0069843111057338 0.0009632044248192 0.517647 0.219608 0.200000
vn 0.0000098097728539 0.0000058449002495 -0.0005296131323472
v -0.1336154247171648 0.0035091144095510 0.0011067459666432 0.470588 0.188235 0.160784
vn 0.0000561827225573 -0.0000027049670446 -0.0004652463863457
v -0.1448964304026698 -0.0025628983265315 0.0007554019540727 0.486275 0.200000 0.180392
vn 0.0000036451136523 0.0000110347151144 -0.0007157155070379
v -0.1013814019301675 -0.0523355625793805 0.0008027957886235 0.537255 0.219608 0.188235
vn 0.0000006606789480 0.0000057349895053 -0.0008720435043820
v 0.0329579636281166 -0.0339558345528757 0.0009454668725741 0.588235 0.243137 0.219608
vn 0.0000004575062171 0.0000102177641207 -0.0008106430808523
v 0.0258132987786476 -0.0202169820803121 0.0010830407440538 0.568627 0.235294 0.207843
vn -0.0000024856169078 0.0006131600584819 0.0006302872843008
v 0.0399948789260743 0.0317372812456556 0.0511725453441202 0.505882 0.215686 0.203922
vn 0.0000142653595920 0.0009864060526920 0.0002677137938321
v 0.0505796797782840 0.0361700418294579 0.0423638424595991 0.576471 0.247059 0.223529
vn -0.0000084640049331 0.0005121851120881 0.0001384013781125
v 0.0369001213147911 0.0359425089817633 0.0426747951506912 0.584314 0.243137 0.231373
vn 0.0003468640858606 0.0000012741513388 0.0000930294893754
v 0.1615650752854826 0.0095744301739986 0.0084424472579838 0.564706 0.262745 0.254902
vn 0.0004058717180687 0.0000124379814090 -0.0002550472661347
v 0.1596857318627043 0.0151545040154100 0.0012683444334490 0.564706 0.266667 0.250980
vn 0.0004213462789471 -0.0000082245982322 0.0002458969375603
v 0.1607767553467375 0.0201177458329692 0.0100521904977679 0.541176 0.258824 0.258824
vn -0.0000413695056205 -0.0004000565028862 -0.0002324373178845
v -0.1173517760931438 -0.0819610651604036 0.0011036078676339 0.419608 0.164706 0.168627
vn -0.0000230661676890 -0.0001698459992596 -0.0000125158639750
v -0.1121130728418110 -0.0840900462198184 0.0053700065681893 0.486275 0.207843 0.211765
vn -0.0000000756035460 0.0000128396618340 -0.0008724612376365
v -0.0314533721641418 -0.0144383791131210 0.0011749654768545 0.564706 0.247059 0.219608
vn -0.0000001399532221 0.0000087583070064 -0.0006940383966650
v -0.0235330794220878 -0.0224674299864735 0.0010546133391266 0.517647 0.207843 0.188235
vn -0.0000872230936853 -0.0000051813180271 0.0003392244662013
v -0.1168725219897298 0.0001104829641549 0.0598397572112415 0.509804 0.235294 0.215686
vn -0.0000019697275678 -0.0003328209861652 0.0005492924176192
v -0.0305365613343267 -0.0788745804509323 0.0122685410295039 0.580392 0.266667 0.258824
vn -0.0002425792650341 0.0008533366344655 0.0004252576241283
v -0.1206102846334520 0.0329623807689333 0.0256762712548130 0.294118 0.109804 0.101961
vn 0.0000060020579211 -0.0005338325224196 0.0005904194012654
v -0.0676714046180399 -0.0486994801579653 0.0449916968734225 0.592157 0.258824 0.235294
vn 0.0000065275700269 -0.0003994918445124 0.0004923629370003
v -0.0781630323929467 -0.0448380684098271 0.0479890732442972 0.537255 0.219608 0.196078
vn 0.0000153162388525 -0.0004813715118039 0.0006530674871211
v 0.0551490372022584 -0.0413824558073197 0.0494899800954165 0.596078 0.243137 0.219608
vn 0.0000028881540667 -0.0003114031507421 0.0005173582204883
v 0.0645273107200117 -0.0379997777174929 0.0515659416926088 0.568627 0.231373 0.207843
vn -0.0000008325498647 -0.0003474001655733 0.0008285304049325
v 0.0601951349157927 -0.0300708406163887 0.0554503979053532 0.592157 0.250980 0.223529
vn -0.0000078453123564 -0.0000287281528222 0.0007777128191817
v -0.0893805090887356 0.0537610237303032 0.0194097770011509 0.541176 0.211765 0.188235
vn -0.0000003513983235 0.0000995228916291 0.0005416912028370
v -0.0848469532033694 0.0651306141058611 0.0188905692814864 0.529412 0.223529 0.200000
vn 0.0000015576653298 0.0000941949806498 0.0006153080934194
v -0.0944593824623373 0.0621743000004972 0.0192318628464959 0.505882 0.188235 0.164706
vn 0.0003345666477896 -0.0003547469029975 0.0007136856223441
v 0.1417302408451333 -0.0603058689439348 0.0160961403971234 0.635294 0.270588 0.239216
vn 0.0001619178157837 -0.0003492139871586 0.0004204437122959
v 0.1323169240593955 -0.0551238314999855 0.0239345849070674 0.607843 0.239216 0.215686
vn 0.0001868187407782 -0.0004389449622087 0.0007332084203136
v 0.1301445905718072 -0.0643341131942031 0.0187964701432100 0.600000 0.235294 0.215686
vn 0.0000145173540689 -0.0003520267546466 -0.0000756575648789
v -0.0853169282325122 -0.0840010989339830 0.0034055532278038 0.509804 0.215686 0.211765
vn -0.0000119846394795 -0.0004361300456304 -0.0002409017129284
v -0.0745664809130782 -0.0829574143933236 0.0011816910264678 0.541176 0.235294 0.223529
vn 0.0000154963587072 0.0006162622639233 0.0006907482120693
v 0.0560459495958643 0.0288732448380124 0.0532381866235254 0.521569 0.215686 0.203922
vn 0.0000091375141593 0.0000274896237886 -0.0009573737391116
v -0.1235715515185099 0.0265864182849881 0.0017716053159845 0.443137 0.196078 0.172549
vn 0.0000159543463454 0.0000205630938071 -0.0007752626258403
v -0.1321882239703585 0.0213802975120504 0.0014747606199640 0.474510 0.200000 0.180392
vn 0.0000306331044132 0.0005054106299301 0.0002463923368525
v 0.0967804421611219 0.0329091783568403 0.0461053370986782 0.396078 0.129412 0.121569
vn 0.0000173423683084 0.0005051493177962 0.0000448114458657
v 0.0988296485489971 0.0356895677211783 0.0374908514855210 0.486275 0.172549 0.160784
vn 0.0000001140586606 0.0000028622973159 -0.0006738399762564
v 0.0238587263860262 -0.0408122440045541 0.0009280698932592 0.568627 0.231373 0.203922
vn -0.0000000930932733 0.0000085089251057 -0.0006070731693404
v 0.0056939681975918 -0.0126023951093632 0.0011854929760005 0.564706 0.227451 0.203922
vn -0.0000173525620366 -0.0005438889113715 0.0006514330586261
v 0.0685888231844288 -0.0824120345993872 0.0124217650294550 0.588235 0.262745 0.254902
vn 0.0005051874727609 0.0000535819626609 0.0008356544936195
v 0.1322947580337990 -0.0038916445574308 0.0533932513238400 0.584314 0.274510 0.250980
vn 0.0000114617426180 -0.0006879748739844 0.0007023859680582
v 0.0418220419568940 -0.0484147681079519 0.0445847054796564 0.580392 0.219608 0.207843
vn -0.0000000356341833 -0.0004204502025046 0.0007980717883459
v 0.0460025615323209 -0.0360432486282579 0.0525689701493141 0.596078 0.223529 0.203922
vn -0.0000083290379392 0.0000314462083375 0.0009510302735426
v -0.0777458836128231 0.0547910897187458 0.0195377903322437 0.564706 0.239216 0.211765
vn 0.0000026715130874 0.0002041661557742 0.0007137420226835
v -0.0761170252584400 0.0694375681134578 0.0175691571860150 0.525490 0.219608 0.196078
vn 0.0000014971790702 0.0000121649651394 -0.0006272409299879
v -0.1073268393175677 0.0571139564797837 0.0026614177531330 0.556863 0.227451 0.207843
vn -0.0000007589545550 0.0000070613009925 -0.0005762459148206
v -0.0935737812418824 0.0610953629884344 0.0027461422618323 0.482353 0.200000 0.180392
vn 0.0000008250421580 -0.0003712206151019 0.0006361901392802
v 0.0355103202930817 -0.0393979438166807 0.0508182668512915 0.584314 0.223529 0.203922
vn 0.0000245006591679 -0.0004445487710282 0.0011471090579242
v 0.0325095863915884 -0.0272496785587912 0.0565384992687971 0.607843 0.235294 0.211765
vn -0.0000037352484581 0.0000068517274766 -0.0008283208324937
v 0.1274641705940369 -0.0164565011340681 0.0010434754373214 0.549020 0.235294 0.211765
vn 0.0000105374723564 -0.0002212273733085 0.0010055780368785
v 0.0948553230475065 -0.0176046130932068 0.0593155215325843 0.600000 0.278431 0.250980
vn -0.0000410884239523 0.0004352015926339 0.0008720227639127
v -0.0289815295166191 0.0245194426487630 0.0556903493560441 0.596078 0.270588 0.254902
vn -0.0000522116334269 0.0002126661990036 0.0007537430932269
v -0.0193196851260555 0.0195370207933786 0.0587913116572412 0.517647 0.239216 0.231373
vn 0.0000000139129651 0.0000158273704718 -0.0011579239574914
v -0.0414442940179619 -0.0049132155530139 0.0013156561111785 0.521569 0.215686 0.192157
vn 0.0000006274967717 0.0000095616415611 -0.0007105715316375
v -0.0547371555080059 -0.0011896986861000 0.0013637158534923 0.549020 0.223529 0.203922
vn -0.0000000032945685 0.0003201455780082 -0.0000391574934079
v -0.0106015360415238 0.0864328067792878 0.0065610198351509 0.537255 0.254902 0.258824
vn -0.0002212635890998 -0.0007086229350746 0.0003710203555933
v -0.1176698248888777 -0.0547026598682627 0.0367219997954878 0.501961 0.203922 0.196078
vn 0.0000005778891866 0.0000049374405998 -0.0009879407516166
v -0.0543804603866349 -0.0442846094963926 0.0009212786782909 0.556863 0.223529 0.200000
vn -0.0000004211594257 0.0000085003250756 -0.0004925787385961
v -0.0591919509207824 -0.0574555926548328 0.0008110604395943 0.564706 0.235294 0.207843
vn 0.0001117458747780 0.0000174313573781 -0.0007893658043356
v -0.1461673914830303 -0.0122719787889752 0.0006406901271640 0.415686 0.156863 0.141176
vn 0.0000125016954353 0.0000084415680247 -0.0007854919609327
v -0.1297295470096547 -0.0140218435859821 0.0010014921367701 0.568627 0.247059 0.219608
vn 0.0000858405940945 0.0000173030281181 -0.0008607812876722
v -0.1409456063337364 -0.0234482072373731 0.0006709249345811 0.486275 0.188235 0.168627
vn -0.0000037399765227 0.0000170100119930 -0.0007239330943247
v 0.1226276828910815 0.0589108043134494 0.0027886681072194 0.572549 0.243137 0.215686
vn 0.0000352515207243 -0.0004260953645677 0.0007282325732628
v 0.1120006328272952 -0.0724938398983992 0.0163284248512182 0.619608 0.250980 0.231373
vn 0.0001233525277297 -0.0004570266408557 0.0008256685292469
v 0.1236033617136665 -0.0729032993465438 0.0137998851928399 0.576471 0.223529 0.203922
vn 0.0001092488939472 -0.0006112346075948 0.0007321215032343
v 0.1173390767061228 -0.0618406443930264 0.0232772969359832 0.568627 0.215686 0.200000
vn -0.0000090378376763 0.0002362616318379 0.0008405036615885
v 0.0261299748247666 0.0690579075452296 0.0178002661577141 0.494118 0.200000 0.176471
vn 0.0000064844218618 -0.0005721738073601 0.0002880968509666
v -0.0901977296728396 -0.0538440309715547 0.0386857563723086 0.600000 0.258824 0.235294
vn -0.0000054192778764 -0.0002288509419624 0.0008186010798834
v -0.0683717938983185 -0.0226518022578811 0.0581270269054114 0.541176 0.223529 0.207843
vn 0.0000091955745678 -0.0006425493342794 0.0006859555298509
v 0.0913312522360096 -0.0608638975718305 0.0239834745837451 0.537255 0.203922 0.184314
vn 0.0000009328159780 0.0000084269801858 -0.0010143804782087
v -0.0927628602006221 -0.0277547293955560 0.0009654980941141 0.529412 0.215686 0.192157
vn 0.0000001288709210 0.0000025646229436 -0.0005947578805840
v -0.0849648681607884 -0.0368805509265360 0.0009353985795837 0.568627 0.243137 0.211765
vn 0.0000007658241485 0.0000059897447114 -0.0008544174404884
v -0.0928381630205252 -0.0424770087434824 0.0009119157375743 0.564706 0.235294 0.207843
vn -0.0000000448668433 0.0000272604193400 -0.0011085558974762
v 0.0280979921355059 0.0251743867220255 0.0019009999011947 0.486275 0.227451 0.203922
vn 0.0000002916857469 0.0000239804209844 -0.0009768605742452
v 0.0140541271059613 0.0283689246981370 0.0019687667438162 0.478431 0.207843 0.180392
vn -0.0000001126602763 0.0000230003141840 -0.0009554946367896
v 0.0208373400042275 0.0410586744198006 0.0022698295326328 0.545098 0.250980 0.231373
vn 0.0000002762910411 0.0000021439934625 -0.0005687938819799
v -0.0465703952440273 -0.0365544431873050 0.0009446404134872 0.549020 0.211765 0.188235
vn -0.0000000551148147 0.0000038510100973 -0.0008723602080335
v -0.0369606267609305 -0.0446487608755213 0.0009229412367337 0.560784 0.231373 0.211765
vn 0.0001862023933426 0.0002394727293167 0.0004547948423064
v 0.1404307583738668 0.0215451080939494 0.0241448594191028 0.490196 0.188235 0.172549
vn 0.0004706343952508 0.0004577963620221 0.0004425413257669
v 0.1287530598894359 0.0247296166217402 0.0286067837514784 0.290196 0.113725 0.105882
vn 0.0000846902673271 -0.0002093373319811 0.0005808868570072
v 0.1155444686964060 -0.0296903185267704 0.0556937382406162 0.584314 0.235294 0.211765
vn -0.0000003928643925 0.0000043424855126 -0.0006651784520131
v 0.0086079128303425 -0.0478671903961288 0.0008918914000991 0.588235 0.243137 0.219608
vn -0.0000013703656510 0.0000654755734955 0.0007289141545653
v -0.0524634791332027 0.0554862778025412 0.0196803413351549 0.533333 0.219608 0.196078
vn -0.0000084787333506 0.0000703601127082 0.0007080986895947
v -0.0515737435940581 0.0457259358439511 0.0191236181404237 0.509804 0.184314 0.156863
vn 0.0000039396570743 -0.0000074577177995 0.0007245656084649
v -0.0426951518298575 0.0498959739470567 0.0195073311804661 0.529412 0.203922 0.184314
vn -0.0000018538162015 -0.0000611184441450 -0.0006819429262899
v 0.0229139418960105 -0.0760887142502214 -0.0017700913247911 0.560784 0.266667 0.254902
vn -0.0000082121047471 0.0004693887660837 0.0005246901746997
v -0.0845730395575891 0.0830814067706990 0.0128806484577080 0.556863 0.262745 0.258824
vn -0.0000123014806006 0.0002858710501394 0.0002177117041635
v -0.0728119278207150 0.0841761351916817 0.0116391404895441 0.466667 0.200000 0.196078
vn -0.0000002425025697 0.0000181578475215 -0.0007232593706594
v -0.0224305647797531 0.0251004485940670 0.0019016538023761 0.423529 0.188235 0.168627
vn -0.0000002903369295 0.0000141753295832 -0.0006025015685147
v -0.0142181144634107 0.0302558620176627 0.0020105246631571 0.537255 0.270588 0.243137
vn -0.0000024219340812 0.0005309580174968 0.0002473234947126
v -0.0938991693425117 0.0342769848294984 0.0463637307821386 0.525490 0.223529 0.211765
vn 0.0000021018219961 0.0004402850516136 0.0005054602833633
v -0.0843640225123686 0.0282751815517008 0.0541183911052865 0.501961 0.231373 0.215686
vn -0.0000161541578969 0.0006689277020938 0.0001898148466377
v -0.0840151824855841 0.0354321064905656 0.0445553148468731 0.533333 0.235294 0.219608
vn -0.0000045148955203 0.0000053688586090 -0.0005361892674042
v 0.1360425905372852 -0.0088862249332134 0.0010407275561091 0.529412 0.231373 0.203922
vn -0.0000036411773163 0.0000082443466285 -0.0006836900169108
v 0.1257327169787400 -0.0048330131681563 0.0011622891091289 0.505882 0.200000 0.176471
vn -0.0000052283930460 0.0000079116019701 -0.0005892263881393
v 0.1325203696447881 0.0018995272551177 0.0011909550069935 0.529412 0.219608 0.200000
vn 0.0000354547995209 0.0002713191913217 0.0010250405798031
v 0.0189690077004058 0.0143387497583901 0.0598501262360169 0.600000 0.282353 0.266667
vn -0.0000042934304350 0.0001186190414827 0.0009076890591212
v 0.0099304665703424 0.0053652432098755 0.0613325129671459 0.568627 0.250980 0.239216
vn 0.0000219296932747 0.0000879037583735 0.0009517895382118
v 0.0256959670262754 0.0027603700032507 0.0613758406900229 0.556863 0.231373 0.211765
vn -0.0000001744539700 0.0000178908742741 -0.0007219526290357
v 0.0808640039299791 0.0394103180286173 0.0022323653404156 0.513725 0.219608 0.196078
vn 0.0000000669864853 0.0000191790634556 -0.0007398799821975
v 0.0910181107984509 0.0454623792418846 0.0023861521442406 0.501961 0.227451 0.200000
vn 0.0000009140746350 0.0000057361765533 -0.0006262708538292
v -0.0794579150943484 -0.0289511411525716 0.0009616443916605 0.552941 0.231373 0.207843
vn 0.0001294673717442 0.0001939448778501 0.0006735374170334
v 0.1141026751253077 0.0138796623555601 0.0574244101188025 0.529412 0.231373 0.215686
vn 0.0002231840160992 0.0001329801365027 0.0008657647906465
v 0.1188688798003647 0.0050773507786398 0.0588298208821662 0.545098 0.247059 0.227451
vn 0.0000054512012397 0.0002579348702639 -0.0002543434984139
v -0.0084808752637987 0.0841470641693615 0.0010628574918062 0.498039 0.235294 0.227451
vn 0.0000002485324690 0.0000087428161241 -0.0005878572445571
v -0.0429176580366675 -0.0150391034423277 0.0011591513186520 0.545098 0.231373 0.207843
vn 0.0000221896287506 0.0000679494858630 0.0007002513308476
v 0.1246865991235994 0.0590022951852853 0.0196419348191443 0.537255 0.196078 0.172549
vn 0.0000023276088935 -0.0005080133892000 0.0006914715296213
v -0.0482212713249505 -0.0441349569196811 0.0482471536058012 0.631373 0.278431 0.247059
vn 0.0000067510424609 -0.0005689196975053 0.0005043878489831
v -0.0565552432036974 -0.0498527305925473 0.0431251370375246 0.576471 0.235294 0.215686
vn -0.0000003336622822 0.0000177406357006 -0.0009928033587251
v -0.0346166809297090 0.0070838855203823 0.0014582027433706 0.517647 0.239216 0.211765
vn 0.0000001282530378 0.0000225886573311 -0.0011304385085332
v -0.0479059010275349 0.0107984859727664 0.0015115983251809 0.454902 0.180392 0.160784
vn 0.0000001773385937 0.0000184286198699 -0.0007390949421774
v -0.0382273716191124 0.0226514758790712 0.0018486242826086 0.450980 0.200000 0.172549
vn 0.0000035980502502 0.0000030593949856 0.0007666289465302
v -0.1228748770892013 0.0520530985022817 0.0189876353169592 0.549020 0.207843 0.184314
vn -0.0000047559851019 -0.0000220603281274 0.0006624291201986
v -0.1120989886488837 0.0547000579660045 0.0191482525616383 0.521569 0.215686 0.188235
vn -0.0000022539262792 0.0002537622652938 0.0007804654634797
v 0.0731091463244135 0.0723043459404733 0.0165487592805603 0.545098 0.223529 0.196078
vn -0.0000035689125413 0.0000813690630441 0.0007717270285351
v 0.0730494693615186 0.0619835056978694 0.0196418567688645 0.576471 0.243137 0.223529
vn 0.0000084529136040 0.0001672976189379 0.0006812256235218
v 0.0834937808646339 0.0645753739817022 0.0191041461119491 0.521569 0.203922 0.184314
vn 0.0000118801651960 -0.0005678615861711 0.0008839706780372
v 0.0128447121050021 -0.0686323049851455 0.0189056410886991 0.615686 0.243137 0.211765
vn -0.0000151780726449 -0.0004106949830269 0.0004963170910446
v 0.0190501465061987 -0.0611448988076632 0.0234013864611057 0.572549 0.235294 0.211765
vn 0.0000071825523883 -0.0006582838725538 0.0006010405874468
v 0.0035670206603365 -0.0568073926408616 0.0249210455193638 0.450980 0.172549 0.145098
vn -0.0000056621376435 -0.0006848428943584 0.0003133269066117
v 0.0179682292175852 -0.0548729002949072 0.0320195001447522 0.568627 0.211765 0.192157
vn -0.0000448206269690 -0.0000026085258990 -0.0008153494254686
v 0.1360733447069460 0.0524979810446315 0.0024922251107150 0.454902 0.184314 0.152941
vn 0.0000841869100032 0.0000750614553848 -0.0006448835864161
v 0.1474555058947812 0.0618345593523331 0.0001959858827254 0.529412 0.239216 0.235294
vn -0.0000678135937884 -0.0000056250489285 -0.0003704540101282
v 0.1453729089173939 0.0528158926787294 0.0015421257117879 0.439216 0.180392 0.168627
vn -0.0003007988691025 -0.0001607840376785 0.0004644468000241
v -0.1279911206862885 -0.0285020307941213 0.0512540005292044 0.537255 0.239216 0.223529
vn 0.0008423393336042 -0.0001389304506055 0.0006171081794385
v 0.1406324988000340 -0.0187833163133955 0.0431779301793724 0.572549 0.262745 0.231373
vn -0.0000092950857593 -0.0000296107861040 0.0007031258924909
v -0.1010583653270621 0.0535811706172760 0.0192167488867528 0.552941 0.231373 0.203922
vn 0.0000123309551885 -0.0003999729782790 0.0007805315187350
v 0.0095494892147543 -0.0379471297202923 0.0526782837803170 0.564706 0.215686 0.196078
vn -0.0000013433279274 -0.0003860413600873 0.0010142943117760
v 0.0007701228308365 -0.0292024381547052 0.0563335645706334 0.623529 0.254902 0.227451
vn 0.0000141717973079 -0.0003104536556090 0.0005753028323544
v -0.0028150105725967 -0.0419717821533148 0.0503626577793120 0.615686 0.254902 0.231373
vn 0.0000043735635515 0.0001774227523569 0.0007206472227689
v -0.0786667557772576 0.0158575745223763 0.0590588806652282 0.513725 0.235294 0.215686
vn 0.0000120538769067 0.0002811932097983 0.0005954793500763
v -0.0761970166854760 0.0243019663763538 0.0560746121251132 0.505882 0.239216 0.219608
vn 0.0000106605940111 0.0002945899710127 0.0009663030091825
v -0.0907309943595592 0.0192973813535309 0.0583389581852331 0.501961 0.231373 0.211765
vn -0.0000078973418345 0.0002057864306907 -0.0004715130592509
v 0.0935429656202390 0.0822754120576154 0.0002367364824950 0.588235 0.294118 0.282353
vn 0.0000460792639970 0.0000044181527663 -0.0007611803607396
v -0.1399330231723161 -0.0372677042771941 0.0005745159813404 0.494118 0.188235 0.168627
vn 0.0000917127757710 -0.0000057947245383 -0.0005864433526884
v -0.1499758322837335 -0.0335793695108511 -0.0009712941999438 0.474510 0.200000 0.188235
vn 0.0000214598793540 -0.0001111179932765 -0.0009452933139036
v -0.0163913588742234 0.0659149696638840 0.0027770187750501 0.501961 0.223529 0.203922
vn -0.0000009144166916 0.0000119676204185 -0.0008456448661109
v -0.0037455106108934 0.0581315289963030 0.0026982510977781 0.556863 0.235294 0.207843
vn 0.0000008832931878 0.0000163489775498 -0.0007545820527998
v -0.0133902930126394 0.0528109997735897 0.0025466591111816 0.572549 0.278431 0.250980
vn -0.0000129496426402 -0.0001096301334260 -0.0006931387095057
v -0.0845491359781010 -0.0777732680224334 -0.0020040969894480 0.596078 0.294118 0.286275
vn -0.0000008907259555 0.0000026961140621 -0.0005977793193016
v 0.1304602941544410 -0.0274978269403672 0.0009398121326043 0.541176 0.227451 0.203922
vn 0.0000256384820351 -0.0005001666097013 0.0005537749036904
v 0.0278891886470563 -0.0466957925698446 0.0456718365151353 0.600000 0.239216 0.215686
vn -0.0000215193403052 -0.0007514863059754 0.0003531238488830
v 0.0323367284512369 -0.0532134271780012 0.0373010885499621 0.584314 0.231373 0.215686
vn 0.0000170437848421 -0.0001631925494927 0.0007955092929903
v -0.0023328413776092 -0.0157101262976998 0.0606476544498876 0.631373 0.286275 0.262745
vn 0.0000279841811824 0.0003124397927811 0.0006389445603026
v 0.0302097612335566 0.0230895246021928 0.0560983050772040 0.568627 0.258824 0.247059
vn 0.0000397388058546 0.0003654565636192 0.0005107371501743
v 0.0218748169730708 0.0289301063425570 0.0544996822981729 0.533333 0.250980 0.235294
vn 0.0000116135440590 0.0000497288951697 0.0008425886928825
v -0.0627273735960108 0.0571018732497586 0.0197034234334893 0.529412 0.219608 0.192157
vn -0.0000004455885049 0.0000056962226975 -0.0004162043229438
v 0.0784333418022226 -0.0064147350185494 0.0012546465517679 0.580392 0.247059 0.219608
vn 0.0002683103572671 0.0000139877951230 0.0002742627668525
v 0.1593159420955035 0.0301678929831829 0.0119677944500833 0.403922 0.172549 0.164706
vn 0.0004729995381818 0.0000383555405875 -0.0000905281340004
v 0.1609086901374293 0.0294576694474941 0.0055804393492223 0.517647 0.235294 0.227451
vn -0.0000002530546686 0.0000216629382837 -0.0010251697032260
v -0.0375939635007768 0.0511713554653987 0.0025152659800613 0.603922 0.278431 0.247059
vn -0.0000001430007106 0.0000145043503137 -0.0006047711715430
v -0.0330215825931133 0.0385882209407940 0.0022121549556162 0.529412 0.239216 0.211765
vn -0.0000002701977868 0.0000217819250332 -0.0008886362861518
v -0.0473268738969134 0.0451673046982609 0.0023843650173586 0.560784 0.250980 0.227451
vn -0.0005667215827020 0.0003432769422327 0.0002755216624234
v -0.1294785140185510 0.0206886315591322 0.0437057887743163 0.537255 0.247059 0.231373
vn -0.0006001573693666 0.0003816019422766 0.0003773604761916
v -0.1358343666176334 0.0136822862217095 0.0370803426631317 0.486275 0.203922 0.192157
vn -0.0000057582374031 -0.0002712027255571 0.0005396117730596
v 0.0777413425537271 -0.0729645720442746 0.0154139679825312 0.619608 0.254902 0.231373
vn 0.0000526028885445 0.0005570407801986 0.0008765065586441
v 0.0635526534586324 0.0414732443008767 0.0189650631594145 0.482353 0.176471 0.156863
vn 0.0000512584000910 -0.0004461947893701 0.0008275787276523
v 0.0222016538191282 -0.0373855146055948 0.0518754836943209 0.596078 0.227451 0.211765
vn -0.0000010613514220 0.0000071700530275 -0.0009978172915559
v 0.1004056564634456 -0.0318119706462660 0.0009432778782352 0.576471 0.239216 0.211765
vn -0.0000157318116295 0.0004276366174797 0.0000807407664929
v -0.0330052213396373 0.0864597814518244 0.0076240704871947 0.462745 0.200000 0.207843
vn -0.0000194586461486 0.0001745938955820 0.0003440589390387
v -0.0333240491886607 0.0826549236718069 0.0129718457427903 0.517647 0.235294 0.227451
vn 0.0000351255705435 0.0009236642437969 0.0001202614836236
v -0.0775434094777372 0.0358121777638406 0.0302124097866930 0.423529 0.160784 0.152941
vn -0.0000042863850220 0.0005749402379128 0.0000609226935401
v -0.0743577127415284 0.0362907132759872 0.0400668174849551 0.533333 0.239216 0.223529
vn -0.0000117853160614 0.0009502036655467 0.0002094923907265
v -0.0635245635717916 0.0358727238370082 0.0303694949529056 0.439216 0.192157 0.176471
vn 0.0000003610370807 0.0000123108461272 -0.0006858902378624
v 0.0290257000138970 -0.0586941933826887 0.0007907008911898 0.525490 0.215686 0.192157
vn 0.0000012212703246 0.0000921839864957 -0.0006040386866064
v 0.0309105422468339 -0.0692699256502515 0.0004782177722788 0.525490 0.219608 0.200000
vn 0.0000626562891761 -0.0001519298261116 -0.0004100371451098
v 0.1263906199836711 -0.0770486017390807 -0.0015147283063227 0.623529 0.321569 0.290196
vn 0.0001841362387774 -0.0002804546489114 -0.0003321218005157
v 0.1411041874126141 -0.0753567086158849 0.0014758735748841 0.607843 0.309804 0.298039
vn 0.0000982832788135 0.0001416509467271 -0.0007790728782972
v 0.1345704605796642 0.0711925910453714 0.0000814428849864 0.462745 0.203922 0.200000
vn 0.0000003412726763 0.0000105802795423 -0.0009705144336772
v -0.0399954837353587 -0.0248236044453452 0.0010132087096469 0.529412 0.215686 0.192157
vn -0.0000000777666560 0.0000071973598632 -0.0005187054391920
v -0.0522267126753423 -0.0192346716622758 0.0011004412263321 0.541176 0.227451 0.203922
vn -0.0000577144920701 0.0000071975578786 -0.0005258165533827
v 0.1395428788115514 0.0424508786771156 0.0021941694394993 0.482353 0.231373 0.203922
vn -0.0000070941050261 0.0000134352690979 -0.0006211869955299
v 0.1496742660902202 0.0446822786020088 -0.0001396292352627 0.537255 0.247059 0.231373
vn -0.0000003604440993 0.0001913571846042 0.0007327312489464
v -0.0143236622133405 0.0693341003297400 0.0176178607123421 0.517647 0.211765 0.192157
vn 0.0000045045442675 0.0000922382249661 0.0006818090698914
v -0.0261239168433078 0.0612001727757179 0.0195017927841009 0.521569 0.203922 0.176471
vn -0.0000007628668735 0.0000170718755043 0.0008707485081879
v -0.0184692731676917 0.0534430394931061 0.0196445054630333 0.501961 0.196078 0.172549
vn 0.0000000768907999 0.0000039454773096 -0.0008363353456253
v 0.0554160086550603 -0.0438457679088125 0.0009151128941540 0.568627 0.231373 0.211765
vn -0.0000244387015133 -0.0004607022199835 0.0008036504125621
v 0.0855556383736760 -0.0374938294236796 0.0521454606191113 0.545098 0.207843 0.192157
vn 0.0000224559198530 0.0001336522804826 0.0008408754119489
v 0.0777266742849806 0.0074590620182639 0.0600514590345562 0.552941 0.235294 0.211765
vn 0.0000077581559321 0.0000178603731993 0.0005317395083519
v 0.0817776253265261 -0.0013396942012658 0.0609155680623567 0.498039 0.196078 0.176471
vn 0.0000121971862419 0.0000569377139627 0.0006568204991357
v 0.0909918878908605 0.0025007280873689 0.0604644151167535 0.541176 0.231373 0.207843
vn 0.0000011489156293 0.0000213260477799 -0.0008853697895321
v 0.0413184084293857 0.0174524753459663 0.0016977095574628 0.462745 0.219608 0.196078
vn 0.0000004290034442 0.0000125950602046 -0.0005102464742566
v 0.0478974701427821 0.0248233266837741 0.0018985427878351 0.470588 0.203922 0.180392
vn 0.0000022926181487 0.0000230436440127 -0.0010708545157887
v -0.0890055034537955 0.0100483989035704 0.0014680294142978 0.486275 0.207843 0.180392
vn 0.0000021914150973 0.0000098994258274 -0.0007373191428588
v -0.0981466172307783 0.0024533626856880 0.0013660023040134 0.494118 0.207843 0.180392
vn -0.0000004685086622 0.0000168642314864 -0.0006780772357335
v 0.0904824023839137 0.0343213349033643 0.0021046753464969 0.494118 0.235294 0.207843
vn 0.0000012983128737 0.0000124400595309 -0.0009366010091129
v -0.0829376628332843 -0.0167124106603729 0.0011150433132362 0.552941 0.247059 0.219608
vn 0.0000069511390290 -0.0000383108784430 0.0004043810012029
v -0.0571854704953291 -0.0059758914940865 0.0614401037925347 0.564706 0.243137 0.223529
vn 0.0001554947443308 -0.0000698768184559 -0.0000945130483341
v 0.1568721086936774 -0.0583631680694317 0.0023271067513856 0.552941 0.239216 0.239216
vn 0.0001595722944492 0.0005117143535219 0.0001022976755919
v 0.1166203410073446 0.0347967742610626 0.0399528152747115 0.443137 0.172549 0.160784
vn 0.0004632076610694 0.0005025564131528 0.0001850037327106
v 0.1251511460977265 0.0284619897107287 0.0388116511571226 0.411765 0.164706 0.156863
vn 0.0002862225465724 0.0005985056968777 0.0003253177725742
v 0.1202548584594907 0.0333706119412574 0.0286701624280367 0.298039 0.109804 0.105882
vn 0.0000453153852841 0.0000525070708986 -0.0007860845499949
v -0.1325937513425611 -0.0597212895911014 0.0004444906497973 0.521569 0.211765 0.188235
vn 0.0000287130576400 0.0003245547638287 0.0005149574801768
v 0.1156948185375565 0.0829750714675450 0.0132930348318723 0.545098 0.254902 0.247059
vn 0.0000033543404358 -0.0004312065972935 0.0004826168936447
v -0.0190962476482975 -0.0826862894993019 0.0108522207738884 0.564706 0.258824 0.250980
vn -0.0000280368316846 -0.0002564433032057 0.0006274913499276
v -0.1068329630672068 -0.0332973326374258 0.0539706858456973 0.556863 0.258824 0.239216
vn -0.0000098158556383 0.0002668386777211 0.0008213405385610
v -0.0835315498526976 0.0436796627249529 0.0186366214843217 0.450980 0.164706 0.149020
vn -0.0000561026311312 0.0005835723702721 0.0001925815010197
v -0.0890221491256197 0.0347535938346518 0.0252738942522356 0.360784 0.129412 0.125490
vn 0.0000015217947684 0.0008246517117518 0.0000173309513986
v -0.0910420463420850 0.0363372829832809 0.0337069485927691 0.458824 0.188235 0.176471
vn 0.0000236104219360 0.0004877591029472 0.0005451351240723
v 0.0761852234240545 0.0307075418146209 0.0511881742183597 0.490196 0.192157 0.176471
vn 0.0000044569591623 0.0002661304630920 0.0002819115744803
v 0.0659688167329743 0.0308016246070181 0.0516080620453748 0.533333 0.231373 0.215686
vn 0.0000036528320833 -0.0004663340193105 0.0009657253752335
v -0.0719072502495680 -0.0364281303894726 0.0528190686209035 0.607843 0.274510 0.243137
vn 0.0000088380652515 -0.0004285774724452 0.0007097738863021
v -0.0592204998534253 -0.0387908999841617 0.0516045850050138 0.592157 0.258824 0.231373
vn -0.0000017524992045 -0.0002024163538784 0.0005290582824194
v -0.0617776324054817 -0.0299082372590451 0.0556859122057654 0.572549 0.239216 0.211765
vn -0.0000189149709686 0.0000276402276918 -0.0006820661428875
v -0.0713144385188415 0.0778829283078387 -0.0006293466498103 0.529412 0.258824 0.247059
vn -0.0000083661963336 -0.0001946695095594 0.0008591354341138
v 0.0108019204266688 -0.0168045407243003 0.0606516973808995 0.607843 0.258824 0.235294
vn 0.0000157643150532 -0.0000317971665681 0.0007551516408351
v 0.0155852609380478 -0.0060994369346072 0.0623329757602472 0.654902 0.309804 0.282353
vn -0.0000534570606189 -0.0006344771148048 0.0006524611551344
v -0.0198762866646448 -0.0483558891277953 0.0466695887181225 0.537255 0.219608 0.200000
vn 0.0000156191588469 -0.0004895488014510 0.0003670611105240
v 0.0283105122602397 -0.0556784804492045 0.0268949706491159 0.462745 0.156863 0.145098
vn 0.0000282945633753 -0.0003539602312140 0.0009103325688153
v 0.0169226917058707 -0.0264989651256125 0.0578674601232164 0.576471 0.231373 0.211765
vn 0.0000007384870398 0.0002064953107836 0.0005164899641306
v 0.0401316251459463 0.0205634943103199 0.0572450714655661 0.533333 0.223529 0.207843
vn 0.0000024484891982 0.0002111051837411 0.0004990855984795
v 0.0493566888523990 0.0228033945898686 0.0563060048199591 0.509804 0.211765 0.196078
vn -0.0000491334719407 0.0000162310445671 -0.0005850309090482
v 0.1390579159324379 -0.0440632935875354 0.0009219917876726 0.513725 0.207843 0.180392
vn -0.0005515641393466 0.0001537904184348 0.0003324725895388
v -0.1399830692393962 0.0037773781973963 0.0390053414825618 0.478431 0.203922 0.188235
vn 0.0000000023111726 0.0000077586865216 -0.0008793704188913
v -0.0144314464889982 -0.0291279621437204 0.0009609703076088 0.568627 0.239216 0.215686
vn -0.0000156164461930 0.0000353370317306 -0.0006556894597674
v -0.1162644706899035 0.0774476855393157 -0.0000953140957851 0.564706 0.266667 0.258824
vn 0.0000000549452510 0.0000157509797707 -0.0006501345114547
v 0.0035953448167406 0.0382528881770228 0.0022000738972144 0.517647 0.227451 0.200000
vn 0.0000000869399411 0.0000150593430160 -0.0006183056464918
v 0.0117197422606442 0.0427139755601536 0.0023130082172290 0.533333 0.235294 0.207843
vn 0.0000003342076684 0.0000164250513493 -0.0006885373372364
v 0.0425094374143581 0.0327132574772747 0.0020700372958125 0.513725 0.231373 0.207843
vn 0.0002226620099479 0.0005412812026763 0.0004788709084968
v 0.1126100376668239 0.0306134434747822 0.0490838876891289 0.403922 0.160784 0.149020
vn 0.0000029360513724 0.0000065991069263 -0.0005765424986771
v -0.1200749859585212 -0.0159046491529157 0.0010414871278055 0.521569 0.207843 0.188235
vn 0.0000020252130129 0.0000047097199269 -0.0005701635979566
v -0.1172830417905522 -0.0247691088936411 0.0009571520840294 0.533333 0.215686 0.188235
vn 0.0000109420027291 0.0000082047870799 -0.0008309660362118
v -0.1290131100560481 -0.0238210556886116 0.0009048772626668 0.580392 0.254902 0.227451
vn 0.0000004386986993 0.0000443196929310 -0.0010564033337807
v 0.1154508799091405 -0.0630739132973703 0.0007209344803129 0.568627 0.247059 0.219608
vn 0.0000038839509874 0.0000423561470520 -0.0006875839916963
v 0.1001977466068329 -0.0647859228273743 0.0006902358247276 0.549020 0.239216 0.219608
vn -0.0000007612857876 0.0000068673248369 -0.0007590251890018
v 0.1020809568833148 -0.0537967802559897 0.0008244196025063 0.545098 0.219608 0.196078
vn -0.0001260579845528 -0.0002658223584814 0.0006048289080927
v -0.1347164020449709 -0.0671008331215380 0.0128662126027254 0.615686 0.247059 0.227451
vn -0.0000660501591625 0.0000061144226176 -0.0006972224966683
v 0.1410069473672080 0.0062869054445453 0.0011658346178405 0.474510 0.203922 0.180392
vn 0.0001488899792051 0.0002672396016803 0.0007364720134788
v 0.1312979923552428 0.0385035103699719 0.0196701013142797 0.498039 0.176471 0.156863
vn 0.0001821683432334 0.0001831014724625 0.0005780059321979
v 0.1382087436831622 0.0301746127345090 0.0214109790829184 0.474510 0.180392 0.164706
vn -0.0002285297376147 0.0000608258336231 -0.0006303983391149
v -0.1576968915125076 0.0297577201309412 -0.0006544421736087 0.494118 0.239216 0.223529
vn -0.0003317971979820 0.0000133656134532 -0.0000044628870990
v -0.1620181273112012 0.0290701554923387 0.0067700340896806 0.525490 0.247059 0.247059
vn -0.0004633881641590 0.0000334095233383 0.0001179588206273
v -0.1614126720293718 0.0386231977443812 0.0089863618350331 0.396078 0.184314 0.180392
vn 0.0000001102469017 -0.0002292678796790 0.0005780830803411
v -0.0405850636173574 -0.0299654344652180 0.0555679267504141 0.560784 0.211765 0.188235
vn 0.0000029094733818 -0.0003135104595648 0.0007401352592960
v -0.0516749139390197 -0.0297339111427534 0.0557363670285625 0.596078 0.262745 0.235294
vn -0.0000019341142010 0.0000099405802016 -0.0007538629732247
v 0.1049725276232429 -0.0080336325136335 0.0011894484341484 0.545098 0.223529 0.200000
vn -0.0000035197267940 -0.0002169733253935 0.0004211316149652
v -0.0898228821535055 -0.0786072121989757 0.0120462169173849 0.631373 0.309804 0.286275
vn 0.0003369893724025 -0.0003654137049145 0.0004607361187186
v 0.1418795853182102 -0.0501895714060574 0.0235381861566399 0.639216 0.266667 0.250980
vn 0.0004063675377727 -0.0003763973911638 0.0004047269467671
v 0.1388026461435407 -0.0425323220354501 0.0315697254509064 0.568627 0.235294 0.215686
vn 0.0002998420211989 -0.0005415598438994 0.0003804145202727
v 0.1293277779857473 -0.0490363454761450 0.0322985591211984 0.498039 0.180392 0.168627
vn -0.0000015666746022 -0.0002188015726335 0.0005802957889950
v 0.0471270152959898 -0.0260846303182868 0.0569592709593496 0.568627 0.211765 0.196078
vn -0.0000821143512016 -0.0000018503681890 -0.0009128485407089
v 0.1422105974245576 -0.0240218751972987 0.0009088059839470 0.478431 0.192157 0.172549
vn 0.0000026697157639 0.0002102169322591 0.0006682428186033
v -0.0896793552609386 0.0739760996755209 0.0152710955534240 0.521569 0.227451 0.211765
vn 0.0000629792609185 0.0001109599286028 0.0006567119899692
v 0.0280380759365619 0.0476888490353406 0.0194184839507256 0.501961 0.203922 0.180392
vn -0.0000087452095966 -0.0001312699355430 -0.0007933669442788
v 0.0855347029226681 -0.0778559204436858 -0.0012563410949115 0.576471 0.270588 0.262745
vn -0.0000151201931268 0.0000515420913882 -0.0004161442832619
v 0.0619001540008308 -0.0714711732028415 0.0005046875925618 0.505882 0.223529 0.203922
vn 0.0000189751661529 0.0000613616832845 -0.0010105988786323
v 0.0529608192041392 -0.0661349055190366 0.0006114395252880 0.556863 0.239216 0.211765
vn 0.0004374116718389 0.0000951553751358 0.0002695725343394
v 0.1472569049906135 -0.0001349541894748 0.0332545411278353 0.486275 0.196078 0.176471
vn -0.0004839148322387 -0.0000194766845665 -0.0002526139294692
v -0.1605014527854511 -0.0231170231427988 0.0021844444080869 0.478431 0.211765 0.200000
vn -0.0001217661982965 -0.0000047396059535 -0.0002847528565664
v -0.1560812310233148 -0.0327925268129835 -0.0013692578106553 0.525490 0.250980 0.231373
vn -0.0000043749057217 0.0000514880320867 -0.0008062216384458
v 0.0397677301261284 -0.0630379643391319 0.0007202054501677 0.580392 0.258824 0.223529
vn -0.0000020418322465 -0.0002111729570458 0.0006247416469927
v 0.1051296003703511 -0.0278891443230758 0.0565512600499626 0.603922 0.247059 0.223529
vn -0.0000067489173937 -0.0000991039772043 -0.0006187760634868
v -0.0469697611863609 0.0685175359854706 0.0027384997369166 0.501961 0.215686 0.192157
vn -0.0000091035358855 -0.0000961074563435 -0.0005114204575693
v -0.0367307391128072 0.0757859274629573 0.0005346045857839 0.533333 0.254902 0.239216
vn -0.0000208429958414 -0.0000799577228575 -0.0008579832014040
v -0.0359381277654265 0.0658393869456146 0.0027608392577089 0.521569 0.223529 0.200000
vn 0.0000028801788252 0.0000130027882585 -0.0005494157437573
v -0.1536146426703927 -0.0234418603377881 -0.0018885313827646 0.498039 0.211765 0.203922
vn -0.0000031807613495 0.0000958304696458 -0.0007160332939990
v -0.0462436467612947 0.0792520963659167 -0.0008825344451945 0.576471 0.298039 0.274510
vn -0.0000174922278011 0.0003459762448145 -0.0004513633560051
v -0.0299510803278379 0.0834323436703868 0.0002403805762882 0.603922 0.301961 0.290196
vn -0.0000009675353252 -0.0000262471049645 0.0007211911717989
v 0.0524160631381065 0.0512654127665465 0.0196370973844344 0.505882 0.196078 0.168627
vn -0.0000013334673184 0.0000040262773201 0.0008543328235197
v 0.0656158449470812 0.0541842344416739 0.0196980053464938 0.521569 0.200000 0.180392
vn 0.0000640646630641 0.0003207963664199 0.0006385782198827
v -0.0961893852133362 0.0386803211765202 0.0179151515136124 0.403922 0.137255 0.121569
vn 0.0000005620469430 0.0000104662864953 -0.0004707536366130
v 0.0753954103981645 0.0570582803259973 0.0026906168432744 0.552941 0.243137 0.215686
vn 0.0000079020447668 -0.0001154469186702 0.0005272414783505
v 0.0330396530612260 -0.0142968628293315 0.0602944932574332 0.592157 0.250980 0.227451
vn 0.0000380521411835 -0.0001620725286536 0.0007196598254973
v 0.0220464210353057 -0.0167205934774189 0.0600814711273852 0.635294 0.278431 0.250980
vn 0.0000009166287223 0.0000178738072086 -0.0007865318161698
v 0.0423897349137219 0.0489729648478516 0.0024706474117996 0.556863 0.223529 0.200000
vn 0.0000025918390396 -0.0000028100812421 -0.0008505538246880
v 0.0375232814731741 0.0646184457679651 0.0027713662713210 0.560784 0.227451 0.203922
vn -0.0000002024426281 0.0002116637729123 0.0007268244500176
v 0.0465876402154946 0.0709725381831824 0.0170715999851178 0.517647 0.211765 0.188235
vn 0.0000076207025061 0.0002378160960594 0.0004146126382869
v 0.0485047498373028 0.0820920149004020 0.0134019575723571 0.596078 0.278431 0.278431
vn 0.0000276946583443 0.0003493023563088 0.0008756631180835
v 0.0789136949148000 0.0201976342055309 0.0565133716495608 0.494118 0.211765 0.192157
vn -0.0000166818467092 -0.0001070806482356 -0.0005711174243070
v -0.0943008778803015 0.0707613703757952 0.0026851363592498 0.482353 0.223529 0.200000
vn 0.0000012791681950 -0.0004660020067622 0.0004556253569407
v 0.0049890373864664 -0.0476453936299335 0.0467654146541036 0.600000 0.262745 0.239216
vn -0.0000052927808735 0.0000819029250763 -0.0005225797123441
v -0.0773274961997615 -0.0682812634451944 0.0004578278791634 0.521569 0.207843 0.192157
vn -0.0000018016723033 -0.0002031353623223 0.0008427775204628
v -0.0566286856889530 -0.0191721168375607 0.0590662013290717 0.564706 0.239216 0.215686
vn 0.0000075898088566 -0.0003652367481046 -0.0001797077281247
v -0.0270281318453644 -0.0848946248380876 0.0046914711750942 0.498039 0.215686 0.219608
vn -0.0000067815876129 -0.0002455749370445 -0.0000346525847586
v -0.0365568198598775 -0.0848420639982421 0.0043550052206293 0.584314 0.278431 0.266667
vn -0.0000034637911273 -0.0003987158436415 -0.0001893429779697
v -0.0451267529207307 -0.0839825426410395 0.0020740381667882 0.545098 0.243137 0.235294
vn -0.0000248455297161 -0.0004198919294551 0.0004399375849427
v -0.0409377385846138 -0.0830367474340766 0.0103790992775788 0.549020 0.239216 0.235294
vn 0.0000126441237400 -0.0000484506152229 0.0007323781297030
v 0.0886614698598172 -0.0082061181684650 0.0607158029307916 0.537255 0.227451 0.203922
vn 0.0001478840944958 -0.0003355262304638 0.0003336737765851
v 0.1222066286973574 -0.0537266156585119 0.0272553698276995 0.482353 0.164706 0.152941
vn 0.0000030813452443 -0.0003248611396370 0.0001751965415755
v -0.0917509501447702 -0.0830940821814371 0.0097158063699785 0.592157 0.286275 0.270588
vn -0.0000000699639492 0.0000010237863683 -0.0003662921193264
v -0.0194035362450613 -0.0372837112671607 0.0009425245034475 0.584314 0.266667 0.235294
vn 0.0000154395005156 -0.0000699230804533 -0.0009207897348905
v -0.1275344552845233 0.0675802063603147 0.0027091425740760 0.509804 0.192157 0.168627
vn 0.0000047711231545 -0.0005458142626471 0.0002433380982295
v 0.0424609330315982 -0.0544464090326146 0.0346034725233175 0.584314 0.227451 0.207843
vn -0.0000220714520431 0.0000775876376123 -0.0005316815149516
v 0.1247365253343162 -0.0706886578776162 0.0006451358498617 0.521569 0.223529 0.207843
vn -0.0000019890415478 -0.0003287777978943 0.0005406825574917
v -0.0474682808042381 -0.0730834810789015 0.0151306774834794 0.627451 0.258824 0.235294
vn -0.0003654187440538 -0.0003554479533362 0.0004772977241379
v -0.1337800747283845 -0.0500441786734547 0.0230988873310575 0.588235 0.231373 0.215686
vn -0.0000012107140799 0.0000067905867625 -0.0006312157116819
v 0.0994298829203636 -0.0193797477410181 0.0010633045647876 0.576471 0.243137 0.219608
vn 0.0004314111659223 0.0000159257768660 0.0002689398667467
v 0.1544186988739787 -0.0026882234689855 0.0141832676706234 0.494118 0.192157 0.168627
vn 0.0000005952317013 0.0000080277307755 -0.0005676246226666
v 0.0473524406138445 0.0591180764976640 0.0027138641413833 0.564706 0.219608 0.196078
vn 0.0000002785713897 0.0000140938932420 -0.0005654959255684
v 0.0523807734001856 0.0502969622421952 0.0025070203264790 0.564706 0.254902 0.227451
vn -0.0002209669689595 0.0000912407533221 0.0004789524985946
v -0.1476514887028282 0.0274263266481499 0.0197737652400980 0.572549 0.247059 0.231373
vn -0.0003319432199947 0.0000112289419797 0.0003848291660976
v -0.1515662644929718 0.0201243236010105 0.0152900667996696 0.521569 0.215686 0.203922
vn 0.0000006025814692 0.0000060434851568 -0.0007181277911959
v 0.0168752614664916 -0.0272171147821338 0.0009664235904660 0.509804 0.211765 0.188235
vn -0.0000001276770846 0.0000087324155619 -0.0005985497977679
v 0.0122217720643424 -0.0191930212044726 0.0010931544088024 0.556863 0.239216 0.211765
vn 0.0000019366282467 -0.0001572758064984 0.0006500957235031
v 0.0422438205434897 -0.0178907008127009 0.0594685234009444 0.572549 0.231373 0.211765
vn 0.0000042067087272 -0.0001813668732448 0.0006727064037920
v 0.0557963986723467 -0.0221653590158224 0.0582105424109563 0.603922 0.254902 0.235294
vn -0.0000673213893505 0.0007435844962866 0.0002336810510611
v 0.0162060052631461 0.0356311508612889 0.0284479152682993 0.423529 0.164706 0.156863
vn -0.0000005139234371 0.0000058269336423 -0.0008029709381890
v 0.0576153249658570 -0.0295213307014047 0.0009559662404545 0.568627 0.235294 0.207843
vn 0.0000381744288700 -0.0004652626405304 0.0005115490987651
v 0.0152818143707410 -0.0478825046849403 0.0469543859122792 0.650980 0.294118 0.274510
vn -0.0000000515401651 0.0000175183744718 -0.0006740454921511
v -0.0060540163007470 0.0250242856974117 0.0018983149189713 0.454902 0.207843 0.184314
vn 0.0000004178296469 0.0000224430525716 -0.0009309534228658
v 0.0073597737713371 0.0156326699253779 0.0016434794568590 0.454902 0.203922 0.180392
vn -0.0001860300828648 -0.0000745620529509 0.0003107408905450
v -0.1470832693873700 -0.0412963743479223 0.0159494107008503 0.580392 0.231373 0.211765
vn -0.0005984558688355 -0.0001396850249727 0.0006539289369181
v -0.1474745613538349 -0.0318116245743517 0.0179880829917193 0.533333 0.211765 0.188235
vn 0.0000115470126469 0.0003207663856880 0.0005198327744662
v -0.1098121294250851 0.0823114513309796 0.0135771428536457 0.623529 0.321569 0.313725
vn 0.0000064264420179 -0.0001061535405734 -0.0006060548975832
v 0.0631214676830981 0.0762435820333946 0.0001443135445170 0.576471 0.278431 0.266667
vn -0.0000166751076734 -0.0001210278338724 -0.0007665702767256
v -0.0244821993138066 0.0778811573946611 -0.0006659862271111 0.556863 0.270588 0.266667
vn 0.0000175808316767 -0.0000837371227809 -0.0005849067652186
v -0.0116013946629533 0.0782186255377990 -0.0006962484164241 0.521569 0.247059 0.239216
vn -0.0000086898459051 0.0000717561141262 0.0007201318245363
v -0.0077198938304300 0.0612119645367647 0.0194858272293110 0.490196 0.188235 0.164706
vn 0.0000011278937989 -0.0000292486644768 0.0006150413679657
v -0.0088170152970299 0.0492161632731951 0.0195286795608246 0.521569 0.219608 0.192157
vn -0.0000019903243331 0.0000178181222390 -0.0006591516012866
v 0.1079804961588133 0.0250018323533789 0.0018583279250565 0.443137 0.219608 0.196078
vn -0.0000029643770050 0.0000184666040872 -0.0006280763906671
v 0.1172465510973695 0.0229141597255785 0.0017492438397463 0.435294 0.200000 0.176471
vn 0.0000151068556929 0.0002051931583070 0.0005490405905717
v -0.0726330755895534 0.0778121964605625 0.0137961849590028 0.533333 0.250980 0.243137
vn -0.0000040133229598 0.0002084419304734 0.0003812013004750
v -0.0608962326292252 0.0828196397630627 0.0128828013629091 0.509804 0.231373 0.227451
vn -0.0000087051010474 -0.0007556040571634 0.0003170823253357
v 0.0091146250700806 -0.0523833703739855 0.0386067203667516 0.623529 0.262745 0.243137
vn 0.0000150229357320 -0.0004431409556572 0.0002475500208771
v 0.0217552626655405 -0.0517700920414276 0.0397084787411359 0.607843 0.243137 0.223529
vn -0.0000000446158321 0.0000032661166383 -0.0006113325193613
v -0.0627381770337856 -0.0334802217294728 0.0009485989859988 0.564706 0.227451 0.203922
vn 0.0000004663704782 0.0000066833130886 -0.0005109664491927
v -0.0857316118199877 0.0011985730642997 0.0013777449031182 0.505882 0.207843 0.180392
vn 0.0000016676164343 0.0000112432995831 -0.0007738044207382
v -0.0908220719789517 -0.0067564412259466 0.0012418935568822 0.549020 0.254902 0.227451
vn 0.0000176356570503 -0.0003304932381699 -0.0002601057240861
v 0.0010554009899110 -0.0830506765915416 0.0012186805341184 0.517647 0.227451 0.219608
vn 0.0000083970119684 -0.0000361190386996 -0.0010521376969334
v 0.0062034010594459 -0.0749771591440350 -0.0016698067838174 0.568627 0.282353 0.258824
vn -0.0000067754916503 0.0000654793625999 0.0008432414991670
v 0.0248623736338062 0.0573962954069376 0.0196757308269938 0.505882 0.188235 0.168627
vn -0.0000037056097964 0.0001239203112622 0.0009631179350744
v 0.0366120302035540 0.0591450730321031 0.0197444729516711 0.501961 0.196078 0.180392
vn 0.0000036589596433 0.0002714954408209 0.0008052289918395
v -0.0002539948734155 0.0702975233825147 0.0172218079089741 0.549020 0.227451 0.203922
vn 0.0000267369366267 -0.0003711501448415 0.0006451519082348
v -0.0075544135547344 -0.0786257243615137 0.0121378456402333 0.615686 0.294118 0.278431
vn 0.0000547079634722 -0.0005758845364949 0.0008163771713270
v -0.0022961761039776 -0.0681021103625251 0.0193691502888401 0.607843 0.243137 0.219608
vn 0.0000294611752616 0.0004514651369709 0.0005660764980314
v 0.0893405093431736 0.0302246531801378 0.0509612508599378 0.549020 0.250980 0.235294
vn -0.0000041214164780 0.0000213320229950 -0.0007444459676219
v 0.1277207875890258 0.0286464358510778 0.0018807767812353 0.427451 0.200000 0.180392
vn -0.0000022423518515 -0.0001446388694886 0.0005191962108576
v -0.0462582992895423 -0.0211142271175110 0.0585542003247413 0.549020 0.223529 0.203922
vn -0.0007874630151455 -0.0001018636097306 0.0004508576125303
v -0.1390008215547799 -0.0174802845388976 0.0410926764236736 0.474510 0.184314 0.172549
vn 0.0000157221310349 -0.0005972359760016 0.0005307969249533
v 0.0608115760528997 -0.0479343111704344 0.0437933903637076 0.607843 0.250980 0.231373
vn 0.0000005960379852 0.0000087533030672 -0.0006351105063224
v 0.0585574226665842 0.0582581140273572 0.0027172778368282 0.564706 0.235294 0.207843
vn 0.0000000520483299 0.0000151179542476 -0.0006315970991879
v 0.0644962557257249 0.0503522221080416 0.0025088971068335 0.564706 0.247059 0.215686
vn 0.0000051313027698 -0.0000577226965858 -0.0005342337528787
v -0.0268925544366894 -0.0751256598583973 -0.0017559491745205 0.568627 0.274510 0.250980
vn 0.0000057351398163 0.0000514251225774 -0.0006462036842032
v -0.0245385153884116 -0.0639246541882361 0.0006930242677453 0.541176 0.223529 0.203922
vn 0.0000056967384576 0.0001021990180153 0.0008667015359706
v -0.0722031196073964 0.0049037169013772 0.0612503405026475 0.513725 0.223529 0.207843
vn 0.0000047033361376 -0.0005751844364919 0.0006776955158180
v 0.1026730361907609 -0.0603816768770117 0.0241309796950415 0.580392 0.231373 0.207843
vn 0.0003261425772232 0.0001524539698908 -0.0001462404295843
v 0.1547257366427246 0.0596094024612915 0.0054126529438265 0.521569 0.239216 0.227451
vn 0.0000955544258094 0.0000312639865010 -0.0002566304239746
v 0.1512114981446191 0.0530690878601219 -0.0000444011693450 0.568627 0.262745 0.262745
vn 0.0000134233898228 0.0001754611928871 0.0007260343803102
v 0.0308599460811412 0.0133389178593560 0.0593605456402886 0.498039 0.200000 0.184314
vn 0.0000057841009544 0.0000683529809009 0.0007287124912789
v 0.0391731734526281 0.0027023936777878 0.0613903254563104 0.615686 0.278431 0.258824
vn 0.0000039927871637 0.0001575338384248 0.0006464589575931
v 0.0442989309540159 0.0114785311720877 0.0597267187970206 0.564706 0.235294 0.215686
vn -0.0000036888000872 -0.0004755031145947 0.0007733097819827
v 0.0530972027480032 -0.0670790128368048 0.0200729469554433 0.643137 0.266667 0.239216
vn -0.0000055354365417 -0.0006858626413963 0.0006901443776390
v 0.0406727205714746 -0.0581481693008018 0.0246155606427591 0.482353 0.176471 0.156863
vn -0.0000189128507915 -0.0004835406881072 0.0008895596793499
v 0.0998267103561800 -0.0736171755200662 0.0150754493830601 0.615686 0.270588 0.247059
vn 0.0000259099172785 -0.0003364830579469 0.0005259236229246
v 0.0885304032833634 -0.0700687002857165 0.0183675594667720 0.607843 0.254902 0.231373
vn -0.0000823700698402 0.0000140835232275 -0.0007712017148422
v 0.1459969451775296 -0.0037379392442784 0.0010039182249926 0.525490 0.243137 0.215686
vn 0.0000040368216111 0.0001437590371848 0.0004350985097752
v -0.0388785206171828 0.0209509770946564 0.0573488695333521 0.505882 0.200000 0.184314
vn 0.0000001050350326 0.0000162304145010 -0.0006728076420838
v -0.0684160837744466 0.0255539933155977 0.0019168450596818 0.462745 0.196078 0.172549
vn 0.0000132053697569 0.0007213852027593 0.0002539985934662
v -0.0642036204188553 0.0357505485755765 0.0436229575884519 0.552941 0.243137 0.227451
vn 0.0001998960507353 -0.0002475622684316 0.0000408410125782
v 0.1432174167241311 -0.0754327235294155 0.0072858675330290 0.603922 0.282353 0.270588
vn -0.0000001241838234 0.0001316733062755 0.0008269132085445
v 0.0965544275970996 0.0610566080075957 0.0198013815694177 0.541176 0.203922 0.180392
vn -0.0000343834478673 0.0000782202999909 0.0006002682580258
v -0.0250792308105004 0.0437915960894106 0.0190713811959840 0.478431 0.200000 0.176471
vn 0.0000345455079966 0.0002601265309548 0.0005240600373580
v -0.0148394716058918 0.0407105864993230 0.0188446850861679 0.435294 0.172549 0.160784
vn -0.0000034305326045 -0.0010116430332230 0.0004904402995191
v -0.0276714750497584 -0.0549092360259642 0.0339490080709582 0.549020 0.207843 0.184314
vn -0.0002601497139418 -0.0000536154561640 0.0002237144052011
v -0.1340681841211750 -0.0223054209175447 0.0475371283005965 0.513725 0.211765 0.200000
vn 0.0003477692054851 0.0000063567505695 0.0003721160514416
v 0.1529683698566041 0.0227058532102573 0.0150369283885471 0.529412 0.207843 0.192157
vn -0.0000004920903881 0.0000122946275400 -0.0011127223804203
v 0.0872456303393464 -0.0210990754415749 0.0010678580131572 0.580392 0.258824 0.235294
vn 0.0000005752170441 0.0000024352788808 -0.0005584663007333
v -0.1015071338351209 -0.0342476436160119 0.0009381005304863 0.564706 0.243137 0.215686
vn 0.0000002536759636 0.0000147101555760 -0.0008229289667954
v -0.0629654862965758 0.0066109049058809 0.0014482955574919 0.470588 0.196078 0.176471
vn -0.0000286696710780 0.0001074807579357 0.0009473935364001
v 0.0014900166549832 0.0477238926060143 0.0194334117581510 0.521569 0.223529 0.200000
vn -0.0000791095695626 0.0003674619289006 0.0003606235182816
v -0.0029841324354546 0.0356898909962228 0.0183566434481170 0.360784 0.149020 0.137255
vn -0.0000402116615013 0.0000100984829452 -0.0005330530929743
v 0.1432843556074532 -0.0147592608734313 0.0009244783250311 0.537255 0.243137 0.215686
vn -0.0000206124961681 -0.0001457628074856 0.0007026722798883
v -0.0923991899846172 -0.0134193291823125 0.0600110568807862 0.537255 0.247059 0.227451
vn -0.0000002194234581 0.0000045899615753 -0.0008149450361255
v -0.0278773763468310 -0.0328755217734570 0.0009551685445589 0.560784 0.243137 0.215686
vn 0.0000077265659036 0.0002138305187168 -0.0002261109988461
v 0.0024091512672214 0.0838086223460002 0.0010606446066520 0.517647 0.243137 0.243137
vn -0.0000053697489788 -0.0000648962757235 -0.0005764488306811
v 0.0003144714375228 0.0794068764234117 -0.0008643971458425 0.560784 0.274510 0.243137
vn 0.0000070276861472 -0.0001031753699677 -0.0008630949423501
v 0.1006774999910645 -0.0775773179732373 -0.0012581813413206 0.592157 0.298039 0.274510
vn 0.0000027142106002 0.0002257408275723 -0.0002820724270074
v -0.0191201647627529 0.0830467432366701 -0.0001463957817597 0.541176 0.254902 0.243137
vn -0.0000134501348120 0.0001370611783708 0.0009487305915713
v -0.0152063747109705 0.0055818035174981 0.0614993758816771 0.623529 0.298039 0.286275
vn 0.0005907189940065 -0.0000020319424176 0.0004285822371560
v 0.1579112968108322 -0.0126267488543640 0.0117517416121645 0.517647 0.223529 0.211765
vn 0.0000018822553412 -0.0002927662186460 -0.0001504106441946
v -0.0945109508924368 -0.0839329559148961 0.0029858191824005 0.513725 0.223529 0.219608
vn -0.0000340990551246 -0.0002327928517755 0.0005587608153721
v -0.0159381006052350 -0.0303796149251533 0.0566517724063978 0.572549 0.215686 0.203922
vn 0.0000266057762918 -0.0002067300790919 0.0004730589038311
v -0.0073049958228671 -0.0343145637941079 0.0544074762169114 0.662745 0.290196 0.258824
vn 0.0000017680148656 0.0000327499786678 0.0006800065289214
v 0.0095971029698913 0.0567480126803387 0.0195991619147004 0.490196 0.168627 0.149020
vn 0.0000020689373628 0.0000594817208271 0.0005267161648764
v 0.0017797750774475 0.0616348181541034 0.0194293828348776 0.521569 0.200000 0.180392
vn 0.0000000684105726 -0.0000078309829406 0.0008270761242954
v 0.0873081446050960 0.0542959589630162 0.0197662194084330 0.545098 0.211765 0.188235
vn -0.0000454483427340 -0.0001382683202548 -0.0004991184692719
v -0.1265335499754831 -0.0756975897240338 -0.0020663594724599 0.501961 0.231373 0.215686
vn 0.0000125333888932 0.0001094537972715 -0.0006805360918522
v -0.1253528528128842 -0.0695616096493468 0.0002222974758375 0.415686 0.156863 0.141176
vn -0.0000132895371376 0.0005816840246329 0.0000305721269861
v 0.0134890617442796 0.0362981851096371 0.0375030728986255 0.549020 0.235294 0.223529
vn -0.0002614798965010 -0.0003133783796978 0.0006640898077225
v -0.1332140452387279 -0.0590445287089204 0.0192930310761840 0.631373 0.266667 0.243137
vn -0.0002458293928679 -0.0004003003486445 0.0004310558103675
v -0.1244125161595404 -0.0579167291853079 0.0225377201545776 0.572549 0.243137 0.223529
vn 0.0003926376964127 -0.0000575464931403 0.0002538168824578
v 0.1502061765752248 -0.0358916391923094 0.0208045450027026 0.584314 0.235294 0.207843
vn 0.0003144921508226 -0.0000921855263272 0.0003132208446086
v 0.1518454554893260 -0.0426731576337927 0.0145087472857679 0.611765 0.274510 0.247059
vn 0.0000025514022491 0.0000236549060906 -0.0008758507101060
v -0.0956880649841524 0.0215338511087791 0.0017866896757928 0.458824 0.203922 0.176471
vn -0.0000034022053810 0.0000096410976007 -0.0006105440189449
v 0.1239530538584465 0.0061006013984602 0.0013224992951272 0.537255 0.247059 0.215686
vn -0.0000010656831496 0.0000144570386200 -0.0005676567539468
v -0.0291916413873001 0.0165439541532840 0.0016819594241382 0.447059 0.192157 0.172549
vn -0.0000752881474621 0.0002349216957268 0.0009044821964916
v 0.0178221844681597 0.0478322097135702 0.0193904598490753 0.470588 0.176471 0.156863
vn 0.0000268648551661 0.0003156809299263 0.0003796221336979
v 0.0091641359161761 0.0380518840271956 0.0185608895015867 0.403922 0.149020 0.141176
vn 0.0000027632327738 0.0002042351250370 0.0007775954898908
v 0.0115802823165498 0.0685967171113206 0.0179073381254699 0.501961 0.196078 0.172549
vn -0.0003290997805921 -0.0000039183905819 0.0003868006942079
v -0.1595090298984849 0.0153614944715553 0.0118630781152789 0.552941 0.262745 0.262745
vn 0.0000010428444282 0.0000058770531544 -0.0006834999315378
v -0.1080191068049146 -0.0255175509721776 0.0009645120133868 0.537255 0.223529 0.200000
vn 0.0000115778574573 0.0000056455193214 -0.0005737401209870
v -0.1355162255515348 -0.0060585512057527 0.0009900017180762 0.521569 0.211765 0.188235
vn 0.0002774459499378 0.0000667520100309 -0.0002206229599954
v 0.1572449949480947 0.0408286720166414 0.0013914376664142 0.596078 0.294118 0.278431
vn 0.0000188426131872 0.0005939372003773 0.0001875731709308
v 0.1072091627399605 0.0346984385938022 0.0422347678075210 0.509804 0.200000 0.184314
vn -0.0000000390911930 0.0000174524898862 -0.0012884277444032
v 0.0329345868836631 -0.0083993792172911 0.0012372523567798 0.533333 0.211765 0.192157
vn -0.0000013317223633 -0.0001029315133792 0.0009739193394546
v -0.0666106752223508 -0.0064187605352492 0.0614979484828004 0.564706 0.258824 0.239216
vn 0.0000190022104738 0.0011871320201667 0.0002766717860146
v -0.0096688723090324 0.0355162247665892 0.0423064435689947 0.552941 0.239216 0.227451
vn -0.0000230727815635 -0.0002644304698415 0.0004879028967845
v -0.0142530829252654 -0.0406561347340317 0.0518462753653234 0.607843 0.247059 0.227451
vn -0.0000509166570037 -0.0000141624123662 0.0008379153511940
v -0.0202852323190148 -0.0061627294888866 0.0623278098621550 0.635294 0.290196 0.270588
vn 0.0000026992379033 0.0000106237982526 -0.0007815641632287
v -0.1075456898322829 -0.0046264027583547 0.0012274032170186 0.509804 0.223529 0.200000
vn -0.0000189223145690 -0.0003558311124393 0.0005137293198314
v -0.1028882563017724 -0.0665722026711647 0.0193821163544083 0.596078 0.239216 0.219608
vn -0.0000649693708191 -0.0007786795064764 0.0006339191655631
v -0.1156637362215444 -0.0614662109744237 0.0221815155252622 0.603922 0.254902 0.227451
vn -0.0000006327865625 0.0000119536167421 -0.0007122383491450
v 0.0248528989925012 0.0061188805875436 0.0014370688853097 0.564706 0.247059 0.227451
vn 0.0000009219866204 0.0000113859547344 -0.0006352703050629
v 0.0352330444437357 0.0087506962284640 0.0014602633428777 0.552941 0.239216 0.215686
vn -0.0000235362686482 0.0011197882715899 0.0001918269150659
v 0.0010756945616007 0.0357969220517546 0.0305837029445191 0.498039 0.207843 0.192157
vn 0.0000041561968576 0.0003360600966766 0.0004948084582990
v 0.0803650962557273 0.0828037038814243 0.0131987865413429 0.541176 0.247059 0.243137
vn 0.0000116344946654 0.0001154484195791 0.0003501956467463
v 0.0825196544119903 0.0734799456397410 0.0159286229349759 0.509804 0.200000 0.176471
vn 0.0000002832743702 0.0000052142144679 -0.0008181689335799
v -0.0719167151857406 -0.0342378870187811 0.0009458700774060 0.552941 0.223529 0.196078
vn -0.0000004842831882 0.0000074731140757 -0.0006386653107440
v -0.0613680692779479 -0.0231173121171573 0.0010459469287806 0.572549 0.247059 0.219608
vn 0.0000009788792755 0.0001183604763145 0.0009203945639989
v 0.0518042066110886 0.0619497390274700 0.0195053392289729 0.521569 0.192157 0.172549
vn -0.0000000332672433 0.0000122775072225 -0.0005166534356824
v -0.0495338145151593 0.0339492686514874 0.0021008410916397 0.490196 0.215686 0.188235
vn -0.0000000711277848 0.0000146558967823 -0.0006254216134023
v -0.0400985821037026 0.0320816690309307 0.0020571465492538 0.494118 0.231373 0.203922
vn -0.0003514395928141 -0.0000288833358294 0.0004362437189627
v -0.1515873785052340 0.0107080906322120 0.0146257207422135 0.482353 0.207843 0.184314
vn -0.0000000803448083 0.0000026200502866 -0.0006351276892604
v 0.0153349075099063 -0.0365995126602545 0.0009405543334834 0.576471 0.235294 0.203922
vn 0.0004272414282563 0.0001281042917208 0.0003414346218310
v 0.1373978821497374 0.0025058810646940 0.0468362498030632 0.537255 0.235294 0.219608
vn 0.0000059111374998 0.0004996910771405 0.0003453236358662
v 0.0297073812339566 0.0329145223660928 0.0488851905100805 0.454902 0.188235 0.172549
vn -0.0000002327408974 0.0000240440708563 -0.0010181510890765
v -0.0235660200310822 0.0430045820360155 0.0023223582502719 0.513725 0.223529 0.196078
vn 0.0000000906724880 0.0000144473898117 -0.0006108292806200
v -0.0309915898381509 0.0292816044094694 0.0019937288376913 0.494118 0.227451 0.203922
vn -0.0000031715658083 -0.0000941927447304 -0.0003301938347788
v -0.0777349209393613 0.0716945307028181 0.0026244274358642 0.462745 0.188235 0.168627
vn -0.0000224634489088 -0.0002656247959890 0.0001712907374304
v -0.0698943438546534 -0.0832571438816689 0.0097347536963365 0.588235 0.278431 0.266667
vn -0.0000011382855419 0.0000079776351607 -0.0006152783990068
v 0.0953491487626980 -0.0103642444277252 0.0011750925755635 0.556863 0.227451 0.203922
vn 0.0000802356020279 0.0000210423825966 -0.0006449768800500
v -0.1519693018122029 0.0216772894238948 -0.0004370370720133 0.501961 0.227451 0.219608
vn -0.0002682352183270 0.0000090083811735 -0.0002709215150137
v -0.1588313222406152 0.0208866675881968 -0.0000733226161566 0.450980 0.196078 0.196078
vn 0.0000384775568139 -0.0007086600009091 0.0004404325195783
v 0.0522184248716568 -0.0529141631129694 0.0382997740717540 0.592157 0.231373 0.211765
vn -0.0000045456872254 0.0005241424196241 0.0000137613191482
v -0.0461003557190628 0.0364793222201557 0.0376153982575842 0.509804 0.223529 0.211765
vn -0.0000024912125359 0.0002425925150787 0.0007623389202924
v 0.0558879780562643 0.0738206869161790 0.0155318553210817 0.501961 0.200000 0.184314
vn 0.0000099309476046 0.0004044219274380 0.0006530396867511
v -0.0434750999634759 0.0285371617257282 0.0539055236586915 0.501961 0.211765 0.200000
vn -0.0000125194679826 -0.0000002412180576 0.0007509170106226
v -0.0316719720840914 0.0521739639271701 0.0195511256845326 0.560784 0.243137 0.215686
vn 0.0000615647325916 0.0001857084457086 0.0004989828291793
v -0.0351309090200031 0.0426903517374159 0.0189508229755236 0.462745 0.149020 0.137255
vn -0.0000146071659293 -0.0001400382105190 -0.0009748844081487
v 0.0515678267043910 0.0697908629382998 0.0027395090670339 0.494118 0.196078 0.176471
vn -0.0000003138797390 0.0000053127246663 -0.0006811306154491
v 0.1121968867424543 -0.0491492029434835 0.0008492342809321 0.572549 0.235294 0.207843
vn 0.0000002079492140 0.0000057424867725 -0.0005762002885843
v 0.1226489675621600 -0.0516692366433372 0.0008262103277215 0.541176 0.231373 0.207843
vn 0.0000427511685066 -0.0000330754981739 -0.0005500277892244
v -0.1365118728024649 0.0714148958622344 0.0012372721971572 0.549020 0.258824 0.247059
vn 0.0004825695744841 -0.0002364651664519 0.0006430918973737
v 0.1495056329256125 -0.0517689276482118 0.0148335469749410 0.592157 0.231373 0.211765
vn 0.0000114149111007 -0.0003318004779436 0.0005451112139454
v 0.0448425067848228 -0.0798789754568947 0.0126525881725185 0.584314 0.258824 0.250980
vn -0.0000096980659968 -0.0002716876726300 0.0005443524215940
v 0.0586393694383626 -0.0735964994140804 0.0142696371403652 0.611765 0.243137 0.223529
vn -0.0000003963628574 0.0000182773775327 -0.0007328681834906
v 0.1524014323322177 -0.0154091107130596 -0.0009210117321125 0.545098 0.262745 0.239216
vn -0.0000664996755053 -0.0000005525602442 -0.0007202542355380
v -0.1543205806909783 -0.0033391865863657 -0.0017896937569462 0.533333 0.243137 0.235294
vn -0.0000033760833755 0.0002566682318505 0.0012556976110633
v -0.0402335182185797 0.0663426355803050 0.0184905939563795 0.517647 0.192157 0.176471
vn -0.0000117471578065 -0.0003357777240088 0.0005625367861198
v 0.0049450868751687 -0.0734422296791376 0.0143344479207945 0.643137 0.262745 0.235294
vn -0.0000308088593205 -0.0000095089488094 -0.0004620051640955
v 0.1513194958260976 0.0060410016092304 0.0000734686133608 0.427451 0.176471 0.164706
vn -0.0000175725339962 -0.0001846055668749 -0.0003860877139189
v -0.0191228717074683 -0.0810097906418462 0.0001179273253013 0.647059 0.356863 0.329412
vn -0.0000225487636283 -0.0002542560471985 0.0006143040911990
v -0.0277134384686720 -0.0277043106107607 0.0564540315401081 0.631373 0.258824 0.239216
vn -0.0001380595464994 0.0000104559032064 -0.0006286885851287
v -0.1562321177884525 0.0127959315306635 -0.0014838374778136 0.537255 0.262745 0.250980
vn -0.0000008842574678 0.0000208509349943 -0.0008248324201413
v 0.1013517795155706 0.0318032064546232 0.0020357439936541 0.513725 0.262745 0.239216
vn 0.0000003303501031 0.0000059888429500 -0.0005426422325203
v -0.0409534089118058 -0.0531791303543083 0.0008707597299354 0.568627 0.231373 0.203922
vn 0.0000017871762581 0.0000116884545485 -0.0009126526079674
v -0.1003990692970717 -0.0152345933095490 0.0011083757399701 0.537255 0.239216 0.211765
vn -0.0000160137681523 -0.0002539238807752 0.0004373611640160
v -0.0972652082927904 -0.0723536453968762 0.0147493490023353 0.623529 0.254902 0.231373
vn 0.0000008192698116 -0.0000599912627888 -0.0006683933794001
v -0.0261549557754566 0.0633444644282446 0.0027760078185953 0.537255 0.239216 0.211765
vn -0.0000001032578986 0.0000034479729161 -0.0007059656190676
v -0.0244351317677676 -0.0455370468005740 0.0009170176834309 0.556863 0.231373 0.207843
vn 0.0000000184464136 0.0000132146715470 -0.0008245491905806
v -0.0320418584871732 -0.0562280249939602 0.0008434437245093 0.529412 0.207843 0.188235
vn 0.0000005845697703 0.0000121392943358 -0.0007747787682943
v -0.0740318355076580 0.0041419048971108 0.0014041165267660 0.560784 0.250980 0.223529
vn 0.0000011063213799 0.0000201994461024 -0.0008243847430354
v -0.0723222608802618 0.0150774129639963 0.0016355539448890 0.556863 0.262745 0.239216
vn -0.0000002640714567 0.0000114088178760 -0.0006432623338291
v 0.0142812944181508 0.0075674930727011 0.0014543352626548 0.521569 0.219608 0.196078
vn -0.0000034802408957 0.0002907317774166 0.0008534007081632
v -0.0247233601391613 0.0713964481957506 0.0168047494441774 0.533333 0.200000 0.180392
vn -0.0001981393141959 -0.0000450095558172 -0.0005537667420245
v -0.1539637553078876 -0.0435928619659350 -0.0017945779413983 0.498039 0.223529 0.203922
vn 0.0000015977736091 0.0000157851724008 -0.0009488897675257
v 0.0438171987696412 0.0023490010702863 0.0013981083452379 0.568627 0.231373 0.211765
vn -0.0000173607966163 0.0005015510615050 0.0005289951098337
v -0.0195100401798246 0.0308610241503127 0.0538319126586603 0.596078 0.290196 0.282353
vn 0.0000059001369566 0.0002951468706117 0.0002681121428157
v -0.0101034385783515 0.0314246582221951 0.0511871454549847 0.568627 0.290196 0.270588
vn 0.0000788496873269 0.0002695197122801 0.0008558534684185
v 0.1208463362107768 0.0417617443873760 0.0191165039250358 0.513725 0.196078 0.176471
vn 0.0000063943671635 -0.0000579429560338 0.0005060495448111
v 0.0771385880199611 -0.0098839131578370 0.0606905012853639 0.572549 0.247059 0.227451
vn 0.0000014607853142 -0.0002071369187995 0.0008388558865893
v 0.0697157985070183 -0.0178810868500696 0.0593458678945304 0.564706 0.247059 0.223529
vn -0.0000006841845168 0.0000133134323153 -0.0006322008802709
v -0.0243902333191978 0.0534058274972540 0.0025648840525748 0.537255 0.235294 0.207843
vn -0.0000008381748172 0.0000054620346738 -0.0010085156443719
v 0.0970911760931108 -0.0438344048091341 0.0008985179318272 0.560784 0.231373 0.207843
vn -0.0006114176131553 -0.0000130512462112 0.0005680683591234
v -0.1594424354526712 -0.0285682659817518 0.0116531623448737 0.596078 0.294118 0.286275
vn 0.0005880144161304 0.0000652122341661 0.0003773904528419
v 0.1431238401893521 -0.0038895239514266 0.0408132374354653 0.584314 0.282353 0.262745
vn 0.0007629896654508 -0.0000527966145960 0.0003704509321289
v 0.1482214072691351 -0.0092894185808273 0.0313628684072113 0.478431 0.188235 0.168627
vn 0.0000264519204463 0.0002029780558750 0.0006673395939476
v 0.1187792561634688 0.0735685668019883 0.0163535567283759 0.564706 0.219608 0.200000
vn 0.0000013458994333 0.0001764969460885 0.0006974778080480
v -0.0667612870248828 0.0666079826489076 0.0185546686660246 0.494118 0.200000 0.176471
vn -0.0000069347707502 0.0001577914696471 0.0004346624162880
v -0.0622034501258971 0.0739300910313529 0.0151593296602960 0.545098 0.227451 0.207843
vn 0.0000537294417259 0.0000409056396438 -0.0006628759940093
v -0.1476229149770780 0.0381463113712965 0.0016630117871746 0.482353 0.207843 0.192157
vn 0.0000670111554571 -0.0000147368258749 -0.0008555790650304
v -0.1430833654112332 0.0486417494856029 0.0020244224054693 0.494118 0.196078 0.172549
vn 0.0000172221834110 0.0000273697646777 -0.0009891838728994
v -0.1343193081503573 0.0377369283830587 0.0019285490980619 0.517647 0.239216 0.211765
vn 0.0000011122692145 0.0000147679887890 -0.0005848394714750
v -0.1016084005410841 0.0396176717541631 0.0022112132118756 0.513725 0.239216 0.211765
vn -0.0000537450369756 -0.0002307946647612 -0.0001067913868725
v -0.1275923601253746 -0.0814711369504386 0.0024784425488399 0.454902 0.192157 0.200000
vn -0.0000001983506126 0.0000133470882629 -0.0005525130086489
v 0.0037851799867502 0.0279842420768796 0.0019598530485488 0.498039 0.243137 0.215686
vn 0.0000026143927162 0.0004678821023350 0.0003380544673911
v -0.0752804550535797 0.0328578205314410 0.0497426938935746 0.505882 0.231373 0.215686
vn -0.0000001916191512 0.0000187216798910 -0.0007364323971673
v -0.0599458411847119 0.0175367907892864 0.0017105144600836 0.478431 0.211765 0.184314
vn -0.0000174570187591 -0.0005919004222586 0.0002762881645530
v -0.0658622122356872 -0.0544828113871559 0.0365125611023523 0.572549 0.227451 0.207843
vn 0.0000037624631802 0.0002024685587420 0.0006870742215221
v 0.0360794092248541 0.0725424832766922 0.0162322726674345 0.549020 0.211765 0.192157
vn 0.0000472902558863 0.0000087115611564 -0.0004879517187201
v -0.1422427862280984 0.0225184798562171 0.0012461748615692 0.501961 0.223529 0.203922
vn 0.0000550798671542 0.0000362173987997 -0.0006537157316111
v -0.1411605804642379 0.0316283790264478 0.0015550849022781 0.517647 0.227451 0.203922
vn 0.0000005109954636 0.0000042460745998 -0.0005187444769261
v -0.0846477500042314 -0.0486805324559180 0.0008609726108000 0.552941 0.215686 0.196078
vn 0.0000021805127656 0.0000084189419825 -0.0006969747161769
v -0.1102843592551859 -0.0141820214703198 0.0010977130085540 0.588235 0.266667 0.243137
vn 0.0000000833484860 0.0000211952114509 -0.0008799385847046
v 0.0326205157171019 0.0393442354955571 0.0022247125497237 0.533333 0.235294 0.211765
vn -0.0000109628649297 -0.0000494075834221 -0.0003648140484293
v 0.0614377996944697 0.0672884213123039 0.0027548288432501 0.572549 0.250980 0.223529
vn 0.0000179223309835 0.0000914719504568 0.0007232757365667
v 0.0637331151095178 0.0032055925001336 0.0612082540051051 0.501961 0.196078 0.168627
vn -0.0000161497999251 -0.0005419125428704 0.0003937692031221
v 0.0517646497117588 -0.0574648238430329 0.0247751635387796 0.431373 0.145098 0.133333
vn -0.0000007982763465 0.0000148501400770 -0.0009939319709421
v -0.0499672019662523 0.0562916373992491 0.0026549109462019 0.576471 0.243137 0.215686
vn 0.0000005037648845 0.0000198039387506 -0.0008127921168734
v -0.0607579109506383 0.0485240781361682 0.0024614901006289 0.529412 0.219608 0.196078
vn -0.0000092442242918 -0.0004755629097115 0.0003075313266598
v 0.1084728821666111 -0.0550279909468870 0.0301176750695091 0.588235 0.215686 0.200000
vn 0.0000063197655918 -0.0001254743237200 -0.0006430214575853
v -0.0046790506956515 0.0696381535487769 0.0027288790552458 0.490196 0.207843 0.184314
vn -0.0000322403785388 0.0001147962438701 0.0009242454800193
v -0.0673203401752127 0.0477927976245381 0.0192517820024217 0.478431 0.172549 0.152941
vn 0.0000003480468404 0.0000204653871625 -0.0008501950415583
v 0.0487722047456562 0.0408895822946981 0.0022734032977178 0.545098 0.239216 0.211765
vn 0.0000001931481891 0.0000126343392727 -0.0005173085187735
v -0.0580044454421045 0.0390366110516111 0.0022270450961411 0.482353 0.211765 0.188235
vn -0.0000134593970420 -0.0000035939109936 -0.0004636607837345
v 0.1361388939259843 -0.0710248103718678 -0.0015863492135924 0.647059 0.352941 0.305882
vn -0.0005074938589780 -0.0000471310624723 0.0004777107827647
v -0.1481925198608929 -0.0205673841806126 0.0168766067812961 0.498039 0.196078 0.180392
vn -0.0004504940496409 0.0000063420131320 0.0006289066211964
v -0.1562750052996098 -0.0139402654457816 0.0125247666849955 0.537255 0.247059 0.247059
vn 0.0000468417139996 -0.0000274072271409 -0.0005620744377427
v 0.1439638553306647 -0.0644304611155219 -0.0015508762865831 0.592157 0.290196 0.274510
vn -0.0000146060716460 -0.0008362987160326 0.0004974236491243
v 0.0620376666559855 -0.0557588895047300 0.0297822650799486 0.545098 0.196078 0.176471
vn 0.0000002985216255 0.0000103329252351 -0.0006729703931792
v -0.0008149258719876 0.0041827676837739 0.0014200992744900 0.525490 0.211765 0.192157
vn 0.0000003728909490 0.0000074157198491 -0.0005948932400117
v -0.0616367862825618 0.0593523609657415 0.0027184154905630 0.501961 0.223529 0.192157
vn -0.0000086265100432 0.0001405103655470 0.0005953374870929
v 0.0615151279030829 0.0663690936908632 0.0186604319613490 0.521569 0.207843 0.184314
vn 0.0000183815002156 0.0004450008977722 0.0005062406309348
v -0.0970872095548306 0.0815395677275781 0.0136546301306055 0.556863 0.258824 0.250980
vn -0.0000803454319060 0.0000001539898532 -0.0003716959570597
v -0.1544131227136568 -0.0132172602302176 -0.0018018522810911 0.521569 0.235294 0.219608
vn -0.0001088560744649 0.0002310382656405 0.0004200716045464
v -0.1368916739249729 0.0763682078709198 0.0146394847955842 0.678431 0.337255 0.329412
vn -0.0000000346852936 0.0000053498097886 -0.0008636016113093
v 0.0851047595370353 -0.0332157679390565 0.0009472157191408 0.556863 0.227451 0.203922
vn -0.0000121569938670 0.0005011846704339 0.0006375069407889
v -0.0977374882060794 0.0285129319243491 0.0542678292796198 0.494118 0.235294 0.219608
vn -0.0000079543052882 0.0002562479375691 0.0009423235301053
v -0.0534531712744631 0.0713235362473185 0.0167574433939913 0.541176 0.219608 0.196078
vn -0.0000875236054532 0.0003248846373023 0.0001993784033416
v -0.1131545045787756 0.0338563215367000 0.0459081401916823 0.576471 0.294118 0.278431
vn -0.0000094132115508 -0.0003290424637810 0.0004456496296926
v 0.0614852946517754 -0.0626837327496496 0.0227946032927987 0.592157 0.239216 0.211765
vn -0.0000176431619686 0.0007051295045170 0.0001792985097441
v 0.0523760902731866 0.0352028067418898 0.0269759748378456 0.415686 0.164706 0.152941
vn 0.0000002196288268 0.0000168502666531 -0.0006834646653572
v 0.0193614036544905 0.0168579714208624 0.0016756612129245 0.494118 0.211765 0.196078
vn -0.0000002787480602 0.0000124385661268 -0.0004907827953781
v 0.0287831520378167 0.0157114099974498 0.0016406126589855 0.474510 0.207843 0.188235
vn 0.0000110842896762 -0.0003046539339477 -0.0000287884228599
v -0.0542027180788375 -0.0848601987978933 0.0044801718866665 0.552941 0.239216 0.239216
vn -0.0000405811190746 -0.0002302756482930 0.0004618169015814
v -0.0227369585075060 -0.0359012953842293 0.0523895681295466 0.611765 0.231373 0.219608
vn 0.0000045453864223 0.0000046302704748 -0.0005522345801180
v -0.1214617245611964 -0.0330706323634175 0.0008936736256644 0.541176 0.223529 0.196078
vn 0.0000217324218752 0.0003137451995072 0.0007462860358829
v 0.0923833592217676 0.0197592415728950 0.0562180920654118 0.517647 0.231373 0.215686
vn 0.0000039779998575 0.0000124025391915 -0.0004568535936788
v -0.1198031550030475 0.0355378969598618 0.0020440000872689 0.490196 0.227451 0.196078
vn -0.0004008193648173 -0.0000125627512442 0.0001301379394293
v -0.1613862039164609 -0.0150419086014900 0.0094502343489059 0.541176 0.258824 0.250980
vn -0.0005380062306956 0.0000392444438829 0.0002686758673166
v -0.1482116639563668 0.0119697743968913 0.0229566211477758 0.486275 0.203922 0.184314
vn -0.0005865001248647 0.0001421434317612 0.0003664282956781
v -0.1455473035045236 0.0046984592699989 0.0296664195121624 0.474510 0.200000 0.188235
vn 0.0000000333688346 0.0000144645232538 -0.0006183278610211
v -0.0583432878625745 0.0283322915230992 0.0019756603079262 0.478431 0.203922 0.180392
vn 0.0000249878327383 -0.0001400666481440 0.0003189195681450
v 0.0906956221697480 -0.0770990331030693 0.0122491053388857 0.427451 0.184314 0.168627
vn 0.0000000230185063 0.0000170431626948 -0.0006827083965810
v -0.0496585271330793 0.0225209057478522 0.0018452150517642 0.474510 0.219608 0.188235
vn 0.0000357406746881 0.0002597819271588 0.0005626207764953
v 0.1083071606817972 0.0213139877795312 0.0550268280895875 0.533333 0.231373 0.215686
vn 0.0000261502073540 0.0004089044753338 0.0004979409311977
v 0.1021317470074159 0.0279992340116794 0.0518841914130019 0.498039 0.211765 0.200000
vn -0.0000890657317657 0.0000057256435231 -0.0006257023686857
v 0.1456141034786116 -0.0348259409255450 0.0009377571108432 0.517647 0.223529 0.200000
vn 0.0000067410007703 0.0000113128884147 -0.0005024761329827
v -0.1245634136400505 0.0543011581681024 0.0024649702922151 0.529412 0.227451 0.203922
vn -0.0000037715134469 -0.0000004875437947 -0.0003760937903172
v -0.0589628188179271 0.0789403134911320 -0.0007491322331142 0.552941 0.270588 0.258824
vn -0.0000011168271593 -0.0002260301587973 0.0001496883354112
v -0.0320288658017794 -0.0837318578263328 0.0095256998515150 0.580392 0.262745 0.258824
vn -0.0000161348974431 -0.0005090287409859 0.0003804541952885
v 0.0708807412546617 -0.0505897014450629 0.0405793940081844 0.584314 0.243137 0.223529
vn -0.0000000016484657 0.0000084446660235 -0.0008178342218430
v 0.0841775679230200 -0.0533037315784032 0.0008477550025512 0.572549 0.254902 0.223529
vn -0.0000071720667734 0.0000623215664665 -0.0004031695480039
v 0.1085336070406157 -0.0702479613754840 0.0006273324125303 0.537255 0.243137 0.227451
vn -0.0004151816129778 -0.0000027923200928 -0.0002376058076797
v -0.1606121809720790 -0.0111936076577063 0.0022276566304715 0.427451 0.172549 0.176471
vn -0.0000004084196622 0.0000059734027114 -0.0005447202441001
v 0.0930079741147039 -0.0578882604499249 0.0008024145032913 0.537255 0.231373 0.203922
vn 0.0000001411417099 0.0000121093747179 -0.0004972292089644
v -0.0719607838620761 0.0456249430659248 0.0023836686712398 0.517647 0.215686 0.192157
vn 0.0000789752780667 -0.0000261628661674 -0.0005537198152915
v -0.1434094101748413 0.0609514482004884 0.0023234686229993 0.490196 0.203922 0.180392
vn 0.0000085958819063 0.0000063709622623 -0.0005911353647753
v -0.1300971916354088 -0.0378102979532363 0.0007305410321547 0.545098 0.227451 0.200000
vn -0.0000087768284652 -0.0005650465501808 0.0003241090037279
v 0.0774238176750664 -0.0545674878237396 0.0343678728388949 0.588235 0.231373 0.211765
vn -0.0000131875361527 -0.0004983600169612 0.0004577796966052
v 0.0790883279060823 -0.0470838710629286 0.0445241949847041 0.600000 0.250980 0.231373
vn -0.0000150461450667 0.0007392188650427 0.0001818179266004
v -0.0511183900512559 0.0352310952281630 0.0272711193019398 0.403922 0.164706 0.152941
vn 0.0000622511271374 0.0002780427916233 0.0003097638934502
v -0.0578936003695555 0.0382493744886752 0.0183981625375256 0.360784 0.125490 0.109804
vn -0.0000057856522491 0.0001387996416343 0.0003455920674666
v -0.0517078506748142 0.0801376047515514 0.0134153826550225 0.517647 0.223529 0.227451
vn 0.0000004943824258 0.0000103642516213 -0.0007465433717859
v -0.0794676529676121 -0.0058657070051845 0.0012742108044425 0.552941 0.235294 0.207843
vn 0.0000169135919714 -0.0000317007877312 0.0007941380492527
v 0.0669111802621970 -0.0066057026888349 0.0612872397964646 0.596078 0.262745 0.239216
vn -0.0003153853780791 0.0000138460422887 0.0000583189783592
v -0.1620766094209734 0.0191795250762305 0.0071480614162803 0.513725 0.243137 0.235294
vn -0.0000149270160396 -0.0004332229578294 0.0007098605894673
v 0.0671516827171387 -0.0694606254639667 0.0184297713967591 0.615686 0.247059 0.223529
vn 0.0000002066302853 0.0000149421109851 -0.0006317871740895
v -0.0677128198169103 0.0371945513693662 0.0021736449741172 0.517647 0.239216 0.215686
vn 0.0000045102098631 -0.0000420305122692 0.0005832630000134
v 0.0374313815519342 -0.0062193744725815 0.0614343828113304 0.525490 0.203922 0.184314
vn 0.0000076476731828 0.0000114779177239 -0.0004817959382443
v -0.1306025808218968 0.0467184914307040 0.0021930067166810 0.505882 0.207843 0.184314
vn 0.0000081110559352 -0.0001653416128380 -0.0008692098754594
v -0.0582596993930455 0.0697037952082130 0.0027372295203651 0.486275 0.188235 0.168627
vn -0.0000003374886560 -0.0000220548448734 0.0004990115519289
v -0.0779585443856879 -0.0034588185805738 0.0614425681634270 0.533333 0.231373 0.211765
vn -0.0007178559003339 -0.0000377574435956 0.0003299686193604
v -0.1427720599752605 -0.0063818671507452 0.0349500265224477 0.490196 0.192157 0.172549
vn -0.0004957336779580 -0.0000435369708991 0.0001677007474123
v -0.1470358880521945 -0.0028783789820052 0.0248939840708119 0.513725 0.219608 0.200000
vn -0.0000074039844701 0.0004371772476552 0.0005663110495955
v -0.0681954283655005 0.0284975360701968 0.0539101253530924 0.509804 0.239216 0.223529
vn -0.0000003414576018 0.0000042220573730 -0.0009014667539681
v 0.0797397387779078 -0.0430336008681618 0.0009144711777671 0.568627 0.223529 0.200000
vn -0.0006180639927560 0.0000156680337958 0.0005211275701736
v -0.1496709775962574 -0.0025953996514949 0.0158508507393553 0.454902 0.172549 0.156863
vn -0.0000500479105876 -0.0001642036245822 0.0005313813774022
v -0.1124746812612451 -0.0259159720357976 0.0562126126488144 0.549020 0.266667 0.243137
vn -0.0000783091260351 0.0001524734274936 0.0001272854790360
v -0.1068466560072746 0.0327884494397867 0.0197470716053665 0.309804 0.113725 0.113725
vn 0.0000202703983813 -0.0000068232726032 -0.0006869560142424
v -0.1341472799325108 0.0557779700762167 0.0023606977481314 0.521569 0.207843 0.180392
vn -0.0000050328704175 -0.0004590717289514 0.0006447348850389
v 0.0743135760554682 -0.0405629090665504 0.0499918800030710 0.607843 0.270588 0.243137
vn -0.0000549981456155 0.0003392351082971 0.0003195069744818
v -0.0729804570696192 0.0362210863336246 0.0181196240811536 0.329412 0.113725 0.101961
vn 0.0005270100476672 -0.0002247669318237 0.0003812200235013
v 0.1456359753341840 -0.0420489404917715 0.0254643387805383 0.611765 0.258824 0.239216
vn -0.0000001233650937 0.0000017193229490 -0.0003817570241003
v -0.0373632770015098 -0.0340067272670765 0.0009524860078634 0.541176 0.219608 0.196078
vn -0.0000003506308310 0.0000074864646209 -0.0007098429165889
v -0.0164871657979678 -0.0513485437244800 0.0008773501428692 0.556863 0.231373 0.207843
vn 0.0000894615971672 0.0000126613616284 -0.0006330262939993
v -0.1448190892766469 -0.0454861139131734 0.0002777723952663 0.541176 0.223529 0.200000
vn -0.0000464134703590 -0.0003488737604941 0.0003778571295623
v -0.0603895887790641 -0.0830649607738562 0.0102574300384174 0.615686 0.290196 0.274510
vn -0.0000010290624065 0.0000129264249003 -0.0005012157740990
v 0.1096416992923707 0.0359331404209837 0.0021145840410532 0.505882 0.247059 0.223529
vn 0.0003738356471936 -0.0000020860233942 0.0003216827048384
v 0.1383033032999587 -0.0093334696962407 0.0476118524476308 0.537255 0.247059 0.223529
vn -0.0000133603981780 0.0003157325903427 0.0003607907769932
v -0.0444651171905451 0.0388236929772509 0.0185206880011996 0.368627 0.125490 0.109804
vn -0.0000000017112146 0.0000051326365541 -0.0006812637553717
v -0.0535581196334482 -0.0292524520173540 0.0009622091132824 0.580392 0.254902 0.227451
vn 0.0000034931086111 0.0000980228333056 0.0004848623397265
v 0.1130455917601224 0.0667479368472100 0.0186765350728223 0.568627 0.231373 0.207843
vn -0.0000132877111399 -0.0006886676803072 0.0006355236363456
v 0.0753236565381483 -0.0592439466871189 0.0243237369942824 0.521569 0.207843 0.184314
vn -0.0000105296779218 -0.0002811793753809 0.0004437432795728
v 0.0802849791012550 -0.0661787666685934 0.0210115257234113 0.647059 0.282353 0.258824
vn -0.0000019423089149 0.0001217150337639 0.0003573329125023
v -0.0346360063980524 0.0745091000432099 0.0147037830733251 0.505882 0.196078 0.180392
vn -0.0000021747118340 0.0000746139087937 -0.0007415722244934
v 0.0897931315903962 -0.0680119154785130 0.0006479133381555 0.498039 0.211765 0.192157
vn -0.0000006727393370 -0.0000972625000387 0.0005412303803596
v 0.0594590892721812 -0.0136647730274109 0.0602533268606611 0.552941 0.223529 0.203922
vn 0.0000183923143953 -0.0000431519448708 0.0005041745321857
v 0.0261764700529966 -0.0076145872964495 0.0613251266579384 0.576471 0.239216 0.215686
vn 0.0000217729774791 -0.0003882074337031 0.0003958702638214
v -0.0507306437895954 -0.0818236586253404 0.0112209727596004 0.619608 0.286275 0.274510
vn -0.0000097771993012 0.0000178238503353 -0.0004258639767533
v -0.0753398856384390 -0.0762311587996088 -0.0021291330397184 0.603922 0.305882 0.286275
vn -0.0000728565915187 -0.0000583171670276 -0.0005825671117576
v 0.1322546196106560 0.0617880735789502 0.0027553226094963 0.482353 0.200000 0.176471
# 1083 vertices, 0 vertices normals

f 1//1 2//2 3//3
f 4//4 5//5 6//6
f 7//7 8//8 9//9
f 10//10 11//11 12//12
f 13//13 14//14 15//15
f 16//16 17//17 18//18
f 19//19 20//20 21//21
f 22//22 23//23 24//24
f 25//25 26//26 27//27
f 25//25 27//27 28//28
f 29//29 30//30 31//31
f 29//29 31//31 32//32
f 33//33 34//34 35//35
f 36//36 37//37 17//17
f 38//38 39//39 40//40
f 41//41 42//42 43//43
f 44//44 45//45 46//46
f 29//29 47//47 23//23
f 48//48 49//49 50//50
f 51//51 52//52 53//53
f 54//54 55//55 56//56
f 26//26 25//25 57//57
f 41//41 43//43 58//58
f 59//59 60//60 61//61
f 62//62 63//63 64//64
f 65//65 66//66 67//67
f 68//68 69//69 70//70
f 71//71 72//72 73//73
f 74//74 75//75 76//76
f 77//77 78//78 79//79
f 80//80 81//81 82//82
f 83//83 84//84 85//85
f 83//83 86//86 84//84
f 87//87 88//88 89//89
f 90//90 91//91 92//92
f 93//93 94//94 95//95
f 96//96 97//97 98//98
f 99//99 100//100 101//101
f 102//102 103//103 104//104
f 105//105 104//104 103//103
f 106//106 107//107 108//108
f 109//109 110//110 111//111
f 109//109 111//111 112//112
f 113//113 114//114 115//115
f 116//116 117//117 118//118
f 63//63 119//119 120//120
f 121//121 122//122 123//123
f 124//124 125//125 126//126
f 127//127 128//128 129//129
f 130//130 53//53 52//52
f 114//114 131//131 115//115
f 132//132 133//133 134//134
f 135//135 65//65 136//136
f 126//126 137//137 138//138
f 139//139 140//140 141//141
f 142//142 143//143 144//144
f 145//145 146//146 147//147
f 148//148 149//149 150//150
f 151//151 152//152 153//153
f 154//154 155//155 156//156
f 157//157 158//158 159//159
f 160//160 161//161 162//162
f 163//163 164//164 165//165
f 166//166 167//167 168//168
f 169//169 170//170 171//171
f 172//172 7//7 9//9
f 173//173 174//174 175//175
f 176//176 177//177 178//178
f 179//179 180//180 181//181
f 182//182 183//183 184//184
f 185//185 186//186 187//187
f 188//188 189//189 190//190
f 191//191 69//69 192//192
f 189//189 193//193 194//194
f 195//195 42//42 196//196
f 197//197 198//198 199//199
f 200//200 201//201 161//161
f 202//202 104//104 187//187
f 203//203 204//204 205//205
f 206//206 207//207 208//208
f 88//88 87//87 209//209
f 210//210 211//211 128//128
f 212//212 213//213 214//214
f 215//215 216//216 217//217
f 218//218 217//217 216//216
f 219//219 220//220 40//40
f 221//221 222//222 223//223
f 224//224 225//225 226//226
f 227//227 228//228 178//178
f 229//229 230//230 231//231
f 232//232 233//233 234//234
f 235//235 236//236 237//237
f 238//238 105//105 239//239
f 240//240 241//241 242//242
f 243//243 244//244 245//245
f 99//99 194//194 100//100
f 246//246 247//247 248//248
f 249//249 98//98 97//97
f 250//250 142//142 242//242
f 37//37 18//18 17//17
f 219//219 251//251 220//220
f 252//252 253//253 195//195
f 254//254 36//36 17//17
f 255//255 256//256 257//257
f 258//258 259//259 215//215
f 260//260 261//261 262//262
f 263//263 262//262 261//261
f 264//264 265//265 266//266
f 267//267 268//268 269//269
f 270//270 271//271 272//272
f 273//273 274//274 275//275
f 276//276 213//213 212//212
f 277//277 278//278 279//279
f 280//280 281//281 282//282
f 281//281 283//283 282//282
f 107//107 284//284 285//285
f 286//286 287//287 288//288
f 289//289 276//276 290//290
f 4//4 6//6 291//291
f 138//138 292//292 293//293
f 138//138 293//293 294//294
f 182//182 295//295 296//296
f 100//100 297//297 12//12
f 298//298 299//299 300//300
f 301//301 302//302 303//303
f 162//162 201//201 304//304
f 305//305 306//306 307//307
f 308//308 78//78 309//309
f 310//310 311//311 312//312
f 313//313 314//314 315//315
f 316//316 317//317 318//318
f 319//319 320//320 321//321
f 322//322 323//323 324//324
f 325//325 289//289 326//326
f 327//327 326//326 289//289
f 289//289 213//213 276//276
f 21//21 328//328 329//329
f 289//289 290//290 327//327
f 327//327 290//290 330//330
f 331//331 332//332 333//333
f 334//334 256//256 27//27
f 180//180 335//335 181//181
f 336//336 337//337 338//338
f 126//126 125//125 137//137
f 339//339 125//125 340//340
f 210//210 341//341 342//342
f 343//343 344//344 345//345
f 346//346 347//347 348//348
f 346//346 349//349 347//347
f 271//271 38//38 350//350
f 184//184 351//351 352//352
f 353//353 354//354 288//288
f 355//355 109//109 356//356
f 153//153 191//191 357//357
f 358//358 359//359 340//340
f 360//360 361//361 7//7
f 362//362 363//363 106//106
f 364//364 365//365 366//366
f 367//367 368//368 260//260
f 363//363 369//369 370//370
f 151//151 371//371 152//152
f 372//372 373//373 374//374
f 375//375 376//376 377//377
f 378//378 379//379 380//380
f 381//381 299//299 298//298
f 382//382 383//383 384//384
f 385//385 386//386 387//387
f 388//388 389//389 390//390
f 388//388 390//390 391//391
f 392//392 393//393 394//394
f 395//395 394//394 393//393
f 396//396 332//332 397//397
f 396//396 397//397 278//278
f 8//8 7//7 361//361
f 398//398 8//8 361//361
f 399//399 400//400 401//401
f 330//330 301//301 327//327
f 121//121 402//402 122//122
f 83//83 403//403 404//404
f 83//83 85//85 403//403
f 405//405 2//2 1//1
f 406//406 407//407 408//408
f 409//409 301//301 330//330
f 193//193 410//410 411//411
f 412//412 413//413 414//414
f 53//53 415//415 416//416
f 417//417 418//418 329//329
f 419//419 420//420 421//421
f 422//422 423//423 73//73
f 424//424 425//425 426//426
f 427//427 161//161 428//428
f 367//367 429//429 430//430
f 235//235 237//237 431//431
f 432//432 433//433 231//231
f 434//434 435//435 249//249
f 51//51 53//53 416//416
f 51//51 416//416 436//436
f 140//140 437//437 141//141
f 438//438 439//439 177//177
f 440//440 441//441 442//442
f 443//443 444//444 146//146
f 445//445 446//446 447//447
f 130//130 52//52 448//448
f 449//449 256//256 334//334
f 324//324 450//450 451//451
f 231//231 452//452 453//453
f 454//454 323//323 455//455
f 456//456 7//7 457//457
f 458//458 459//459 303//303
f 460//460 461//461 462//462
f 463//463 335//335 464//464
f 356//356 465//465 466//466
f 467//467 241//241 240//240
f 468//468 229//229 64//64
f 158//158 469//469 470//470
f 355//355 413//413 471//471
f 46//46 472//472 473//473
f 391//391 348//348 384//384
f 391//391 384//384 281//281
f 474//474 475//475 403//403
f 476//476 477//477 478//478
f 179//179 479//479 180//180
f 456//456 480//480 360//360
f 53//53 481//481 415//415
f 130//130 481//481 53//53
f 482//482 483//483 484//484
f 74//74 485//485 486//486
f 487//487 488//488 489//489
f 490//490 491//491 384//384
f 172//172 492//492 131//131
f 493//493 494//494 495//495
f 496//496 494//494 493//493
f 175//175 493//493 497//497
f 200//200 498//498 499//499
f 500//500 203//203 501//501
f 502//502 503//503 504//504
f 324//324 454//454 505//505
f 506//506 507//507 171//171
f 508//508 509//509 510//510
f 511//511 512//512 513//513
f 514//514 149//149 515//515
f 450//450 505//505 97//97
f 516//516 74//74 517//517
f 43//43 42//42 518//518
f 501//501 519//519 500//500
f 65//65 520//520 136//136
f 124//124 521//521 522//522
f 124//124 522//522 182//182
f 523//523 524//524 525//525
f 110//110 226//226 111//111
f 229//229 453//453 62//62
f 526//526 527//527 528//528
f 529//529 530//530 531//531
f 248//248 532//532 533//533
f 208//208 534//534 206//206
f 535//535 423//423 536//536
f 56//56 537//537 538//538
f 539//539 506//506 425//425
f 540//540 76//76 75//75
f 372//372 418//418 417//417
f 263//263 541//541 282//282
f 542//542 371//371 151//151
f 543//543 523//523 544//544
f 545//545 546//546 527//527
f 139//139 547//547 548//548
f 549//549 544//544 550//550
f 40//40 220//220 38//38
f 551//551 220//220 251//251
f 132//132 463//463 552//552
f 516//516 485//485 74//74
f 12//12 297//297 411//411
f 553//553 227//227 554//554
f 555//555 441//441 556//556
f 552//552 155//155 154//154
f 83//83 557//557 86//86
f 230//230 558//558 231//231
f 559//559 560//560 435//435
f 561//561 562//562 563//563
f 564//564 237//237 23//23
f 565//565 566//566 567//567
f 368//368 566//566 565//565
f 481//481 474//474 568//568
f 450//450 97//97 96//96
f 569//569 358//358 340//340
f 222//222 221//221 570//570
f 571//571 479//479 179//179
f 572//572 573//573 574//574
f 575//575 576//576 577//577
f 578//578 579//579 559//559
f 445//445 580//580 581//581
f 426//426 425//425 506//506
f 464//464 191//191 582//582
f 329//329 418//418 583//583
f 584//584 585//585 586//586
f 331//331 318//318 317//317
f 490//490 347//347 587//587
f 70//70 191//191 464//464
f 588//588 589//589 332//332
f 263//263 261//261 541//541
f 590//590 591//591 365//365
f 592//592 593//593 594//594
f 595//595 596//596 597//597
f 598//598 599//599 600//600
f 601//601 157//157 602//602
f 603//603 573//573 572//572
f 377//377 376//376 604//604
f 377//377 604//604 605//605
f 606//606 557//557 404//404
f 607//607 441//441 555//555
f 404//404 557//557 83//83
f 334//334 608//608 449//449
f 609//609 610//610 165//165
f 609//609 165//165 245//245
f 611//611 612//612 613//613
f 614//614 615//615 88//88
f 616//616 617//617 618//618
f 619//619 620//620 621//621
f 622//622 621//621 620//620
f 623//623 624//624 625//625
f 452//452 626//626 453//453
f 627//627 400//400 399//399
f 526//526 528//528 628//628
f 629//629 630//630 631//631
f 632//632 633//633 634//634
f 127//127 635//635 24//24
f 636//636 637//637 563//563
f 638//638 639//639 640//640
f 532//532 641//641 533//533
f 642//642 38//38 220//220
f 543//543 643//643 644//644
f 437//437 140//140 321//321
f 170//170 426//426 171//171
f 645//645 90//90 630//630
f 62//62 453//453 626//626
f 598//598 646//646 647//647
f 648//648 585//585 584//584
f 471//471 649//649 355//355
f 46//46 650//650 651//651
f 652//652 653//653 654//654
f 495//495 494//494 655//655
f 656//656 655//655 494//494
f 355//355 414//414 413//413
f 541//541 261//261 657//657
f 658//658 103//103 102//102
f 105//105 103//103 658//658
f 659//659 643//643 549//549
f 660//660 219//219 40//40
f 236//236 23//23 237//237
f 26//26 407//407 406//406
f 84//84 661//661 662//662
f 611//611 555//555 612//612
f 655//655 656//656 242//242
f 663//663 664//664 665//665
f 666//666 667//667 378//378
f 176//176 178//178 166//166
f 275//275 430//430 668//668
f 275//275 668//668 669//669
f 146//146 337//337 336//336
f 168//168 176//176 166//166
f 670//670 47//47 29//29
f 432//432 231//231 558//558
f 671//671 672//672 607//607
f 673//673 623//623 625//625
f 673//673 625//625 674//674
f 675//675 676//676 677//677
f 678//678 309//309 424//424
f 679//679 181//181 335//335
f 680//680 681//681 682//682
f 683//683 684//684 466//466
f 514//514 1//1 398//398
f 348//348 347//347 490//490
f 348//348 490//490 384//384
f 353//353 288//288 31//31
f 353//353 31//31 30//30
f 639//639 33//33 640//640
f 327//327 301//301 303//303
f 326//326 327//327 303//303
f 685//685 686//686 72//72
f 412//412 254//254 687//687
f 688//688 442//442 603//603
f 176//176 689//689 177//177
f 188//188 410//410 690//690
f 691//691 692//692 693//693
f 322//322 694//694 480//480
f 288//288 287//287 695//695
f 180//180 464//464 335//335
f 180//180 70//70 464//464
f 500//500 519//519 696//696
f 540//540 75//75 385//385
f 358//358 296//296 432//432
f 697//697 295//295 184//184
f 698//698 699//699 663//663
f 700//700 663//663 699//699
f 294//294 293//293 163//163
f 96//96 98//98 641//641
f 208//208 701//701 702//702
f 703//703 704//704 705//705
f 687//687 601//601 602//602
f 332//332 706//706 397//397
f 124//124 569//569 340//340
f 707//707 708//708 49//49
f 707//707 49//49 645//645
f 121//121 123//123 709//709
f 622//622 710//710 644//644
f 711//711 630//630 629//629
f 324//324 323//323 454//454
f 246//246 292//292 137//137
f 712//712 713//713 508//508
f 156//156 605//605 154//154
f 271//271 350//350 714//714
f 242//242 715//715 240//240
f 716//716 372//372 417//417
f 95//95 717//717 279//279
f 95//95 279//279 278//278
f 718//718 719//719 576//576
f 31//31 288//288 695//695
f 463//463 679//679 335//335
f 720//720 683//683 575//575
f 692//692 691//691 721//721
f 394//394 511//511 513//513
f 722//722 723//723 724//724
f 725//725 726//726 727//727
f 259//259 258//258 50//50
f 412//412 414//414 254//254
f 430//430 275//275 274//274
f 150//150 96//96 641//641
f 398//398 728//728 8//8
f 430//430 274//274 368//368
f 17//17 16//16 601//601
f 299//299 729//729 61//61
f 257//257 730//730 731//731
f 416//416 341//341 210//210
f 195//195 518//518 42//42
f 732//732 733//733 734//734
f 735//735 244//244 243//243
f 172//172 114//114 457//457
f 736//736 244//244 735//735
f 737//737 5//5 4//4
f 248//248 247//247 738//738
f 339//339 738//738 247//247
f 739//739 740//740 741//741
f 192//192 741//741 740//740
f 295//295 182//182 184//184
f 742//742 544//544 525//525
f 743//743 350//350 642//642
f 49//49 48//48 645//645
f 744//744 527//527 546//546
f 306//306 745//745 307//307
f 263//263 77//77 746//746
f 78//78 77//77 747//747
f 78//78 747//747 748//748
f 395//395 393//393 749//749
f 308//308 309//309 224//224
f 750//750 751//751 113//113
f 425//425 752//752 666//666
f 463//463 753//753 552//552
f 754//754 755//755 756//756
f 751//751 750//750 757//757
f 569//569 182//182 296//296
f 317//317 758//758 331//331
f 317//317 759//759 758//758
f 760//760 658//658 761//761
f 333//333 318//318 331//331
f 628//628 66//66 762//762
f 634//634 633//633 593//593
f 158//158 763//763 469//469
f 739//739 530//530 529//529
f 687//687 254//254 601//601
f 605//605 265//265 154//154
f 1//1 515//515 148//148
f 550//550 764//764 765//765
f 766//766 362//362 767//767
f 609//609 244//244 736//736
f 6//6 5//5 412//412
f 415//415 768//768 769//769
f 516//516 671//671 607//607
f 530//530 739//739 741//741
f 770//770 701//701 208//208
f 90//90 645//645 91//91
f 278//278 771//771 95//95
f 500//500 204//204 203//203
f 772//772 123//123 122//122
f 773//773 249//249 160//160
f 774//774 705//705 736//736
f 499//499 775//775 776//776
f 499//499 776//776 777//777
f 776//776 778//778 777//777
f 779//779 133//133 552//552
f 530//530 780//780 531//531
f 245//245 244//244 609//609
f 166//166 178//178 228//228
f 426//426 678//678 424//424
f 738//738 781//781 248//248
f 417//417 782//782 716//716
f 783//783 276//276 717//717
f 717//717 276//276 212//212
f 33//33 718//718 34//34
f 543//543 644//644 784//784
f 785//785 725//725 270//270
f 786//786 501//501 293//293
f 468//468 787//787 229//229
f 492//492 787//787 468//468
f 250//250 241//241 43//43
f 187//187 56//56 538//538
f 231//231 433//433 452//452
f 452//452 433//433 697//697
f 295//295 697//697 433//433
f 746//746 262//262 263//263
f 430//430 368//368 367//367
f 280//280 282//282 541//541
f 137//137 292//292 138//138
f 788//788 219//219 660//660
f 199//199 198//198 623//623
f 394//394 789//789 487//487
f 790//790 791//791 766//766
f 193//193 297//297 194//194
f 100//100 194//194 297//297
f 792//792 174//174 793//793
f 543//543 544//544 549//549
f 563//563 562//562 724//724
f 458//458 173//173 175//175
f 303//303 173//173 458//458
f 794//794 795//795 507//507
f 387//387 507//507 795//795
f 370//370 369//369 639//639
f 62//62 64//64 229//229
f 642//642 551//551 743//743
f 761//761 102//102 617//617
f 642//642 350//350 38//38
f 796//796 742//742 797//797
f 305//305 760//760 306//306
f 132//132 134//134 679//679
f 448//448 404//404 130//130
f 798//798 80//80 82//82
f 193//193 411//411 297//297
f 226//226 225//225 799//799
f 278//278 397//397 771//771
f 358//358 432//432 558//558
f 800//800 643//643 659//659
f 101//101 12//12 11//11
f 801//801 802//802 366//366
f 131//131 803//803 804//804
f 303//303 459//459 326//326
f 420//420 805//805 89//89
f 436//436 128//128 806//806
f 638//638 807//807 808//808
f 255//255 46//46 45//45
f 809//809 677//677 810//810
f 41//41 343//343 42//42
f 209//209 497//497 614//614
f 55//55 54//54 238//238
f 811//811 197//197 812//812
f 550//550 544//544 742//742
f 813//813 814//814 589//589
f 813//813 589//589 588//588
f 800//800 815//815 816//816
f 238//238 701//701 55//55
f 814//814 333//333 589//589
f 435//435 817//817 559//559
f 229//229 231//231 453//453
f 185//185 691//691 693//693
f 686//686 818//818 819//819
f 692//692 581//581 693//693
f 396//396 588//588 332//332
f 347//347 820//820 821//821
f 349//349 820//820 347//347
f 822//822 745//745 823//823
f 824//824 85//85 675//675
f 29//29 23//23 30//30
f 22//22 30//30 23//23
f 369//369 33//33 639//639
f 825//825 826//826 500//500
f 827//827 55//55 701//701
f 812//812 828//828 59//59
f 493//493 495//495 520//520
f 493//493 520//520 497//497
f 97//97 505//505 574//574
f 438//438 829//829 735//735
f 736//736 735//735 829//829
f 662//662 661//661 316//316
f 63//63 62//62 830//830
f 306//306 823//823 745//745
f 831//831 524//524 523//523
f 375//375 721//721 376//376
f 791//791 832//832 833//833
f 34//34 801//801 591//591
f 549//549 550//550 659//659
f 260//260 262//262 367//367
f 109//109 355//355 649//649
f 834//834 498//498 835//835
f 345//345 836//836 632//632
f 571//571 837//837 479//479
f 838//838 44//44 839//839
f 252//252 195//195 196//196
f 305//305 307//307 81//81
f 840//840 841//841 842//842
f 89//89 214//214 213//213
f 388//388 843//843 844//844
f 845//845 837//837 571//571
f 845//845 571//571 846//846
f 847//847 595//595 597//597
f 363//363 370//370 284//284
f 848//848 228//228 553//553
f 462//462 461//461 849//849
f 116//116 850//850 117//117
f 435//435 560//560 160//160
f 275//275 851//851 273//273
f 267//267 287//287 852//852
f 853//853 444//444 854//854
f 495//495 655//655 144//144
f 203//203 855//855 164//164
f 830//830 856//856 467//467
f 744//744 528//528 527//527
f 394//394 857//857 392//392
f 281//281 384//384 383//383
f 660//660 858//858 788//788
f 454//454 455//455 859//859
f 659//659 711//711 629//629
f 440//440 860//860 556//556
f 574//574 505//505 454//454
f 861//861 810//810 862//862
f 743//743 551//551 863//863
f 65//65 700//700 699//699
f 65//65 699//699 762//762
f 830//830 467//467 240//240
f 627//627 357//357 400//400
f 864//864 222//222 344//344
f 865//865 716//716 782//782
f 332//332 589//589 333//333
f 431//431 198//198 197//197
f 866//866 606//606 404//404
f 866//866 867//867 606//606
f 746//746 868//868 262//262
f 754//754 758//758 755//755
f 808//808 869//869 606//606
f 808//808 606//606 867//867
f 48//48 50//50 870//870
f 378//378 380//380 666//666
f 487//487 11//11 488//488
f 310//310 312//312 871//871
f 551//551 596//596 595//595
f 872//872 148//148 150//150
f 364//364 590//590 365//365
f 90//90 873//873 874//874
f 90//90 874//874 630//630
f 875//875 876//876 861//861
f 877//877 852//852 618//618
f 878//878 360//360 879//879
f 218//218 880//880 217//217
f 787//787 881//881 882//882
f 787//787 882//882 230//230
f 883//883 884//884 99//99
f 192//192 740//740 357//357
f 45//45 838//838 28//28
f 313//313 315//315 885//885
f 528//528 421//421 628//628
f 528//528 419//419 421//421
f 622//622 815//815 621//621
f 4//4 291//291 886//886
f 25//25 28//28 838//838
f 611//611 887//887 364//364
f 845//845 565//565 837//837
f 888//888 889//889 798//798
f 798//798 82//82 888//888
f 890//890 568//568 474//474
f 794//794 506//506 539//539
f 793//793 174//174 891//891
f 32//32 31//31 408//408
f 455//455 723//723 892//892
f 173//173 302//302 734//734
f 893//893 562//562 561//561
f 651//651 894//894 46//46
f 378//378 821//821 379//379
f 286//286 288//288 354//354
f 895//895 538//538 537//537
f 678//678 799//799 225//225
f 896//896 169//169 171//171
f 680//680 770//770 207//207
f 346//346 348//348 391//391
f 58//58 626//626 452//452
f 222//222 570//570 897//897
f 898//898 443//443 146//146
f 21//21 821//821 19//19
f 567//567 566//566 531//531
f 473//473 580//580 392//392
f 873//873 899//899 874//874
f 256//256 449//449 257//257
f 227//227 178//178 439//439
f 227//227 439//439 900//900
f 707//707 630//630 711//711
f 901//901 686//686 819//819
f 762//762 66//66 65//65
f 195//195 250//250 518//518
f 112//112 465//465 109//109
f 902//902 903//903 2//2
f 904//904 905//905 896//896
f 870//870 258//258 554//554
f 443//443 898//898 906//906
f 129//129 353//353 635//635
f 353//353 129//129 354//354
f 64//64 804//804 468//468
f 711//711 659//659 550//550
f 617//617 102//102 877//877
f 106//106 284//284 107//107
f 907//907 616//616 908//908
f 680//680 682//682 264//264
f 93//93 95//95 771//771
f 132//132 552//552 133//133
f 817//817 909//909 910//910
f 761//761 911//911 760//760
f 912//912 654//654 913//913
f 793//793 891//891 914//914
f 238//238 54//54 105//105
f 374//374 915//915 583//583
f 535//535 71//71 423//423
f 542//542 916//916 377//377
f 647//647 917//917 218//218
f 748//748 382//382 752//752
f 748//748 752//752 424//424
f 918//918 919//919 653//653
f 544//544 523//523 525//525
f 486//486 75//75 74//74
f 397//397 706//706 920//920
f 737//737 251//251 219//219
f 246//246 248//248 921//921
f 471//471 922//922 858//858
f 573//573 909//909 434//434
f 732//732 923//923 924//924
f 703//703 522//522 521//521
f 925//925 543//543 784//784
f 659//659 629//629 800//800
f 827//827 537//537 55//55
f 900//900 48//48 870//870
f 450//450 150//150 451//451
f 171//171 507//507 896//896
f 387//387 896//896 507//507
f 926//926 118//118 337//337
f 769//769 768//768 927//927
f 769//769 927//927 341//341
f 338//338 928//928 553//553
f 929//929 586//586 930//930
f 806//806 931//931 436//436
f 447//447 749//749 393//393
f 149//149 148//148 515//515
f 210//210 436//436 416//416
f 932//932 933//933 725//725
f 783//783 934//934 276//276
f 57//57 670//670 32//32
f 29//29 32//32 670//670
f 454//454 859//859 574//574
f 572//572 574//574 859//859
f 497//497 520//520 67//67
f 614//614 497//497 67//67
f 25//25 624//624 670//670
f 25//25 670//670 57//57
f 339//339 247//247 137//137
f 935//935 189//189 194//194
f 805//805 214//214 89//89
f 936//936 937//937 843//843
f 938//938 863//863 847//847
f 595//595 847//847 863//863
f 16//16 18//18 833//833
f 529//529 935//935 739//739
f 939//939 504//504 561//561
f 173//173 734//734 174//174
f 804//804 64//64 63//63
f 349//349 476//476 478//478
f 501//501 164//164 163//163
f 188//188 851//851 669//669
f 676//676 940//940 929//929
f 346//346 619//619 941//941
f 346//346 941//941 349//349
f 381//381 489//489 942//942
f 286//286 618//618 852//852
f 286//286 852//852 287//287
f 788//788 922//922 737//737
f 834//834 943//943 775//775
f 735//735 944//944 438//438
f 945//945 924//924 923//923
f 602//602 235//235 946//946
f 529//529 531//531 273//273
f 312//312 401//401 883//883
f 865//865 517//517 716//716
f 11//11 10//10 938//938
f 11//11 938//938 488//488
f 146//146 444//444 147//147
f 853//853 147//147 444//444
f 428//428 947//947 427//427
f 572//572 892//892 948//948
f 820//820 478//478 19//19
f 738//738 339//339 949//949
f 738//738 949//949 405//405
f 775//775 943//943 477//477
f 477//477 696//696 775//775
f 879//879 694//694 324//324
f 110//110 858//858 226//226
f 638//638 950//950 807//807
f 32//32 407//407 57//57
f 611//611 485//485 555//555
f 951//951 952//952 579//579
f 808//808 807//807 869//869
f 529//529 190//190 935//935
f 189//189 935//935 190//190
f 953//953 954//954 860//860
f 166//166 228//228 848//848
f 99//99 101//101 312//312
f 955//955 386//386 385//385
f 192//192 357//357 191//191
f 84//84 956//956 85//85
f 450//450 96//96 150//150
f 155//155 552//552 753//753
f 826//826 941//941 619//619
f 957//957 457//457 114//114
f 360//360 7//7 456//456
f 356//356 109//109 465//465
f 736//736 829//829 774//774
f 958//958 896//896 905//905
f 129//129 211//211 907//907
f 959//959 960//960 898//898
f 92//92 438//438 944//944
f 92//92 944//944 873//873
f 561//561 504//504 893//893
f 88//88 209//209 614//614
f 550//550 796//796 764//764
f 374//374 583//583 418//418
f 961//961 730//730 449//449
f 693//693 730//730 961//961
f 347//347 821//821 587//587
f 145//145 337//337 146//146
f 962//962 133//133 779//779
f 963//963 133//133 962//962
f 274//274 566//566 368//368
f 161//161 560//560 428//428
f 964//964 918//918 652//652
f 30//30 22//22 635//635
f 298//298 300//300 674//674
f 660//660 39//39 965//965
f 427//427 200//200 161//161
f 426//426 799//799 678//678
f 907//907 286//286 354//354
f 131//131 804//804 966//966
f 688//688 603//603 572//572
f 1//1 3//3 398//398
f 361//361 360//360 878//878
f 967//967 968//968 749//749
f 862//862 810//810 854//854
f 287//287 969//969 695//695
f 970//970 971//971 813//813
f 814//814 813//813 971//971
f 618//618 908//908 616//616
f 124//124 340//340 125//125
f 68//68 70//70 180//180
f 901//901 73//73 686//686
f 405//405 781//781 738//738
f 781//781 532//532 248//248
f 203//203 205//205 855//855
f 424//424 752//752 425//425
f 897//897 689//689 176//176
f 80//80 880//880 218//218
f 972//972 973//973 974//974
f 99//99 884//884 194//194
f 365//365 591//591 801//801
f 261//261 846//846 657//657
f 300//300 60//60 828//828
f 369//369 718//718 33//33
f 599//599 50//50 49//49
f 627//627 968//968 967//967
f 314//314 975//975 315//315
f 456//456 457//457 957//957
f 361//361 976//976 398//398
f 977//977 34//34 718//718
f 255//255 45//45 28//28
f 473//473 857//857 650//650
f 392//392 857//857 473//473
f 24//24 158//158 470//470
f 128//128 127//127 470//470
f 757//757 561//561 563//563
f 593//593 978//978 594//594
f 807//807 759//759 869//869
f 647//647 646//646 917//917
f 860//860 954//954 979//979
f 567//567 837//837 565//565
f 31//31 695//695 408//408
f 462//462 954//954 685//685
f 134//134 133//133 963//963
f 25//25 838//838 624//624
f 126//126 980//980 124//124
f 415//415 481//481 981//981
f 680//680 264//264 770//770
f 144//144 655//655 142//142
f 982//982 983//983 536//536
f 982//982 923//923 983//983
f 710//710 622//622 620//620
f 710//710 620//620 389//389
f 199//199 623//623 673//673
f 135//135 700//700 65//65
f 467//467 856//856 626//626
f 574//574 984//984 97//97
f 878//878 976//976 361//361
f 602//602 159//159 235//235
f 117//117 928//928 118//118
f 338//338 118//118 928//928
f 476//476 696//696 477//477
f 985//985 723//723 722//722
f 362//362 986//986 577//577
f 931//931 987//987 832//832
f 806//806 987//987 931//931
f 988//988 680//680 207//207
f 458//458 209//209 459//459
f 276//276 934//934 290//290
f 756//756 807//807 950//950
f 756//756 950//950 652//652
f 964//964 652//652 950//950
f 397//397 920//920 319//319
f 294//294 163//163 165//165
f 989//989 844//844 843//843
f 293//293 501//501 163//163
f 466//466 684//684 37//37
f 967//967 749//749 447//447
f 556//556 612//612 555//555
f 307//307 745//745 82//82
f 478//478 820//820 349//349
f 10//10 743//743 938//938
f 990//990 654//654 991//991
f 990//990 652//652 654//654
f 567//567 992//992 837//837
f 724//724 636//636 563//563
f 841//841 840//840 600//600
f 598//598 600//600 840//840
f 234//234 988//988 206//206
f 632//632 634//634 345//345
f 370//370 993//993 867//867
f 639//639 993//993 370//370
f 994//994 648//648 545//545
f 226//226 799//799 111//111
f 986//986 995//995 720//720
f 766//766 767//767 790//790
f 791//791 833//833 18//18
f 912//912 996//996 654//654
f 825//825 476//476 349//349
f 496//496 656//656 494//494
f 765//765 711//711 550//550
f 931//931 832//832 790//790
f 840//840 646//646 598//598
f 785//785 270//270 997//997
f 356//356 36//36 355//355
f 966//966 998//998 999//999
f 417//417 951//951 782//782
f 422//422 985//985 722//722
f 367//367 868//868 429//429
f 262//262 868//868 367//367
f 669//669 1000//1000 188//188
f 997//997 1000//1000 669//669
f 188//188 1000//1000 410//410
f 948//948 985//985 901//901
f 1001//1001 925//925 989//989
f 410//410 1000//1000 272//272
f 282//282 77//77 263//263
f 294//294 980//980 138//138
f 282//282 283//283 77//77
f 184//184 183//183 351//351
f 802//802 955//955 1002//1002
f 802//802 1002//1002 366//366
f 885//885 72//72 313//313
f 425//425 380//380 539//539
f 425//425 666//666 380//380
f 321//321 320//320 1003//1003
f 963//963 525//525 134//134
f 50//50 258//258 870//870
f 898//898 960//960 215//215
f 616//616 1004//1004 617//617
f 72//72 885//885 685//685
f 809//809 675//675 677//677
f 55//55 537//537 56//56
f 205//205 204//204 402//402
f 986//986 766//766 995//995
f 172//172 457//457 7//7
f 825//825 941//941 826//826
f 349//349 941//941 825//825
f 938//938 847//847 488//488
f 722//722 562//562 422//422
f 563//563 637//637 757//757
f 396//396 277//277 1005//1005
f 396//396 1005//1005 588//588
f 277//277 279//279 212//212
f 805//805 1005//1005 277//277
f 757//757 1006//1006 561//561
f 299//299 381//381 729//729
f 87//87 1007//1007 325//325
f 965//965 1008//1008 660//660
f 651//651 298//298 894//894
f 143//143 252//252 1009//1009
f 368//368 565//565 845//845
f 92//92 873//873 90//90
f 884//884 935//935 194//194
f 1010//1010 648//648 584//584
f 611//611 613//613 887//887
f 790//790 832//832 791//791
f 995//995 766//766 791//791
f 514//514 515//515 1//1
f 669//669 851//851 275//275
f 819//819 948//948 901//901
f 958//958 466//466 465//465
f 144//144 1011//1011 136//136
f 169//169 958//958 465//465
f 399//399 401//401 311//311
f 995//995 791//791 18//18
f 843//843 1012//1012 989//989
f 885//885 315//315 460//460
f 84//84 662//662 956//956
f 196//196 42//42 343//343
f 756//756 652//652 990//990
f 409//409 972//972 732//732
f 877//877 618//618 617//617
f 381//381 942//942 729//729
f 1013//1013 239//239 658//658
f 353//353 30//30 635//635
f 801//801 366//366 365//365
f 574//574 573//573 984//984
f 1013//1013 81//81 509//509
f 160//160 560//560 161//161
f 1014//1014 575//575 1015//1015
f 201//201 777//777 1016//1016
f 201//201 1016//1016 304//304
f 24//24 236//236 159//159
f 899//899 873//873 1017//1017
f 581//581 730//730 693//693
f 926//926 337//337 145//145
f 724//724 723//723 1018//1018
f 970//970 813//813 546//546
f 286//286 908//908 618//618
f 899//899 123//123 631//631
f 772//772 631//631 123//123
f 904//904 1014//1014 1015//1015
f 619//619 621//621 826//826
f 1019//1019 827//827 770//770
f 467//467 43//43 241//241
f 575//575 986//986 720//720
f 463//463 132//132 679//679
f 21//21 20//20 328//328
f 615//615 628//628 421//421
f 535//535 1020//1020 314//314
f 1021//1021 750//750 966//966
f 966//966 999//999 1021//1021
f 1004//1004 761//761 617//617
f 277//277 396//396 278//278
f 22//22 24//24 635//635
f 58//58 43//43 467//467
f 570//570 774//774 897//897
f 502//502 923//923 982//982
f 142//142 250//250 195//195
f 496//496 1022//1022 1023//1023
f 975//975 141//141 460//460
f 568//568 822//822 823//823
f 549//549 643//643 543//543
f 592//592 700//700 135//135
f 343//343 864//864 344//344
f 487//487 871//871 11//11
f 101//101 11//11 871//871
f 536//536 983//983 974//974
f 502//502 939//939 945//945
f 939//939 484//484 945//945
f 1024//1024 996//996 912//912
f 845//845 846//846 1025//1025
f 912//912 913//913 1026//1026
f 576//576 575//575 1014//1014
f 1019//1019 1027//1027 1028//1028
f 968//968 627//627 399//399
f 311//311 968//968 399//399
f 903//903 3//3 2//2
f 51//51 436//436 931//931
f 71//71 313//313 72//72
f 901//901 422//422 73//73
f 558//558 903//903 358//358
f 234//234 233//233 988//988
f 270//270 725//725 933//933
f 913//913 919//919 613//613
f 395//395 968//968 310//310
f 968//968 311//311 310//310
f 1029//1029 714//714 350//350
f 1029//1029 411//411 714//714
f 545//545 648//648 970//970
f 542//542 377//377 605//605
f 940//940 1010//1010 584//584
f 516//516 607//607 555//555
f 709//709 1017//1017 243//243
f 709//709 243//243 245//245
f 695//695 969//969 406//406
f 13//13 1030//1030 14//14
f 600//600 599//599 708//708
f 801//801 977//977 802//802
f 265//265 604//604 266//266
f 607//607 672//672 441//441
f 903//903 882//882 3//3
f 174//174 792//792 175//175
f 354//354 129//129 907//907
f 675//675 956//956 676//676
f 331//331 758//758 1031//1031
f 814//814 318//318 333//333
f 706//706 331//331 1031//1031
f 332//332 331//331 706//706
f 582//582 753//753 464//464
f 686//686 73//73 72//72
f 776//776 775//775 1032//1032
f 157//157 763//763 158//158
f 553//553 228//228 227//227
f 351//351 221//221 223//223
f 1033//1033 831//831 1001//1001
f 1001//1001 831//831 925//925
f 1034//1034 79//79 308//308
f 910//910 909//909 442//442
f 426//426 170//170 799//799
f 725//725 1035//1035 726//726
f 990//990 991//991 1003//1003
f 299//299 61//61 60//60
f 378//378 667//667 587//587
f 866//866 404//404 448//448
f 155//155 582//582 152//152
f 155//155 152//152 371//371
f 59//59 886//886 291//291
f 190//190 851//851 188//188
f 59//59 291//291 812//812
f 427//427 498//498 200//200
f 436//436 210//210 128//128
f 1021//1021 482//482 1036//1036
f 999//999 482//482 1021//1021
f 484//484 1036//1036 482//482
f 939//939 1036//1036 484//484
f 52//52 285//285 448//448
f 52//52 107//107 285//285
f 370//370 867//867 285//285
f 866//866 285//285 867//867
f 866//866 448//448 285//285
f 965//965 1037//1037 1034//1034
f 902//902 949//949 339//339
f 471//471 413//413 5//5
f 113//113 751//751 957//957
f 126//126 138//138 980//980
f 931//931 790//790 767//767
f 464//464 753//753 463//463
f 81//81 510//510 509//509
f 917//917 510//510 80//80
f 321//321 1038//1038 437//437
f 106//106 363//363 284//284
f 815//815 122//122 402//402
f 858//858 922//922 788//788
f 878//878 451//451 514//514
f 879//879 451//451 878//878
f 879//879 324//324 451//451
f 601//601 16//16 157//157
f 330//330 290//290 1039//1039
f 492//492 468//468 803//803
f 492//492 803//803 131//131
f 575//575 577//577 986//986
f 508//508 713//713 534//534
f 724//724 1018//1018 1040//1040
f 155//155 753//753 582//582
f 865//865 782//782 951//951
f 704//704 703//703 521//521
f 704//704 609//609 736//736
f 951//951 579//579 865//865
f 182//182 569//569 124//124
f 150//150 641//641 872//872
f 932//932 725//725 727//727
f 395//395 749//749 968//968
f 364//364 887//887 590//590
f 1041//1041 179//179 1042//1042
f 321//321 1003//1003 991//991
f 213//213 289//289 1007//1007
f 1043//1043 1044//1044 665//665
f 316//316 318//318 1045//1045
f 814//814 1045//1045 318//318
f 136//136 520//520 495//495
f 1046//1046 818//818 953//953
f 985//985 892//892 723//723
f 1047//1047 680//680 988//988
f 174//174 733//733 1048//1048
f 174//174 1048//1048 891//891
f 437//437 461//461 460//460
f 199//199 673//673 300//300
f 779//779 154//154 682//682
f 1049//1049 541//541 657//657
f 412//412 687//687 946//946
f 623//623 198//198 564//564
f 532//532 872//872 641//641
f 843//843 937//937 1049//1049
f 936//936 280//280 937//937
f 176//176 836//836 897//897
f 700//700 594//594 663//663
f 137//137 125//125 339//339
f 197//197 828//828 812//812
f 60//60 59//59 828//828
f 849//849 461//461 1050//1050
f 377//377 916//916 447//447
f 169//169 465//465 112//112
f 81//81 1013//1013 305//305
f 74//74 76//76 716//716
f 1009//1009 592//592 135//135
f 385//385 387//387 540//540
f 632//632 836//836 168//168
f 43//43 518//518 250//250
f 277//277 214//214 805//805
f 212//212 214//214 277//277
f 423//423 71//71 73//73
f 168//168 836//836 176//176
f 17//17 601//601 254//254
f 826//826 204//204 500//500
f 743//743 863//863 938//938
f 967//967 447//447 916//916
f 892//892 572//572 859//859
f 822//822 875//875 888//888
f 1041//1041 1042//1042 1033//1033
f 733//733 732//732 924//924
f 439//439 178//178 177//177
f 18//18 37//37 995//995
f 1008//1008 858//858 660//660
f 68//68 780//780 741//741
f 652//652 918//918 653//653
f 486//486 485//485 364//364
f 555//555 485//485 516//516
f 82//82 745//745 888//888
f 945//945 923//923 502//502
f 364//364 485//485 611//611
f 637//637 957//957 751//751
f 637//637 751//751 757//757
f 750//750 113//113 966//966
f 658//658 239//239 105//105
f 610//610 521//521 980//980
f 762//762 526//526 628//628
f 709//709 245//245 855//855
f 165//165 855//855 245//245
f 841//841 1051//1051 232//232
f 19//19 821//821 820//820
f 113//113 115//115 966//966
f 762//762 699//699 698//698
f 759//759 317//317 661//661
f 759//759 661//661 86//86
f 661//661 84//84 86//86
f 77//77 79//79 746//746
f 624//624 839//839 625//625
f 973//973 1052//1052 974//974
f 471//471 858//858 110//110
f 428//428 560//560 559//559
f 917//917 80//80 218//218
f 955//955 904//904 386//386
f 707//707 711//711 765//765
f 1053//1053 320//320 706//706
f 1031//1031 1053//1053 706//706
f 371//371 156//156 155//155
f 794//794 507//507 506//506
f 364//364 366//366 486//486
f 26//26 406//406 334//334
f 852//852 877//877 186//186
f 1010//1010 971//971 970//970
f 798//798 880//880 80//80
f 685//685 818//818 686//686
f 345//345 1054//1054 836//836
f 511//511 487//487 489//489
f 845//845 1025//1025 260//260
f 707//707 645//645 630//630
f 294//294 610//610 980//980
f 124//124 980//980 521//521
f 774//774 570//570 705//705
f 545//545 970//970 546//546
f 1021//1021 1036//1036 750//750
f 13//13 15//15 314//314
f 388//388 936//936 843//843
f 329//329 583//583 379//379
f 584//584 586//586 940//940
f 542//542 156//156 371//371
f 553//553 928//928 848//848
f 771//771 397//397 319//319
f 974//974 1020//1020 535//535
f 432//432 296//296 295//295
f 439//439 438//438 92//92
f 439//439 92//92 900//900
f 592//592 1009//1009 593//593
f 1055//1055 1023//1023 1056//1056
f 984//984 573//573 434//434
f 167//167 1057//1057 168//168
f 177//177 829//829 438//438
f 774//774 829//829 177//177
f 325//325 326//326 459//459
f 615//615 67//67 66//66
f 965//965 1058//1058 1008//1008
f 965//965 1034//1034 1058//1058
f 558//558 882//882 903//903
f 230//230 882//882 558//558
f 281//281 280//280 936//936
f 281//281 936//936 391//391
f 440//440 953//953 860//860
f 379//379 21//21 329//329
f 379//379 821//821 21//21
f 732//732 734//734 409//409
f 685//685 885//885 462//462
f 462//462 885//885 460//460
f 737//737 219//219 788//788
f 215//215 217//217 898//898
f 1059//1059 482//482 999//999
f 139//139 141//141 975//975
f 770//770 827//827 701//701
f 186//186 202//202 187//187
f 508//508 917//917 646//646
f 638//638 993//993 639//639
f 1019//1019 1028//1028 827//827
f 24//24 159//159 158//158
f 58//58 452//452 1060//1060
f 392//392 580//580 445//445
f 961//961 608//608 269//269
f 911//911 927//927 768//768
f 911//911 1004//1004 927//927
f 678//678 225//225 224//224
f 958//958 169//169 896//896
f 619//619 390//390 389//389
f 346//346 391//391 390//390
f 948//948 688//688 572//572
f 369//369 719//719 718//718
f 36//36 414//414 355//355
f 957//957 114//114 113//113
f 363//363 362//362 577//577
f 867//867 993//993 808//808
f 703//703 351//351 183//183
f 182//182 522//522 183//183
f 217//217 880//880 906//906
f 861//861 876//876 809//809
f 743//743 10//10 1029//1029
f 3//3 728//728 398//398
f 536//536 974//974 535//535
f 101//101 100//100 12//12
f 273//273 851//851 190//190
f 627//627 151//151 153//153
f 116//116 1043//1043 665//665
f 731//731 473//473 257//257
f 334//334 969//969 608//608
f 334//334 27//27 26//26
f 250//250 242//242 241//241
f 416//416 415//415 769//769
f 416//416 769//769 341//341
f 372//372 76//76 373//373
f 864//864 343//343 41//41
f 67//67 1061//1061 65//65
f 520//520 65//65 1061//1061
f 520//520 1061//1061 67//67
f 143//143 135//135 1011//1011
f 193//193 690//690 410//410
f 189//189 690//690 193//193
f 373//373 795//795 794//794
f 898//898 146//146 336//336
f 336//336 959//959 898//898
f 658//658 102//102 761//761
f 1062//1062 1052//1052 973//973
f 134//134 524//524 1063//1063
f 825//825 696//696 476//476
f 825//825 500//500 696//696
f 722//722 724//724 562//562
f 698//698 663//663 1064//1064
f 698//698 1064//1064 994//994
f 884//884 1065//1065 935//935
f 883//883 1065//1065 884//884
f 643//643 800//800 816//816
f 643//643 816//816 644//644
f 208//208 702//702 534//534
f 50//50 599//599 259//259
f 598//598 259//259 599//599
f 644//644 844//844 784//784
f 512//512 489//489 381//381
f 239//239 509//509 238//238
f 734//734 733//733 174//174
f 688//688 819//819 1046//1046
f 962//962 1047//1047 963//963
f 40//40 39//39 660//660
f 323//323 322//322 1040//1040
f 316//316 661//661 317//317
f 899//899 709//709 123//123
f 552//552 154//154 779//779
f 716//716 517//517 74//74
f 471//471 5//5 922//922
f 911//911 823//823 306//306
f 911//911 306//306 760//760
f 737//737 922//922 5//5
f 594//594 664//664 663//663
f 576//576 802//802 977//977
f 956//956 675//675 85//85
f 1009//1009 252//252 634//634
f 1009//1009 634//634 593//593
f 819//819 688//688 948//948
f 974//974 983//983 972//972
f 635//635 127//127 129//129
f 576//576 1014//1014 802//802
f 522//522 703//703 183//183
f 953//953 818//818 685//685
f 462//462 849//849 954//954
f 612//612 556//556 860//860
f 378//378 587//587 821//821
f 391//391 936//936 388//388
f 460//460 315//315 975//975
f 729//729 942//942 847//847
f 488//488 847//847 942//942
f 579//579 1066//1066 865//865
f 737//737 4//4 251//251
f 697//697 184//184 352//352
f 1052//1052 13//13 974//974
f 209//209 458//458 497//497
f 497//497 458//458 175//175
f 495//495 144//144 136//136
f 812//812 291//291 6//6
f 28//28 256//256 255//255
f 951//951 1067//1067 952//952
f 9//9 492//492 172//172
f 229//229 787//787 230//230
f 293//293 292//292 786//786
f 114//114 172//172 131//131
f 957//957 1068//1068 456//456
f 480//480 456//456 1068//1068
f 581//581 580//580 731//731
f 320//320 1053//1053 1003//1003
f 994//994 545//545 698//698
f 1026//1026 979//979 1024//1024
f 321//321 991//991 1038//1038
f 943//943 478//478 477//477
f 848//848 928//928 166//166
f 849//849 979//979 954//954
f 830//830 240//240 1055//1055
f 1022//1022 1056//1056 1023//1023
f 893//893 504//504 503//503
f 105//105 54//54 104//104
f 387//387 795//795 540//540
f 273//273 190//190 529//529
f 708//708 599//599 49//49
f 959//959 553//553 554//554
f 900//900 870//870 227//227
f 226//226 858//858 1008//1008
f 4//4 886//886 596//596
f 4//4 596//596 251//251
f 334//334 406//406 969//969
f 217//217 906//906 898//898
f 1018//1018 455//455 323//323
f 554//554 258//258 959//959
f 696//696 1032//1032 775//775
f 519//519 1032//1032 696//696
f 196//196 345//345 634//634
f 196//196 634//634 252//252
f 907//907 342//342 616//616
f 195//195 253//253 142//142
f 143//143 253//253 252//252
f 196//196 343//343 345//345
f 592//592 594//594 700//700
f 793//793 496//496 792//792
f 142//142 253//253 143//143
f 841//841 232//232 234//234
f 729//729 847//847 597//597
f 435//435 909//909 817//817
f 393//393 392//392 445//445
f 393//393 445//445 447//447
f 855//855 165//165 164//164
f 1057//1057 167//167 117//117
f 171//171 426//426 506//506
f 35//35 34//34 591//591
f 612//612 979//979 1026//1026
f 654//654 653//653 913//913
f 640//640 918//918 964//964
f 409//409 973//973 972//972
f 330//330 973//973 409//409
f 640//640 35//35 918//918
f 613//613 612//612 1026//1026
f 362//362 106//106 767//767
f 781//781 148//148 872//872
f 781//781 872//872 532//532
f 740//740 1065//1065 400//400
f 778//778 519//519 501//501
f 740//740 739//739 1065//1065
f 185//185 895//895 691//691
f 538//538 895//895 185//185
f 778//778 501//501 786//786
f 9//9 728//728 881//881
f 881//881 492//492 9//9
f 759//759 86//86 869//869
f 557//557 869//869 86//86
f 557//557 606//606 869//869
f 890//890 824//824 876//876
f 508//508 646//646 712//712
f 579//579 952//952 947//947
f 952//952 427//427 947//947
f 368//368 845//845 260//260
f 567//567 68//68 992//992
f 480//480 694//694 360//360
f 324//324 694//694 322//322
f 360//360 694//694 879//879
f 186//186 267//267 852//852
f 1016//1016 1069//1069 304//304
f 561//561 1006//1006 939//939
f 1036//1036 939//939 1006//1006
f 964//964 950//950 638//638
f 99//99 312//312 883//883
f 508//508 510//510 917//917
f 197//197 1070//1070 431//431
f 916//916 542//542 1071//1071
f 605//605 156//156 542//542
f 482//482 1059//1059 914//914
f 312//312 311//311 401//401
f 269//269 268//268 961//961
f 1036//1036 1006//1006 750//750
f 431//431 1070//1070 235//235
f 875//875 890//890 876//876
f 586//586 585//585 1072//1072
f 577//577 576//576 719//719
f 978//978 593//593 633//633
f 978//978 633//633 1057//1057
f 531//531 780//780 567//567
f 236//236 24//24 23//23
f 877//877 202//202 186//186
f 62//62 626//626 856//856
f 756//756 990//990 754//754
f 990//990 1003//1003 1053//1053
f 758//758 754//754 1053//1053
f 1031//1031 758//758 1053//1053
f 940//940 316//316 1010//1010
f 1053//1053 754//754 990//990
f 854//854 444//444 443//443
f 85//85 824//824 403//403
f 835//835 1067//1067 328//328
f 467//467 626//626 58//58
f 511//511 489//489 512//512
f 942//942 489//489 488//488
f 362//362 766//766 986//986
f 679//679 134//134 1063//1063
f 671//671 578//578 1073//1073
f 890//890 875//875 822//822
f 568//568 890//890 822//822
f 881//881 787//787 492//492
f 430//430 429//429 668//668
f 273//273 566//566 274//274
f 785//785 997//997 668//668
f 997//997 669//669 668//668
f 273//273 531//531 566//566
f 38//38 933//933 932//932
f 815//815 800//800 772//772
f 815//815 772//772 122//122
f 519//519 778//778 1032//1032
f 776//776 1032//1032 778//778
f 411//411 272//272 714//714
f 410//410 272//272 411//411
f 545//545 526//526 698//698
f 608//608 1074//1074 269//269
f 545//545 527//527 526//526
f 604//604 1027//1027 266//266
f 162//162 161//161 201//201
f 266//266 1027//1027 1019//1019
f 750//750 1006//1006 757//757
f 185//185 187//187 538//538
f 811//811 946//946 1070//1070
f 319//319 321//321 140//140
f 419//419 528//528 744//744
f 437//437 1038//1038 461//461
f 991//991 1050//1050 1038//1038
f 437//437 460//460 141//141
f 5//5 413//413 412//412
f 547//547 93//93 548//548
f 389//389 388//388 844//844
f 389//389 620//620 619//619
f 179//179 1075//1075 571//571
f 259//259 216//216 215//215
f 598//598 216//216 259//259
f 598//598 647//647 216//216
f 216//216 647//647 218//218
f 785//785 668//668 429//429
f 785//785 429//429 725//725
f 740//740 400//400 357//357
f 1062//1062 1030//1030 1052//1052
f 13//13 1052//1052 1030//1030
f 854//854 810//810 677//677
f 369//369 363//363 719//719
f 14//14 1030//1030 783//783
f 576//576 977//977 718//718
f 946//946 687//687 602//602
f 287//287 1074//1074 969//969
f 269//269 1074//1074 267//267
f 535//535 313//313 71//71
f 535//535 314//314 313//313
f 154//154 265//265 682//682
f 264//264 682//682 265//265
f 147//147 930//930 145//145
f 147//147 853//853 930//930
f 81//81 307//307 82//82
f 569//569 296//296 358//358
f 246//246 1069//1069 292//292
f 677//677 676//676 929//929
f 970//970 648//648 1010//1010
f 671//671 1073//1073 672//672
f 289//289 325//325 1007//1007
f 136//136 1011//1011 135//135
f 1026//1026 1024//1024 912//912
f 685//685 954//954 953//953
f 1004//1004 911//911 761//761
f 342//342 927//927 616//616
f 1004//1004 616//616 927//927
f 664//664 850//850 665//665
f 1046//1046 442//442 688//688
f 1046//1046 440//440 442//442
f 808//808 993//993 638//638
f 1043//1043 926//926 145//145
f 145//145 1072//1072 1043//1043
f 973//973 330//330 1039//1039
f 973//973 1039//1039 1062//1062
f 329//329 328//328 1067//1067
f 683//683 1015//1015 575//575
f 979//979 612//612 860//860
f 622//622 644//644 816//816
f 817//817 1073//1073 559//559
f 559//559 1073//1073 578//578
f 838//838 839//839 624//624
f 3//3 881//881 728//728
f 294//294 165//165 610//610
f 609//609 704//704 610//610
f 521//521 610//610 704//704
f 10//10 411//411 1029//1029
f 12//12 411//411 10//10
f 672//672 1073//1073 910//910
f 516//516 517//517 671//671
f 671//671 517//517 865//865
f 770//770 264//264 1019//1019
f 145//145 930//930 1072//1072
f 586//586 1072//1072 930//930
f 36//36 466//466 37//37
f 36//36 356//356 466//466
f 658//658 760//760 305//305
f 658//658 305//305 1013//1013
f 707//707 765//765 708//708
f 677//677 853//853 854//854
f 677//677 929//929 853//853
f 586//586 929//929 940//940
f 1001//1001 1012//1012 1075//1075
f 345//345 344//344 1054//1054
f 644//644 710//710 844//844
f 389//389 844//844 710//710
f 1054//1054 344//344 222//222
f 1041//1041 1075//1075 179//179
f 205//205 402//402 121//121
f 674//674 44//44 894//894
f 46//46 894//894 44//44
f 831//831 1063//1063 524//524
f 878//878 514//514 976//976
f 976//976 514//514 398//398
f 615//615 66//66 628//628
f 1058//1058 308//308 224//224
f 1058//1058 1034//1034 308//308
f 78//78 308//308 79//79
f 1008//1008 1058//1058 226//226
f 224//224 226//226 1058//1058
f 170//170 169//169 112//112
f 170//170 111//111 799//799
f 112//112 111//111 170//170
f 385//385 1002//1002 955//955
f 824//824 675//675 809//809
f 999//999 998//998 120//120
f 120//120 1059//1059 999//999
f 63//63 998//998 804//804
f 966//966 804//804 998//998
f 834//834 499//499 498//498
f 998//998 63//63 120//120
f 678//678 224//224 309//309
f 571//571 1076//1076 846//846
f 805//805 420//420 419//419
f 1046//1046 819//819 818//818
f 771//771 548//548 93//93
f 188//188 690//690 189//189
f 202//202 877//877 102//102
f 202//202 102//102 104//104
f 849//849 1024//1024 979//979
f 1050//1050 1024//1024 849//849
f 341//341 927//927 342//342
f 735//735 243//243 944//944
f 744//744 1005//1005 419//419
f 181//181 1042//1042 179//179
f 1063//1063 1033//1033 1042//1042
f 242//242 142//142 655//655
f 324//324 505//505 450//450
f 473//473 650//650 46//46
f 891//891 1048//1048 483//483
f 891//891 483//483 482//482
f 773//773 98//98 249//249
f 76//76 372//372 716//716
f 186//186 268//268 267//267
f 721//721 1028//1028 1027//1027
f 721//721 1027//1027 376//376
f 478//478 943//943 19//19
f 20//20 943//943 834//834
f 20//20 19//19 943//943
f 148//148 781//781 405//405
f 1//1 148//148 405//405
f 1077//1077 956//956 662//662
f 67//67 615//615 614//614
f 227//227 870//870 554//554
f 551//551 251//251 596//596
f 570//570 703//703 705//705
f 8//8 728//728 9//9
f 366//366 1002//1002 486//486
f 619//619 346//346 390//390
f 75//75 486//486 1002//1002
f 374//374 418//418 372//372
f 44//44 838//838 45//45
f 525//525 524//524 134//134
f 925//925 831//831 523//523
f 692//692 721//721 375//375
f 721//721 691//691 895//895
f 329//329 1067//1067 417//417
f 835//835 328//328 20//20
f 903//903 359//359 358//358
f 902//902 359//359 903//903
f 861//861 809//809 810//810
f 638//638 640//640 964//964
f 24//24 470//470 127//127
f 650//650 857//857 513//513
f 33//33 35//35 640//640
f 1013//1013 509//509 239//239
f 394//394 487//487 511//511
f 395//395 789//789 394//394
f 310//310 871//871 789//789
f 310//310 789//789 395//395
f 840//840 712//712 646//646
f 871//871 312//312 101//101
f 129//129 128//128 211//211
f 257//257 472//472 255//255
f 449//449 730//730 257//257
f 731//731 730//730 581//581
f 199//199 828//828 197//197
f 415//415 981//981 768//768
f 300//300 828//828 199//199
f 1075//1075 1049//1049 1076//1076
f 1075//1075 1076//1076 571//571
f 1049//1049 657//657 1076//1076
f 424//424 309//309 748//748
f 748//748 309//309 78//78
f 727//727 726//726 1037//1037
f 846//846 1076//1076 657//657
f 1078//1078 868//868 746//746
f 1078//1078 1037//1037 726//726
f 965//965 727//727 1037//1037
f 1078//1078 1034//1034 1037//1037
f 564//564 23//23 47//47
f 1078//1078 726//726 868//868
f 901//901 985//985 422//422
f 432//432 295//295 433//433
f 79//79 1034//1034 1078//1078
f 79//79 1078//1078 746//746
f 420//420 89//89 88//88
f 717//717 212//212 279//279
f 487//487 789//789 871//871
f 853//853 929//929 930//930
f 988//988 207//207 206//206
f 793//793 914//914 1022//1022
f 1055//1055 240//240 715//715
f 1023//1023 1055//1055 715//715
f 855//855 121//121 709//709
f 237//237 198//198 431//431
f 237//237 564//564 198//198
f 121//121 855//855 205//205
f 989//989 784//784 844//844
f 925//925 784//784 989//989
f 925//925 523//523 543//543
f 1001//1001 1041//1041 1033//1033
f 422//422 562//562 893//893
f 254//254 414//414 36//36
f 932//932 39//39 38//38
f 180//180 992//992 68//68
f 479//479 837//837 992//992
f 46//46 255//255 472//472
f 421//421 420//420 88//88
f 1079//1079 963//963 1047//1047
f 106//106 108//108 767//767
f 683//683 958//958 905//905
f 904//904 1015//1015 905//905
f 52//52 108//108 107//107
f 51//51 108//108 52//52
f 185//185 268//268 186//186
f 961//961 268//268 185//185
f 961//961 185//185 693//693
f 235//235 1070//1070 946//946
f 811//811 1070//1070 197//197
f 833//833 469//469 763//763
f 260//260 1025//1025 261//261
f 846//846 261//261 1025//1025
f 832//832 469//469 833//833
f 534//534 702//702 238//238
f 281//281 383//383 283//283
f 833//833 763//763 16//16
f 995//995 684//684 720//720
f 995//995 37//37 684//684
f 509//509 534//534 238//238
f 804//804 803//803 468//468
f 890//890 474//474 824//824
f 832//832 987//987 469//469
f 806//806 469//469 987//987
f 15//15 14//14 547//547
f 553//553 336//336 338//338
f 553//553 959//959 336//336
f 429//429 1035//1035 725//725
f 667//667 382//382 491//491
f 752//752 382//382 667//667
f 752//752 667//667 666//666
f 153//153 357//357 627//627
f 533//533 304//304 921//921
f 248//248 533//533 921//921
f 75//75 1002//1002 385//385
f 588//588 1005//1005 744//744
f 683//683 466//466 958//958
f 904//904 955//955 1014//1014
f 765//765 1080//1080 708//708
f 1080//1080 600//600 708//708
f 1014//1014 955//955 802//802
f 991//991 654//654 996//996
f 210//210 342//342 211//211
f 422//422 503//503 423//423
f 893//893 503//503 422//422
f 961//961 449//449 608//608
f 596//596 886//886 597//597
f 300//300 299//299 60//60
f 568//568 981//981 481//481
f 1069//1069 921//921 304//304
f 246//246 921//921 1069//1069
f 981//981 568//568 823//823
f 981//981 823//823 768//768
f 911//911 768//768 823//823
f 319//319 920//920 320//320
f 157//157 159//159 602//602
f 674//674 839//839 44//44
f 625//625 839//839 674//674
f 783//783 1030//1030 1062//1062
f 944//944 243//243 1017//1017
f 944//944 1017//1017 873//873
f 862//862 854//854 443//443
f 862//862 443//443 906//906
f 265//265 605//605 604//604
f 587//587 667//667 491//491
f 765//765 764//764 1080//1080
f 994//994 1064//1064 665//665
f 665//665 1044//1044 994//994
f 663//663 665//665 1064//1064
f 731//731 580//580 473//473
f 536//536 502//502 982//982
f 536//536 423//423 502//502
f 875//875 861//861 888//888
f 242//242 656//656 715//715
f 175//175 792//792 493//493
f 493//493 792//792 496//496
f 417//417 1067//1067 951//951
f 940//940 676//676 956//956
f 906//906 889//889 861//861
f 861//861 862//862 906//906
f 906//906 798//798 889//889
f 577//577 719//719 363//363
f 861//861 889//889 888//888
f 300//300 673//673 674//674
f 1041//1041 1001//1001 1075//1075
f 80//80 510//510 81//81
f 888//888 745//745 822//822
f 1077//1077 940//940 956//956
f 1077//1077 316//316 940//940
f 131//131 966//966 115//115
f 93//93 547//547 94//94
f 490//490 587//587 491//491
f 727//727 39//39 932//932
f 727//727 965//965 39//39
f 117//117 850//850 1057//1057
f 850//850 116//116 665//665
f 118//118 338//338 337//337
f 116//116 926//926 1043//1043
f 15//15 547//547 139//139
f 864//864 223//223 222//222
f 1001//1001 989//989 1012//1012
f 835//835 952//952 1067//1067
f 835//835 20//20 834//834
f 203//203 164//164 501//501
f 809//809 876//876 824//824
f 442//442 441//441 910//910
f 742//742 796//796 550//550
f 1073//1073 817//817 910//910
f 110//110 109//109 649//649
f 441//441 672//672 910//910
f 530//530 741//741 780//780
f 394//394 513//513 857//857
f 157//157 16//16 763//763
f 128//128 470//470 806//806
f 469//469 806//806 470//470
f 533//533 162//162 304//304
f 896//896 387//387 386//386
f 896//896 386//386 904//904
f 200//200 499//499 777//777
f 1028//1028 721//721 895//895
f 551//551 642//642 220//220
f 499//499 834//834 775//775
f 201//201 200//200 777//777
f 1075//1075 1012//1012 1049//1049
f 191//191 152//152 582//582
f 208//208 207//207 770//770
f 191//191 153//153 152//152
f 916//916 1071//1071 967//967
f 805//805 419//419 1005//1005
f 380//380 379//379 583//583
f 902//902 339//339 359//359
f 340//340 359//359 339//339
f 87//87 459//459 209//209
f 87//87 325//325 459//459
f 935//935 1065//1065 739//739
f 939//939 502//502 504//504
f 292//292 1081//1081 786//786
f 292//292 1069//1069 1081//1081
f 1016//1016 1081//1081 1069//1069
f 1016//1016 777//777 1081//1081
f 778//778 786//786 1081//1081
f 778//778 1081//1081 777//777
f 664//664 594//594 978//978
f 238//238 702//702 701//701
f 283//283 383//383 748//748
f 382//382 748//748 383//383
f 401//401 1065//1065 883//883
f 401//401 400//400 1065//1065
f 1077//1077 662//662 316//316
f 267//267 1074//1074 287//287
f 627//627 1071//1071 151//151
f 627//627 967//967 1071//1071
f 841//841 234//234 842//842
f 840//840 842//842 712//712
f 206//206 842//842 234//234
f 151//151 1071//1071 542//542
f 695//695 406//406 408//408
f 434//434 249//249 984//984
f 116//116 118//118 926//926
f 283//283 748//748 747//747
f 283//283 747//747 77//77
f 512//512 298//298 651//651
f 298//298 512//512 381//381
f 512//512 651//651 513//513
f 650//650 513//513 651//651
f 1000//1000 270//270 272//272
f 1000//1000 997//997 270//270
f 771//771 319//319 548//548
f 140//140 548//548 319//319
f 139//139 548//548 140//140
f 508//508 534//534 509//509
f 812//812 6//6 811//811
f 736//736 705//705 704//704
f 807//807 755//755 759//759
f 758//758 759//759 755//755
f 756//756 755//755 807//807
f 629//629 772//772 800//800
f 631//631 772//772 629//629
f 815//815 622//622 816//816
f 377//377 447//447 446//446
f 377//377 446//446 375//375
f 692//692 375//375 446//446
f 692//692 446//446 581//581
f 446//446 445//445 581//581
f 191//191 70//70 69//69
f 266//266 1019//1019 264//264
f 192//192 69//69 741//741
f 897//897 836//836 1054//1054
f 1054//1054 222//222 897//897
f 68//68 741//741 69//69
f 541//541 937//937 280//280
f 541//541 1049//1049 937//937
f 479//479 992//992 180//180
f 143//143 1011//1011 144//144
f 272//272 271//271 714//714
f 1063//1063 831//831 1033//1033
f 859//859 455//455 892//892
f 1022//1022 914//914 1059//1059
f 423//423 503//503 502//502
f 13//13 1020//1020 974//974
f 1049//1049 1012//1012 843//843
f 15//15 975//975 314//314
f 15//15 139//139 975//975
f 773//773 160//160 1082//1082
f 162//162 1082//1082 160//160
f 249//249 435//435 160//160
f 533//533 1082//1082 162//162
f 641//641 1082//1082 533//533
f 1082//1082 641//641 773//773
f 868//868 1035//1035 429//429
f 726//726 1035//1035 868//868
f 564//564 1083//1083 623//623
f 1046//1046 953//953 440//440
f 670//670 1083//1083 47//47
f 564//564 47//47 1083//1083
f 984//984 249//249 97//97
f 26//26 57//57 407//407
f 461//461 1038//1038 1050//1050
f 556//556 441//441 440//440
f 624//624 1083//1083 670//670
f 623//623 1083//1083 624//624
f 285//285 284//284 370//370
f 948//948 892//892 985//985
f 1047//1047 233//233 1079//1079
f 1047//1047 988//988 233//233
f 1079//1079 233//233 232//232
f 570//570 221//221 703//703
f 703//703 221//221 351//351
f 352//352 351//351 223//223
f 864//864 352//352 223//223
f 232//232 1051//1051 796//796
f 764//764 796//796 1051//1051
f 1080//1080 764//764 1051//1051
f 906//906 880//880 798//798
f 1047//1047 681//681 680//680
f 110//110 649//649 471//471
f 991//991 996//996 1050//1050
f 1050//1050 996//996 1024//1024
f 290//290 934//934 1039//1039
f 1039//1039 934//934 1062//1062
f 934//934 783//783 1062//1062
f 590//590 918//918 591//591
f 918//918 35//35 591//591
f 697//697 1060//1060 452//452
f 58//58 1060//1060 41//41
f 323//323 1040//1040 1018//1018
f 724//724 1040//1040 636//636
f 322//322 636//636 1040//1040
f 963//963 1079//1079 797//797
f 742//742 525//525 797//797
f 963//963 797//797 525//525
f 232//232 797//797 1079//1079
f 232//232 796//796 797//797
f 1044//1044 585//585 994//994
f 1043//1043 585//585 1044//1044
f 850//850 978//978 1057//1057
f 648//648 994//994 585//585
f 850//850 664//664 978//978
f 235//235 159//159 236//236
f 744//744 546//546 588//588
f 588//588 546//546 813//813
f 1072//1072 585//585 1043//1043
f 215//215 960//960 258//258
f 959//959 258//258 960//960
f 793//793 1022//1022 496//496
f 656//656 1023//1023 715//715
f 615//615 421//421 88//88
f 181//181 679//679 1042//1042
f 1063//1063 1042//1042 679//679
f 630//630 874//874 631//631
f 899//899 631//631 874//874
f 894//894 298//298 674//674
f 977//977 801//801 34//34
f 314//314 1020//1020 13//13
f 1048//1048 733//733 924//924
f 779//779 682//682 681//681
f 779//779 681//681 962//962
f 1047//1047 962//962 681//681
f 87//87 89//89 1007//1007
f 899//899 1017//1017 709//709
f 213//213 1007//1007 89//89
f 1022//1022 1059//1059 1056//1056
f 830//830 119//119 63//63
f 1055//1055 119//119 830//830
f 120//120 119//119 1055//1055
f 427//427 952//952 498//498
f 835//835 498//498 952//952
f 434//434 909//909 435//435
f 573//573 603//603 909//909
f 342//342 907//907 211//211
f 1026//1026 913//913 613//613
f 567//567 780//780 68//68
f 743//743 1029//1029 350//350
f 376//376 1027//1027 604//604
f 143//143 1009//1009 135//135
f 403//403 824//824 474//474
f 316//316 1045//1045 1010//1010
f 762//762 698//698 526//526
f 38//38 271//271 933//933
f 653//653 919//919 913//913
f 933//933 271//271 270//270
f 104//104 56//56 187//187
f 720//720 684//684 683//683
f 480//480 1068//1068 322//322
f 322//322 1068//1068 636//636
f 637//637 1068//1068 957//957
f 636//636 1068//1068 637//637
f 1018//1018 723//723 455//455
f 865//865 1066//1066 671//671
f 578//578 1066//1066 579//579
f 671//671 1066//1066 578//578
f 352//352 1060//1060 697//697
f 352//352 41//41 1060//1060
f 842//842 713//713 712//712
f 842//842 206//206 713//713
f 534//534 713//713 206//206
f 590//590 919//919 918//918
f 590//590 887//887 919//919
f 613//613 919//919 887//887
f 583//583 915//915 380//380
f 380//380 915//915 539//539
f 539//539 915//915 794//794
f 373//373 915//915 374//374
f 373//373 794//794 915//915
f 907//907 908//908 286//286
f 412//412 811//811 6//6
f 946//946 811//811 412//412
f 167//167 166//166 928//928
f 167//167 928//928 117//117
f 905//905 1015//1015 683//683
f 931//931 108//108 51//51
f 767//767 108//108 931//931
f 28//28 27//27 256//256
f 120//120 1056//1056 1059//1059
f 137//137 247//247 246//246
f 641//641 98//98 773//773
f 2//2 405//405 949//949
f 2//2 949//949 902//902
f 484//484 483//483 945//945
f 482//482 914//914 891//891
f 924//924 945//945 483//483
f 1048//1048 924//924 483//483
f 3//3 882//882 881//881
f 177//177 689//689 774//774
f 897//897 774//774 689//689
f 559//559 947//947 428//428
f 559//559 579//579 947//947
f 717//717 94//94 783//783
f 14//14 783//783 94//94
f 547//547 14//14 94//94
f 95//95 94//94 717//717
f 120//120 1055//1055 1056//1056
f 656//656 496//496 1023//1023
f 706//706 320//320 920//920
f 442//442 909//909 603//603
f 830//830 62//62 856//856
f 104//104 54//54 56//56
f 48//48 91//91 645//645
f 48//48 900//900 91//91
f 92//92 91//91 900//900
f 815//815 402//402 621//621
f 204//204 826//826 402//402
f 621//621 402//402 826//826
f 595//595 863//863 551//551
f 303//303 302//302 173//173
f 409//409 302//302 301//301
f 734//734 302//302 409//409
f 451//451 149//149 514//514
f 150//150 149//149 451//451
f 168//168 633//633 632//632
f 1057//1057 633//633 168//168
f 540//540 795//795 76//76
f 373//373 76//76 795//795
f 864//864 41//41 352//352
f 473//473 472//472 257//257
f 1045//1045 814//814 971//971
f 1045//1045 971//971 1010//1010
f 729//729 597//597 61//61
f 597//597 886//886 61//61
f 59//59 61//61 886//886
f 408//408 407//407 32//32
f 1028//1028 895//895 537//537
f 1028//1028 537//537 827//827
f 969//969 1074//1074 608//608
f 923//923 732//732 983//983
f 972//972 983//983 732//732
f 1080//1080 1051//1051 600//600
f 600//600 1051//1051 841//841
f 382//382 384//384 491//491
f 474//474 481//481 475//475
f 130//130 475//475 481//481
f 404//404 475//475 130//130
f 403//403 475//475 404//404
# 2162 faces, 0 coords texture

# End of File
