####
#
# OBJ File Generated by Meshlab
#
####
# Object input_mesh.obj
#
# Vertices: 3645
# Faces: 7290
#
####
vn 0.0000678416788486 0.0004545073432853 0.0003163598114504
v 0.0324764594671506 0.1508014612969389 0.1053203009950505 0.529412 0.509804 0.443137
vn 0.0000752408153716 0.0011163317212604 -0.0000154774960430
v 0.0214822733865712 0.1563784712211760 0.0948092865727832 0.454902 0.435294 0.368627
vn -0.0000159092967977 0.0003038592199417 0.0002301789201853
v 0.0214278984523090 0.1521584185651800 0.1041522186333242 0.537255 0.537255 0.466667
vn -0.0000105953372355 0.0001956382726572 -0.0004934237810566
v 0.0249176777972131 -0.1248888723775542 0.0981135039454022 0.184314 0.243137 0.243137
vn -0.0002069426881661 0.0000103036983293 -0.0004713831698669
v 0.0321914154282935 -0.1318591495373808 0.0963215357261864 0.098039 0.141176 0.145098
vn -0.0000875955133764 -0.0001210907268004 -0.0005848031638037
v 0.0189708116743758 -0.1307058111884887 0.0987879974277921 0.098039 0.141176 0.149020
vn 0.0007352726116857 0.0004399106970987 0.0000090518155013
v -0.1308581186629472 -0.0749947753429961 0.0773409550899806 0.176471 0.215686 0.203922
vn 0.0005693412216937 0.0003796874559212 0.0000085214253198
v -0.1251864936645685 -0.0824718296965537 0.0653896787379043 0.137255 0.176471 0.168627
vn 0.0006366747612636 0.0003815484348690 -0.0000104146868324
v -0.1333960667989247 -0.0707753725030018 0.0640669140321948 0.188235 0.235294 0.219608
vn -0.0004071360769828 -0.0006582763899214 -0.0000969041572446
v 0.0735882272395934 0.1327463668518324 0.0297474311428299 0.247059 0.290196 0.274510
vn -0.0002887130299584 -0.0006559618037267 -0.0000468790905715
v 0.0650957953893640 0.1383931810563858 0.0283627932769796 0.196078 0.239216 0.223529
vn -0.0003515835018606 -0.0008189616093658 0.0000229252886365
v 0.0715440764100603 0.1359048348494137 0.0135815780511568 0.074510 0.101961 0.082353
vn -0.0002728354159307 -0.0008311147572436 0.0000343641954709
v 0.0596147189185524 0.1388839797555921 0.0166215428907218 0.023529 0.039216 0.031373
vn 0.0006003222130689 -0.0004714230124087 -0.0000467689261351
v -0.0394962915143440 0.0303210061427897 0.0311778334093769 0.121569 0.137255 0.137255
vn 0.0005367193437769 -0.0002400979583784 -0.0000349895903117
v -0.0454067125221107 0.0207113285893658 0.0308835510164551 0.141176 0.149020 0.141176
vn 0.0004349578876536 -0.0002689994245118 0.0000088504919665
v -0.0427091103313202 0.0262381672709504 0.0228894118444634 0.141176 0.152941 0.149020
vn -0.0009112122641629 0.0000546519894782 -0.0000138060047168
v -0.0554645655895328 0.0057063383592277 0.0141063127312830 0.109804 0.129412 0.125490
vn -0.0005398327973467 0.0001750290019748 -0.0000059568551036
v -0.0538301388668488 0.0148378246198253 0.0192482748599756 0.133333 0.152941 0.141176
vn -0.0006921181333832 0.0002621218799889 -0.0000335676472326
v -0.0513501637116771 0.0203931948984815 0.0109061998838747 0.137255 0.149020 0.141176
vn -0.0005118967919144 0.0000903177697313 -0.0000981459888763
v -0.0542357075438966 0.0106358578750238 0.0031956067772320 0.133333 0.152941 0.137255
vn 0.0007408680431690 0.0005448676310812 0.0000649400432784
v -0.0390617668308507 -0.0291978635420600 0.0480360154409043 0.113725 0.129412 0.121569
vn 0.0005685903341196 0.0004312143229471 0.0000398728867964
v -0.0410153507594217 -0.0296256484486705 0.0602920873290802 0.133333 0.145098 0.137255
vn 0.0004394755785072 0.0005133483315077 0.0000501204346703
v -0.0316999053951279 -0.0376712293253749 0.0509008042181554 0.101961 0.121569 0.113725
vn -0.0001252428281718 0.0001841917237747 0.0005817563867813
v -0.0650813523486590 0.1402651086447358 0.1065834874468504 0.501961 0.494118 0.450980
vn -0.0000841644364925 0.0003041665489069 0.0001233566999648
v -0.0625554644661651 0.1464941824044326 0.0991458190261617 0.619608 0.588235 0.513725
vn -0.0003698779205343 0.0005512960689858 -0.0000357360486056
v -0.0717915819572708 0.1425679056206057 0.0987114155106486 0.584314 0.568627 0.482353
vn 0.0000267412722718 -0.0000741213799663 0.0003671329132982
v 0.0618869650579980 -0.1168085561293139 0.1063026734723214 0.411765 0.482353 0.454902
vn 0.0000610404161602 -0.0001394038161212 0.0006929482800988
v 0.0673325735478033 -0.1098161728452983 0.1074103675651417 0.447059 0.513725 0.478431
vn 0.0000192817880076 -0.0000568301385165 0.0003107422215783
v 0.0590746870239467 -0.1094608545867127 0.1080644546279433 0.439216 0.498039 0.466667
vn 0.0007416288118714 0.0005643387037949 -0.0000173184425426
v 0.0469281292074384 0.0335467802509936 0.0288920819367636 0.141176 0.152941 0.152941
vn 0.0006124564075873 0.0007211435595461 0.0000158542232435
v 0.0366772634252426 0.0428463904718336 0.0337637884667476 0.121569 0.137255 0.141176
vn 0.0005870137731968 0.0005269844270279 0.0000173058629635
v 0.0425411960948514 0.0382000654860334 0.0436343649562281 0.101961 0.109804 0.109804
vn -0.0000035757828287 0.0007035564759135 0.0000390024869453
v -0.0003995844614982 -0.0497579363712955 0.0084615055966822 0.117647 0.137255 0.129412
vn -0.0000832835911050 0.0006834896892646 -0.0000124710759114
v 0.0077531292838251 -0.0481066671582298 0.0176776230350553 0.082353 0.101961 0.098039
vn -0.0001036301579624 0.0005495934410704 0.0000428822688712
v 0.0126982390241326 -0.0485040957364547 0.0094950407955240 0.137255 0.156863 0.149020
vn -0.0000458781263816 0.0002857725425929 -0.0000117936906373
v 0.0090543078470542 -0.0467796039197437 0.0003515615996873 0.286275 0.305882 0.278431
vn 0.0004090328210802 -0.0001415379690112 -0.0003562952159798
v 0.1553170532330685 -0.0344352554968922 0.0010608847450709 0.223529 0.227451 0.176471
vn 0.0006650301576712 -0.0000879613800461 -0.0003103730701673
v 0.1590951862098632 -0.0211145542042177 0.0030536974837593 0.250980 0.243137 0.188235
vn 0.0007757682248576 -0.0002848382359285 0.0000202627761416
v 0.1584300112095396 -0.0320961000233271 0.0115616948079233 0.305882 0.325490 0.286275
vn -0.0000915417471964 -0.0002399284771906 -0.0008596004343022
v -0.0372967695697429 -0.0665144021133167 0.0983901840039324 0.431373 0.517647 0.505882
vn -0.0002148698754361 -0.0006147023243836 -0.0006635980703825
v -0.0338405617555161 -0.0560713918448733 0.0890737711771329 0.086275 0.117647 0.109804
vn -0.0001326382359663 -0.0004063013014523 -0.0005611488403853
v -0.0254572745898735 -0.0650849921668145 0.0964161216005534 0.407843 0.482353 0.474510
vn 0.0001337245313611 -0.0002437221780048 -0.0005616709240806
v -0.0537216202090024 0.1147980631980857 0.1016844083641294 0.431373 0.505882 0.482353
vn 0.0000676928773494 -0.0001463779010849 -0.0011916190202159
v -0.0485606163106393 0.1037351126093080 0.1041433200242723 0.423529 0.494118 0.470588
vn 0.0001184323610405 -0.0001984245276885 -0.0005451972758535
v -0.0632570892857528 0.1102414552800725 0.1013924125538449 0.447059 0.529412 0.505882
vn 0.0000707753838555 -0.0004736164340646 -0.0008104360686144
v -0.0684976581012097 0.1162299944201655 0.0944320285670650 0.113725 0.152941 0.164706
vn 0.0007216856963912 0.0002312491909730 -0.0000061326884124
v 0.1481472892704881 0.0606516651069870 0.0145988202424141 0.321569 0.301961 0.239216
vn 0.0005044484770368 0.0002650457312811 -0.0000776438018954
v 0.1439480151373719 0.0697853389632845 0.0080192896189727 0.282353 0.266667 0.203922
vn 0.0006604785093410 0.0003576562014695 0.0000505375790995
v 0.1439429131191152 0.0695346842501656 0.0181570800268021 0.337255 0.352941 0.313725
vn -0.0000513479499238 0.0000687890226526 0.0005760717783879
v -0.0822868373400076 0.0913317053818021 0.1072438489312907 0.423529 0.498039 0.474510
vn 0.0000007546565303 -0.0000072326515349 0.0004689199672367
v -0.0805676304557739 0.0825577604155384 0.1080456775503361 0.478431 0.560784 0.537255
vn -0.0000027152406334 -0.0000241835094296 0.0006190516564326
v -0.0711263626391540 0.0836560457939130 0.1081574900440532 0.447059 0.521569 0.505882
vn -0.0000529937193602 -0.0006240818251922 0.0000858578000305
v -0.0047611619854904 -0.1614953981244436 0.1063427715006048 0.615686 0.580392 0.494118
vn 0.0000665100358714 -0.0005908933196001 -0.0001042697873150
v 0.0057873820959110 -0.1614256142291587 0.1006326791843400 0.372549 0.329412 0.254902
vn 0.0000739550553237 -0.0003617205179735 0.0002846029096742
v 0.0061064748419354 -0.1589328424349247 0.1104672699224808 0.576471 0.549020 0.470588
vn 0.0003099673400112 0.0001084355756404 -0.0003090514619941
v 0.1540457400900613 0.0314536026995946 0.0007977197982810 0.207843 0.192157 0.141176
vn 0.0000349109610507 0.0000063649858854 -0.0002258249608728
v 0.1466729081381463 0.0330445756542264 -0.0014547310650958 0.137255 0.145098 0.121569
vn 0.0003125816755364 0.0001036755646332 -0.0003154166075330
v 0.1498015868516135 0.0409057949032398 0.0014269345797006 0.207843 0.196078 0.149020
vn -0.0001579736368222 0.0008377937882504 0.0000402091435780
v 0.0114540587606563 -0.0493128441152923 0.0637396052047937 0.113725 0.129412 0.121569
vn -0.0002281039920663 0.0005840435161749 0.0000394513819578
v 0.0188296341442123 -0.0471521831419514 0.0586565469336549 0.086275 0.094118 0.090196
vn -0.0001738839635820 0.0008884962808399 0.0000551546008034
v 0.0101353791223021 -0.0491043350672763 0.0511431166363098 0.086275 0.094118 0.094118
vn 0.0002579286177573 0.0005125149848259 0.0000368721022624
v 0.1001126564739441 0.1214713816349741 0.0970415047059739 0.501961 0.478431 0.388235
vn 0.0000739202499098 0.0002222184689561 0.0002043739155038
v 0.0905504596512031 0.1231963898195904 0.1001839034085720 0.243137 0.294118 0.270588
vn 0.0001014993040844 0.0001641269578991 0.0005947855345143
v 0.0987379539855239 0.1191781128214813 0.1031044907526750 0.521569 0.556863 0.494118
vn 0.0003721813751524 0.0007174464960371 -0.0000058141971010
v 0.0515340246599967 0.1484752979988656 0.0986538129725262 0.603922 0.600000 0.513725
vn 0.0002530237411866 0.0009114700388121 -0.0000220606853402
v 0.0367139116502273 0.1531081354739474 0.0979440958924855 0.474510 0.447059 0.388235
vn 0.0002200829910932 0.0005132843426203 0.0004791335799465
v 0.0478841593338512 0.1452850000279615 0.1070095925416741 0.537255 0.545098 0.490196
vn -0.0001080758564810 0.0002648431467580 0.0005288388556661
v -0.0085274192814998 0.1507940717670713 0.1016238731485680 0.470588 0.537255 0.505882
vn -0.0000253930839597 0.0001253780668924 0.0002638449730591
v 0.0059913505507735 0.1513301611292293 0.1025807936767242 0.474510 0.545098 0.517647
vn -0.0000534991583882 0.0003468991152763 0.0000966458675097
v -0.0056836617988793 0.1550354949874678 0.0980701455700642 0.435294 0.505882 0.478431
vn 0.0006986275573172 0.0000725972073902 0.0000286578188204
v 0.1522290544460731 0.0108017401040202 0.0737653605794608 0.243137 0.290196 0.274510
vn 0.0006520261219945 0.0000304188767621 0.0000073517997046
v 0.1506771661448457 0.0202393147778211 0.0794496002332761 0.298039 0.345098 0.321569
vn 0.0006816200391142 0.0000649815220383 -0.0000204566221349
v 0.1524098631632717 0.0079885192380428 0.0840880679741120 0.266667 0.313725 0.294118
vn -0.0007676423492829 0.0005605007063109 -0.0000194366619265
v 0.1237338416059186 -0.0861379946733682 0.0445610274796368 0.254902 0.321569 0.309804
vn -0.0005946541795261 0.0003677379029906 -0.0000429848955665
v 0.1313571443432037 -0.0746158209644133 0.0452096573945373 0.200000 0.254902 0.250980
vn -0.0006247961192548 0.0004407241664844 0.0000417865115060
v 0.1295677945467836 -0.0796110880969922 0.0349009563163204 0.215686 0.266667 0.258824
vn -0.0006873967440940 0.0004475747919668 -0.0000100180359934
v 0.1216280207890899 -0.0876719300974871 0.0286535712741153 0.066667 0.090196 0.086275
vn -0.0000823099490034 -0.0002523330081014 -0.0007038380702732
v 0.0385813568155719 0.1286504920871291 0.1004557039656303 0.372549 0.439216 0.411765
vn -0.0000475872219146 -0.0001066521682441 -0.0005203264830263
v 0.0464402590126780 0.1204070951901643 0.1018472375208479 0.392157 0.458824 0.431373
vn -0.0000300573980387 -0.0001157053639611 -0.0004912703897735
v 0.0370446906892587 0.1185837451776353 0.1031986843610106 0.427451 0.490196 0.454902
vn -0.0007145434919578 0.0002785913113226 -0.0000373089821174
v 0.1432317373027026 -0.0468947639392994 0.0089514666884707 0.152941 0.184314 0.164706
vn -0.0001876317334624 0.0000622770974003 -0.0000312263108087
v 0.1418986034884119 -0.0505746927872085 0.0004514132278112 0.200000 0.215686 0.184314
vn -0.0004425551049356 0.0001745918351504 -0.0001301164924509
v 0.1384468626438828 -0.0579708967918210 -0.0003661703255793 0.188235 0.200000 0.172549
vn -0.0010134726042439 -0.0003231476904779 0.0001705849824202
v -0.1561808791002832 -0.0243636916938827 0.0376394362498481 0.254902 0.309804 0.290196
vn -0.0006099435885856 -0.0002124489942547 -0.0000004356889878
v -0.1566872768783642 -0.0190372049283794 0.0477756924263651 0.305882 0.368627 0.345098
vn -0.0008322898709221 0.0000219131301111 0.0000596303333674
v -0.1600558731057216 -0.0104437691045721 0.0435042618346685 0.411765 0.462745 0.435294
vn 0.0001607462324655 -0.0007252183164741 -0.0000569155554821
v 0.0314369898101228 -0.1544753286560065 0.0208359174720839 0.317647 0.352941 0.325490
vn 0.0001218313368814 -0.0004372533972503 -0.0000581260160410
v 0.0222877515530883 -0.1572565300110475 0.0230770365866655 0.282353 0.286275 0.243137
vn 0.0001244931520655 -0.0008534587119965 -0.0001134492332559
v 0.0184995178271103 -0.1569245630276672 0.0129927106227457 0.372549 0.400000 0.356863
vn -0.0005062468731974 -0.0005469388386274 -0.0000234621210451
v 0.1090998810997792 0.1006755614744152 0.0732514517033310 0.184314 0.203922 0.188235
vn -0.0004818386306907 -0.0004333205486073 -0.0000743250571805
v 0.1174285777099689 0.0922626084563505 0.0744347153439613 0.254902 0.286275 0.258824
vn -0.0008525230162221 -0.0006517014307497 -0.0003999209035530
v 0.1128385496289344 0.0920463151515687 0.0862008697902053 0.031373 0.043137 0.039216
vn -0.0006106729098853 -0.0003260632412857 0.0000312066005103
v -0.1395037308582567 -0.0698091533337363 0.0520831875310286 0.203922 0.250980 0.243137
vn -0.0004789433011831 -0.0002074947413968 0.0000185400137968
v -0.1443085672386232 -0.0595593488642581 0.0526849579098197 0.258824 0.317647 0.305882
vn -0.0005024468653351 -0.0002353944858763 0.0000279687800060
v -0.1419984370941909 -0.0652359300924383 0.0444965628284998 0.215686 0.274510 0.262745
vn -0.0002333892079827 -0.0001368167875825 -0.0004435565583823
v -0.0503416759604205 -0.0528510064001317 0.0974628029223117 0.407843 0.494118 0.482353
vn -0.0001225838033115 -0.0001270775829834 -0.0007891184139490
v -0.0595075903373000 -0.0499057092651094 0.0985837214416089 0.447059 0.537255 0.521569
vn -0.0002955644327833 -0.0001827211091120 -0.0003779585248549
v -0.0524199959772761 -0.0443642579847118 0.0953854957244820 0.349020 0.423529 0.415686
vn -0.0006072016200410 -0.0006070687137890 -0.0007688181687288
v -0.0434183868663287 -0.0499135867985329 0.0860523184549575 0.074510 0.101961 0.098039
vn 0.0007308889165640 0.0000324517158215 0.0000789541413355
v 0.1510072432366769 0.0202172650480982 0.0691764521313019 0.243137 0.286275 0.270588
vn -0.0000995401253794 -0.0000866537345843 -0.0006876268447353
v -0.0582281795583473 -0.0643699871671238 0.1000094844216649 0.427451 0.517647 0.501961
vn -0.0001399927728445 -0.0000328273344576 -0.0007770593236668
v -0.0602096387943219 -0.0769189117315884 0.1016828219055398 0.447059 0.525490 0.513725
vn -0.0000569230185642 -0.0000574584878848 -0.0004687342242504
v -0.0671774070558610 -0.0686792254411258 0.1025178549654062 0.450980 0.537255 0.513725
vn -0.0000914440910387 0.0004555763599599 -0.0000221703430533
v 0.0337411869529884 -0.1469815303522269 0.0005684169505932 0.278431 0.298039 0.254902
vn 0.0000283718182110 -0.0001888135591948 -0.0002232230720398
v 0.0260306628942328 -0.1520214339064556 -0.0016957890917737 0.235294 0.254902 0.219608
vn -0.0000549108643812 0.0004017722293547 -0.0000096954744905
v 0.0210933198404907 -0.1500212110019452 0.0004930297605965 0.192157 0.215686 0.188235
vn -0.0007016687437544 -0.0001070802844174 -0.0000543355211677
v 0.1469158951954094 0.0308684387119075 0.0542900506711978 0.274510 0.313725 0.301961
vn -0.0008652790759726 -0.0002351328266418 -0.0000345560771963
v 0.1451698428251272 0.0383117870105968 0.0448417031918826 0.200000 0.231373 0.223529
vn -0.0005673060667370 -0.0001230314896421 -0.0000622454082019
v 0.1479889046301583 0.0269131289972942 0.0446678132317801 0.239216 0.282353 0.266667
vn -0.0008908733663376 -0.0000310448372563 0.0000808769002810
v -0.1586341251403309 0.0138318571459854 0.0370037525707035 0.513725 0.486275 0.415686
vn -0.0005113479427554 0.0000388703390333 0.0000464144211706
v -0.1559933043596196 0.0004295220351664 0.0447310703233923 0.278431 0.345098 0.333333
vn -0.0006891645197034 0.0000327943216737 0.0000764604978024
v -0.1557888059159710 0.0070082702375269 0.0504606954039579 0.341176 0.411765 0.400000
vn 0.0000040220173780 0.0000339103543128 -0.0002685587236838
v 0.0089764322490533 0.1570422910053555 -0.0015425224542231 0.341176 0.341176 0.301961
vn -0.0000633609794486 -0.0004012835966674 0.0000372729742231
v 0.0167027842151947 0.1524530194849203 0.0012166818712490 0.274510 0.270588 0.231373
vn -0.0000137960802173 -0.0004609354906706 -0.0000589300639212
v 0.0039491451440190 0.1531716804385821 0.0000123074147561 0.325490 0.329412 0.278431
vn -0.0000203133456022 -0.0008358332115590 -0.0000982327590899
v 0.0147383869485868 0.1568682272600231 0.0094802752211533 0.309804 0.309804 0.250980
vn -0.0004690282165489 0.0000223467157164 -0.0001271549330929
v -0.0550102078557674 0.0013892953230763 0.0814571083878232 0.184314 0.196078 0.176471
vn -0.0005322669194577 0.0000517463279986 -0.0005294326075967
v -0.0618832369981387 -0.0006267246023775 0.0912318603540888 0.305882 0.372549 0.356863
vn -0.0004098518331686 0.0000863141509723 -0.0002021301563882
v -0.0544835514811849 0.0083087679761138 0.0849321933964729 0.192157 0.207843 0.188235
vn 0.0001018659472501 0.0000316172004081 0.0005165975859359
v -0.1400833530713152 -0.0385624458949154 0.1082662467700294 0.407843 0.439216 0.400000
vn -0.0003143550319874 0.0000314604021790 0.0007849163969754
v -0.1464752029777257 -0.0269288610930450 0.1068284584615517 0.541176 0.529412 0.486275
vn -0.0002326418710945 -0.0000294732879289 0.0003334735132272
v -0.1441445533663609 -0.0409960482913906 0.1079679361099762 0.494118 0.478431 0.415686
vn -0.0006913647345410 0.0005737383355198 -0.0000437846337494
v 0.1157233731726229 -0.0959041087169509 0.0437225883288622 0.290196 0.352941 0.341176
vn -0.0005751599779205 0.0005051619103420 0.0000019453766381
v 0.1136850194873216 -0.0985905109056685 0.0580715594799834 0.282353 0.345098 0.329412
vn -0.0005917054404352 0.0004587979847073 0.0000011395223201
v 0.1209836060732842 -0.0899895067513513 0.0569237904733250 0.290196 0.352941 0.341176
vn -0.0000159165318058 -0.0000814185824881 0.0005611085300201
v 0.0519813528952528 0.0827575695304366 0.1079003453177095 0.403922 0.470588 0.454902
vn -0.0000283894429448 -0.0000687231346458 0.0007396037472928
v 0.0641612350968680 0.0806380925142980 0.1087129875565273 0.443137 0.513725 0.490196
vn 0.0000004586639149 -0.0000358247788121 0.0005223292777435
v 0.0591967458244277 0.0886935949942900 0.1090504882887787 0.411765 0.478431 0.454902
vn 0.0000111334538677 -0.0000758601680294 0.0009337931124391
v 0.0446250398121894 0.0918232865152105 0.1095464144744565 0.454902 0.521569 0.490196
vn 0.0002093052344799 -0.0007872575032072 0.0000028095906070
v 0.0413753893684670 -0.1528952727092629 0.0273567881235425 0.294118 0.345098 0.329412
vn 0.0002194423520227 -0.0007926126855558 0.0000361352954516
v 0.0265433942307850 -0.1576186515246387 0.0319459009158226 0.501961 0.494118 0.423529
vn -0.0003222431335106 -0.0007636312611853 -0.0000159362514101
v -0.0614071075262002 -0.1456893158121282 0.0341181213542582 0.168627 0.207843 0.200000
vn -0.0003608097679670 -0.0007606113643366 0.0000442389445842
v -0.0494649375166975 -0.1518740716535579 0.0287305157252570 0.368627 0.423529 0.403922
vn -0.0003415141529932 -0.0008535789424687 0.0000531730342753
v -0.0545315030727152 -0.1477061614949181 0.0437689865984864 0.254902 0.309804 0.301961
vn -0.0004466256213622 0.0002370191370040 -0.0000265813720241
v 0.1356695510055622 -0.0670451696732308 0.0490608434306617 0.223529 0.274510 0.262745
vn -0.0005018488483422 0.0002489267280952 -0.0000214234917078
v 0.1350144601260857 -0.0690183533937506 0.0391905459327247 0.160784 0.203922 0.200000
vn 0.0002468999280149 -0.0001215564009466 0.0008589311720934
v -0.0583519402092406 0.0321545291849014 0.1011326237632589 0.400000 0.482353 0.470588
vn 0.0001677323902272 -0.0000781769600021 0.0006534015571371
v -0.0629754315520718 0.0183599413248963 0.1007054680153617 0.415686 0.501961 0.486275
vn 0.0003549806657652 -0.0000961117114236 0.0007497087099841
v -0.0503291939625444 0.0202522336738663 0.0981054031592415 0.623529 0.666667 0.623529
vn -0.0005329370148276 -0.0002039319400416 -0.0000310902113495
v 0.1458816825926219 0.0338320850036951 0.0251681749616030 0.050980 0.062745 0.054902
vn -0.0005094292508845 -0.0000859014428686 -0.0000449426500989
v 0.1435518908356779 0.0419994226947890 0.0194367275076197 0.094118 0.113725 0.094118
vn -0.0005858391720705 -0.0003018250132579 0.0000311593883227
v 0.1477206748098253 0.0367116913965552 0.0160813029818414 0.227451 0.247059 0.215686
vn 0.0001064421468478 -0.0000649156217142 -0.0008830493860010
v 0.0839219923767659 -0.0661716694507254 0.1051086002734585 0.447059 0.521569 0.498039
vn 0.0001287800668229 -0.0000765796104770 -0.0010224456897943
v 0.0794611114336751 -0.0553578738194999 0.1032562484275662 0.470588 0.560784 0.537255
vn 0.0000290423202018 -0.0000668652143519 -0.0006293261700416
v 0.0949456629436096 -0.0572397922208646 0.1052158765183173 0.439216 0.513725 0.494118
vn -0.0000813852166178 0.0000324312253950 -0.0002056902159186
v -0.1432477051056122 0.0615604031035207 -0.0012735661758129 0.419608 0.458824 0.431373
vn 0.0004480645094193 -0.0001947265299452 -0.0001124697172927
v -0.1414646719659129 0.0579963376345289 0.0003278929407242 0.490196 0.537255 0.498039
vn -0.0003124831624300 0.0001055076940448 -0.0002843826305267
v -0.1487853452956779 0.0504118615385350 -0.0014959730804454 0.356863 0.400000 0.356863
vn -0.0005262445072406 0.0002324410523706 -0.0001296008189564
v -0.1468051188378631 0.0624961865183786 0.0043384144754084 0.341176 0.388235 0.356863
vn 0.0001185166296632 -0.0000699591148128 -0.0002868749578725
v 0.1404155459604793 -0.0650626873985997 -0.0015912631476064 0.207843 0.215686 0.172549
vn -0.0003964117204924 0.0002315580708434 -0.0002200826728906
v 0.1343980804611957 -0.0697474324879244 0.0011609838927296 0.203922 0.207843 0.168627
vn 0.0004458325355427 0.0001244353548775 0.0001180613251832
v 0.1460174157028364 0.0597232278214576 0.0377384568043743 0.388235 0.360784 0.301961
vn 0.0004382655762285 0.0001385144243952 0.0000932366406710
v 0.1469949239511945 0.0507415701356646 0.0427562818767358 0.333333 0.384314 0.356863
vn 0.0006105735576007 0.0001112349423786 0.0000788075660175
v 0.1499552147795945 0.0504613313342389 0.0326050489812711 0.380392 0.345098 0.274510
vn 0.0002674141934851 -0.0000796207485805 0.0008168030954972
v 0.1459349784921244 0.0321745342478043 0.1062418302099929 0.376471 0.443137 0.415686
vn 0.0000483891498256 -0.0000266323355807 0.0006920081342614
v 0.1422362059582354 0.0154243916637076 0.1040932676779404 0.415686 0.501961 0.482353
vn 0.0004900315064171 0.0000495154496178 0.0003165660705147
v 0.1518507053634018 0.0189701612066965 0.1035610382056275 0.380392 0.454902 0.423529
vn 0.0001083834525447 -0.0000170601223833 0.0006545564819038
v 0.1501190784059753 0.0072534808762077 0.1037953494773883 0.392157 0.474510 0.443137
vn -0.0000105667170660 -0.0000336763950455 0.0005385347289264
v -0.1106388877504405 -0.0285337605001785 0.1087871174432641 0.415686 0.494118 0.466667
vn 0.0001257604901950 -0.0000279908894189 0.0008143048499802
v -0.0997603191149718 -0.0288771601566389 0.1083231832739446 0.396078 0.474510 0.454902
vn 0.0000941231998683 -0.0000172492131771 0.0007528921524686
v -0.1014254242787894 -0.0174203878019447 0.1089452300461450 0.419608 0.494118 0.474510
vn -0.0006375751831920 -0.0007592621351962 0.0000735958904384
v 0.1049264727957777 0.1063261271560832 0.0813793007411281 0.145098 0.141176 0.113725
vn -0.0000902679499083 0.0005189377894198 -0.0000927237371652
v -0.0084099502756055 0.0556350215668031 0.0036190337515750 0.419608 0.360784 0.294118
vn -0.0000240959299429 0.0001540019391287 -0.0002823365968930
v -0.0086287045470662 0.0529005718758600 -0.0012950123900247 0.423529 0.403922 0.364706
vn -0.0002173683962019 0.0004002478165815 -0.0001165996357665
v -0.0190194818863013 0.0515169584687727 0.0023291356429781 0.227451 0.211765 0.180392
vn -0.0003481446952268 -0.0007738865210698 0.0000372865473626
v -0.0732522977862470 -0.1404261296044899 0.0346551695998339 0.200000 0.250980 0.247059
vn -0.0003199479025900 -0.0007764404792230 0.0000096788280412
v -0.0674446213066584 -0.1431212705554723 0.0443778865534435 0.247059 0.298039 0.294118
vn -0.0004129946424926 -0.0007606909118897 0.0000239174730076
v -0.0772338757214428 -0.1386190857154335 0.0484935013921593 0.290196 0.349020 0.341176
vn 0.0002174983243516 -0.0004647652288473 -0.0001129682602073
v 0.0244383533769502 -0.0502665248806699 0.0033250100220602 0.145098 0.156863 0.145098
vn 0.0003864243658316 -0.0005495897021562 -0.0000305563610637
v 0.0330817793746666 -0.0444020495635968 0.0090964257117309 0.105882 0.117647 0.113725
vn 0.0003530256508415 -0.0007140311114736 0.0000121401847025
v 0.0236577947696943 -0.0499530014360139 0.0154805475560367 0.082353 0.098039 0.098039
vn -0.0000253789240714 -0.0007951021322909 0.0000280759172982
v -0.0104286725187223 -0.1581450174438664 0.0530762925010918 0.250980 0.317647 0.313725
vn -0.0000460495739257 -0.0005328489978984 0.0000432632604692
v -0.0144887754875141 -0.1568199751682371 0.0649975147954996 0.250980 0.313725 0.313725
vn -0.0000984154161694 -0.0007989717988253 0.0000431016402512
v -0.0228753526643068 -0.1574504991685447 0.0601593175313013 0.321569 0.396078 0.392157
vn 0.0003728509637068 0.0004160110836702 0.0004797383750379
v -0.0334774537681139 -0.0433754725593830 0.0902538252056847 0.466667 0.494118 0.462745
vn 0.0002557550072715 0.0003742689988212 0.0001241476053633
v -0.0298786095084875 -0.0425956751654812 0.0843259474002647 0.192157 0.211765 0.196078
vn 0.0004815021554209 0.0004371232589657 0.0001563351779077
v -0.0373414690766307 -0.0361143473922653 0.0830590308626971 0.203922 0.223529 0.203922
vn 0.0006028057612991 -0.0000093075309253 -0.0000631956102739
v -0.1524699162661051 -0.0087712854174230 0.0307677579483495 0.329412 0.380392 0.352941
vn 0.0007433053221460 0.0000202363835603 -0.0000562532269316
v -0.1518107137265219 -0.0015308437512954 0.0358062169393207 0.364706 0.419608 0.392157
vn 0.0009731122893559 0.0000032727544435 -0.0000414237995318
v -0.1495937481864781 -0.0087522344464792 0.0456212890058465 0.129412 0.164706 0.149020
vn 0.0000578674801326 -0.0000541008894386 -0.0009284002563105
v -0.0670718344825691 0.0610843097599055 0.1027374029877003 0.407843 0.482353 0.470588
vn -0.0000331278215422 0.0000279381616841 -0.0009836897395509
v -0.0530053025247074 0.0682075986733387 0.1019325402731083 0.419608 0.498039 0.478431
vn -0.0000761061598746 0.0001044310205070 -0.0005897805785757
v -0.0571274622349760 0.0570376164643360 0.1009904937577076 0.372549 0.454902 0.435294
vn -0.0000806315193630 -0.0000502594478242 0.0007141972070584
v 0.0345014402524104 0.1450550774734336 0.1090939975992461 0.494118 0.509804 0.450980
vn -0.0001230613764760 0.0000403057791505 -0.0003013460499983
v 0.1515845664306004 -0.0273739752181443 -0.0016916065978729 0.164706 0.172549 0.145098
vn 0.0000514415275713 -0.0000157422050000 -0.0001817477591871
v 0.1543307271918537 -0.0186615426408647 -0.0012186516663445 0.172549 0.180392 0.156863
vn 0.0001416575949490 0.0008327734661597 -0.0000216616570038
v -0.0204290062917935 -0.1531182239900985 0.0519949909848479 0.258824 0.325490 0.321569
vn 0.0000723697969976 0.0004381661702869 -0.0001341160389191
v -0.0178550822678571 -0.1511900912263739 0.0656271556722978 0.066667 0.098039 0.101961
vn 0.0000469927563409 0.0004898438868548 -0.0000386337911700
v -0.0123442725183650 -0.1535025823967428 0.0591938174847648 0.270588 0.341176 0.337255
vn 0.0001728124128382 0.0005970904481328 -0.0000547161072423
v 0.0427272796449763 0.1526869538708834 0.0110505479215908 0.317647 0.341176 0.305882
vn 0.0001966415842130 0.0004460259150109 -0.0000572452387503
v 0.0526963439772562 0.1512938815840662 0.0076117305775598 0.345098 0.372549 0.317647
vn 0.0000877464360579 0.0003019518981436 -0.0002085976746806
v 0.0494289159931133 0.1494609854717061 -0.0004459547896267 0.294118 0.309804 0.258824
vn 0.0000680828822663 0.0000619683757146 -0.0008057428299235
v 0.0157365949147200 0.1049796896337722 0.1035983730279267 0.384314 0.435294 0.403922
vn 0.0000318054762384 -0.0000521253665822 -0.0004737948852531
v 0.0204831192540094 0.1151154798230250 0.1039449785973652 0.458824 0.494118 0.454902
vn 0.0000772348026330 0.0000088021250367 -0.0007453694838548
v 0.0289160049740536 0.1064018019968412 0.1052376694787872 0.458824 0.505882 0.466667
vn -0.0002174610284931 0.0007986380348386 0.0000493988635274
v -0.0147823651487855 0.1519481688758887 0.0900611256745003 0.349020 0.423529 0.407843
vn -0.0001506260543841 0.0004293830750093 0.0002852371460905
v -0.0227527641962848 0.1496558479240067 0.0987895345518193 0.419608 0.490196 0.474510
vn 0.0000537317833364 0.0006027969169077 -0.0000091929697212
v -0.0036685417771224 -0.1494147809213256 0.0008911545000836 0.200000 0.227451 0.203922
vn 0.0000047698389093 0.0001392165343115 -0.0001435189771955
v 0.0083726455619605 -0.1508679028684074 -0.0015973705273775 0.227451 0.254902 0.231373
vn 0.0000002164169143 0.0000045286088997 -0.0001059721874334
v 0.0000648330989729 -0.1516271989822925 -0.0016864139061830 0.200000 0.223529 0.207843
vn 0.0000298547695668 0.0000593782571259 0.0006249013907062
v -0.0022814930412711 -0.1533118879591135 0.1145238589539545 0.513725 0.513725 0.454902
vn -0.0000982507010543 -0.0002527405949802 0.0003565947140758
v -0.0108883900941327 -0.1568350924869287 0.1120303424608577 0.607843 0.592157 0.509804
vn 0.0002908181307630 -0.0009747940331127 0.0000199923505040
v -0.0090824757152287 0.0500897572246447 0.0707987880767367 0.207843 0.223529 0.219608
vn 0.0001797385453808 -0.0007393467395550 0.0000326939832897
v -0.0096619562575733 0.0495546587441208 0.0561950036994386 0.180392 0.180392 0.172549
vn 0.0000281655728379 -0.0005779947565574 0.0000330216960394
v 0.0002186959670208 0.0513362921019373 0.0596529129823650 0.188235 0.184314 0.180392
vn 0.0001345115454734 -0.0006775481445925 0.0000088415217882
v -0.0060367107942240 0.0510169626307735 0.0807366435540861 0.200000 0.227451 0.219608
vn 0.0002639649446580 -0.0006048197743044 0.0000158799127760
v -0.0158941655319170 0.0480808745692044 0.0813686512186624 0.192157 0.211765 0.207843
vn 0.0005319334819107 -0.0001991399932778 0.0001626509773276
v 0.1420303857583856 -0.0671526980514263 0.1007103234070769 0.282353 0.337255 0.313725
vn 0.0005453088428890 -0.0003017002630434 0.0000152196287597
v 0.1388049383623480 -0.0768980590466460 0.0938930324403434 0.388235 0.380392 0.317647
vn 0.0009747005086972 -0.0003791576495425 -0.0000971668911717
v 0.1446495004006341 -0.0670888267131105 0.0848308631467323 0.517647 0.525490 0.462745
vn -0.0000780051908059 -0.0007207518992457 -0.0000434657602393
v -0.0222490736376489 -0.1551173401952526 0.0841035719281212 0.345098 0.352941 0.317647
vn -0.0001442002287080 -0.0007640281992046 -0.0000481356539798
v -0.0274454494523823 -0.1566005985046916 0.0918395206350967 0.384314 0.352941 0.294118
vn -0.0001662542657352 -0.0008111556506526 -0.0000059480874658
v -0.0326654138516108 -0.1535886716767425 0.0753951867811896 0.250980 0.309804 0.298039
vn -0.0005525896042361 -0.0008970763480492 -0.0000163027512893
v 0.0804178080902209 0.1299433526257902 0.0137226044454151 0.086275 0.101961 0.082353
vn -0.0000615276804233 -0.0000636233231075 -0.0004238614269281
v 0.0836210002853698 0.0940365851619635 0.1025056555976159 0.396078 0.462745 0.431373
vn -0.0000639530494072 0.0001065315501817 -0.0008977382576011
v 0.0741152803205428 0.0865137514053577 0.1045531107933809 0.439216 0.509804 0.482353
vn -0.0000538253872606 -0.0000656054002593 -0.0003762162215948
v 0.0773201559369317 0.0990805202228219 0.1025795210132262 0.376471 0.443137 0.411765
vn -0.0002235923319392 -0.0000836189333756 0.0007660050433327
v -0.0696558012765602 -0.1349173544684692 0.1040374240028897 0.470588 0.537255 0.486275
vn -0.0000264019348052 -0.0000335326262893 0.0004598345401711
v -0.0639596276771910 -0.1248037629325103 0.1032884398323391 0.388235 0.474510 0.450980
vn -0.0000724359596348 -0.0000541055135808 0.0006270732480599
v -0.0721027745289037 -0.1236609835280929 0.1028592928628279 0.384314 0.458824 0.443137
vn 0.0001397097679555 0.0006507508762140 -0.0000005341074723
v 0.0158515315857089 0.0543355480950673 0.0454339381527344 0.129412 0.137255 0.133333
vn 0.0002549701991393 0.0005039696646442 0.0000002573960745
v 0.0254246516889772 0.0511737318686473 0.0437054144432475 0.121569 0.125490 0.125490
vn 0.0001732278218399 0.0004391750833999 -0.0000033106349704
v 0.0213995260403993 0.0530996899048440 0.0361549979114643 0.113725 0.125490 0.129412
vn 0.0005860274140151 -0.0002432103505587 -0.0000328053020358
v -0.1400070113286153 0.0575715396781512 0.0650030956169150 0.349020 0.427451 0.415686
vn 0.0007037236475623 -0.0003631691251686 -0.0000027072161537
v -0.1356071193191783 0.0664973027721135 0.0686465645368490 0.333333 0.407843 0.400000
vn 0.0004490214087702 -0.0001830961096203 0.0000078423195430
v -0.1393547158632405 0.0580606975669901 0.0742147247290679 0.400000 0.478431 0.462745
vn -0.0003655145351468 -0.0002528348094062 0.0000011857215075
v -0.1224986344029678 -0.0956525943774580 0.0823165698189290 0.192157 0.231373 0.223529
vn -0.0003310677250233 -0.0002187302157488 -0.0000037567688664
v -0.1267630939136322 -0.0893731892197840 0.0846239897594725 0.219608 0.262745 0.250980
vn -0.0005150601768477 -0.0003411525462414 0.0000151914773728
v -0.1293437997034493 -0.0857924191471822 0.0782409060378153 0.203922 0.247059 0.235294
vn -0.0005125062253974 -0.0008307817899156 0.0001042558161862
v -0.0837842313434994 -0.1348412144225335 0.0358313885687591 0.219608 0.274510 0.270588
vn -0.0003997098523482 -0.0007783119194867 0.0000242644720359
v -0.0817203443901939 -0.1386740180693707 0.0228638324933807 0.250980 0.290196 0.278431
vn 0.0001070471530666 -0.0000238515897294 0.0005082835712132
v 0.1146782796295956 -0.0626433189642846 0.1069239291255115 0.427451 0.509804 0.490196
vn 0.0001403759565728 -0.0000393672155517 0.0007497270907644
v 0.1160463620059771 -0.0514650613930583 0.1070247091293676 0.415686 0.494118 0.478431
vn 0.0000746053576861 -0.0000011969856460 0.0005154146467836
v 0.1060910392701395 -0.0594918085794678 0.1087235271527379 0.423529 0.505882 0.482353
vn 0.0004161082730422 -0.0005898419274074 0.0001729215116916
v 0.0910800054517919 -0.1263681269306506 0.0996669849230995 0.235294 0.305882 0.298039
vn 0.0003892140863801 -0.0004876857310342 0.0003100228961235
v 0.0998957011473648 -0.1150712268866814 0.0961098301940382 0.188235 0.243137 0.239216
vn 0.0001654627559624 -0.0001474250090194 0.0004393075682271
v 0.0919599525795055 -0.1221255354208441 0.1027740736720007 0.384314 0.458824 0.450980
vn 0.0003796463285377 0.0001288142752593 -0.0001922376625034
v 0.1467424758146939 0.0621869945331980 0.0041424328995267 0.274510 0.254902 0.192157
vn 0.0000353999099524 -0.0000011873879407 -0.0001323697797810
v 0.1410590054227233 0.0594103776599483 -0.0016953561642380 0.172549 0.168627 0.133333
vn 0.0002189989523548 0.0001020365670608 -0.0002246165287899
v 0.1413161332642863 0.0653491164683681 -0.0009842346259171 0.180392 0.172549 0.137255
vn 0.0007962011721945 -0.0000065239630281 -0.0000616216971297
v -0.1521743466157003 0.0083090409701328 0.0264252000626601 0.305882 0.298039 0.243137
vn 0.0007756566018177 -0.0000212623351324 0.0000147566384558
v -0.1536109863843789 0.0073407511164757 0.0119320155358368 0.415686 0.427451 0.372549
vn 0.0004840568403443 -0.0000128568322917 -0.0000316631674397
v -0.1533337004887012 0.0147776534427578 0.0184573325958844 0.345098 0.372549 0.337255
vn -0.0001104694877565 0.0009976850601595 0.0000535457853909
v 0.0171321818050907 -0.1536814164895197 0.0224454588050589 0.301961 0.313725 0.274510
vn 0.0000726664340876 0.0008999425106753 0.0000949901843761
v 0.0063118576124091 -0.1525073023363856 0.0129493636883084 0.274510 0.301961 0.274510
vn 0.0000635644082498 0.0008225864405910 0.0000670151734386
v 0.0008731331820615 -0.1529039170342847 0.0251632134017719 0.101961 0.113725 0.098039
vn -0.0001160677376010 -0.0002099528936823 -0.0007427430269603
v 0.0698281330204637 0.1169201021786307 0.0996432981255903 0.364706 0.435294 0.411765
vn -0.0000759450462689 -0.0001055812181964 -0.0005779288557378
v 0.0588516546924560 0.1091434082763098 0.1028710171224363 0.407843 0.470588 0.443137
vn -0.0000684394391287 -0.0001173956813384 -0.0005466812370154
v 0.0551987267690520 0.1175064822698143 0.1014595128654161 0.384314 0.450980 0.423529
vn 0.0008726379603838 0.0004258368924463 -0.0001860394172869
v -0.1230151592901070 -0.0912665532716183 0.0228987619951571 0.184314 0.184314 0.149020
vn 0.0007612726076952 0.0003281865341582 -0.0000556647565778
v -0.1262096377237878 -0.0955952399854917 0.0110722701855041 0.203922 0.227451 0.203922
vn 0.0008413623900077 0.0002993766847614 -0.0000519934023928
v -0.1279997517557849 -0.0806955852604474 0.0101345117626637 0.215686 0.196078 0.145098
vn 0.0004480255298106 -0.0004902440216132 0.0000297437250828
v -0.0895920281879816 0.1201259107932936 0.0465009304783904 0.078431 0.105882 0.105882
vn 0.0004474579780304 -0.0005635227303313 -0.0000520061760485
v -0.0812082342175425 0.1279476714855573 0.0408131818273114 0.364706 0.439216 0.423529
vn 0.0002544460231448 -0.0003714584675321 -0.0000249087435726
v -0.0791403886882405 0.1283595900757732 0.0489716860324054 0.364706 0.443137 0.435294
vn -0.0004334376770478 0.0003406995487951 0.0000064709061690
v -0.0439250093325946 0.0312123444050402 0.0455799570560066 0.137255 0.141176 0.133333
vn -0.0004036269647160 0.0004168926827990 0.0000009283072546
v -0.0379622957118330 0.0393437491487011 0.0473873614053969 0.113725 0.121569 0.117647
vn -0.0003127730871329 0.0002990912659679 0.0000046980428569
v -0.0379655430687039 0.0386878887959821 0.0384860722283350 0.133333 0.145098 0.145098
vn 0.0000393811176712 0.0001211416425246 0.0005439438782121
v 0.0410778739674921 0.1149542444990889 0.1082648711365150 0.435294 0.494118 0.462745
vn 0.0000494462698878 0.0000694865387501 0.0007032399475988
v 0.0474387910866747 0.1079334006460096 0.1089847124284595 0.427451 0.486275 0.450980
vn 0.0000571923698158 0.0001037553119487 0.0004629427872506
v 0.0514564979778448 0.1156697871167075 0.1069456127682643 0.415686 0.478431 0.447059
vn -0.0006853731684117 -0.0003163902720788 -0.0000400239899445
v 0.1401306116190422 0.0575382662893876 0.0368266863309973 0.211765 0.215686 0.184314
vn -0.0006492890540203 -0.0002166360733383 -0.0000450415411609
v 0.1414414829347070 0.0512492660677959 0.0474288826352631 0.227451 0.262745 0.247059
vn -0.0004792419999727 -0.0002160708745590 -0.0000479389900082
v 0.1381284036137209 0.0595484595762679 0.0468124573823709 0.274510 0.309804 0.290196
vn 0.0001510683182703 -0.0000475717247605 0.0000938260619742
v 0.1318435431654137 -0.0878227237803650 0.1048711977820000 0.556863 0.545098 0.454902
vn 0.0005932830815326 -0.0003624343735139 -0.0000680028829799
v 0.1340849700937875 -0.0874895885256451 0.0969194741912925 0.356863 0.329412 0.270588
vn 0.0003395316969509 -0.0001090951478606 0.0002655543370300
v 0.1352954638815247 -0.0785469245938577 0.1016183392499166 0.439216 0.482353 0.435294
vn -0.0002110619508901 0.0002618240790922 -0.0007510483128979
v -0.0508531305206521 0.0475430501123793 0.0980507102460074 0.372549 0.454902 0.447059
vn -0.0001286064409505 0.0001840870048241 -0.0007011743339138
v -0.0433420406336969 0.0553454794368161 0.0986897748767347 0.411765 0.498039 0.478431
vn 0.0002038001780201 -0.0006865589234724 0.0000620843013127
v 0.0373410294370473 -0.1522685550294333 0.0421460887022899 0.274510 0.349020 0.341176
vn 0.0002259346985839 -0.0006548426685515 0.0000373054582630
v 0.0468909273769318 -0.1492464125221027 0.0446816823045016 0.309804 0.380392 0.376471
vn 0.0002556046966587 -0.0007811969940463 0.0000084090892111
v 0.0432585986812293 -0.1504708956569953 0.0551001566845922 0.262745 0.345098 0.345098
vn -0.0000128824320520 0.0000009506084734 -0.0008618178779006
v 0.0402839945127720 0.0993426272796571 0.1056768571337078 0.450980 0.513725 0.478431
vn -0.0000477028785217 -0.0000214892367686 -0.0007149022367163
v 0.0534605912367300 0.0954215425539800 0.1051581652618640 0.447059 0.509804 0.478431
vn -0.0000012913321047 0.0000640679547514 -0.0004779673948935
v 0.0444561252272708 0.0894856996486933 0.1047502544022733 0.423529 0.486275 0.462745
vn -0.0003793475265305 0.0007803647739401 0.0000276353290287
v 0.0258424625635304 -0.0436377895102777 0.0459755620423322 0.090196 0.101961 0.098039
vn -0.0001912797990578 0.0005569977099477 0.0000061374562462
v 0.0181758907817629 -0.0459060301182404 0.0403185302185639 0.121569 0.137255 0.133333
vn 0.0001443666832029 0.0007961352284858 0.0000543028926436
v -0.0380241454714301 -0.1481263827809025 0.0822861208793517 0.274510 0.321569 0.309804
vn 0.0000695501228463 0.0004820711367137 0.0000220146676483
v -0.0409038693705003 -0.1471788484446208 0.0735705326771753 0.262745 0.317647 0.305882
vn 0.0002637047809610 0.0007498566905602 -0.0000043488788040
v -0.0529549932814704 -0.1434712266836294 0.0772600471766018 0.266667 0.313725 0.301961
vn -0.0000905756470186 0.0000148284533803 -0.0002094129361901
v -0.1546809989721639 0.0271186198176613 -0.0011835390892789 0.305882 0.337255 0.317647
vn -0.0002882774340748 -0.0000069891037128 -0.0001732593870150
v -0.1552120995183445 0.0185427188382176 0.0004041155185970 0.329412 0.356863 0.325490
vn -0.0006891051184455 0.0000732702067827 -0.0000944388611605
v -0.1566312137535937 0.0309135598509094 0.0037806755058507 0.392157 0.435294 0.396078
vn 0.0004915659695849 -0.0002186979865856 0.0001445670234280
v -0.0456087424934522 0.0185182667879623 0.0932465520807452 0.325490 0.356863 0.337255
vn 0.0006432466825671 -0.0004151778448143 0.0003051167777368
v -0.0405214984978757 0.0292797609051009 0.0906083563418322 0.196078 0.227451 0.219608
vn 0.0000487033567125 0.0007906316862560 0.0000091838883913
v 0.0006665910169338 -0.0495440329218251 0.0334372430901100 0.086275 0.101961 0.105882
vn -0.0000084107285920 0.0005795753526539 -0.0000001454698832
v 0.0003528905300734 -0.0497993825445730 0.0256196337072886 0.082353 0.105882 0.101961
vn 0.0001713682708417 0.0006761231025758 -0.0000261758619794
v -0.0134242401806679 -0.0468005262195204 0.0297197652916455 0.082353 0.098039 0.098039
vn 0.0004613526001194 -0.0001030295708181 -0.0000486531446109
v -0.1475337405854199 0.0360306815432909 0.0000967317817945 0.458824 0.501961 0.466667
vn 0.0001638013044766 -0.0000052701554500 -0.0000443935827617
v -0.1504257854575517 0.0291589678504516 0.0005843552514437 0.384314 0.419608 0.392157
vn -0.0006683887772073 0.0000401030150044 0.0000007925657469
v 0.0527125184019285 -0.0037551197829411 0.0379856230397014 0.105882 0.121569 0.121569
vn -0.0006290572857444 0.0000212198908063 -0.0000087533650197
v 0.0523440910700741 -0.0004405815448941 0.0301145735069872 0.133333 0.156863 0.156863
vn -0.0008087131703456 0.0002697756431210 -0.0000025636697154
v 0.0494436031278026 -0.0150621598726093 0.0340173611764458 0.086275 0.101961 0.101961
vn -0.0008962668233556 0.0003627441792070 0.0000310775094584
v 0.0486513130739684 -0.0201904295043857 0.0792707805809231 0.188235 0.192157 0.184314
vn -0.0005098791797636 0.0004091238270517 0.0000428216076085
v 0.0419672161030281 -0.0313914211487063 0.0771099645902959 0.207843 0.211765 0.196078
vn -0.0003295068557365 0.0001941964728448 0.0000196326853656
v 0.0456125112719387 -0.0265154910128539 0.0854177275207183 0.266667 0.274510 0.243137
vn 0.0000448515536093 0.0000118090868350 -0.0008416067625279
v -0.0963210226067338 -0.0697414366198389 0.1034109981494434 0.415686 0.494118 0.466667
vn -0.0000483154678162 -0.0000980914968160 -0.0007074388918036
v -0.0832236793936805 -0.0588882882242090 0.1020938060691720 0.400000 0.474510 0.462745
vn -0.0000213266454286 -0.0000537586239284 -0.0007312899369089
v -0.0835420459616350 -0.0704197641172356 0.1037707275108410 0.403922 0.482353 0.462745
vn 0.0000849585947985 0.0001403220307356 -0.0007557547979617
v -0.0563728743327212 -0.1134828698115287 0.1018700520523060 0.411765 0.486275 0.458824
vn 0.0000417102340228 0.0000401047271074 -0.0005115863844570
v -0.0574585594235939 -0.1049536430601311 0.1031231943683953 0.411765 0.478431 0.458824
vn 0.0000801703347833 0.0001016475907170 -0.0008084539708319
v -0.0444633197959757 -0.1100368487493961 0.1037246871139307 0.431373 0.501961 0.470588
vn 0.0001269343095663 0.0001182601098578 0.0008867121820235
v 0.1034733849574337 0.0918663357016347 0.1039574795683926 0.349020 0.419608 0.392157
vn 0.0000813575697661 0.0000707947796032 0.0005288331712678
v 0.1076573338525770 0.1082058042566029 0.1022097606047739 0.435294 0.490196 0.454902
vn 0.0000570679301907 0.0000550164844028 0.0006747387405520
v 0.1001049066255159 0.1045413685184450 0.1023382278704430 0.392157 0.466667 0.443137
vn -0.0005153615053563 -0.0001728345570142 -0.0006423749729830
v -0.0590630665426534 -0.0230112737384344 0.0908356764078217 0.341176 0.419608 0.392157
vn -0.0001734869096928 -0.0000865217137445 -0.0006099369462217
v -0.0686283016191565 -0.0302409014855626 0.0969830059855047 0.380392 0.462745 0.450980
vn -0.0002112646274170 -0.0000292386263752 -0.0005708875945379
v -0.0686549644799870 -0.0208606928939491 0.0961008401661137 0.403922 0.490196 0.478431
vn 0.0002776046235434 0.0000673959912727 0.0007695700341032
v -0.0602971458394970 -0.0276511137073995 0.0986792964219447 0.333333 0.411765 0.400000
vn 0.0001487031841111 0.0001075878565431 0.0003742007702214
v -0.0534177595492402 -0.0338636148377274 0.0970029416018899 0.333333 0.396078 0.388235
vn 0.0003733272432373 0.0001036185581080 0.0004812969853304
v -0.0504700779551537 -0.0238132548632374 0.0930487808858565 0.580392 0.615686 0.564706
vn 0.0001566816396055 -0.0000225466012053 0.0006970819863370
v -0.0778298541342165 0.0045386077564599 0.1030905578091153 0.443137 0.533333 0.517647
vn 0.0001135758603498 -0.0000381642059928 0.0006125782191507
v -0.0714597167685818 0.0175433527997996 0.1028721822591180 0.384314 0.466667 0.454902
vn 0.0001003946880763 -0.0000142531821095 0.0006034141303955
v -0.0802211149551968 0.0144257105719135 0.1040307657394867 0.419608 0.513725 0.490196
vn 0.0005192253515169 0.0006777678719556 0.0000484666611619
v -0.0332775873132654 -0.0373204253735342 0.0617181186161271 0.117647 0.129412 0.125490
vn -0.0001505738563734 -0.0000423406389998 0.0006689142467677
v 0.0850806884374164 0.0172557187660308 0.1071739007308741 0.419608 0.501961 0.482353
vn -0.0001023260517111 -0.0000299256142206 0.0006237466772836
v 0.0848613253044324 0.0079978712133317 0.1067293020442842 0.423529 0.505882 0.490196
vn -0.0000735962207067 -0.0000649507774267 0.0005789140298539
v 0.0974742793213142 0.0164265799695119 0.1099308177152700 0.447059 0.521569 0.498039
vn -0.0000950100372004 -0.0000292381471381 0.0005544169901104
v 0.0923744501263759 0.0254746170379725 0.1097648034434145 0.435294 0.509804 0.490196
vn 0.0000501592838692 0.0000728312563583 0.0004282902798039
v 0.0563014768050756 0.1061907621845050 0.1082504492345192 0.431373 0.494118 0.458824
vn 0.0000661841345902 0.0001096175115940 0.0005172120513326
v 0.0609366068093976 0.1135622497055900 0.1061013579192374 0.411765 0.478431 0.447059
vn -0.0005898951141704 -0.0002763872542003 0.0001313095653634
v -0.1329376067808219 -0.0892295530092367 0.0229278282400660 0.419608 0.388235 0.317647
vn -0.0005400410554283 -0.0003150664565620 0.0000831291084568
v -0.1334139537322259 -0.0829519184218511 0.0331857805857707 0.164706 0.207843 0.203922
vn -0.0006071944859871 -0.0002996751708937 0.0000742158421991
v -0.1380743662137527 -0.0759755392130826 0.0243120601293035 0.262745 0.309804 0.286275
vn 0.0006814483638233 -0.0003585280082034 0.0000199028284419
v 0.0512484422298569 -0.0248011997183547 0.0274900982933770 0.086275 0.101961 0.098039
vn 0.0004797168439170 -0.0001356937511834 0.0000107700182600
v 0.0554031022169175 -0.0140810677033289 0.0305754755505333 0.086275 0.101961 0.101961
vn 0.0006777002943365 -0.0002671606550268 -0.0000045120945698
v 0.0543414750010527 -0.0170435185867557 0.0384095591155124 0.086275 0.098039 0.094118
vn -0.0003094110956367 0.0002117645144344 -0.0001015852251983
v -0.0472983380743670 0.0284659948246745 0.0010984440620503 0.215686 0.207843 0.176471
vn -0.0004431201998134 0.0003081824891981 -0.0000205526431690
v -0.0462683956884293 0.0302853137896919 0.0114568407240658 0.164706 0.164706 0.149020
vn -0.0001723682733000 0.0006674136652962 0.0000990970953064
v -0.0445788374035909 0.1493906321371800 0.0426193575152573 0.423529 0.517647 0.501961
vn -0.0002215021409615 0.0005770173038892 0.0001020119772087
v -0.0532765068487356 0.1475741125999266 0.0381688457409251 0.384314 0.470588 0.466667
vn -0.0002637617572358 0.0008034203954881 0.0000591981386402
v -0.0504494605488837 0.1472261727331858 0.0508602803057165 0.372549 0.458824 0.450980
vn 0.0004640394628577 -0.0002004385203738 -0.0000586105620505
v -0.1467023690808129 0.0475320006115374 0.0012260846487849 0.349020 0.384314 0.352941
vn -0.0006815888298068 -0.0002784350562304 0.0000115225072392
v -0.1447083243953852 -0.0574572378634211 0.0655866530770163 0.282353 0.341176 0.321569
vn -0.0007677949452302 -0.0003818727603727 -0.0000003941867411
v -0.1400262603911306 -0.0675644586287427 0.0743642072289972 0.231373 0.282353 0.270588
vn -0.0004821747942473 -0.0002324309343783 -0.0000369008810523
v -0.1437183355536570 -0.0591241627057648 0.0768516725834827 0.180392 0.223529 0.211765
vn 0.0007420254646865 0.0000084894894283 -0.0000280190376331
v -0.0493701375045270 0.0015182967366968 0.0323043132546785 0.094118 0.113725 0.109804
vn 0.0008609895600232 -0.0000726411811344 -0.0000099722551385
v -0.0494017102540647 0.0061629924551184 0.0424623201550368 0.129412 0.137255 0.129412
vn 0.0007726360519281 0.0001512091102583 -0.0000273863938003
v -0.0472608243842232 -0.0081306284995441 0.0353206783497713 0.094118 0.113725 0.113725
vn 0.0001567592794081 -0.0000375384815912 0.0007098235208319
v 0.1278679819824009 -0.0301500849984893 0.1063432320490943 0.380392 0.454902 0.439216
vn 0.0001335296462312 -0.0000617153515942 0.0006492366852957
v 0.1234180640671440 -0.0425875311573359 0.1062424414472284 0.403922 0.482353 0.466667
vn 0.0001319638296692 -0.0000350514002846 0.0007647853860163
v 0.1340670899624015 -0.0383970803249511 0.1045682710870799 0.396078 0.474510 0.454902
vn -0.0004371648558603 -0.0003733326166357 0.0000062636087655
v -0.0395060456519707 -0.0366779934870206 0.0252520017062494 0.113725 0.129412 0.125490
vn -0.0006111077179206 -0.0004546344017601 -0.0000096034987521
v -0.0420415461997532 -0.0335467226318242 0.0139741335895115 0.129412 0.149020 0.141176
vn -0.0004446496716983 -0.0005011380338973 -0.0000042755739461
v -0.0343621526396279 -0.0417716626448688 0.0136840883779615 0.121569 0.137255 0.133333
vn -0.0000987723981617 0.0000787708088700 0.0008059790776871
v 0.0823296405317058 -0.0563268763991036 0.1086530891373205 0.372549 0.447059 0.427451
vn 0.0000065234678708 0.0000482018401332 0.0005907561434807
v 0.0967758908696117 -0.0574241501937723 0.1095463225258915 0.462745 0.541176 0.513725
vn -0.0000478709379322 0.0000249699601173 0.0007817517482292
v 0.0908098038061452 -0.0467287805421689 0.1081751921744420 0.407843 0.490196 0.474510
vn -0.0003434557070013 0.0003264603192597 -0.0001242798362233
v -0.1169699361196108 0.1099679550174713 0.0052409086351620 0.423529 0.474510 0.435294
vn -0.0002057803116030 0.0002898373972362 -0.0000960015368407
v -0.1104791446547702 0.1147320429454529 0.0039520987483475 0.396078 0.443137 0.403922
vn -0.0000925006887160 0.0000936096707908 -0.0002180750029451
v -0.1124403907234545 0.1098027760444040 -0.0008702545016631 0.458824 0.501961 0.454902
vn -0.0001240652156051 -0.0000217228978571 0.0007847572843904
v 0.0862838244246064 0.0424232523781900 0.1090123084279436 0.443137 0.529412 0.501961
vn -0.0001372612248568 -0.0000533994096519 0.0006477034925007
v 0.0742464097235969 0.0353605825919664 0.1062288220606830 0.400000 0.478431 0.458824
vn -0.0001555196593054 -0.0000431396675435 0.0006990322292206
v 0.0834505156757345 0.0304335397125707 0.1077625408032568 0.419608 0.498039 0.478431
vn -0.0000626924150030 0.0000290789531530 0.0007775118432274
v -0.0819805178712060 0.1176302355989288 0.1026986718556699 0.403922 0.478431 0.454902
vn -0.0001028426594289 0.0000909937950546 0.0006767433004635
v -0.0942448011960860 0.1172480291653145 0.1031099212207549 0.392157 0.431373 0.388235
vn -0.0000794154876793 0.0000862368494213 0.0007577511437966
v -0.0888769686217275 0.1038451561427204 0.1036914525063171 0.423529 0.501961 0.478431
vn -0.0000141982150937 0.0000182158284487 0.0005768684291554
v 0.0484568443059007 -0.0984157558119386 0.1095218962199986 0.478431 0.537255 0.498039
vn 0.0000117486387435 -0.0000481841986704 0.0006063838500011
v 0.0590860606009082 -0.1015748611241944 0.1092557253684772 0.482353 0.537255 0.498039
vn -0.0000326559466619 0.0000569260655836 0.0006481097740761
v 0.0535383339034711 -0.0885852739965268 0.1090050937131765 0.454902 0.521569 0.498039
vn 0.0002962580035146 0.0009041798995746 0.0000934301345477
v 0.0554686959061938 0.1504707007962655 0.0291649246920619 0.282353 0.329412 0.321569
vn 0.0002421151926966 0.0007305341776711 0.0001613897456722
v 0.0502170001064169 0.1473725005011352 0.0419714443236184 0.282353 0.337255 0.313725
vn 0.0002779727318316 0.0005549252622635 0.0001314365033063
v 0.0589042701551876 0.1441901603563242 0.0395924159446700 0.239216 0.286275 0.274510
vn 0.0005998232408934 0.0000278298596904 -0.0000443294758639
v -0.1529876455347021 -0.0062071816408462 0.0164661733312089 0.368627 0.403922 0.368627
vn 0.0005153503005441 -0.0000260607388344 0.0000167405445117
v -0.1540288417992440 -0.0021413265373241 0.0081468292309034 0.360784 0.364706 0.309804
vn 0.0006261399303258 0.0005108557463545 -0.0000051324255213
v 0.0452512133004245 0.0339886601409587 0.0553893856621263 0.149020 0.156863 0.152941
vn 0.0005385559112776 0.0004333586897024 -0.0000471023222468
v 0.0455816789448433 0.0346634654487408 0.0671223997207401 0.168627 0.180392 0.176471
vn 0.0006963793862421 0.0004161967774478 -0.0000267252865200
v 0.0512204248761505 0.0261646523775877 0.0596992914350835 0.149020 0.156863 0.149020
vn -0.0004630935894686 -0.0003265812776687 0.0000000587580502
v 0.1208465814528033 0.0809584655887544 0.0210382330205263 0.023529 0.031373 0.023529
vn -0.0004700297506285 -0.0004879079993408 -0.0001115646741670
v 0.1326117450373053 0.0797891319436611 0.0105893265295698 0.266667 0.250980 0.196078
vn -0.0007327989547862 -0.0005586871322939 -0.0000960848169408
v 0.1270380644141823 0.0726614867608816 0.0241591927951592 0.039216 0.047059 0.039216
vn -0.0006884674533957 -0.0004334797535485 0.0000388274707906
v -0.1309663535712760 -0.0837899417766291 0.0568705845773570 0.223529 0.270588 0.258824
vn -0.0003889419088703 -0.0002504855342054 -0.0000038603637176
v -0.1313715151524040 -0.0826485584812829 0.0657778591239343 0.243137 0.294118 0.278431
vn -0.0006274260788437 -0.0003498735790492 0.0000075286644356
v -0.1369918893531022 -0.0734120380651356 0.0639407544382302 0.188235 0.231373 0.219608
vn -0.0005044535194537 -0.0002995512493640 0.0000039427120566
v -0.1336732079454643 -0.0797344223073295 0.0738512446163244 0.294118 0.345098 0.333333
vn -0.0000552846789497 -0.0001316469400926 -0.0001957414698792
v -0.0645299732066548 -0.1421421927499716 -0.0010864954440841 0.192157 0.207843 0.180392
vn -0.0001326224186522 -0.0003297017647084 -0.0002955505364456
v -0.0785536048841811 -0.1373461485232257 -0.0012472155390889 0.247059 0.250980 0.215686
vn 0.0001904776388563 0.0004362553296448 -0.0002617220155057
v -0.0683201297740377 -0.1353721722809481 -0.0004723865979126 0.301961 0.345098 0.317647
vn -0.0003507748212187 -0.0007931295428323 -0.0000587935900177
v -0.0688370963798681 -0.1422495041772254 0.0052608679486063 0.247059 0.274510 0.247059
vn -0.0006260696991643 0.0001355076266099 0.0000116936539284
v -0.1564820078997840 0.0295018762181869 0.0286058811041337 0.513725 0.478431 0.407843
vn -0.0007562335015970 0.0000712313035956 0.0000042352237136
v -0.1572825453497699 0.0243376600439803 0.0159399596273269 0.325490 0.364706 0.333333
vn -0.0005724636154729 0.0000434603191823 -0.0000392293482286
v -0.1571661239587909 0.0186097292452891 0.0230372594525183 0.400000 0.435294 0.396078
vn -0.0004573393259742 0.0000786074297005 0.0000441559525753
v -0.1591988870064448 0.0217631751328608 0.0336449913257913 0.603922 0.564706 0.478431
vn 0.0000805094577018 0.0008628161521714 -0.0000170522032325
v 0.0089665685998752 0.0558789835797454 0.0531131997346043 0.156863 0.164706 0.156863
vn -0.0000288376642925 0.0009852968110773 -0.0000002154867111
v 0.0014054601554456 0.0558967418558017 0.0404343125311389 0.133333 0.137255 0.137255
vn -0.0001666535350190 0.0009573005142432 -0.0000379967528828
v -0.0067139550424938 0.0556939388593706 0.0506564647143774 0.129412 0.133333 0.133333
vn 0.0002032561890900 0.0001935612871499 -0.0004891430168154
v -0.1099072705321859 -0.0918343891219389 0.0987298375846852 0.372549 0.450980 0.431373
vn 0.0001083407451539 0.0000976421812703 -0.0007285696634417
v -0.1012663782322761 -0.0850629260454361 0.1008180715917590 0.384314 0.462745 0.439216
vn 0.0003353842373260 0.0003727263212040 -0.0006708633320585
v -0.1040419847974321 -0.0991871258015788 0.0985510736185582 0.384314 0.466667 0.447059
vn 0.0000501677443987 0.0000199606680417 0.0005660384620901
v 0.1255999051691976 0.0462260500881706 0.1057114645780740 0.384314 0.462745 0.439216
vn 0.0000971088156758 0.0000351032265342 0.0004418664955516
v 0.1181209773875977 0.0423985069815276 0.1077957476526716 0.427451 0.505882 0.478431
vn 0.0001164542082893 0.0000098981019574 0.0006375479096539
v 0.1251089535083372 0.0353464228954110 0.1065447732682691 0.372549 0.450980 0.431373
vn 0.0000993205913931 0.0001722012181062 -0.0007691500982303
v 0.0108708403323079 -0.1241601598455359 0.0990635211931975 0.192157 0.247059 0.250980
vn 0.0000014942248579 0.0002136445901843 -0.0005731348252484
v 0.0184351855009550 -0.1169671888914502 0.1036181739379214 0.392157 0.462745 0.435294
vn -0.0000342220221443 -0.0009161982039351 -0.0001354522909172
v 0.0033418747673017 0.1506178502488546 0.0176308775460655 0.047059 0.062745 0.058824
vn 0.0001246528870731 -0.0008171630673449 -0.0001072905004137
v -0.0100943603010965 0.1531451061394763 0.0118242697992122 0.250980 0.262745 0.239216
vn 0.0000345143055844 -0.0005634291683913 -0.0000912808736606
v 0.0007165244275735 0.1549039601155764 0.0116530572474851 0.239216 0.258824 0.223529
vn 0.0001833761078119 -0.0001165616772278 -0.0008914973789911
v 0.0007759132299146 -0.1313345902418962 0.0965497154893608 0.200000 0.254902 0.262745
vn 0.0001299986528348 0.0001656583437779 -0.0004702950585385
v -0.0010198868161882 -0.1417882338386436 0.1021075799911257 0.380392 0.450980 0.435294
vn 0.0002630779138392 -0.0000242912273232 -0.0006917775453433
v -0.0114928476119312 -0.1361958383776181 0.0956237139990830 0.160784 0.215686 0.219608
vn 0.0000014235385310 0.0000161178606406 -0.0001491699476259
v 0.0365760007667114 -0.1491932393700187 -0.0016999238429726 0.250980 0.266667 0.227451
vn 0.0000610046349190 -0.0004422481524008 -0.0001591182095314
v 0.0381665776129160 -0.1523316749213011 0.0013907220176540 0.270588 0.282353 0.247059
vn 0.0000830651751547 0.0000295023001157 -0.0007985608711626
v -0.0015011722861838 -0.1076991631098773 0.1013907071675875 0.149020 0.200000 0.207843
vn 0.0000189609613995 -0.0001170248816290 -0.0007552194980416
v -0.0071537755629900 -0.0915403823325940 0.0989168115179720 0.176471 0.223529 0.239216
vn 0.0001275806994564 -0.0001194057719924 -0.0008571591417918
v 0.0032321033741894 -0.0963983406854192 0.1034004646907214 0.415686 0.494118 0.482353
vn 0.0001775133930428 0.0007285822277905 -0.0000368014914451
v -0.0330440065704397 -0.1511746121050969 0.0272155885292601 0.180392 0.235294 0.231373
vn 0.0002873489477645 0.0005138385354296 -0.0000600218206837
v -0.0409264952483776 -0.1458637623887183 0.0411512500516973 0.125490 0.164706 0.156863
vn 0.0002559503650847 0.0008682582304111 -0.0000423813147527
v -0.0297765015991005 -0.1509742853228340 0.0391521688039024 0.211765 0.270588 0.262745
vn 0.0004144920804123 0.0006747061752856 0.0000101193521285
v 0.0903274917663079 0.1235752328269076 0.0659785836360673 0.258824 0.305882 0.294118
vn 0.0003801055790351 0.0006216685050326 0.0000285528037836
v 0.0795964927760546 0.1311421559746058 0.0702963029187266 0.258824 0.305882 0.290196
vn 0.0003182565086558 0.0005678712541415 0.0000169508584785
v 0.0862401544960061 0.1261040712930958 0.0748981081855191 0.235294 0.270588 0.254902
vn 0.0005588008938630 0.0007325090479158 -0.0001002753416685
v 0.1022787429449472 0.1190333017331004 0.0738808487171585 0.407843 0.372549 0.294118
vn 0.0000281622293240 -0.0004250614892254 -0.0001627281925465
v -0.0074440049987388 0.1552951125362768 0.0005278733512581 0.435294 0.411765 0.349020
vn -0.0007733350695525 0.0004649347753555 0.0000387102258326
v -0.1356015219919290 0.0767552392048379 0.0586458950466474 0.356863 0.431373 0.423529
vn -0.0005069451947209 0.0002551161610915 0.0000189774045225
v -0.1411671337603413 0.0663162630090160 0.0612335067366757 0.384314 0.458824 0.443137
vn -0.0006677556001878 0.0003763841204120 0.0000017223205438
v -0.1383222848232419 0.0712942747622062 0.0700885170860283 0.392157 0.466667 0.458824
vn -0.0003981183105648 0.0006906590237351 0.0000089787351520
v 0.0683230222887869 -0.1356267267415299 0.0405182654448985 0.254902 0.325490 0.325490
vn -0.0003320662965699 0.0005010536660800 0.0000501569801821
v 0.0771160835035609 -0.1294087275071880 0.0320773222701609 0.188235 0.239216 0.215686
vn -0.0003813006732182 0.0005602673439077 -0.0000634122771306
v 0.0691264831023229 -0.1332304673365427 0.0271133012745668 0.074510 0.101961 0.098039
vn 0.0002335644089860 0.0005295951799930 0.0001658638185055
v -0.0500761577040570 -0.1406773636943631 0.0319635481245464 0.082353 0.113725 0.109804
vn 0.0003482819662541 0.0003913800774613 -0.0001219567101911
v -0.0549774390185812 -0.1328141804434329 0.0189532508709855 0.039216 0.047059 0.043137
vn 0.0000384467853206 0.0004967641106204 0.0001323660358779
v -0.0599772508088902 -0.1319868107224702 0.0226652022369227 0.011765 0.019608 0.015686
vn -0.0005902893895914 -0.0001651625948754 0.0002000120822251
v -0.1502064898285307 -0.0452609161845671 0.1020221113246738 0.443137 0.435294 0.376471
vn -0.0008396540133782 -0.0003255463917694 0.0002363018421610
v -0.1450535133895035 -0.0567773341167109 0.0988842313704377 0.396078 0.372549 0.309804
vn -0.0001335755314220 -0.0001680428608523 0.0006807224919661
v -0.1393387479946479 -0.0512602692634511 0.1078534806166311 0.431373 0.443137 0.396078
vn 0.0002277883990767 0.0000118163154913 0.0008835085796750
v -0.0854066101246857 -0.0032197411615489 0.1052636526732131 0.376471 0.458824 0.435294
vn 0.0001094414014264 0.0000122256622552 0.0005080235914081
v -0.0942869096014917 -0.0094854479135285 0.1075328839795066 0.427451 0.509804 0.482353
vn 0.0001993162548757 -0.0000152472122672 0.0007608021229820
v -0.0872653516207217 -0.0180884336936664 0.1056943224617252 0.407843 0.486275 0.466667
vn 0.0002666362182052 0.0001528237746222 0.0003755391420325
v 0.1429325070677415 0.0649371636476030 0.1068842601244526 0.466667 0.447059 0.372549
vn 0.0002842975438063 0.0002985203155718 0.0002225063068503
v 0.1366865837479569 0.0759053100563992 0.1042929814475884 0.447059 0.423529 0.360784
vn -0.0000897899417442 0.0001395742062056 0.0006873546328834
v 0.1324985155293829 0.0713450813671757 0.1079924495447445 0.494118 0.505882 0.458824
vn -0.0002820078119827 -0.0001507047335639 -0.0002268464573067
v -0.1325665839295794 -0.0892721828482585 -0.0009495517573735 0.313725 0.329412 0.290196
vn 0.0000395150208763 0.0000117222552613 -0.0000782099812514
v -0.1287106894915974 -0.0902256759814100 -0.0013669479347686 0.254902 0.270588 0.235294
vn -0.0000007845554579 0.0000023365497306 -0.0001456349313954
v -0.1262309169653328 -0.0965306586838423 -0.0017517051560141 0.254902 0.262745 0.231373
vn -0.0008220858333143 -0.0004103515605602 -0.0000043169604896
v -0.1348947647656265 -0.0895754731617609 0.0101528617660225 0.380392 0.345098 0.266667
vn -0.0006136847618918 -0.0004408504538397 0.0000217554513456
v -0.1278436678036143 -0.1004783098617323 0.0120964397896648 0.223529 0.250980 0.227451
vn -0.0005575846288881 -0.0003391739224081 0.0001108081783180
v -0.1290297531094219 -0.0976783547441429 0.0211053458765130 0.200000 0.223529 0.200000
vn -0.0007184871053332 0.0001419294614262 -0.0001197747762145
v 0.1420255948057067 -0.0505913442942235 0.0494074218307082 0.203922 0.250980 0.239216
vn -0.0005019180281679 0.0001776188091224 -0.0000331687078383
v 0.1426456414773993 -0.0511343539235983 0.0379221305080816 0.235294 0.286275 0.270588
vn -0.0006946484683683 0.0002746072421962 -0.0000356507724023
v 0.1387543133833167 -0.0605732695122930 0.0426973763508851 0.250980 0.309804 0.301961
vn -0.0000828853906882 0.0000266196365555 0.0008384616011587
v -0.1163229409546133 0.0393946502828154 0.1077287730036855 0.447059 0.533333 0.505882
vn -0.0000938843072184 0.0000409942068901 0.0004071159040327
v -0.1237368154823906 0.0462734136329950 0.1059246907386535 0.443137 0.529412 0.505882
vn -0.0000968836348375 0.0000359418725901 0.0004362675529631
v -0.1269507881915873 0.0385785971696199 0.1058883279432015 0.415686 0.494118 0.474510
vn 0.0000280756483679 -0.0005618382928211 -0.0001447749297020
v -0.0000183472037934 0.1488970199210942 0.0847215836450477 0.305882 0.380392 0.356863
vn -0.0000462499035238 -0.0008883850742249 -0.0000132259980938
v 0.0097536552706098 0.1484809922136192 0.0781530583372655 0.266667 0.325490 0.317647
vn 0.0000673799325362 -0.0004716846841036 -0.0002163004919838
v 0.0078109411279249 0.1487509752488266 0.0896034401098855 0.227451 0.274510 0.258824
vn 0.0000545396098888 -0.0004431825572271 -0.0006498971426545
v 0.0008427996369996 0.1384367855241202 0.0980283880705970 0.392157 0.466667 0.443137
vn 0.0006349285204797 0.0001580768911963 0.0002126374897013
v -0.0497398414126310 -0.0154542646706599 0.0899707804386690 0.211765 0.231373 0.207843
vn 0.0004050431042019 0.0000330552586416 0.0007271080601102
v -0.0548408922696275 -0.0108906811830354 0.0978717454696501 0.631373 0.662745 0.603922
vn 0.0007569539078589 -0.0003886433158761 0.0000439229018572
v 0.1383959035769156 -0.0705557243568320 0.0518078141117369 0.290196 0.349020 0.333333
vn 0.0007388529622993 -0.0002490782364963 0.0000378942187504
v 0.1430081803740185 -0.0594716636489627 0.0581808200819756 0.243137 0.294118 0.278431
vn 0.0002990490256150 -0.0001324598780975 0.0000014448482911
v 0.1398154824665475 -0.0673870051413777 0.0602372498923168 0.262745 0.313725 0.301961
vn 0.0005179822171079 -0.0001270276727847 0.0005762297423399
v -0.0532467599035115 0.0052272494912199 0.0946372220763812 0.490196 0.529412 0.498039
vn -0.0002830446152890 -0.0009856710736005 -0.0000304923150382
v 0.0565697637509471 0.1412197168148179 0.0336035818917470 0.203922 0.250980 0.235294
vn -0.0002230745989687 -0.0007541583934676 -0.0000303378297455
v 0.0493479789146343 0.1420849817900944 0.0454291012462465 0.196078 0.243137 0.223529
vn -0.0002712891713371 -0.0009337033368214 -0.0000592941014166
v 0.0405738197441432 0.1438117402118035 0.0336609114589807 0.094118 0.121569 0.113725
vn -0.0003664466574426 0.0006004563777476 -0.0000941257334042
v -0.0261283111583027 0.0475953428999264 0.0093968080687055 0.247059 0.215686 0.192157
vn -0.0002329922853096 0.0003415709549029 -0.0001134165159605
v -0.0333917628289014 0.0424535525046747 0.0022229552558239 0.364706 0.333333 0.274510
vn -0.0003822920661209 0.0004981031379472 -0.0000291105288701
v -0.0339815224910622 0.0428697244873315 0.0122419328510144 0.419608 0.352941 0.290196
vn 0.0005762127541528 0.0004044237232982 -0.0000405136285935
v 0.1371984826644052 0.0793211855552530 0.0288456534981452 0.290196 0.243137 0.180392
vn 0.0003983239805980 0.0002113333014087 -0.0000130458265113
v 0.1411769459245796 0.0714029662564700 0.0297985105670406 0.282353 0.239216 0.168627
vn -0.0002780242391666 0.0006480301928046 -0.0000100634100588
v 0.0538165705087234 -0.1418959475413820 0.0560494281197105 0.282353 0.352941 0.349020
vn -0.0002879242499690 0.0006607848392378 -0.0000045582541551
v 0.0540515877218535 -0.1416482828500760 0.0651142629264183 0.321569 0.403922 0.392157
vn -0.0003617508986496 0.0007018878106919 -0.0000041065011195
v 0.0664447393063071 -0.1355554166645891 0.0563239632835376 0.274510 0.349020 0.345098
vn -0.0002982695566524 -0.0004719755831512 -0.0000493442251370
v -0.0887507712557096 -0.1311869082522137 0.0181749196320299 0.188235 0.215686 0.196078
vn -0.0004520588486185 -0.0006731855743143 -0.0000457136896840
v -0.0861939147593398 -0.1357305193640359 0.0077151913721837 0.313725 0.329412 0.282353
vn -0.0008688491267851 0.0000777687406291 -0.0001855106138492
v 0.1514836761922648 -0.0124884443604516 0.0346860748254448 0.231373 0.278431 0.258824
vn -0.0006764525744237 0.0001785883874609 -0.0002290618567237
v 0.1494166444132312 -0.0251569377255262 0.0411384339545271 0.184314 0.227451 0.223529
vn -0.0007225332852668 0.0001715739840093 -0.0001213306497886
v 0.1490707660081855 -0.0167277148670062 0.0493628350827715 0.235294 0.282353 0.266667
vn -0.0005401075124069 0.0002188912072285 -0.0000456024091658
v 0.1385327826479079 -0.0297352989844699 0.0509898183407071 0.066667 0.086275 0.090196
vn 0.0003638312595235 0.0006033043945913 0.0000508027629635
v 0.0805272052583579 0.1309248609815452 0.0579487608453237 0.247059 0.290196 0.270588
vn 0.0003881452857456 0.0007160986269933 0.0000620398472151
v 0.0730996650229524 0.1357256118839464 0.0514822508828530 0.298039 0.349020 0.325490
vn 0.0003440798525082 0.0006522072475788 0.0000347050394169
v 0.0713977491574041 0.1357758802952417 0.0618234935099836 0.243137 0.282353 0.266667
vn 0.0005873703238913 0.0000461248417602 -0.0000090201798097
v 0.1600526538956210 0.0172486153783040 0.0128554568764036 0.298039 0.294118 0.247059
vn 0.0005706283167368 0.0001634569184127 -0.0000609511267214
v 0.1583305891130891 0.0265592812796550 0.0089300874502202 0.301961 0.290196 0.231373
vn 0.0006454247736030 0.0001754688205437 0.0001333661482559
v 0.1589296622568517 0.0252303449491452 0.0191174311810899 0.368627 0.388235 0.356863
vn -0.0000550703166310 -0.0000600098983320 -0.0007010421616835
v -0.0479584338142788 -0.0785916777258592 0.0984730883001048 0.137255 0.184314 0.184314
vn -0.0000699219044130 -0.0000085498721804 -0.0005114497953256
v -0.0511392336165068 -0.0694689230221132 0.0999078921735167 0.458824 0.556863 0.537255
vn -0.0002111501345675 -0.0003048306504313 -0.0006037647026929
v -0.0471258350634005 -0.0617456843807045 0.0986757666927720 0.450980 0.545098 0.525490
vn 0.0007251438885056 0.0000795843508609 -0.0000223004856771
v 0.1513801466881059 0.0174733360315356 0.0888441496201553 0.247059 0.282353 0.262745
vn -0.0001360293525080 0.0007349536420332 -0.0000061685045149
v 0.0225675836576309 -0.1509529222938104 0.0719007560795999 0.231373 0.301961 0.301961
vn -0.0002621045325861 0.0009263787087490 -0.0000062132035609
v 0.0352340703447237 -0.1479546976062061 0.0745422752505476 0.325490 0.403922 0.403922
vn -0.0001618575463694 0.0007448616597037 -0.0000179937782985
v 0.0255060078962780 -0.1506673776632931 0.0630761412697850 0.294118 0.368627 0.368627
vn 0.0000957059083967 0.0002301004678743 -0.0007862994894566
v 0.0282057054161044 0.0751362334138708 0.1015398647681222 0.423529 0.505882 0.482353
vn 0.0000200124593912 0.0000706926548770 -0.0004445881469055
v 0.0374526801042913 0.0766988310809734 0.1023605637962527 0.431373 0.509804 0.486275
vn 0.0001690700783683 0.0002986919106888 -0.0007184103832965
v 0.0389218081644162 0.0674315205400110 0.1010160259624358 0.407843 0.490196 0.470588
vn 0.0007756069311587 -0.0005345652397965 -0.0001630974223789
v 0.1343621540693422 -0.0790057469639822 0.0840265380404776 0.176471 0.211765 0.203922
vn 0.0007883201572296 -0.0005206491215837 -0.0001820913179062
v 0.1271920048204971 -0.0904720289944601 0.0862949639501834 0.223529 0.266667 0.254902
vn 0.0007046818146960 0.0003737990291092 -0.0000367544458585
v 0.0524353680141347 0.0257575722287769 0.0705778592764664 0.164706 0.176471 0.172549
vn 0.0006977563285306 0.0002575171631420 -0.0002555313025988
v 0.0526545320328429 0.0255479899592748 0.0852253154457448 0.184314 0.207843 0.196078
vn 0.0008327146644019 0.0003114566459041 -0.0001049912564891
v 0.0559208445159633 0.0173822830524110 0.0809245308183708 0.160784 0.180392 0.172549
vn 0.0003754596000563 0.0000751413806504 -0.0007371837873608
v -0.1259953179218031 -0.0653041381293236 0.0988453293997923 0.274510 0.341176 0.325490
vn 0.0003385340478041 0.0002298978753524 -0.0004905397153936
v -0.1239823576660234 -0.0753507585525416 0.0989100066609391 0.372549 0.450980 0.431373
vn 0.0006643288447884 0.0003490040594501 -0.0002798094740195
v -0.1326717996907771 -0.0722574680844821 0.0871972619399823 0.258824 0.301961 0.286275
vn 0.0006555734738245 0.0004075416092463 -0.0002337007627671
v -0.1268529551579683 -0.0809275581230328 0.0861913061346286 0.235294 0.278431 0.266667
vn 0.0005281145314284 -0.0005072956259947 0.0000219490013281
v 0.1137189978072295 -0.1069621048980605 0.0429051118542709 0.352941 0.423529 0.407843
vn 0.0006131478875224 -0.0005055092350594 0.0000198357146042
v 0.1184344585615111 -0.0998155659014730 0.0511190723921746 0.219608 0.270588 0.262745
vn 0.0005366732827715 -0.0004907302776473 0.0000132520582926
v 0.1114016041665693 -0.1078518483713213 0.0563934731726126 0.278431 0.341176 0.329412
vn 0.0006622953933853 -0.0005718750001513 -0.0000034930538121
v 0.1188295209589034 -0.1001110240473921 0.0632576581597825 0.188235 0.239216 0.227451
vn 0.0003394357968096 -0.0006995079823273 -0.0001200941051970
v -0.0610524701386009 0.1392417727176193 0.0356669352975634 0.329412 0.411765 0.400000
vn 0.0002810829057854 -0.0004900575254330 -0.0000175353535449
v -0.0597329828130042 0.1426002420287089 0.0244762271169712 0.270588 0.329412 0.313725
vn 0.0002324930597749 -0.0006176687292677 -0.0001173416090733
v -0.0520063476404961 0.1438415323247889 0.0347352526320966 0.329412 0.407843 0.400000
vn -0.0006728242676383 -0.0000238110241379 -0.0001223462341564
v -0.1573890456848807 -0.0226254833920294 0.0046740256004889 0.352941 0.388235 0.352941
vn -0.0005218695067240 -0.0000370525823915 -0.0001824006046146
v -0.1577806831544802 -0.0093204605765072 0.0036073910455805 0.325490 0.337255 0.298039
vn -0.0001913060226677 -0.0000023035433065 -0.0003338522098821
v -0.1522541670901921 -0.0237920094323924 -0.0017370826899574 0.419608 0.454902 0.411765
vn -0.0006523042953780 -0.0006076417724559 0.0001241359481540
v -0.1159575146003600 -0.1077953805693381 0.0586357616523228 0.239216 0.266667 0.266667
vn -0.0003432266366355 -0.0003752382618076 0.0000385729579634
v -0.1046977301679277 -0.1166871657456645 0.0652373958170739 0.270588 0.313725 0.298039
vn -0.0005315482368594 -0.0005133801473337 0.0000340822147545
v -0.1098565164488692 -0.1109253704593371 0.0703688344991185 0.223529 0.270588 0.258824
vn -0.0004135476600621 -0.0003165889752182 0.0000278511444564
v -0.1165703596478000 -0.1038636419668365 0.0697139555429186 0.219608 0.258824 0.250980
vn -0.0004971717166014 -0.0004023667340158 -0.0000065182362051
v -0.1174433727021279 -0.1028478311126472 0.0811694130587735 0.215686 0.254902 0.247059
vn -0.0005539371780849 -0.0003988215700137 -0.0000015959896519
v -0.1221716805746325 -0.0966189703910539 0.0742336687757479 0.254902 0.301961 0.286275
vn 0.0000258332812013 0.0005801001930985 -0.0007533001655463
v 0.0050868543188998 0.0633262866897623 0.0934247631452352 0.274510 0.337255 0.329412
vn -0.0000103455572502 0.0002563678135571 -0.0008785620952762
v -0.0015348816816537 0.0739565574097831 0.0994230760541705 0.407843 0.490196 0.470588
vn 0.0000430721734897 0.0001893894707079 -0.0006417763669171
v 0.0095747761283258 0.0753308529463912 0.1001206486713967 0.380392 0.454902 0.439216
vn 0.0002829249946310 0.0010477559478137 0.0001843012958782
v 0.0415040159935349 0.1524690949038207 0.0316630611773250 0.286275 0.329412 0.309804
vn 0.0001987243758575 0.0007074221576149 0.0000066074771194
v 0.0484897730993506 0.1508205748180146 0.0172444615810412 0.337255 0.372549 0.345098
vn 0.0002456925162249 0.0006648055759024 0.0000100414743658
v 0.0380389925635814 0.1545367926784016 0.0200714845492967 0.309804 0.345098 0.301961
vn 0.0003199991170518 0.0007407708090511 -0.0002747282983616
v -0.0599475136248884 -0.1373272834729008 0.0084210326770258 0.101961 0.125490 0.117647
vn 0.0001543659461742 0.0002231264843878 -0.0001759282778055
v -0.0607195475984803 -0.1404135575817624 -0.0004135181047345 0.188235 0.196078 0.172549
vn -0.0000008894971131 0.0000256110333288 0.0009595348806131
v -0.0603075968850443 -0.0926485241034117 0.1072413612617502 0.419608 0.494118 0.474510
vn -0.0000578241749773 -0.0000187377407279 0.0007221323709698
v -0.0519082394503522 -0.1028270558765383 0.1080387173377153 0.400000 0.466667 0.443137
vn -0.0000192243691461 0.0001022638462238 0.0006981759674013
v -0.0449861517011031 -0.0946335499593459 0.1079977703945342 0.450980 0.537255 0.513725
vn 0.0001633700368868 0.0005875569778380 0.0000340253461184
v -0.0118638675276184 -0.0475049933459664 0.0084913037789698 0.113725 0.133333 0.125490
vn 0.0002013090315017 0.0004419753601868 0.0000005518680108
v -0.0175768797487004 -0.0453171598382856 0.0032066447251514 0.121569 0.145098 0.129412
vn 0.0003369612725905 0.0005896410306182 -0.0000024323261645
v -0.0218497294023822 -0.0441564996315978 0.0182250044872989 0.105882 0.125490 0.117647
vn 0.0003667364299712 0.0004801538661492 0.0000318750315640
v -0.0267319081344455 -0.0412449186011055 0.0116883429211929 0.086275 0.105882 0.105882
vn -0.0004045238752508 0.0002780435915879 -0.0004867834840247
v 0.0560639009208758 -0.1322634174769124 0.0934240068366917 0.117647 0.176471 0.180392
vn -0.0000072602944990 0.0003617328259110 -0.0008003273938089
v 0.0383484166075059 -0.1313839836443239 0.0933734452018531 0.137255 0.176471 0.184314
vn -0.0000908484788164 0.0003393594141885 -0.0005383683367722
v 0.0476787827346535 -0.1258464834665081 0.1010258318225818 0.388235 0.458824 0.435294
vn -0.0002183889770200 0.0004756746818910 -0.0005503109426323
v 0.0584520689540954 -0.1256056014256541 0.0926497178144396 0.062745 0.090196 0.101961
vn -0.0000839175390003 -0.0003106906699156 0.0007161957286210
v 0.0199385037377845 0.0614467911518574 0.0999497629158017 0.368627 0.443137 0.431373
vn -0.0001137078438831 -0.0002486599933543 0.0005909090840441
v 0.0310412682673473 0.0581680309843042 0.1005870078762097 0.407843 0.486275 0.466667
vn -0.0000753245569583 -0.0001832467081859 0.0005471223193078
v 0.0269963745307773 0.0662662878206875 0.1034317926525721 0.415686 0.498039 0.478431
vn -0.0000646387092188 -0.0000663542565644 0.0007786385804431
v 0.1362302376042419 0.0385238712281661 0.1052100134570711 0.407843 0.486275 0.466667
vn -0.0000139845674328 -0.0000650708432053 0.0004647586796549
v 0.1430236148589369 0.0469189873220419 0.1095611940840365 0.549020 0.568627 0.501961
vn -0.0001119777626706 -0.0000590698831597 0.0004103262624620
v 0.1360496478907380 0.0499758152571859 0.1066859810369525 0.415686 0.470588 0.435294
vn 0.0005861355097268 -0.0006358301738057 0.0000637332325620
v -0.1076500320909676 0.1047287444126263 0.0624447724810053 0.321569 0.400000 0.392157
vn 0.0006266064941196 -0.0005263714612522 -0.0000590929059290
v -0.1165733798239026 0.0929978503996450 0.0593516538971856 0.196078 0.254902 0.239216
vn 0.0003582137197093 -0.0004581952103441 -0.0000845315937014
v -0.1116544040337473 0.1015033455087910 0.0513643343020148 0.356863 0.431373 0.415686
vn 0.0005706396300890 -0.0007540616188934 0.0000371200256757
v -0.1014881723243410 0.1058644648536879 0.0494682492838773 0.160784 0.200000 0.180392
vn -0.0003439560376945 0.0005115166511600 -0.0006580223178607
v -0.0398330589972385 0.0459107431318064 0.0933684362247555 0.262745 0.325490 0.321569
vn 0.0002395925073739 -0.0004075129292013 -0.0000507150495809
v -0.0237746160315865 0.0413035619415853 0.0006381494183343 0.435294 0.439216 0.407843
vn -0.0001103104308922 0.0001664708501834 -0.0001880096000695
v -0.0228868792908596 0.0455453217071574 -0.0016128546654133 0.337255 0.333333 0.309804
vn 0.0000672551287407 -0.0001773638308025 -0.0001424140077426
v -0.0142038893892340 0.0470673439560604 -0.0006975097457851 0.345098 0.341176 0.317647
vn -0.0000263518776911 0.0003489870713714 -0.0002921196172564
v -0.0040685140644010 0.1586742207604480 -0.0014209757053483 0.301961 0.286275 0.223529
vn -0.0005951726698692 0.0006908812965828 -0.0000465060131244
v 0.1070568772774524 -0.1104647177990361 0.0126825916923600 0.223529 0.235294 0.200000
vn -0.0008308400385223 0.0006880599588655 -0.0000225981183913
v 0.1138344609363089 -0.1008409239596330 0.0198095511778057 0.211765 0.235294 0.211765
vn -0.0006333035674693 0.0004775365698424 0.0000629059847489
v 0.1124962655945690 -0.1007596083720077 0.0063903732835862 0.207843 0.219608 0.176471
vn -0.0005554783863545 0.0008223132386394 0.0000293631397447
v -0.0970108499572505 0.1255228656915107 0.0252956934650716 0.372549 0.423529 0.400000
vn -0.0003839950953563 0.0006543947386311 0.0000874699892509
v -0.0829280391665804 0.1347099567835765 0.0316533704800974 0.509804 0.501961 0.450980
vn -0.0005230735192874 0.0007767905005134 0.0000041445612893
v -0.0827508400014902 0.1355071927478482 0.0222600711545595 0.490196 0.466667 0.400000
vn 0.0004730129234054 -0.0006329911897967 0.0000102316283051
v -0.0287868688396711 0.0393687428809438 0.0546740563664538 0.160784 0.160784 0.156863
vn 0.0004752285629772 -0.0007617956065181 0.0000095641181901
v -0.0230601164802972 0.0438781579962300 0.0702191132348639 0.192157 0.211765 0.203922
vn 0.0006463748319044 -0.0007066261641526 0.0000176891204398
v -0.0348838961737426 0.0344763316577053 0.0669516103187998 0.196078 0.211765 0.200000
vn 0.0006330133685590 0.0001944348427920 -0.0006878722093112
v 0.0652458541310308 0.0125060189982697 0.0951097692267119 0.364706 0.427451 0.423529
vn 0.0004850274427929 0.0001675804487152 -0.0008718970666136
v 0.0619851920056066 0.0277941515789739 0.0966771575141747 0.400000 0.474510 0.450980
vn 0.0002865480355745 0.0000732318555527 -0.0008526621393442
v 0.0730688976291532 0.0221159010421486 0.1003035772967635 0.415686 0.498039 0.482353
vn 0.0002480966426526 0.0005122205212307 -0.0000386409708569
v 0.0697469720574918 0.1427141374024447 0.0102469252426012 0.278431 0.298039 0.262745
vn 0.0004392212327299 0.0008673299361103 0.0000739606801913
v 0.0673950786046322 0.1453939156542931 0.0234590249033663 0.266667 0.309804 0.286275
vn 0.0002545548568090 0.0004916482125534 -0.0000481007093045
v 0.0776571993637827 0.1385708420407868 0.0151915042900027 0.192157 0.219608 0.196078
vn -0.0005505935046965 0.0005193114837846 -0.0000555875695039
v 0.1120253186079915 -0.1011951727023918 0.0817527985924180 0.219608 0.254902 0.247059
vn -0.0004721903455752 0.0006258221187503 -0.0001174795223768
v 0.1042946299732937 -0.1092843627311166 0.0790230012051075 0.235294 0.270588 0.262745
vn -0.0004779482494756 0.0005314516245428 -0.0003388589332092
v 0.1057457196230800 -0.1044227227777144 0.0912110501655722 0.109804 0.133333 0.121569
vn -0.0005931125346825 -0.0002595062929029 -0.0004451260075842
v -0.0509075307652078 -0.0372393198045776 0.0885653772802429 0.082353 0.109804 0.098039
vn -0.0007044978356228 -0.0005050490350442 -0.0003266312069192
v -0.0428661958858456 -0.0361470641463713 0.0760776758300352 0.156863 0.172549 0.164706
vn -0.0000270648395164 0.0006954978826017 0.0000074979630911
v 0.0042488317418039 -0.1533436308233327 0.0441670005483179 0.294118 0.368627 0.356863
vn -0.0000050913655456 0.0006618410935332 0.0000365517692120
v -0.0079884412124015 -0.1536468161586708 0.0394662238769541 0.160784 0.223529 0.223529
vn 0.0000041501569417 0.0006248208804149 -0.0000019842531902
v -0.0086046866489601 -0.1538410637654737 0.0499023648771727 0.254902 0.321569 0.321569
vn 0.0005292856940664 0.0006247563341499 -0.0002603885774524
v -0.1052120335606939 -0.1107294647651051 0.0876622891844885 0.207843 0.247059 0.235294
vn 0.0001681461435227 0.0001836468738943 -0.0005385530747687
v -0.0952247405902899 -0.1008597527988605 0.0992451772293428 0.384314 0.462745 0.443137
vn 0.0002220217025737 0.0003981323932793 -0.0004492777219463
v -0.0932392463702774 -0.1104465495140892 0.0981648908290675 0.372549 0.450980 0.435294
vn 0.0004193882312674 0.0006058942650521 0.0000833374772613
v -0.0274453585777871 -0.0428275773482764 0.0745722483983110 0.141176 0.156863 0.149020
vn 0.0000596309995166 0.0000657399146369 -0.0010152767595818
v -0.0715513090180569 0.0888678267001117 0.1038665468832929 0.435294 0.513725 0.486275
vn 0.0001111247609528 -0.0001503357102840 -0.0008979515364892
v -0.0828883372833018 0.0993103909756888 0.1010711343394033 0.439216 0.521569 0.494118
vn 0.0000612152136458 -0.0002310272673358 -0.0009207210999519
v -0.0725158373635370 0.1038414434932806 0.1015203761917930 0.419608 0.498039 0.478431
vn 0.0004389584469359 0.0005179004262810 -0.0000218719572001
v 0.1066098156584175 0.1173392704022012 0.0862267862492493 0.400000 0.368627 0.294118
vn 0.0004023233684021 0.0003826927278936 0.0001877038433947
v 0.1078900003769659 0.1124123398873479 0.0991422674073924 0.364706 0.356863 0.294118
vn 0.0000553786795197 0.0005548288080508 -0.0002154031371469
v 0.0106985203559486 0.0563421294247758 0.0860581691129905 0.200000 0.231373 0.219608
vn 0.0000603728447830 0.0003891087827776 -0.0004295428770739
v 0.0175242518970240 0.0618408322933134 0.0933923582215369 0.215686 0.270588 0.266667
vn 0.0001179549757100 0.0005239580326072 -0.0002074721528190
v 0.0185569072289012 0.0544533969836920 0.0848590454854078 0.168627 0.196078 0.188235
vn 0.0001570374164454 0.0003290000124852 -0.0003185737233924
v 0.0616538606391675 0.1419467270266611 -0.0014921343635342 0.211765 0.223529 0.188235
vn -0.0002147259587099 -0.0003855592214823 -0.0001170825452985
v 0.0526800733908802 0.1414565537982517 -0.0005022172005278 0.203922 0.219608 0.184314
vn -0.0000522179727798 -0.0003495846850168 -0.0002559654396424
v -0.0292482793755908 -0.1541517077893763 -0.0015467383953867 0.243137 0.258824 0.223529
vn 0.0000460760166743 0.0001609224519031 -0.0000740469965995
v -0.0379860210734459 -0.1492901121890728 0.0002768677859452 0.270588 0.290196 0.247059
vn 0.0000584635534252 0.0003875536732608 -0.0000232433414606
v -0.0307505953221485 -0.1503568541369332 0.0008611164392227 0.231373 0.250980 0.211765
vn 0.0000203244325754 -0.0000334118397799 0.0007723470014763
v 0.0590830237295721 -0.1252696548566541 0.1049267194398807 0.396078 0.474510 0.450980
vn -0.0000223339144529 -0.0000001165996143 0.0006587055268777
v 0.0522869918473724 -0.1344606396018500 0.1044376706347102 0.364706 0.431373 0.415686
vn -0.0000082809857983 -0.0000045639585089 0.0004305040853907
v 0.0628959440563933 -0.1385411947097027 0.1066604283754487 0.552941 0.592157 0.537255
vn 0.0000172418007042 -0.0000038303027478 -0.0001236807210361
v -0.1384294891723446 0.0690994073686088 -0.0017722289770185 0.352941 0.388235 0.360784
vn 0.0004279726392685 -0.0001979180522068 -0.0000747390141352
v -0.1368404684212604 0.0663661579016988 0.0006957149184902 0.305882 0.337255 0.317647
vn 0.0005125629103790 -0.0004169229949683 -0.0001899086831626
v 0.1226173614620180 -0.0955900427579394 0.0019230835527710 0.235294 0.254902 0.219608
vn 0.0000170680172924 -0.0000203458604035 -0.0000871694358117
v 0.1210014684882869 -0.0937290017364263 -0.0016905438417695 0.192157 0.207843 0.176471
vn 0.0000256825083760 -0.0000194293128759 -0.0001471987547632
v 0.1262292540482729 -0.0875875990340618 -0.0017676874537226 0.250980 0.266667 0.223529
vn 0.0004923627299564 0.0003158781713011 -0.0000587981837577
v -0.1282898718443693 -0.0817790626491212 0.0368979923854307 0.149020 0.192157 0.184314
vn 0.0003623697433204 0.0002954657884015 -0.0000438097476182
v -0.1244582530169805 -0.0886853466487388 0.0323804807099256 0.258824 0.317647 0.301961
vn 0.0007773943463530 0.0003992804634094 0.0000617692948000
v -0.1307793530527298 -0.0805379660517913 0.0249908738038278 0.239216 0.270588 0.254902
vn -0.0000639422909046 0.0000056943454058 0.0004400409745778
v 0.0284263223629849 0.1335820400493337 0.1043063605790436 0.380392 0.447059 0.419608
vn 0.0000138471643130 0.0000681052273527 0.0007753527993946
v 0.0350439311274171 0.1290987487320983 0.1049563610853192 0.380392 0.447059 0.423529
vn 0.0007595100848916 -0.0002172199050407 0.0000415779380876
v -0.1445821782035786 0.0429827546121389 0.0342272701631623 0.388235 0.450980 0.419608
vn 0.0008023854274041 -0.0002666314025179 -0.0000831795302268
v -0.1494920899190773 0.0295299780536111 0.0271468495855742 0.309804 0.301961 0.231373
vn 0.0007764938882082 -0.0002561495883911 -0.0001457143192508
v -0.1445979585885023 0.0415450061016478 0.0235692932080641 0.262745 0.282353 0.227451
vn -0.0001099690341382 -0.0000233042679732 0.0006370969952799
v 0.1357793845233509 0.0583134839433493 0.1092659659937848 0.478431 0.501961 0.454902
vn 0.0001402636600687 0.0000374989685053 0.0007948241374397
v 0.0136321419016615 -0.1520273506142761 0.1119518513195840 0.490196 0.494118 0.443137
vn 0.0001308382578730 -0.0005574802490477 -0.0001039680517629
v 0.0500212616621329 -0.1507716224680002 0.0012504157637814 0.309804 0.321569 0.282353
vn 0.0002809705569565 -0.0007338697716173 -0.0000293506156882
v 0.0601071552033528 -0.1479297239035488 0.0071541179184897 0.309804 0.305882 0.266667
vn 0.0001824941244090 -0.0006897163106098 0.0000047445599324
v 0.0479141798336135 -0.1512423731168207 0.0158477521052720 0.301961 0.325490 0.294118
vn 0.0002617456651813 -0.0002230418217764 0.0002445169218147
v 0.1287189799692485 -0.0930780279205367 0.1048394988134431 0.564706 0.560784 0.482353
vn 0.0006807047514889 0.0003075763255714 -0.0000264287939910
v 0.0528973029225828 0.0227204104714688 0.0269771751866693 0.113725 0.133333 0.129412
vn 0.0005625167793822 0.0003173968320430 -0.0000238269210850
v 0.0497718007809181 0.0266013110880417 0.0173969734142154 0.117647 0.129412 0.129412
vn -0.0004719568168240 -0.0007371122020592 0.0000083147967744
v -0.1017436387539360 -0.1278825969635409 0.0229256688887851 0.400000 0.400000 0.345098
vn -0.0005788185738935 -0.0005992680663044 0.0000431629323317
v -0.1121022791070064 -0.1175037259030862 0.0178943754411809 0.180392 0.203922 0.188235
vn -0.0002715343589520 -0.0004398736098412 -0.0000733376445703
v -0.1055956768529159 -0.1228612473134307 0.0125918693698784 0.239216 0.243137 0.200000
vn -0.0001155096939347 0.0000586361194297 0.0005358277010745
v -0.1187292681426524 0.0530304346698177 0.1064196842829478 0.450980 0.533333 0.505882
vn -0.0001559399617385 0.0000872112555757 0.0006309318942800
v -0.1246472428377583 0.0601042409055759 0.1038165213743450 0.403922 0.494118 0.466667
vn -0.0000917779301928 0.0000723394510960 0.0006114033049765
v -0.1295243455339528 0.0516098223293483 0.1036407393856201 0.415686 0.501961 0.478431
vn -0.0004181703685718 0.0003391374683018 -0.0000399520956995
v 0.1215774273789969 -0.0892704040767130 0.0002444206365990 0.176471 0.188235 0.160784
vn 0.0005464211093668 -0.0002240139081783 0.0000458933443020
v 0.1432375930012361 -0.0613906239475979 0.0470365189309341 0.223529 0.270588 0.266667
vn 0.0008172449051615 -0.0004056799687702 0.0000584455857481
v 0.1414556565294315 -0.0670926441815588 0.0370440573289035 0.305882 0.364706 0.349020
vn 0.0000937599337216 -0.0005268382456546 0.0000006855201079
v 0.0455145866202674 -0.1522942218946102 0.1001431434082659 0.443137 0.415686 0.345098
vn 0.0001246591114014 -0.0004267439665615 -0.0000928863043671
v 0.0489419438560490 -0.1484393698182042 0.0907654534061593 0.294118 0.356863 0.349020
vn 0.0003300886675100 -0.0007116238209192 -0.0000746738626522
v 0.0584080609684458 -0.1482886680867743 0.0953148678192107 0.392157 0.356863 0.282353
vn 0.0000833367587557 0.0000097099366927 0.0003536921008217
v 0.1175915204654019 0.0322151034417063 0.1085154664454550 0.400000 0.470588 0.450980
vn 0.0001372639987832 0.0000147197131980 0.0005804267486553
v 0.1235894657967194 0.0250203918164692 0.1069231439798589 0.431373 0.509804 0.482353
vn -0.0002974628166378 -0.0004635715820414 -0.0000970539324145
v 0.0764071808168398 0.1287433071505262 0.0499747299924609 0.258824 0.305882 0.286275
vn -0.0003061957372377 -0.0005453255568352 -0.0000740342855599
v 0.0740423044073316 0.1305969304493505 0.0378157427766031 0.176471 0.219608 0.196078
vn -0.0003698245442353 -0.0005145506670015 -0.0000779818110019
v 0.0814865564750052 0.1259969074212430 0.0409627364138817 0.215686 0.258824 0.235294
vn 0.0001595977584835 -0.0004223129275323 0.0000219840580143
v 0.0571109520237559 -0.1480782841278870 0.0168158962589750 0.301961 0.333333 0.305882
vn 0.0001479450229763 -0.0004266672311360 0.0000267338422124
v 0.0518785118894492 -0.1501102682404205 0.0245032659884495 0.317647 0.364706 0.349020
vn 0.0003283127502732 -0.0005941582716901 -0.0000171364751879
v -0.0704983519665743 0.1318689998762883 0.0646383146601461 0.388235 0.466667 0.454902
vn 0.0002659292942152 -0.0006010650582566 -0.0000271900466552
v -0.0621190452937665 0.1364775709104495 0.0686549256118291 0.313725 0.388235 0.384314
vn 0.0003885080571021 -0.0007996953054491 -0.0001353147411530
v -0.0668938614412717 0.1341859160819176 0.0779130014090863 0.317647 0.396078 0.388235
vn 0.0000331239930265 0.0001844074305558 -0.0002999346861068
v 0.0050521259453731 0.0525240530871832 -0.0017629183009557 0.333333 0.329412 0.301961
vn 0.0002552737157519 0.0006677158659593 -0.0002552334992792
v 0.0197843375695582 0.0522979353770084 0.0008727169725792 0.247059 0.243137 0.223529
vn -0.0000153493499273 -0.0000361712514275 -0.0002056579963258
v 0.0184865659764318 0.0486978889836897 -0.0017837465688412 0.341176 0.360784 0.337255
vn 0.0002040350427395 -0.0006951743767344 -0.0000412418246503
v 0.0163366156059779 -0.0545538390550946 0.0747450243537439 0.141176 0.152941 0.145098
vn 0.0001350554134327 -0.0004581620209552 -0.0001943424589217
v 0.0143251051906667 -0.0559343201906386 0.0840770042470798 0.141176 0.160784 0.145098
vn 0.0000685676142643 -0.0006778553826604 -0.0001407864960121
v 0.0073469539227763 -0.0564327675693387 0.0793577399685171 0.145098 0.164706 0.149020
vn 0.0009424551118058 0.0002176574333120 0.0000738197645576
v 0.1491736527012581 0.0424195882110673 0.0436718832414560 0.294118 0.341176 0.321569
vn 0.0007738327338167 0.0002047574936517 0.0000580158906701
v 0.1526621905585586 0.0326384893954186 0.0353314542528271 0.282353 0.325490 0.309804
vn 0.0008628008123338 0.0001593052384897 0.0000770134651479
v 0.1503078620812139 0.0397116855005716 0.0285449469483924 0.227451 0.250980 0.235294
vn 0.0001206503644989 -0.0000465839747342 0.0007276369662406
v -0.0710417283623299 0.0269306188947924 0.1034000938862988 0.415686 0.501961 0.486275
vn -0.0001247464765164 0.0000218546264919 -0.0006421797426752
v 0.1199155224578166 -0.0210521226475619 0.1040668997466465 0.415686 0.494118 0.470588
vn -0.0000399941661493 0.0000023762133460 -0.0005306407256378
v 0.1104505886409993 -0.0200419839460567 0.1054070441818166 0.423529 0.501961 0.470588
vn -0.0000515487078473 -0.0000020223423329 -0.0004105910494893
v 0.1164670202535999 -0.0130527537850107 0.1047007768691488 0.431373 0.505882 0.482353
vn -0.0003456136166502 0.0005382432809700 -0.0000491562018868
v -0.1000328459758663 0.1241087432219868 0.0150938186326720 0.384314 0.435294 0.407843
vn -0.0003445244691603 0.0005404754743558 -0.0001463526031528
v -0.0980899234227937 0.1229296061967505 0.0059949286003158 0.364706 0.403922 0.364706
vn -0.0004361825251945 0.0005555731578527 -0.0000490584556336
v -0.1099807831268597 0.1163328165724888 0.0116440160439605 0.407843 0.458824 0.419608
vn -0.0007694555186350 -0.0001799795644521 0.0001892111903279
v -0.1541912555775590 -0.0263319762495035 0.0952314291234818 0.368627 0.376471 0.329412
vn -0.0004975715551153 -0.0000556818565488 0.0001994177698040
v -0.1501878017841393 -0.0346204586180983 0.1007835458950366 0.513725 0.501961 0.423529
vn -0.0008476312958951 0.0001924798218340 0.0000580001563131
v -0.1549275580537593 0.0385747932084373 0.0160839183368037 0.376471 0.403922 0.356863
vn -0.0008374313671506 0.0003022131497547 -0.0000152611527202
v -0.1526602014268687 0.0502184396378050 0.0084849025071166 0.313725 0.345098 0.321569
vn -0.0004242417069752 0.0001077655363626 -0.0000814740026195
v -0.1550054547644242 0.0415925759768554 0.0076513172051603 0.384314 0.419608 0.380392
vn -0.0006288745855523 0.0001406081301955 0.0000205197685836
v -0.1520751359507336 0.0350257092768165 0.0627072103728903 0.360784 0.435294 0.427451
vn -0.0003999929574931 0.0000659254743200 0.0000103570320421
v -0.1529566380931634 0.0292897023908634 0.0688283526761114 0.364706 0.439216 0.431373
vn -0.0007634266420623 0.0002084849143366 0.0000060847716083
v -0.1507434947644138 0.0397984161721889 0.0721141460614647 0.411765 0.486275 0.478431
vn 0.0003996667323132 0.0004472594536884 -0.0001494959561315
v -0.0531397256732911 -0.1456380331556398 0.0063481546347037 0.235294 0.254902 0.219608
vn 0.0002898453572781 -0.0000772353834876 -0.0006747115686867
v 0.0650082144805610 -0.0388847326250872 0.0999384332490925 0.423529 0.505882 0.486275
vn 0.0000880048563596 -0.0000448225325791 -0.0006029180903991
v 0.0683580785263590 -0.0484990590074995 0.1012948973434949 0.458824 0.541176 0.525490
vn 0.0002009400003477 -0.0001599385827757 -0.0005174864733184
v 0.0593767182243744 -0.0473006496715004 0.0998151888936958 0.423529 0.498039 0.482353
vn 0.0003891041782991 -0.0001206730917057 -0.0003114978103471
v 0.1482461548045855 -0.0498765369915674 -0.0002870057979134 0.152941 0.156863 0.129412
vn -0.0002830953587438 0.0001162557933423 -0.0002882043949353
v 0.1442474919810552 -0.0408316971136329 -0.0010387611453398 0.196078 0.215686 0.184314
vn 0.0006320207341550 0.0003246859437737 -0.0001909269969710
v 0.1423163775561672 0.0614200367323171 0.0911260827513324 0.207843 0.215686 0.200000
vn 0.0005782215809893 0.0001936855922272 0.0000033371424698
v 0.1503439155705921 0.0567608333726194 0.0985324993557141 0.490196 0.454902 0.384314
vn 0.0005086166726555 0.0001802095862069 -0.0001435346296212
v 0.1451526436966130 0.0538077072423272 0.0872784141451324 0.227451 0.250980 0.231373
vn 0.0004543143348992 0.0001858657434125 -0.0000358378715716
v 0.1427558020643286 0.0581023676811983 0.0811861671141084 0.239216 0.266667 0.243137
vn 0.0002009057713665 0.0009419890029441 0.0000513135755046
v 0.0302225497806256 0.1522555283703482 0.0541904968903154 0.329412 0.388235 0.368627
vn 0.0001612265306503 0.0005409133403542 0.0000383380726719
v 0.0400587622652625 0.1489508092396356 0.0629581860849169 0.227451 0.274510 0.258824
vn 0.0002091970956852 0.0006444199011492 0.0000491494165278
v 0.0442731474640161 0.1481717586848559 0.0538657236049087 0.250980 0.301961 0.278431
vn -0.0004936344900915 -0.0004969570363330 -0.0000199708976260
v 0.1101198052953891 0.0988351928229339 0.0583792338195233 0.235294 0.266667 0.243137
vn -0.0004854417254753 -0.0004818506079729 -0.0000729924264916
v 0.1065476728683939 0.1041984216421718 0.0479715065643114 0.239216 0.282353 0.258824
vn -0.0004203314010587 -0.0003817448062185 -0.0000318888638298
v 0.1131647132413624 0.0968964366684527 0.0467000518623982 0.258824 0.294118 0.266667
vn -0.0005698744567359 -0.0006035517538563 -0.0001690150482090
v 0.0996779298831981 0.1075940698115482 0.0586732911779977 0.070588 0.094118 0.082353
vn 0.0000987426566751 -0.0000618456971788 0.0009361898829709
v 0.1131830517136890 -0.0377664046845139 0.1086436367222900 0.415686 0.494118 0.478431
vn -0.0000026911040825 -0.0000410271251193 0.0007042920669662
v 0.0995930958439147 -0.0402958336454441 0.1090623879551174 0.450980 0.529412 0.501961
vn 0.0000419461253224 -0.0000041968949186 0.0007343640592836
v 0.1051945264287781 -0.0504899170467254 0.1084927194236448 0.443137 0.521569 0.501961
vn -0.0003845943196182 0.0003571537744737 -0.0000218186110128
v 0.1111211630222440 -0.1028536427750773 0.0320524254521068 0.247059 0.278431 0.258824
vn -0.0005975309446957 0.0004282580965462 -0.0000257287647438
v 0.1177794563357580 -0.0959334949502731 0.0341744255474688 0.203922 0.250980 0.239216
vn 0.0004279816038891 -0.0002633733455220 -0.0001456923225422
v 0.1368113512229077 -0.0775181903927222 0.0022834170381194 0.239216 0.247059 0.200000
vn 0.0000311618188762 -0.0000187003126949 -0.0001905825031918
v 0.1342106485007377 -0.0763698098854097 -0.0013946034833981 0.152941 0.160784 0.125490
vn 0.0003284947659254 -0.0002552766181185 -0.0001609387144860
v 0.1300961067179702 -0.0873768373883975 0.0003314056716610 0.239216 0.254902 0.211765
vn -0.0003980944227433 0.0001895612186018 -0.0001923777613021
v 0.1292223952022845 -0.0778138921540770 -0.0004129790775965 0.109804 0.117647 0.094118
vn 0.0000777664995843 0.0001258579860023 0.0009016939887958
v 0.1035031286496255 0.0575468294223595 0.1086499838997238 0.392157 0.462745 0.443137
vn 0.0000770704230115 0.0000730533734433 0.0006776806940982
v 0.0978716922537576 0.0677798360260895 0.1071401061881998 0.392157 0.462745 0.439216
vn -0.0000010821624546 0.0000593952090856 0.0006656356058042
v 0.0900234894044598 0.0598347099602219 0.1090163681967750 0.427451 0.501961 0.478431
vn 0.0002064124411009 -0.0006372921988877 -0.0000309408334968
v -0.0473849159571411 0.1431206144259208 0.0548143859839022 0.372549 0.458824 0.450980
vn 0.0001936704193976 -0.0006686080862899 -0.0000764994452079
v -0.0447004067220316 0.1443366124971391 0.0432689217145798 0.337255 0.423529 0.415686
vn 0.0000988871526592 -0.0004885084196708 -0.0000280587651589
v -0.0380322904792068 0.1457613399227302 0.0494035870174315 0.376471 0.462745 0.458824
vn -0.0002908503077986 -0.0005247262200122 -0.0000193578985309
v 0.0543588813470779 0.1426026475573861 0.0133137082800357 0.172549 0.203922 0.180392
vn -0.0001961789164506 -0.0004627052628421 -0.0000265400475263
v 0.0452438904841732 0.1478442614443882 0.0099946594317530 0.305882 0.329412 0.286275
vn -0.0003563592298705 -0.0009516688800212 -0.0001294302936631
v 0.0467594045507583 0.1431788052592456 0.0207842528263806 0.121569 0.156863 0.145098
vn 0.0002587286571157 -0.0002850498396168 -0.0000772225815195
v 0.0408268225148599 -0.0386119291086516 0.0031118536538193 0.160784 0.168627 0.145098
vn 0.0001648871846600 -0.0002300289767642 -0.0002144851517599
v 0.0320715283493944 -0.0424028538058859 -0.0011598094036093 0.223529 0.239216 0.215686
vn 0.0000812049703380 -0.0000553522419325 -0.0002259569623866
v 0.0415476174002776 -0.0332458867179491 -0.0016064634710441 0.305882 0.309804 0.274510
vn -0.0002928675137093 0.0004264281817992 -0.0001119543287393
v 0.0324182750651460 -0.0368304307933293 0.0001111342108689 0.211765 0.227451 0.200000
vn 0.0000910165408265 -0.0000286329393868 -0.0007887567046443
v -0.1226586638340915 0.0000532583062292 0.1037149481672779 0.462745 0.545098 0.521569
vn 0.0000538273837242 -0.0000183354681143 -0.0004104998170899
v -0.1242699009752118 0.0086844767815889 0.1029187308406371 0.470588 0.556863 0.525490
vn 0.0000093087968333 -0.0000530061428205 -0.0006056334253691
v -0.1150575710848500 0.0106728507805679 0.1035187715574241 0.443137 0.525490 0.498039
vn -0.0001934141395186 -0.0006952878034047 -0.0000408622347211
v 0.0324459605972784 0.1450576871813173 0.0863605439740318 0.254902 0.298039 0.278431
vn -0.0001264723632604 -0.0007520311480790 -0.0000173467454440
v 0.0229723602714547 0.1474017385033259 0.0821947357252051 0.168627 0.215686 0.196078
vn -0.0001931851564872 -0.0007521738988736 -0.0000384333490230
v 0.0368295728402487 0.1446179503624529 0.0713898969672173 0.207843 0.254902 0.231373
vn -0.0000763619571693 -0.0000862872224792 0.0005609925332186
v -0.0961273890070892 -0.0967450739290619 0.1042475430359254 0.411765 0.490196 0.466667
vn -0.0000819691506010 -0.0001003661907556 0.0006459492767457
v -0.0863271653495547 -0.0950442203924130 0.1060260419302379 0.396078 0.470588 0.447059
vn -0.0000907902501480 -0.0000865417679079 0.0006933284765748
v -0.0952031941503115 -0.0827285140110582 0.1066309115257615 0.400000 0.470588 0.443137
vn 0.0005310314540554 0.0003960104252903 -0.0000151009392836
v 0.1197470963726551 0.0991364769936110 0.0929862505672399 0.258824 0.243137 0.184314
vn 0.0004277471366583 0.0003202425180853 -0.0000359095110671
v 0.1270322104154499 0.0905049526513666 0.0921064260665162 0.333333 0.294118 0.223529
vn 0.0005865721916437 0.0004451195923044 -0.0000671314359055
v 0.1235728040055343 0.0927407330695762 0.0818979347876598 0.321569 0.356863 0.329412
vn 0.0001946742087414 0.0006210206775637 -0.0008001518628424
v 0.0280575491393234 0.0605097222546174 0.0942235174687392 0.168627 0.219608 0.219608
vn -0.0006734200263079 0.0002593294546302 0.0000304110645444
v -0.1551991115228810 0.0475782704120180 0.0946853218252388 0.647059 0.627451 0.529412
vn -0.0004065663330321 0.0000014564738321 0.0003578217273390
v -0.1552207197587047 0.0322989347485399 0.1006785378105844 0.490196 0.513725 0.454902
vn -0.0002483281369812 0.0000377255562082 0.0008323057453567
v -0.1494760009278335 0.0361712941596758 0.1049238174315389 0.498039 0.549020 0.513725
vn -0.0002547043372262 0.0001663386486182 0.0002466295494478
v -0.1495671935168838 0.0499393335437036 0.1015366839119557 0.435294 0.474510 0.435294
vn 0.0005967127205264 0.0005341621067449 0.0000844278768572
v 0.1187666229910936 0.1040026720084904 0.0256879327372221 0.368627 0.329412 0.254902
vn 0.0004370988121005 0.0003373625220410 0.0000362525927351
v 0.1227765649437290 0.0974259938839844 0.0297344132489091 0.392157 0.364706 0.298039
vn 0.0007235408627676 0.0005289860713674 0.0000438195667732
v 0.1238658819727466 0.0973267054932123 0.0135309077181408 0.313725 0.298039 0.235294
vn 0.0002861518400198 -0.0004772282535662 0.0002427039172415
v 0.1120721402694884 -0.1082399013806188 0.1012811634057612 0.505882 0.470588 0.392157
vn 0.0003398567947225 -0.0004024594379524 0.0001113394825735
v 0.1060991918398308 -0.1172119236559306 0.0877415922958245 0.392157 0.443137 0.419608
vn -0.0000316748558800 0.0006736039317576 -0.0000886532383056
v 0.0101442331959677 -0.1525105906084735 0.0813696600492241 0.247059 0.321569 0.309804
vn -0.0000648119627323 0.0005716820287517 -0.0000143157914739
v 0.0137249137606524 -0.1523386823866424 0.0701574811787507 0.294118 0.372549 0.368627
vn -0.0000180100234059 0.0005787531409939 -0.0000106299821506
v 0.0051129881257473 -0.1527261335356264 0.0735516038592407 0.290196 0.364706 0.356863
vn 0.0001154920511194 0.0004213893043582 0.0004365057696376
v -0.0409773716820808 0.1453943182023145 0.0999310926563193 0.486275 0.509804 0.466667
vn 0.0000922154261076 0.0000008207550162 0.0004642405143290
v -0.0558022546471022 0.1399957038633646 0.1064708837289530 0.498039 0.525490 0.478431
vn 0.0000818674233642 0.0000722987647920 0.0004590742061779
v -0.0398667028272055 0.1379584689444784 0.1017050850530740 0.403922 0.470588 0.447059
vn 0.0006018223070172 0.0007207877307814 -0.0000066373098257
v 0.0353279411930155 0.0446065684312160 0.0481169394941607 0.109804 0.117647 0.113725
vn 0.0002536936676921 0.0003740659552205 -0.0000084770745891
v 0.0299334840614748 0.0480315588561818 0.0368736245184694 0.133333 0.145098 0.145098
vn 0.0004129209321853 0.0007508753849422 0.0000023650699187
v -0.0229552890328285 -0.0427928551576012 0.0290060315700429 0.105882 0.125490 0.121569
vn 0.0001878942392023 0.0006522695388671 0.0000060153283556
v -0.0135236996256830 -0.0473142882110513 0.0406957275978055 0.094118 0.109804 0.105882
vn 0.0005548740222741 -0.0004033558237076 0.0000069288126997
v 0.1312320039988112 -0.0856801670526915 0.0181337677914572 0.247059 0.282353 0.266667
vn 0.0004876102454540 -0.0004040269289618 -0.0000012302860160
v 0.1266854665331909 -0.0917855166957964 0.0120952454873603 0.290196 0.333333 0.309804
vn 0.0003542445043499 -0.0002698510711760 -0.0000099893433597
v 0.1330161825024363 -0.0838864856962646 0.0099092731644892 0.254902 0.274510 0.239216
vn -0.0000854957831196 -0.0010710838072173 0.0000266000893370
v -0.0091538724244562 -0.1571901914218689 0.0780965433984791 0.278431 0.345098 0.345098
vn 0.0000038874394164 -0.0003769714899231 0.0000085725589499
v -0.0005590066149477 -0.1573936845080538 0.0735384584626501 0.286275 0.360784 0.356863
vn 0.0000103996741522 -0.0007002100113508 0.0000278578231810
v 0.0050826991331742 -0.1572951020308002 0.0813306987377210 0.309804 0.388235 0.384314
vn -0.0008758260197675 0.0001261668496807 0.0000398482392845
v -0.0549449678126245 0.0106872125684562 0.0303273801192267 0.125490 0.141176 0.133333
vn -0.0008705941876453 -0.0000680773285070 0.0000067638854093
v -0.0547675793422989 -0.0023004047128520 0.0389404005453884 0.082353 0.101961 0.098039
vn -0.0003914146432228 0.0000486100889276 0.0000159828245850
v -0.0539136795395941 0.0064467582416154 0.0403819349585916 0.117647 0.133333 0.125490
vn -0.0008454830607944 0.0002477877979049 -0.0000786823361495
v 0.1406469122481584 -0.0385262906877811 0.0601766705517898 0.070588 0.098039 0.090196
vn -0.0005313219273257 0.0002216561726835 -0.0000404318736117
v 0.1444146981909930 -0.0327464196483117 0.0710645634837899 0.152941 0.192157 0.180392
vn -0.0006127228208193 0.0002237004240374 0.0000691390993657
v 0.1475478162591209 -0.0254060782549781 0.0629004317128668 0.262745 0.313725 0.294118
vn 0.0006707608286624 -0.0003887637909067 -0.0000510296709129
v -0.1336807153584823 0.0705748363072459 0.0555636214765772 0.329412 0.403922 0.392157
vn 0.0005856053738318 -0.0003073899011276 -0.0000645911952942
v -0.1360613432849166 0.0681770858984711 0.0449465761392304 0.337255 0.407843 0.400000
vn 0.0005654622378824 -0.0003392907620869 -0.0000681714970094
v -0.1306808442804836 0.0781665116373677 0.0427586426852190 0.333333 0.415686 0.400000
vn -0.0000028727256417 -0.0005031152271136 -0.0005046173765590
v -0.0068062125873070 -0.0620846285568182 0.0896570097129473 0.125490 0.164706 0.164706
vn -0.0000256309491282 -0.0004969542095904 -0.0002104126158586
v -0.0013925311344406 -0.0569108814208021 0.0815181896329365 0.149020 0.172549 0.156863
vn 0.0001158661202733 -0.0006680807064597 -0.0006345716489172
v 0.0068061777105229 -0.0630044691021284 0.0922498571409638 0.301961 0.364706 0.345098
vn 0.0000336594843254 -0.0002824313431750 -0.0006834715465558
v -0.0010653126913842 -0.0746056823440262 0.0979309629452505 0.388235 0.466667 0.458824
vn -0.0005559011213372 0.0001774420070987 -0.0001941944275531
v -0.1509547421305036 0.0387407843745348 0.0840137887426083 0.368627 0.443137 0.431373
vn -0.0004897369376511 0.0001850427332175 -0.0001320211159007
v -0.1483483016148790 0.0475640346340496 0.0851655497439578 0.368627 0.443137 0.431373
vn 0.0000341438748336 0.0000901389916928 -0.0003876698607992
v -0.0867274785611689 -0.1045301606829509 0.0997417755081608 0.368627 0.450980 0.431373
vn 0.0004660886959742 -0.0003164415854431 0.0000077423936265
v -0.0420498221744663 0.0260583748695636 0.0704955955974329 0.188235 0.203922 0.192157
vn 0.0003842553718651 -0.0001815321265606 0.0000025380909633
v -0.0447793005771109 0.0222063939151993 0.0630045072940629 0.203922 0.215686 0.200000
vn 0.0005001572243760 -0.0003451742496004 0.0000050165208169
v -0.0415928808649963 0.0269556532709133 0.0580444699857761 0.172549 0.172549 0.152941
vn 0.0000024009799477 0.0000109749639613 0.0004793055002890
v 0.1107756491878948 -0.0039319939315573 0.1091774978827555 0.431373 0.509804 0.478431
vn -0.0000135627416636 -0.0000203730105510 0.0005582995548151
v 0.1084477034818530 0.0054930784695054 0.1094474306795796 0.462745 0.533333 0.501961
vn -0.0000455137320678 0.0000184953088137 0.0004940204402964
v 0.1015447816260080 -0.0011234926532923 0.1084241221331035 0.443137 0.517647 0.494118
vn -0.0004152857495773 -0.0007002002504752 -0.0000984911066079
v -0.0970930990623508 -0.1271182479772260 0.0119381678303236 0.258824 0.266667 0.215686
vn 0.0000278066318461 0.0000046712130861 -0.0006785555640197
v 0.1077274989972188 -0.0002651912687258 0.1046330343549862 0.427451 0.501961 0.478431
vn -0.0000605667078803 0.0000037788069304 -0.0006697255349861
v 0.1132673670502034 0.0095895425683748 0.1050058781363089 0.419608 0.490196 0.458824
vn -0.0001057320919152 0.0000008495214294 -0.0008350474247539
v 0.1185495038080025 -0.0049932424150480 0.1045056968375325 0.427451 0.498039 0.470588
vn 0.0001340079916974 -0.0007289507075928 -0.0000000081184577
v -0.0243925648600829 0.1494323030735808 0.0110284528259703 0.129412 0.145098 0.121569
vn 0.0000627169021261 -0.0003216870399567 0.0000444322859388
v -0.0317387533626310 0.1481762471389345 0.0119994727304159 0.156863 0.180392 0.152941
vn 0.0001471700713499 -0.0004865296698014 -0.0001293172407323
v -0.0320612499032867 0.1496992425432546 0.0071124640984360 0.274510 0.282353 0.243137
vn 0.0004180034543828 -0.0003516718833563 0.0000689223093310
v 0.1193814632345866 -0.0999173345812204 0.0381102620101095 0.231373 0.282353 0.274510
vn -0.0009212887344129 -0.0001544526602659 -0.0000239029984686
v 0.1432613967979463 0.0395800574415745 0.0779790966310593 0.207843 0.231373 0.219608
vn -0.0007566836631201 -0.0001041685406858 -0.0000385485558699
v 0.1454550781635934 0.0227245933695998 0.0742850946737090 0.247059 0.286275 0.270588
vn -0.0007277626590862 -0.0001037453643412 -0.0000994700518313
v 0.1447732942404031 0.0273923275611769 0.0847459516587100 0.196078 0.223529 0.200000
vn 0.0000070265190605 0.0000754292803472 -0.0005082816362792
v 0.0459150010322389 0.0799462925120293 0.1029319397240499 0.396078 0.470588 0.450980
vn 0.0000269464990963 0.0000760561506870 -0.0005206868301023
v 0.0471740559230887 0.0703152283594410 0.1021492168932110 0.419608 0.494118 0.474510
vn 0.0003499615042594 -0.0003197181929752 0.0001149173508716
v 0.0690301218273193 -0.1414113640017182 0.1044903793873363 0.482353 0.505882 0.423529
vn 0.0000841764111476 -0.0002291831361602 0.0003534029945138
v 0.0583491382975148 -0.1463471942441737 0.1050692221587241 0.576471 0.588235 0.521569
vn -0.0000713914200375 0.0001161979100401 -0.0006357265287604
v -0.0415926612310779 0.0655458892925918 0.1005573002873212 0.419608 0.501961 0.482353
vn 0.0000211250716934 0.0001267389472958 -0.0008159184799033
v -0.0438275601944250 0.0771827431124119 0.1018228043302336 0.294118 0.360784 0.345098
vn -0.0000325001607070 0.0000625687931115 -0.0003753184564710
v -0.0354237419841740 0.0717556130899040 0.1009341151513690 0.400000 0.482353 0.462745
vn -0.0000428548493598 -0.0000524170083668 0.0005076660847977
v 0.0328977338371511 0.0944276293804271 0.1096438221772066 0.470588 0.541176 0.505882
vn -0.0000522636892772 -0.0001098408606103 0.0006930681860845
v 0.0307221585071542 0.0858344198363495 0.1082366142745408 0.376471 0.447059 0.427451
vn 0.0001799911664994 -0.0003685641136500 -0.0005075003593689
v 0.0505480239188981 -0.0448769642433295 0.0922394752192745 0.203922 0.258824 0.250980
vn 0.0001454264743939 -0.0002226058096655 -0.0007406126353806
v 0.0561989617898405 -0.0564763927137626 0.1012014686989351 0.400000 0.478431 0.462745
vn -0.0000677475998741 0.0001071875761326 0.0005926545236099
v -0.0769933732640875 0.1068635543157681 0.1047604475356329 0.423529 0.505882 0.482353
vn -0.0004707173142957 0.0005577329179060 0.0000966631510000
v -0.1071613837689880 0.1119660656165551 0.0459311481218939 0.462745 0.537255 0.509804
vn -0.0003632275454475 0.0004251511675190 0.0000669440230190
v -0.1159137936667711 0.1054781592311162 0.0512170334117019 0.450980 0.525490 0.517647
vn -0.0004657001929181 0.0005026982277698 0.0000159375975327
v -0.1096447278913774 0.1095758857013261 0.0576735524382754 0.392157 0.474510 0.458824
vn -0.0002604062519846 0.0003208124907361 0.0000370337178021
v -0.1152636068679885 0.1077310952470564 0.0432147117801183 0.419608 0.498039 0.478431
vn -0.0000861533546735 -0.0000359112389908 -0.0005991572189476
v -0.0971760119780686 0.0076944542881486 0.1022476380347934 0.443137 0.525490 0.505882
vn -0.0000993235557720 0.0000029135622874 -0.0005412503927143
v -0.0858864410975360 0.0098765121474973 0.1004482357809315 0.439216 0.533333 0.513725
vn -0.0000819409020342 -0.0000211281366578 -0.0003823966280337
v -0.0901748485275843 0.0028412804841949 0.1016590598821380 0.400000 0.474510 0.458824
vn 0.0000661674585493 -0.0000909688322355 0.0009385439043655
v -0.0148303095152924 0.0946040840266589 0.1072159996631000 0.427451 0.490196 0.466667
vn 0.0001021589149956 -0.0001174659225510 0.0008831890878798
v -0.0274215795476252 0.0884113775056235 0.1079200414244292 0.396078 0.466667 0.443137
vn 0.0000469846348949 -0.0000937711347985 0.0005612851044523
v -0.0165950503510613 0.0841766638825162 0.1052741013177065 0.376471 0.450980 0.431373
vn 0.0000113895440018 -0.0001086957440083 0.0007349540237440
v -0.0059385195412526 0.0806038372252301 0.1046380818903688 0.419608 0.501961 0.478431
vn -0.0008185450470210 0.0000584498239124 -0.0000985468567132
v 0.1489534545322502 -0.0094393491556718 0.0880532844667639 0.247059 0.282353 0.262745
vn -0.0003157924275613 0.0000320390627162 -0.0004893885683002
v 0.1412398754482343 -0.0066128675886487 0.0994779516816257 0.396078 0.478431 0.462745
vn -0.0005249429051575 -0.0000112577943843 -0.0004078369977161
v 0.1488629154428667 0.0011193569390165 0.0935201796906041 0.239216 0.266667 0.247059
vn 0.0000683496191400 0.0005198739765504 0.0000198733740196
v -0.0502200045555102 -0.1431433480600690 0.0413704171796772 0.137255 0.184314 0.180392
vn 0.0000598990542004 0.0004100786209157 0.0001465055776272
v -0.0604718879928360 -0.1413386136649194 0.0338501428936749 0.250980 0.309804 0.301961
vn 0.0002894638267535 0.0007565300941196 0.0000320183299983
v -0.0658501398643726 -0.1385469663742903 0.0398510761538091 0.192157 0.247059 0.239216
vn -0.0003683270093030 -0.0003658014832209 -0.0004701789085628
v 0.0805700527699170 0.1176465604167292 0.0983413388094677 0.388235 0.462745 0.443137
vn -0.0001926923863005 -0.0002867119883541 -0.0003214961395575
v 0.0746274488881717 0.1279665500015370 0.0936294570241199 0.235294 0.274510 0.258824
vn 0.0006482227371147 0.0001676226339760 -0.0000226670841840
v -0.1462389227793144 -0.0374113151946705 0.0693082477469994 0.270588 0.333333 0.321569
vn 0.0004782970617942 0.0001105774078489 -0.0000268010582869
v -0.1481558760961011 -0.0299817452187444 0.0647771868667111 0.258824 0.317647 0.301961
vn 0.0004672641544005 0.0001010042263596 -0.0000247646845194
v -0.1480214154033671 -0.0292283519554724 0.0744019976755995 0.282353 0.341176 0.325490
vn 0.0000240062325335 0.0000515107517540 -0.0006510984734923
v -0.0732503970628651 -0.0927070033780013 0.1030298257207301 0.380392 0.454902 0.431373
vn 0.0000391073029179 0.0000539790087453 -0.0004630741923024
v -0.0819960641231988 -0.0887743803540483 0.1029352474484763 0.411765 0.486275 0.462745
vn -0.0000151392396563 0.0000148849080984 -0.0003685500495164
v -0.0746542499355052 -0.0845811703793945 0.1036539173548523 0.423529 0.505882 0.478431
vn -0.0005622209578584 0.0003113038066919 0.0000134883980732
v -0.0496200494072989 0.0256471348413832 0.0196078828980317 0.152941 0.164706 0.156863
vn -0.0004027483488787 0.0002722393367026 0.0000309608222173
v -0.0465026856194157 0.0291380849849952 0.0283184437624388 0.117647 0.137255 0.133333
vn -0.0005953852448004 0.0005572849462249 0.0000124378675865
v -0.0407832633396060 0.0375874637214822 0.0193214860553935 0.133333 0.137255 0.137255
vn 0.0002811477466079 -0.0003626825478934 0.0002019500515560
v -0.0328710657622676 0.0374182984566379 0.0917649874895143 0.266667 0.305882 0.294118
vn 0.0001952763350160 -0.0003299153368929 0.0003436444978058
v -0.0255502637183909 0.0466373491908682 0.0980670135149613 0.552941 0.600000 0.572549
vn 0.0000686675561398 -0.0001661060424020 0.0003023466257539
v -0.0338472521017002 0.0431872890351242 0.0965225870691689 0.470588 0.529412 0.513725
vn 0.0001643010090433 -0.0002260365608526 0.0004257984801509
v -0.0406804647731702 0.0371673497821417 0.0957588750626186 0.478431 0.541176 0.521569
vn 0.0006230354897977 0.0002938641512980 -0.0000263604984753
v -0.1386461595241369 -0.0611530117858161 0.0533344133334639 0.164706 0.215686 0.207843
vn 0.0003832504248003 0.0001953316739742 -0.0000051927617614
v -0.1367413960020434 -0.0642484047848183 0.0604592997958877 0.258824 0.317647 0.309804
vn 0.0007457282734775 0.0004156725376723 -0.0000378586202091
v -0.1329146155880975 -0.0716995826705913 0.0503470083583544 0.125490 0.164706 0.156863
vn -0.0008689870260603 0.0001193803560315 0.0000423776443375
v -0.1554501417128452 0.0005782702480543 0.0609251581538613 0.345098 0.415686 0.403922
vn -0.0005993427807336 0.0000298667671261 0.0000154836868683
v -0.1547670835832499 0.0105801076352864 0.0674810630732695 0.396078 0.470588 0.454902
vn -0.0007244719664477 0.0000506118534252 0.0000340940416292
v -0.1549043722408257 0.0150410804101455 0.0574560645962331 0.384314 0.458824 0.443137
vn 0.0004038994189288 -0.0006405228599637 -0.0000058725977674
v 0.0859378981123684 -0.1293823800835333 0.0481684460280828 0.305882 0.380392 0.368627
vn 0.0003120282862375 -0.0005242574402460 0.0000164929652916
v 0.0848364887600190 -0.1299416430319032 0.0590058974107312 0.278431 0.352941 0.349020
vn 0.0002384810510579 -0.0003973853290764 0.0000122372092295
v 0.0778676135002715 -0.1342475147676031 0.0549362152862487 0.352941 0.435294 0.431373
vn -0.0002567292992689 -0.0007100892153025 0.0000091094263230
v -0.0565242966226884 -0.1468410298955570 0.0813396485666213 0.290196 0.333333 0.313725
vn -0.0002023848408611 -0.0007270612362999 0.0000010949950028
v -0.0422577206940692 -0.1514555224130960 0.0811847054228287 0.286275 0.333333 0.321569
vn -0.0002000406351881 -0.0006313483699291 0.0000061225300668
v -0.0463749406566429 -0.1501864322035732 0.0921836312231010 0.278431 0.321569 0.301961
vn 0.0001365659828987 -0.0002195885993492 -0.0005563015905250
v -0.0917571903027493 0.1045508124716251 0.0987165395091209 0.427451 0.505882 0.482353
vn 0.0002918320968490 -0.0003480551001189 -0.0007053944132961
v -0.0845494554454429 0.1127503894933630 0.0983956758051906 0.431373 0.513725 0.486275
vn 0.0003542922396272 0.0004708102097389 -0.0000102830592589
v -0.1096020918318206 -0.1123996613475046 0.0005546712889590 0.176471 0.192157 0.164706
vn 0.0003333425402597 0.0002816755136771 0.0000310199708402
v -0.1172470714118928 -0.1076068914617620 0.0045534443223750 0.235294 0.231373 0.192157
vn 0.0004442331461348 0.0004407304112352 -0.0000355004199703
v -0.1163584775108422 -0.1074001108965173 0.0138324729730155 0.243137 0.266667 0.243137
vn 0.0001267443421869 -0.0007081949803057 0.0000035933498999
v -0.0032397602065415 0.0506323423756415 0.0457194801590366 0.125490 0.129412 0.129412
vn 0.0002926380101189 -0.0009373932053916 -0.0000207870641984
v -0.0099472363341403 0.0487195803571126 0.0356831596458789 0.133333 0.141176 0.141176
vn 0.0000115237339378 -0.0005615319141648 0.0000141038366608
v 0.0003859727845348 0.0512451287927411 0.0357723976408809 0.121569 0.133333 0.129412
vn -0.0000821803805796 -0.0006909271712356 -0.0000036065368007
v 0.0082169681090946 0.0506578221029440 0.0420838858689098 0.160784 0.164706 0.164706
vn 0.0004022943052381 -0.0002856029093516 -0.0002104574644490
v 0.1123314766197172 -0.1087837921592899 0.0004595824865852 0.270588 0.278431 0.231373
vn 0.0002380801986181 -0.0002184054098906 -0.0001585102163499
v 0.1060536298803357 -0.1164855964025156 -0.0008704347481557 0.266667 0.274510 0.227451
vn 0.0000036755052273 -0.0000023640394382 -0.0001587344244131
v 0.1091342885219481 -0.1085109861468719 -0.0017182389421929 0.211765 0.215686 0.168627
vn -0.0003313812159583 0.0002961336792647 -0.0004067567516543
v 0.0340232689787646 -0.1484274656436400 0.0932946359344450 0.282353 0.349020 0.349020
vn 0.0003450163489123 -0.0005690830206127 0.0000624827631814
v -0.0677996032166406 0.1380193838052536 0.0276998023283681 0.392157 0.454902 0.431373
vn 0.0004433433144129 -0.0005756037262154 0.0000012381598652
v -0.0639331681366864 0.1359855661740076 0.0150565511987667 0.149020 0.141176 0.105882
vn 0.0005991376007012 -0.0000913406469524 -0.0002865700669109
v -0.1471088433037469 0.0345929010830858 0.0907420096054257 0.247059 0.294118 0.274510
vn 0.0007927501190363 -0.0002168053843829 0.0000008504723043
v -0.1458767434524006 0.0399974113626064 0.0820769167616866 0.372549 0.443137 0.427451
vn 0.0004656632032158 -0.0002460976897816 -0.0002105909553481
v -0.1442214421298361 0.0459149544800511 0.0903035564299361 0.392157 0.458824 0.443137
vn 0.0003449254801938 -0.0001021599867364 -0.0005809117990345
v -0.1401172041317448 0.0412328809902099 0.0984686257828116 0.396078 0.474510 0.454902
vn -0.0002817093560071 -0.0003130164590132 0.0002868126293728
v -0.0706150933286381 -0.1424885524768240 0.1007119938474345 0.564706 0.560784 0.478431
vn -0.0003259502954897 -0.0005803157181021 -0.0000225440588925
v -0.0778602207511448 -0.1398096061948798 0.0881600539955026 0.341176 0.317647 0.262745
vn -0.0001950091841500 -0.0006400586484535 0.0000296565895579
v -0.0659947227933427 -0.1460045205468886 0.0981624755297942 0.415686 0.400000 0.321569
vn 0.0002416069602914 -0.0006206749578327 0.0000630632777465
v -0.0118561989170188 0.1459715152077029 0.0814704940541772 0.235294 0.294118 0.286275
vn 0.0001022281677932 -0.0004337176114627 0.0000467279366294
v -0.0038942672421489 0.1486460064532539 0.0775615099585913 0.345098 0.423529 0.407843
vn 0.0001333299086548 -0.0005890505642879 -0.0000305938731568
v -0.0118245359340916 0.1426619169486850 0.0731543680630123 0.047059 0.074510 0.070588
vn 0.0000107005154732 0.0000107188109878 0.0007657792346847
v -0.0213629179352051 -0.1082176746922786 0.1095663678015121 0.423529 0.501961 0.482353
vn 0.0000292097077181 -0.0000965614230271 0.0006760140051401
v -0.0095905539018230 -0.1145612248367080 0.1088861394760302 0.400000 0.478431 0.458824
vn 0.0000248951749718 0.0000275269749530 0.0004897934095528
v -0.0095489519204280 -0.1054265375012915 0.1089837237427402 0.368627 0.450980 0.435294
vn -0.0000837802139465 0.0000576684296121 -0.0009197332597289
v -0.0764635498809122 0.0726851440553707 0.0982650222865037 0.168627 0.223529 0.219608
vn -0.0000166041577987 0.0000287940766178 -0.0006169902500193
v -0.0807284313416235 0.0838111483422749 0.1036558695802910 0.443137 0.517647 0.498039
vn -0.0006856963239293 -0.0000616324289896 -0.0003651967099148
v -0.0547174949390512 -0.0107704727935610 0.0832615298520511 0.184314 0.192157 0.176471
vn -0.0000818510645081 0.0004740802470561 0.0000390197111211
v -0.0316233943191898 0.1501280827985941 0.0684508528299807 0.325490 0.407843 0.400000
vn -0.0001459522807611 0.0006719578373444 0.0000754914298346
v -0.0390043117315559 0.1483174050875922 0.0733948364223534 0.411765 0.498039 0.490196
vn -0.0002016865886161 0.0010503105098834 0.0001373718022611
v -0.0233682069531577 0.1510366584006551 0.0795211239792966 0.364706 0.435294 0.419608
vn -0.0007508845430626 0.0000473313479855 -0.0001561566345202
v 0.1485324175556163 -0.0053171366298015 0.0528117009961621 0.133333 0.172549 0.156863
vn -0.0004904192672924 0.0000384078599316 -0.0000854401315231
v 0.1513097018885177 -0.0068085313298266 0.0424835849138512 0.223529 0.266667 0.254902
vn 0.0000285478138516 -0.0000682044035745 -0.0002714932633926
v -0.0293937524658064 0.1535002861139018 -0.0017080101838429 0.356863 0.352941 0.294118
vn -0.0001551175485714 0.0005739691009949 -0.0001084961039305
v -0.0291916211568397 0.1568644494942362 0.0040264814074604 0.427451 0.427451 0.364706
vn -0.0000360177976607 0.0002117871166830 -0.0002696264685186
v -0.0160510119126011 0.1580176156473670 -0.0003236282705748 0.400000 0.384314 0.317647
vn -0.0001688568103251 0.0004679621207051 -0.0002006002306558
v -0.0368086180447893 0.1541522088042497 0.0005812691359151 0.501961 0.513725 0.462745
vn 0.0001881094638075 -0.0005553168040290 -0.0000361607317016
v -0.0486154326147359 0.1414358953752142 0.0691869642095642 0.274510 0.349020 0.345098
vn 0.0002560642133679 -0.0006454789426650 -0.0000452116160138
v -0.0573406862356755 0.1389073128495622 0.0599917855482618 0.301961 0.380392 0.376471
vn -0.0004413591201795 -0.0006282100698447 0.0000265022512344
v -0.0880370530454102 -0.1306200381513191 0.0619046873040661 0.203922 0.247059 0.239216
vn -0.0003794355810480 -0.0006511014188998 0.0000395287527933
v -0.0780406172514802 -0.1371547053794139 0.0605984890139461 0.235294 0.282353 0.274510
vn -0.0003127522907081 -0.0005454523633768 -0.0000159184375177
v -0.0785637174638928 -0.1364566421210016 0.0718846837253691 0.250980 0.294118 0.282353
vn 0.0003540795050926 0.0008918212160948 0.0000168410632921
v -0.0348461552450444 -0.1486529201773125 0.0514611294842156 0.070588 0.098039 0.094118
vn 0.0001914994098861 0.0007282497236176 0.0000751483157574
v -0.0468185837715462 -0.1458307278248702 0.0582842199512900 0.235294 0.286275 0.282353
vn 0.0001591881319742 0.0006595401798940 -0.0000578268525403
v -0.0371324708460934 -0.1467346864779595 0.0643647237428659 0.086275 0.121569 0.113725
vn 0.0000194638392162 -0.0001116161035243 -0.0007660471582070
v 0.0958077556201715 0.0484083731193933 0.1055497654831953 0.447059 0.521569 0.494118
vn -0.0000027170925478 -0.0001324016616290 -0.0006972129743689
v 0.0898797909126110 0.0620131232420073 0.1022152747411972 0.219608 0.266667 0.262745
vn -0.0001325728624157 -0.0001582932557489 -0.0004681377911442
v 0.1006262960844541 0.0611010947542152 0.1015895769473100 0.141176 0.188235 0.180392
vn 0.0000228291924446 -0.0000948025019063 -0.0002005142713806
v 0.1137274892060080 0.0642137039593646 0.0923326582883265 0.231373 0.290196 0.274510
vn -0.0001796826008474 -0.0001610446401145 -0.0004394265541086
v 0.1085147127702038 0.0617693536510401 0.0943219084336280 0.141176 0.188235 0.192157
vn -0.0002422987519850 0.0001750188231945 -0.0006943503619135
v 0.1168569261475930 0.0700761010496983 0.0947135490434231 0.262745 0.329412 0.313725
vn -0.0000804692305931 0.0001578504828846 -0.0007575904131266
v 0.0801580978358071 -0.1067720801453145 0.1021356320596463 0.443137 0.517647 0.486275
vn -0.0000496263193466 0.0001075083630992 -0.0006294427019624
v 0.0684205175526397 -0.1058829124726373 0.1036980354120459 0.447059 0.505882 0.474510
vn -0.0000052682253913 0.0000055626704122 -0.0007989759242198
v 0.0702380057665432 -0.0937487837316910 0.1053521351067174 0.490196 0.549020 0.509804
vn 0.0000717683493617 -0.0000993243500282 -0.0007616708217471
v -0.0619656842117068 0.0999573225433175 0.1034761578772762 0.443137 0.513725 0.498039
vn 0.0000036875967766 0.0000927450610429 -0.0005777282932373
v -0.0616415725986588 0.0895197249564692 0.1043493387272144 0.470588 0.545098 0.525490
vn -0.0006380579656486 -0.0004860367330770 -0.0000045130296260
v 0.1160360830145448 0.0998843884724048 0.0123444560057438 0.227451 0.239216 0.203922
vn -0.0003190007994658 -0.0001374040985701 -0.0000355952894337
v 0.1221212550731465 0.0930041083889498 0.0079199050149009 0.309804 0.286275 0.219608
vn -0.0008266354580650 -0.0004359267080799 -0.0001161723745924
v 0.1201103475771535 0.0855319454497628 0.0154581316336220 0.101961 0.109804 0.082353
vn 0.0004137102166510 0.0000447389543867 0.0001248090555285
v 0.1495323066534184 0.0306164254309778 0.1034091132131977 0.317647 0.368627 0.345098
vn 0.0001674921720280 -0.0000744765343189 -0.0009761312424688
v 0.0724273271565432 -0.0704383206045729 0.1024080351416384 0.231373 0.290196 0.282353
vn 0.0001091812541076 -0.0000470406391967 -0.0005456580016432
v 0.0708215808807503 -0.0845999742509040 0.1054809063746256 0.462745 0.525490 0.498039
vn 0.0000343802437787 -0.0000880346465290 -0.0007065168829267
v 0.0626925873269359 -0.0813714583736872 0.1008064571283705 0.192157 0.239216 0.239216
vn 0.0000543942496096 -0.0000284840755803 -0.0007626779598408
v 0.0798478188801135 -0.0824277800739172 0.1059729284841122 0.450980 0.513725 0.486275
vn 0.0000088063453498 -0.0000203444943417 -0.0007892486648185
v -0.0263172754178408 -0.1075352593704625 0.1051632181595674 0.407843 0.490196 0.462745
vn -0.0000644658386499 -0.0001264160658840 -0.0004931294376029
v -0.0211573818721064 -0.0963703267407276 0.1040578738873852 0.447059 0.529412 0.509804
vn -0.0001979437610606 -0.0000847598146201 -0.0008437613135409
v -0.0132269373400024 -0.1047165491969207 0.1047893047916360 0.396078 0.470588 0.454902
vn -0.0003347243079728 -0.0005947592591001 0.0000309878220048
v -0.0545866606844709 -0.1498947495535974 0.0101641751290314 0.203922 0.227451 0.203922
vn -0.0001797333693868 -0.0005476318811461 -0.0000384456491284
v -0.0469676756522455 -0.1531148607465314 0.0098945340806851 0.180392 0.207843 0.188235
vn -0.0002555185599025 -0.0005200647200214 0.0000111910099983
v -0.0472906578748887 -0.1537231272631254 0.0181740291322938 0.286275 0.341176 0.317647
vn 0.0006176618470815 0.0004112296967461 -0.0002228721054793
v -0.1348331351400480 -0.0710066493241807 0.0115080757371436 0.243137 0.247059 0.211765
vn 0.0003836718539686 0.0002437398536461 -0.0000669937484065
v -0.1396438175990415 -0.0632876525778684 0.0125885312326053 0.196078 0.207843 0.180392
vn 0.0007137489510742 0.0004002669792105 0.0000325694555974
v -0.1346178036485668 -0.0661395878418521 0.0206276226507733 0.117647 0.129412 0.109804
vn -0.0002000528935636 -0.0001111675101463 0.0007286610127962
v 0.0485298998851660 0.0498445821766270 0.1017006864473208 0.400000 0.482353 0.462745
vn -0.0001325395619921 -0.0001061674051467 0.0007348358053417
v 0.0572818419030759 0.0532334384741364 0.1050139130736982 0.439216 0.517647 0.498039
vn -0.0000729468608716 -0.0001248703964783 0.0006126345708169
v 0.0494367551911625 0.0609352823878888 0.1051461963032538 0.439216 0.521569 0.498039
vn 0.0005408489500436 -0.0003354473843142 0.0000112405969705
v -0.1302896253594911 0.0764789065684790 0.0692071253136427 0.298039 0.364706 0.360784
vn 0.0004041774633846 -0.0002460993254495 -0.0000046163860922
v -0.1297262423415703 0.0767559148831261 0.0608511783573898 0.490196 0.572549 0.552941
vn -0.0006843060982980 0.0000768497975156 -0.0001092709523267
v -0.1578269121356681 0.0328168452608824 0.0931127170687213 0.596078 0.592157 0.498039
vn 0.0005997672339659 0.0002122821499220 0.0000332234805655
v 0.1455712972993492 0.0531286439587649 0.0521665143289013 0.278431 0.321569 0.301961
vn 0.0008426321016871 0.0002174152199788 0.0000223529904342
v 0.1496928528788218 0.0390332983596644 0.0566112624602831 0.231373 0.274510 0.262745
vn -0.0008718075411259 -0.0003015962289333 -0.0000564156601804
v -0.0525108899604565 -0.0180140710754878 0.0673924942947495 0.121569 0.133333 0.121569
vn -0.0006478219461467 -0.0002066873762797 -0.0001778145200042
v -0.0528798626478758 -0.0191242429100783 0.0794563014545889 0.172549 0.188235 0.172549
vn -0.0009083031504877 -0.0000666735967566 -0.0000348815850123
v -0.0552531696411504 -0.0049192192476229 0.0728330919011841 0.152941 0.164706 0.149020
vn 0.0006781741878707 -0.0000156579632248 0.0000168623700941
v -0.1503806900137969 -0.0056272313586257 0.0731898204697007 0.368627 0.443137 0.419608
vn 0.0008468724935994 -0.0000157867514440 0.0000030127183598
v -0.1509535118620530 -0.0051617583629377 0.0595589610655113 0.160784 0.203922 0.196078
vn 0.0007805286167258 -0.0000227446703425 -0.0000210186272153
v -0.1505128427097291 0.0055054943361490 0.0693241666832207 0.341176 0.411765 0.400000
vn -0.0000895742563462 0.0001528257775155 -0.0002013534062760
v -0.1034566080220321 0.1177003394343612 -0.0004345258675400 0.427451 0.470588 0.423529
vn -0.0000758138768484 0.0001036675370184 -0.0001331818106541
v -0.0963381880436936 0.1210914062207435 -0.0002846097853513 0.329412 0.356863 0.321569
vn 0.0001212571845434 -0.0001863107018133 -0.0000788120778809
v -0.0948826818191577 0.1169660556434100 0.0003830306143652 0.356863 0.388235 0.337255
vn -0.0000191399644236 0.0000581046500411 0.0006198184418984
v -0.0582115555643155 -0.1307469456082669 0.1031537476674614 0.388235 0.470588 0.450980
vn -0.0000949018795468 -0.0001341074759467 0.0008107421327682
v -0.0497543413429088 -0.1230737633979441 0.1051392020917371 0.388235 0.466667 0.439216
vn -0.0002750617695596 0.0005409251172255 0.0000548954210757
v 0.0218403115933596 -0.0451575166866440 0.0091129342035516 0.105882 0.121569 0.117647
vn -0.0003153264845927 0.0004574068345523 0.0000257153332798
v 0.0290938635894356 -0.0413632343400999 0.0123570223344915 0.086275 0.105882 0.101961
vn -0.0007703857978156 0.0001143685071128 -0.0001207321324362
v -0.1526455947450634 0.0301951360710918 0.0779070034357774 0.435294 0.505882 0.498039
vn 0.0000669493187491 0.0008313320684122 0.0000515506098747
v 0.0102807882479779 0.1544342400531293 0.0575267870595835 0.384314 0.462745 0.447059
vn 0.0000118340076965 0.0005121124033108 0.0000459688114090
v 0.0030624853498384 0.1542295577805083 0.0645019674825667 0.270588 0.349020 0.333333
vn 0.0000497970363864 0.0006195414818987 0.0000349038009656
v 0.0153040553398748 0.1529988919273235 0.0721454631001636 0.266667 0.333333 0.321569
vn 0.0000105778526830 -0.0000185907859875 -0.0004394231374932
v -0.1208153359488692 0.0178246135718340 0.1028270967595032 0.423529 0.513725 0.482353
vn -0.0000300653239918 -0.0000045912835812 -0.0008907337159431
v -0.1104453556867393 0.0222569454361642 0.1018420218872552 0.196078 0.250980 0.250980
vn 0.0004850105999062 -0.0000649375278282 0.0000907606683660
v -0.1529399603357998 0.0274572929285125 0.0069136166666512 0.349020 0.384314 0.352941
vn 0.0003488944435764 0.0000059949718645 0.0000392649969177
v -0.1492436489746589 0.0183299682092842 0.0006669735941969 0.345098 0.368627 0.333333
vn 0.0001005935216350 0.0000020412317647 -0.0003596976303650
v 0.1552345594297777 0.0091411533384497 -0.0016164694230420 0.160784 0.160784 0.129412
vn 0.0000509090525184 -0.0000000345900689 -0.0001848450452863
v 0.1541482218794895 -0.0010917439094561 -0.0010892032605422 0.145098 0.149020 0.121569
vn -0.0005662420186923 0.0000000930826836 0.0000522269986245
v 0.1493724774865911 0.0004812958162042 0.0004220002534481 0.152941 0.160784 0.129412
vn -0.0003552078747795 -0.0002204263919913 0.0004340208212647
v 0.0512778207284687 0.0216847317745165 0.1004272835317258 0.501961 0.549020 0.517647
vn -0.0007155499260587 -0.0003408635989554 0.0000462298580050
v 0.0488882285998102 0.0229065788218094 0.0889147189690219 0.176471 0.192157 0.192157
vn -0.0004158740511373 -0.0000848187972410 0.0001824713027979
v 0.0532870960984509 0.0102505285730775 0.0957193758048774 0.313725 0.352941 0.337255
vn -0.0005252852533627 -0.0003603149503899 0.0002886381169603
v 0.0408562733612521 0.0345406349141014 0.0979826457874732 0.376471 0.411765 0.380392
vn 0.0000100898151582 0.0000123365956476 -0.0003815716688318
v -0.0812757326682443 -0.0796931521451057 0.1037258526817450 0.419608 0.498039 0.474510
vn -0.0000660875278892 -0.0000410639678853 -0.0007415193364091
v -0.0726318725797507 -0.0764643031266503 0.1034446110315995 0.423529 0.505882 0.486275
vn -0.0003014863305632 0.0004612341152545 0.0000167458779771
v -0.0854706647351420 0.1293966928408038 0.0597417724819583 0.360784 0.447059 0.423529
vn -0.0003192491353569 0.0004640279196203 0.0000079529370577
v -0.0891359747339696 0.1265330359164992 0.0669405997131727 0.333333 0.403922 0.400000
vn -0.0002272048861324 0.0003760843396900 0.0000090775325420
v -0.0797779705829859 0.1323651823403855 0.0680707675677369 0.407843 0.490196 0.478431
vn 0.0000859114167822 0.0000387261957519 -0.0005067155928521
v 0.0296778946968307 0.0958631797901375 0.1051954035252707 0.450980 0.513725 0.486275
vn 0.0001018388634359 0.0000599063180449 -0.0007098064832640
v 0.0189431822322929 0.0946608870357313 0.1014708723475740 0.149020 0.200000 0.192157
vn -0.0000416935572028 -0.0000742848004395 0.0005714948252645
v -0.0320451320726737 -0.1155950588012178 0.1087592130508621 0.427451 0.494118 0.470588
vn -0.0000199487159957 0.0000022328884468 0.0004833344389105
v -0.0299767909651562 -0.1073674230446849 0.1093862624610213 0.419608 0.494118 0.470588
vn -0.0000754273801430 -0.0000907163307895 0.0007684011952049
v -0.0433616015977019 -0.1112362477067140 0.1081253588254951 0.388235 0.454902 0.427451
vn 0.0003956919592604 -0.0001018906675562 -0.0001875206853161
v 0.0535808077377153 -0.0126587247934321 0.0007007920852657 0.188235 0.180392 0.160784
vn 0.0004725036753747 -0.0002290595639383 -0.0001096643501024
v 0.0503510649148700 -0.0252858743799562 0.0033011879598049 0.168627 0.172549 0.156863
vn 0.0000382291955473 -0.0000222798111689 -0.0002327650592692
v 0.0485873713097735 -0.0196544183266876 -0.0016677188118398 0.254902 0.258824 0.239216
vn -0.0000027841642551 0.0008066003409668 0.0001866379090226
v 0.0166210737815660 0.1579934756518114 0.0252288199724697 0.345098 0.403922 0.372549
vn 0.0000253121074824 0.0006244457634734 0.0000989611408360
v 0.0068700199453750 0.1565501261778793 0.0331357957379157 0.317647 0.396078 0.384314
vn 0.0000455020159915 0.0007647930324593 0.0001560059191144
v 0.0198424935186917 0.1548903896738626 0.0361858933859011 0.337255 0.403922 0.388235
vn 0.0003469892922931 0.0005267164605006 -0.0000747194969642
v 0.0853036673019352 0.1347182952834925 0.0110316636892259 0.345098 0.337255 0.278431
vn 0.0003154355885141 0.0004059073704057 0.0000769350948936
v 0.0879561482458526 0.1334334316813371 0.0207241491728606 0.266667 0.294118 0.258824
vn 0.0004067773660969 0.0004813218344961 -0.0000321146455327
v 0.0935382792652949 0.1284966624309619 0.0115420399617785 0.392157 0.360784 0.270588
vn -0.0006443179293882 -0.0001308442161988 -0.0002027426134869
v 0.1515099382662180 0.0240490459824629 0.0204678434734717 0.168627 0.184314 0.164706
vn -0.0011990215934823 -0.0001314201145070 -0.0002150538956010
v 0.1491764343365439 0.0097127957170024 0.0259836498584084 0.070588 0.090196 0.082353
vn -0.0005860878333685 -0.0000887735271613 -0.0000127197656260
v 0.1505291591814166 0.0233523160300573 0.0287557982435111 0.215686 0.247059 0.223529
vn 0.0000417394277834 -0.0002068932378411 -0.0002875344556386
v 0.0135570840358617 -0.0500326142349688 -0.0014597912777695 0.243137 0.270588 0.231373
vn 0.0000109944436261 -0.0000331450495953 -0.0002187106128499
v 0.0240798788017122 -0.0463261576849430 -0.0016428563639410 0.207843 0.235294 0.211765
vn -0.0001025010303740 0.0004818302533355 0.0000495014090151
v -0.0350798793704106 0.1504129328834552 0.0608565581763791 0.360784 0.443137 0.435294
vn 0.0000356637463265 -0.0001091120516778 -0.0006715639735364
v 0.0014012577140547 -0.0843228112809521 0.1001673978590345 0.407843 0.498039 0.478431
vn -0.0000008356529984 -0.0000910575749717 -0.0007106012400258
v -0.0095765271903666 -0.0807356980722084 0.0990378136062377 0.396078 0.478431 0.466667
vn 0.0000930856240864 -0.0000089937355277 -0.0004778097717875
v -0.1378926939309848 -0.0066159328216677 0.1004492346166165 0.396078 0.470588 0.450980
vn 0.0001580835908079 -0.0000172364436116 -0.0007209024891989
v -0.1332359434960404 0.0042747162004867 0.1013597366435631 0.443137 0.529412 0.501961
vn 0.0001331818975000 0.0000103251526604 -0.0006689090368246
v -0.1276664536345233 -0.0099356452669609 0.1027229226813689 0.411765 0.490196 0.466667
vn 0.0000016479955201 -0.0009026005522754 -0.0000334947222942
v 0.0006741489765079 0.0508598709779313 0.0266586698041502 0.113725 0.129412 0.137255
vn 0.0001006337335365 -0.0007395207811991 0.0000362026613115
v -0.0038300418130999 0.0509811711180581 0.0169204995948218 0.149020 0.160784 0.164706
vn -0.0000441520009603 -0.0007277661552556 0.0000589975107936
v 0.0055061287218506 0.0514384454424860 0.0105023356026520 0.156863 0.156863 0.156863
vn -0.0001256887761360 -0.0006476124568358 -0.0000311486898395
v 0.0135325723698201 0.0499842504748348 0.0172904001462523 0.137255 0.156863 0.160784
vn -0.0000115828160660 -0.0005460251149881 -0.0000286373527518
v -0.0010676492411348 0.1505342189503100 0.0519665537216031 0.341176 0.419608 0.403922
vn -0.0000398941330997 -0.0006890203994117 -0.0000562816635217
v 0.0094617265842193 0.1495974613819109 0.0612336948069638 0.274510 0.349020 0.337255
vn 0.0000841425971622 -0.0004526629365145 -0.0001130746184890
v -0.0035317585916361 0.1499805822194330 0.0615214385035560 0.341176 0.419608 0.407843
vn 0.0000923752129828 -0.0001088386500723 -0.0001216433806792
v -0.1046035772166034 0.1116257863080422 -0.0005867940353322 0.403922 0.447059 0.400000
vn 0.0001119252300989 0.0001333221300116 0.0008072188423068
v -0.0611548291108158 -0.0526165650065698 0.1036280502368952 0.431373 0.521569 0.509804
vn 0.0000676096360400 0.0000552260663952 0.0004550484550898
v -0.0549459516796819 -0.0636917081469577 0.1040884002028954 0.423529 0.509804 0.501961
vn 0.0001020346625723 0.0001185504806122 0.0005556468368811
v -0.0491387557083671 -0.0570208645646851 0.1026339092549661 0.439216 0.533333 0.509804
vn 0.0000994309930845 0.0000873665744495 0.0007853518838237
v -0.0643887842013908 -0.0659266972666685 0.1062949753797130 0.400000 0.482353 0.466667
vn -0.0002892313574915 -0.0001333622646899 -0.0007642922768348
v 0.1088042369396692 0.0812505725158331 0.1000776060812596 0.376471 0.450980 0.431373
vn -0.0002440733659212 0.0001037666227898 -0.0009127911251871
v 0.1006435666653538 0.0683275274165650 0.1006449942144935 0.196078 0.254902 0.254902
vn -0.0001172537162696 -0.0000476158219372 -0.0006410383227807
v 0.0974247102072363 0.0837251934554943 0.1019190608508962 0.396078 0.466667 0.439216
vn 0.0000301082721333 -0.0003691944833402 -0.0002814015907080
v -0.0087937562614281 -0.1527252842926942 -0.0017118010591435 0.239216 0.270588 0.243137
vn 0.0010420642931881 -0.0002059671721574 -0.0000323576646923
v -0.1502127092570088 0.0266343878400467 0.0390296440178480 0.282353 0.329412 0.313725
vn 0.0000376908504181 0.0009029965226634 0.0001287417726320
v -0.0124983525691131 -0.1519755706524338 0.0245303720403248 0.086275 0.109804 0.098039
vn 0.0000093775977298 0.0006910230515827 0.0000164778603656
v 0.0007753596515295 -0.1534392711083270 0.0353932190226525 0.301961 0.376471 0.368627
vn 0.0002543105582728 0.0005939541925852 -0.0002679232521763
v 0.0255003355234762 0.0516669896593616 0.0819285974603138 0.180392 0.203922 0.192157
vn 0.0004396855836155 0.0005270546807066 -0.0007285428868475
v 0.0387591664262784 0.0536805691949067 0.0925710247075166 0.172549 0.223529 0.215686
vn 0.0003592136290425 0.0004127942807618 -0.0001787303074820
v 0.0334610585504735 0.0474517203165295 0.0811628865965972 0.176471 0.200000 0.188235
vn 0.0002969668561621 0.0008370107599825 -0.0000067108304924
v 0.0204176848284723 0.0532105474811542 0.0566043034700937 0.149020 0.149020 0.145098
vn 0.0001852187715840 0.0003225208783715 -0.0000015674493130
v 0.0290051477860022 0.0488604121503122 0.0524526666557100 0.145098 0.149020 0.145098
vn -0.0001308311745286 -0.0002822479672840 -0.0005753194422668
v 0.0630461771414822 0.1240359903411900 0.0992472255964108 0.376471 0.447059 0.423529
vn -0.0002570681414848 -0.0005440616094492 -0.0001875125615824
v 0.0670183246743005 0.1320014180088472 0.0923520164819313 0.227451 0.258824 0.235294
vn -0.0000317361733811 -0.0000115488075765 0.0008005542431479
v -0.1052610509890463 -0.1014021295769598 0.1026441427425867 0.376471 0.458824 0.439216
vn -0.0000719617002956 -0.0000463201333560 0.0004363579389760
v -0.1175118262799367 -0.0979837490829464 0.1032002367149386 0.392157 0.466667 0.454902
vn -0.0000939864224250 -0.0000561487047659 0.0002720895774031
v -0.1128988469287693 -0.1049398912591527 0.1028210792698970 0.396078 0.474510 0.454902
vn 0.0000405392737303 -0.0000473520208661 -0.0004165706993732
v 0.0482550618970369 -0.0866937153506967 0.1035985124550134 0.454902 0.529412 0.509804
vn 0.0000573135254446 -0.0000672788078516 -0.0005016732231206
v 0.0379999690869505 -0.0883740622603155 0.1029615763911044 0.419608 0.482353 0.474510
vn 0.0000702904035261 -0.0000802995516284 -0.0006428211022286
v 0.0399532652593260 -0.0783219413708815 0.1018776266166609 0.380392 0.458824 0.450980
vn -0.0007412115781329 0.0003432108259405 0.0000799771226314
v 0.1377874429853659 -0.0576545920679056 0.0178142374755438 0.047059 0.066667 0.058824
vn -0.0004015735130490 0.0002177522205751 0.0001316178719623
v 0.1345911626604425 -0.0661362414996482 0.0203216625390983 0.133333 0.156863 0.137255
vn -0.0007597441030206 0.0003330763399181 0.0000560623638133
v 0.1391721760932135 -0.0597524286226891 0.0315010364168975 0.196078 0.247059 0.235294
vn -0.0007210224834551 0.0003033929861182 -0.0000337272197757
v 0.1295181431186845 -0.0681170338994749 0.0149925261638099 0.086275 0.109804 0.098039
vn 0.0005466691051264 0.0005664406754528 -0.0000747322905051
v -0.1120281577058705 -0.1025056047711407 0.0847226665307016 0.203922 0.239216 0.231373
vn 0.0002831755383460 0.0003043201181777 -0.0001956614063412
v -0.1167245551263664 -0.0964412509397582 0.0890498983091532 0.223529 0.266667 0.250980
vn -0.0000751719006819 -0.0001461314306803 0.0005491621726103
v 0.0410026083197348 0.0657719097181613 0.1054026896714487 0.400000 0.478431 0.458824
vn -0.0002481919210958 -0.0004251150020260 0.0000237924609900
v 0.0940350209672302 0.1136719661879259 0.0789317942617932 0.113725 0.137255 0.125490
vn -0.0004149932904217 -0.0005821431452792 0.0000661669445804
v 0.0967931173230593 0.1063176054958785 0.0678092480669455 0.023529 0.031373 0.027451
vn -0.0001253917800036 0.0001245904694642 0.0005698646464760
v -0.1342346801438911 0.0616101744468739 0.1012079479255909 0.419608 0.509804 0.478431
vn -0.0005480107614255 0.0002901427530157 -0.0000071093782287
v -0.0485142725441680 0.0242889200399469 0.0733727166872182 0.168627 0.184314 0.172549
vn -0.0004371950739807 0.0002744275721008 0.0000039497012038
v -0.0477197267025842 0.0258860048683564 0.0627023090782169 0.188235 0.196078 0.180392
vn -0.0007189366426033 0.0002406892728112 -0.0000186869639384
v -0.0522363028276392 0.0170722544638139 0.0638261292060677 0.176471 0.184314 0.172549
vn 0.0000467976042294 -0.0005955673233783 -0.0000695413331012
v -0.0003309121433033 0.0492391926636593 0.0007345623902131 0.423529 0.415686 0.376471
vn -0.0003793969497828 0.0005406003062891 -0.0000618588875994
v -0.0789941017744362 0.1336468510711127 0.0938525316684292 0.415686 0.470588 0.443137
vn -0.0002860677022007 0.0004951471515562 -0.0000987927026368
v -0.0714349622489146 0.1365456802669968 0.0861397846300386 0.329412 0.403922 0.392157
vn -0.0002174346502117 0.0004054510323675 -0.0000084473953511
v -0.0797728922804994 0.1327484511168332 0.0828048840126308 0.427451 0.501961 0.486275
vn -0.0003230388894484 -0.0002972456217024 -0.0000684412129349
v -0.1229118420430348 -0.1079286384480828 0.0024768238601891 0.266667 0.274510 0.235294
vn -0.0000525255731837 -0.0000429366063700 -0.0001802271042805
v -0.1214663712640275 -0.1056269064342178 -0.0015897642030347 0.254902 0.266667 0.227451
vn -0.0001807511906570 -0.0001955064950932 -0.0002212679297238
v -0.1127151071301141 -0.1132176015663464 -0.0017094095325963 0.152941 0.164706 0.137255
vn 0.0006944281501486 -0.0000040673181595 -0.0001533266275348
v 0.1611278519624081 -0.0103563194185408 0.0084933938058173 0.262745 0.250980 0.200000
vn 0.0008174473446611 -0.0001918250106114 0.0000227338413879
v 0.1613856528825996 -0.0205455130335232 0.0164109497810210 0.317647 0.325490 0.266667
vn -0.0007072586911719 0.0002951498287960 -0.0000013864038830
v -0.1466722596548436 0.0613184333591495 0.0144701803831090 0.435294 0.490196 0.454902
vn -0.0009208110493084 0.0002656832135781 0.0000772444324749
v -0.1493870161143408 0.0546769720061425 0.0258571721590417 0.356863 0.411765 0.392157
vn 0.0005272389708611 -0.0006668779763219 0.0000017218953967
v 0.0692293589686803 -0.1393795536638197 0.0914573104247821 0.266667 0.333333 0.321569
vn 0.0002697372540236 -0.0006107604404260 -0.0000793497784180
v 0.0573627059169868 -0.1450300267207713 0.0856794215044771 0.235294 0.298039 0.301961
vn 0.0004189832948694 -0.0004822890931556 -0.0000094449680792
v 0.0369400717586266 -0.0427627196460919 0.0546030349556601 0.094118 0.101961 0.098039
vn 0.0003342714745577 -0.0005268779339631 -0.0000324606771085
v 0.0295721999636398 -0.0480923609414821 0.0609829708166598 0.121569 0.129412 0.121569
vn 0.0003612355785785 -0.0005651913465825 -0.0000310868894937
v 0.0333650890540310 -0.0450697638490677 0.0464639655903921 0.082353 0.090196 0.082353
vn 0.0003756644632297 -0.0004651069173786 0.0000529898185161
v -0.0330008661022328 0.0364612708638791 0.0043954808177459 0.349020 0.278431 0.227451
vn 0.0004444356983041 -0.0007875013004387 0.0000575190934462
v -0.0212940967173802 0.0443255944651685 0.0141446133851808 0.239216 0.223529 0.207843
vn 0.0004517273988725 -0.0005885332681900 0.0000284396250547
v -0.0317581014218235 0.0382435231040077 0.0157297423135842 0.219608 0.207843 0.192157
vn 0.0005910746197026 0.0004648573265259 -0.0000312667078512
v 0.1326079938867684 0.0872512879705540 0.0096011351195441 0.290196 0.274510 0.227451
vn 0.0004629025608925 0.0003055740496633 -0.0001871160909655
v 0.1391540871341311 0.0772365660920946 0.0037700564871983 0.258824 0.243137 0.188235
vn 0.0002473268790450 0.0001898469123271 -0.0002902241355184
v 0.1292154183836685 0.0842833350561432 -0.0013831664241495 0.192157 0.184314 0.149020
vn 0.0000184840584394 -0.0000609421803239 0.0004533995437683
v 0.0514000836131574 -0.1069396939326707 0.1088682270201251 0.486275 0.541176 0.501961
vn -0.0003016258755038 -0.0007725746022320 -0.0000289617598315
v -0.0204374041487976 -0.0498663345457778 0.0099448478830088 0.101961 0.121569 0.113725
vn -0.0002485039767718 -0.0004106097802155 -0.0000230717040823
v -0.0287576661022883 -0.0459103189493667 0.0077385566647461 0.098039 0.113725 0.109804
vn -0.0001678715109456 -0.0003067863912166 -0.0002044678045318
v -0.0233971123353543 -0.0478459534436577 -0.0004020324083216 0.156863 0.172549 0.156863
vn 0.0000641278207341 0.0000616961164323 0.0010394840106051
v -0.0766765717916015 -0.0725036315557454 0.1079054954269636 0.447059 0.529412 0.505882
vn 0.0000578004500780 0.0001028878603329 0.0006833982713891
v -0.0703303465678938 -0.0570173055424652 0.1050720021328011 0.447059 0.537255 0.521569
vn 0.0000441233421107 0.0000687920800898 0.0004332176487671
v -0.0809365507676499 -0.0590145035248189 0.1066599990248199 0.415686 0.494118 0.478431
vn -0.0003902748423085 -0.0004188634636139 -0.0000730119741532
v -0.0364794446937511 -0.0399258508294066 0.0034560857901444 0.168627 0.176471 0.160784
vn -0.0000610092706532 -0.0000713731160671 -0.0002592228323859
v -0.0361649581001786 -0.0376035547263710 -0.0011957216315213 0.168627 0.180392 0.156863
vn -0.0007594260027785 0.0000204223410508 0.0000229162659203
v -0.1565290442816194 0.0005573559132093 0.0359004853245985 0.247059 0.301961 0.282353
vn -0.0003520958550641 0.0000938657121932 -0.0000260664508185
v -0.1591536156898013 -0.0095116415195176 0.0347266281877032 0.368627 0.407843 0.376471
vn -0.0006855144724303 0.0005260359675455 0.0000099372737555
v -0.1235991118008352 0.0936821177377761 0.0676651893277943 0.258824 0.329412 0.329412
vn -0.0006240067366535 0.0004322696260043 -0.0000069599010412
v -0.1285499386534956 0.0877530270578899 0.0817170353953812 0.490196 0.572549 0.552941
vn -0.0004936591558631 0.0003860942942969 -0.0000041590886614
v -0.1227424744995643 0.0954330924072177 0.0815646665712608 0.411765 0.490196 0.474510
vn -0.0007751801449670 -0.0004745048100103 0.0000064921077959
v 0.1314063329296354 0.0746908031522860 0.0388834132646637 0.196078 0.200000 0.176471
vn -0.0004894499045324 -0.0003261895612556 0.0000863093204569
v 0.1354881930484315 0.0678113790271577 0.0295321702447044 0.149020 0.133333 0.094118
vn 0.0001325051900888 -0.0000829685870732 0.0008105636869492
v 0.1019958218862183 -0.0829126036873356 0.1079065153226772 0.368627 0.447059 0.423529
vn 0.0000803672596641 -0.0000888201588599 0.0006786044879160
v 0.0891335232245684 -0.0894916350527953 0.1090927059643119 0.435294 0.513725 0.482353
vn 0.0000088468725366 -0.0000929596686527 0.0009126299433140
v 0.1016976529571750 -0.0943795404576457 0.1064336686946821 0.400000 0.482353 0.458824
vn -0.0000307301079791 -0.0000099526259034 0.0004225598829848
v 0.1272010272436331 0.0545328442748307 0.1049605098565729 0.396078 0.474510 0.454902
vn 0.0008326598410034 -0.0000229317669549 0.0002049188225341
v 0.1560100396571048 -0.0089231093914121 0.0392900611309203 0.274510 0.325490 0.309804
vn 0.0005617697121749 0.0000568883659087 0.0001756030334348
v 0.1591485039685723 0.0007213002497284 0.0280065965062493 0.388235 0.435294 0.396078
vn 0.0005513825183934 0.0000224907361513 0.0000741818804559
v 0.1562314522229358 0.0025489668345517 0.0398845790834661 0.286275 0.337255 0.321569
vn 0.0003641002783603 0.0000265788675910 0.0001238802679586
v 0.1591454247345832 -0.0104361157308453 0.0305835367367908 0.356863 0.407843 0.392157
vn 0.0000951985964240 -0.0005644109012266 0.0000051186611962
v 0.0217025648335038 -0.1561232755610063 0.0533641499320307 0.262745 0.329412 0.333333
vn 0.0000803434507979 -0.0003830559504028 0.0000119881449833
v 0.0250104762509205 -0.1553241960087800 0.0610264992842496 0.313725 0.388235 0.388235
vn 0.0000937509334774 -0.0007225683373997 0.0000196964053192
v 0.0172195599787229 -0.1564998748465853 0.0633777058217619 0.294118 0.372549 0.368627
vn -0.0009159878026236 0.0002002644744752 0.0000016768166530
v 0.0509513176729984 -0.0091068926376991 0.0489419091130708 0.101961 0.109804 0.105882
vn -0.0005611604231532 0.0000124760147278 0.0000324758496631
v 0.0529147188829542 0.0010296586081220 0.0548708702964259 0.125490 0.125490 0.129412
vn -0.0009962276400652 -0.0000933966647060 0.0000253707481651
v 0.0520544562537130 0.0059028980203286 0.0467297945375468 0.117647 0.125490 0.125490
vn -0.0001597171737776 0.0003212452036606 -0.0008625477309014
v -0.0214147560725320 -0.1197288919668058 0.1042463614693760 0.400000 0.474510 0.462745
vn -0.0000336360658366 0.0001707741362072 -0.0005850976658649
v -0.0330519779109812 -0.1279840742135528 0.1014725783062711 0.329412 0.407843 0.380392
vn 0.0000608897976177 0.0001128806712990 -0.0005816813531605
v -0.0350841913419825 -0.1202696059099849 0.1030720721632856 0.411765 0.490196 0.466667
vn 0.0000392991943971 -0.0000810150925776 -0.0008694144718640
v 0.0702451448867940 0.0562382091330425 0.1028085941638822 0.419608 0.498039 0.478431
vn 0.0000804631703561 0.0000629014059821 -0.0005248741649038
v 0.0587125150590252 0.0584354407599821 0.1014277571342976 0.427451 0.509804 0.490196
vn -0.0000457553408165 -0.0000173247068041 -0.0004708533233506
v 0.0651017290128962 0.0650708523219944 0.1025334187595921 0.431373 0.513725 0.486275
vn -0.0007430657044764 0.0003850075331463 -0.0000002079440746
v -0.0476138805204785 0.0265632354488003 0.0523004005663770 0.184314 0.184314 0.164706
vn -0.0005883552502201 0.0003375936062370 0.0000188158391164
v -0.0474450703329884 0.0270677373477381 0.0382925836152863 0.137255 0.149020 0.137255
vn -0.0008897311760243 0.0003007909218106 0.0000348405491152
v -0.0524145304183409 0.0152071451509129 0.0433184908448739 0.184314 0.188235 0.168627
vn -0.0000351993390144 0.0001095890408633 -0.0006480349172424
v 0.0579089676779906 -0.1087032538389647 0.1038355783857607 0.443137 0.501961 0.466667
vn -0.0001042695964360 0.0002549631573683 -0.0004590223980515
v 0.0572835015314970 -0.1177463058021801 0.1019689076322859 0.419608 0.486275 0.462745
vn -0.0000341944445382 0.0001087854547702 -0.0005962683417216
v 0.0487162632167227 -0.1144471955734717 0.1032413449171710 0.450980 0.517647 0.486275
vn 0.0000648205597210 -0.0000534053184091 0.0007496597725095
v -0.1296697716144782 -0.0448593463007985 0.1046624275252458 0.356863 0.431373 0.419608
vn 0.0000281882900193 0.0000008774989784 0.0007087118087946
v -0.1318440124734148 -0.0311160984274949 0.1053478522253353 0.400000 0.482353 0.462745
vn -0.0003240267982912 0.0001953616075181 -0.0007357245295963
v 0.1145943784581626 -0.0774823986843902 0.1015510228037408 0.415686 0.494118 0.474510
vn -0.0002865615308014 0.0001733913889964 -0.0006709669210735
v 0.1076318690495931 -0.0857108749867504 0.1020910200380932 0.423529 0.498039 0.478431
vn -0.0001197467099929 0.0000617157745117 -0.0007188994442402
v 0.1025060419166897 -0.0762038911814404 0.1040828612030210 0.400000 0.486275 0.458824
vn 0.0004852901742388 -0.0002677869681077 -0.0001402722842034
v -0.1288524623006680 0.0826620540298869 0.0003658885256007 0.372549 0.403922 0.360784
vn 0.0006411089837406 -0.0004900887351315 -0.0000426094898040
v -0.1287965018292849 0.0816083043346223 0.0151764518477833 0.160784 0.196078 0.172549
vn 0.0005843744683283 -0.0002708048425000 0.0000345747067385
v -0.1351954105193641 0.0730606381756534 0.0101811265694966 0.243137 0.274510 0.258824
vn -0.0001233986918356 0.0007009962480573 0.0000578702597412
v -0.0267657096821214 0.1467028511380233 0.0891738469062185 0.403922 0.486275 0.466667
vn 0.0000549319778809 0.0005112777911178 0.0000265285238873
v -0.0412402248859981 0.1491780055480891 0.0910723762272381 0.560784 0.529412 0.443137
vn -0.0000111635316430 0.0003303364391731 0.0001637936138422
v -0.0335775573839764 0.1459323215394137 0.0966499668648179 0.309804 0.364706 0.352941
vn 0.0006044575512038 -0.0000873343794269 -0.0000615682028838
v -0.1528286446685692 0.0245256501529299 0.0159403208807278 0.341176 0.380392 0.349020
vn 0.0007052216198206 -0.0002044048173431 -0.0000736566349181
v -0.1509913319322803 0.0341878294166112 0.0145047609141131 0.313725 0.349020 0.298039
vn 0.0000197587874503 -0.0001018437728047 0.0004473938531573
v 0.0475580132940371 0.1400394285005686 0.1089441946694576 0.490196 0.521569 0.470588
vn 0.0000000375107567 -0.0000813077301860 0.0004541863195698
v 0.0535777683208689 0.1330699567707033 0.1045327406090234 0.349020 0.403922 0.372549
vn 0.0001346428135779 0.0000148789715851 0.0005957512369394
v 0.0626506867579113 0.1353380012933402 0.1060816716153650 0.486275 0.529412 0.482353
vn 0.0000422014138892 0.0000350279090576 0.0005196524035171
v 0.0563429125651656 0.1229478930070055 0.1045340677586892 0.400000 0.470588 0.447059
vn -0.0004454492748098 0.0006268250637108 0.0000423469603144
v 0.0303754403324139 -0.0408680872336004 0.0578636517463496 0.086275 0.094118 0.086275
vn -0.0002470116521165 0.0005401457961350 0.0000375100135811
v 0.0234428375714284 -0.0462397105223898 0.0667708276215999 0.117647 0.125490 0.117647
vn -0.0005008867358093 -0.0005562108699885 -0.0000439282724962
v -0.0382574324742213 -0.0398341336358941 0.0657748175616429 0.105882 0.121569 0.117647
vn -0.0002840113900942 -0.0004169011134541 -0.0002206193102381
v -0.0352085984700615 -0.0432588679963782 0.0773118972834934 0.156863 0.176471 0.164706
vn 0.0001595978700892 0.0006669371252638 -0.0001521447946707
v -0.0259280338995558 -0.1525743582521440 0.0613847235712403 0.270588 0.333333 0.325490
vn 0.0000374250534971 0.0005999368984262 -0.0000438899764370
v -0.0304837800551382 -0.1465229572207641 0.0720209446922686 0.058824 0.082353 0.086275
vn 0.0001167184909144 0.0005128724486042 -0.0001052584504912
v -0.0205652633030675 -0.1460426268467386 0.0734086607504414 0.035294 0.058824 0.058824
vn 0.0001835394769371 -0.0003382651157855 0.0000084463161487
v 0.0709000737912043 -0.1380910175588376 0.0566651868733263 0.337255 0.411765 0.407843
vn 0.0002176963715320 -0.0004001159101249 0.0000207632727905
v 0.0721609200866326 -0.1379656717789310 0.0483331135931492 0.349020 0.427451 0.423529
vn -0.0000890905551513 0.0000776569767490 -0.0001861715766895
v 0.1141555329379422 -0.0980381468465734 -0.0016925360410991 0.164706 0.172549 0.137255
vn 0.0001574230454338 -0.0004538688490423 0.0001228027238408
v 0.0145484787815015 -0.1584464391867424 0.1055036376327587 0.462745 0.427451 0.360784
vn 0.0001574499337314 -0.0004907161925384 0.0002551606536090
v 0.0254135812220684 -0.1547967964922226 0.1045257407023143 0.294118 0.349020 0.337255
vn 0.0006546655447676 0.0001056135263472 -0.0000075207728830
v 0.0568735084697109 0.0101272166859939 0.0573702232222362 0.160784 0.164706 0.156863
vn 0.0007990881333857 -0.0000302891846842 0.0000021049261265
v 0.0585638677540775 -0.0010889911526435 0.0514878835450938 0.098039 0.101961 0.101961
vn 0.0005674675654101 0.0001152510837042 -0.0000019847414098
v 0.0570508568094507 0.0102254231284495 0.0470682525070967 0.121569 0.129412 0.125490
vn 0.0002973128223231 -0.0006337513928044 0.0000862605633371
v 0.0609961520878474 -0.1461530073051566 0.0256381533839372 0.372549 0.431373 0.407843
vn 0.0002746222241238 -0.0005778614967032 0.0000519690372313
v 0.0668322331045314 -0.1441982654246849 0.0178588175354904 0.278431 0.309804 0.286275
vn -0.0006058116028674 0.0001642846242448 0.0001220047085147
v 0.0519184382854719 -0.0117422556956392 0.0903732035662575 0.219608 0.231373 0.211765
vn -0.0004283661884297 0.0001259192310168 0.0006227459149969
v 0.0531956553656213 -0.0199876871784563 0.0999660715391204 0.639216 0.650980 0.600000
vn -0.0002851061915149 0.0000385989172253 0.0003065511719759
v 0.0554426170342491 -0.0103810173204779 0.0976519347124237 0.556863 0.580392 0.545098
vn 0.0003694973604412 0.0000182607945475 -0.0001006029111354
v 0.1530358345859801 -0.0215139890577677 0.0760148453111332 0.262745 0.274510 0.239216
vn 0.0004070946809401 -0.0000364732821355 -0.0000309873850956
v 0.1516400528679353 -0.0250459879020685 0.0677987534159640 0.239216 0.278431 0.266667
vn 0.0006673869787699 -0.0000477281485801 -0.0000171918455246
v 0.1519355747645244 -0.0156837369907079 0.0664648919979498 0.258824 0.305882 0.290196
vn 0.0000396112686699 -0.0001015256925256 0.0010491769776721
v -0.0796886200835605 0.0586886298766661 0.1070140300828875 0.439216 0.513725 0.498039
vn 0.0000192049165788 -0.0000269724371803 0.0007446753580610
v -0.0658749548254481 0.0660145744116753 0.1074966050132465 0.427451 0.505882 0.486275
vn 0.0000244265158343 -0.0000208273328397 0.0006665125683770
v -0.0727054044929941 0.0720948167174604 0.1064317758116631 0.439216 0.517647 0.498039
vn 0.0000383393951039 -0.0000065893716512 0.0006479955815164
v -0.0840016298797984 0.0737557353240145 0.1079399246482520 0.450980 0.521569 0.509804
vn -0.0004284272443353 0.0001274987848959 0.0000818655653820
v 0.1498030059372681 -0.0212632635032959 0.0006396002051026 0.180392 0.196078 0.164706
vn 0.0003046299058132 -0.0003905937791345 0.0001188323205020
v -0.1048814906052198 0.1131507636590514 0.0053562490159636 0.266667 0.301961 0.274510
vn 0.0002858497548263 -0.0002694027967388 0.0000200520471786
v -0.1119050189587560 0.1031645526130733 0.0002825084987280 0.317647 0.349020 0.309804
vn 0.0002723126792815 -0.0005396990552885 -0.0000117489283515
v 0.0741427054670445 -0.1413234880229681 0.0068306694658107 0.325490 0.329412 0.286275
vn 0.0001058445072877 -0.0002464243549785 -0.0001948623334269
v 0.0634599193781462 -0.1452248783565736 -0.0005838316749194 0.262745 0.274510 0.235294
vn 0.0001622718543321 -0.0003174981468661 -0.0001760339747875
v 0.0744134514321410 -0.1401908421924497 0.0008545612937237 0.290196 0.298039 0.258824
vn -0.0000095244300402 -0.0002386383723212 -0.0006536555348437
v 0.0279466282577141 0.1330741852853954 0.0999770586130667 0.380392 0.450980 0.423529
vn -0.0000462264018076 -0.0004685215592200 -0.0003656763983537
v 0.0272764697703468 0.1459751958417142 0.0928109034827210 0.121569 0.141176 0.117647
vn -0.0001384490917922 -0.0003620891375778 -0.0004182257713275
v 0.0362958033756507 0.1432782737361837 0.0962960203417201 0.090196 0.105882 0.082353
vn -0.0003438601274160 0.0005641255098535 -0.0000027861717878
v 0.0782954771145976 -0.1289448366289093 0.0700680284030133 0.329412 0.407843 0.403922
vn -0.0002828031744272 0.0005182000309582 -0.0000000320222787
v 0.0694299596658596 -0.1340499820208048 0.0662711606950949 0.333333 0.415686 0.407843
vn -0.0003106821930952 0.0005877997991610 -0.0000914593294930
v 0.0693744026085209 -0.1339746606585168 0.0769454260592589 0.352941 0.431373 0.431373
vn -0.0003165436661867 0.0006195202369441 0.0000383004427903
v -0.0682885119790599 0.1446505201273610 0.0230561116969234 0.533333 0.537255 0.486275
vn -0.0002431878246215 0.0004980872887454 -0.0000349716093807
v -0.0619351557398076 0.1455353674758905 0.0148546948269433 0.411765 0.411765 0.356863
vn -0.0006036032928881 0.0009951494332960 -0.0001145461292818
v -0.0754424689729319 0.1400518747543791 0.0117022992572008 0.462745 0.482353 0.435294
vn -0.0003685906837110 -0.0006488253582696 -0.0001053772786474
v 0.0651875262407482 0.1352108652589102 0.0422060988380786 0.192157 0.235294 0.223529
vn -0.0004858066950025 -0.0007921258034017 -0.0000600637905459
v 0.0674827277256436 0.1329383835410867 0.0517510756143970 0.160784 0.203922 0.184314
vn 0.0006794636900523 0.0004847669646651 -0.0001602935750864
v 0.1076352745509145 0.1116403177537528 0.0790210797997020 0.254902 0.235294 0.184314
vn 0.0005757621944243 0.0004233961233961 -0.0000302391119841
v 0.1147093671370428 0.1080294721177636 0.0903374279616041 0.341176 0.309804 0.243137
vn 0.0005919417581275 0.0004556979650936 -0.0001037407002481
v 0.1158683317808041 0.1011934898621253 0.0817516260168212 0.184314 0.196078 0.180392
vn 0.0005581656050906 0.0004947244386294 -0.0000534000145056
v 0.1155162741745945 0.1008618510756088 0.0705604331999981 0.254902 0.282353 0.258824
vn -0.0000108221273460 -0.0000860581398024 0.0005659632733679
v 0.0417686354058212 0.0822480469063807 0.1077421122294820 0.435294 0.513725 0.490196
vn -0.0000402653127166 -0.0000814080835309 -0.0004962411331370
v -0.0259566484370293 -0.0744708113992025 0.0984684375122720 0.376471 0.462745 0.447059
vn -0.0000111631779490 -0.0001303150194911 -0.0006639889890374
v -0.0339898680798189 -0.0786501044212353 0.0995994616521415 0.427451 0.521569 0.498039
vn 0.0000406230335649 0.0001683427308447 0.0004900256149938
v -0.0154318116605564 -0.0677933717638578 0.1007722105976120 0.415686 0.498039 0.486275
vn 0.0000212865406796 0.0002309496060941 0.0003910157941334
v -0.0056929329102984 -0.0626272236115666 0.0968978924374478 0.376471 0.450980 0.443137
vn 0.0001040468806137 0.0004296513811910 0.0005546516458844
v -0.0146278860880156 -0.0600862611514360 0.0969213809634932 0.396078 0.466667 0.450980
vn -0.0003663853536922 0.0001516787021575 0.0006413819106072
v 0.0457184840087622 -0.0334357334121035 0.0946178079489413 0.600000 0.611765 0.549020
vn -0.0002937818363315 0.0000582029334502 0.0007256382156905
v 0.0585034518598005 -0.0328168045390072 0.1018648882576188 0.396078 0.462745 0.450980
vn 0.0003074577393995 -0.0005206358577223 -0.0000225680985078
v -0.0809820396867400 0.1264889709612691 0.0580047981724318 0.258824 0.333333 0.325490
vn 0.0004760762017449 -0.0008855797823675 -0.0000853020692249
v -0.0716166225478168 0.1323531584703979 0.0486836095949060 0.254902 0.325490 0.321569
vn -0.0003640077083322 -0.0005687720434755 0.0000652349582317
v 0.0267793624018915 0.0438494197711812 0.0107150102788089 0.168627 0.172549 0.168627
vn -0.0002174799845442 -0.0005760958130941 0.0000787070372520
v 0.0180881579799887 0.0489548034895704 0.0090109016933705 0.227451 0.227451 0.211765
vn -0.0001643171504658 -0.0003325724518253 -0.0000280534254981
v 0.0225781043662013 0.0439738057436484 0.0007361741298056 0.392157 0.407843 0.380392
vn 0.0004507434538931 0.0002426336096312 0.0001687318450603
v 0.1364143513511129 0.0730840932037788 0.0449154723306765 0.278431 0.309804 0.286275
vn 0.0006080255108119 0.0003205164378852 0.0000381110253026
v 0.1386663618645027 0.0686937577648369 0.0529981782995440 0.305882 0.341176 0.317647
vn 0.0006030075151723 0.0002571164269428 0.0001463073339629
v 0.1422045821501020 0.0611881588352020 0.0472642462600585 0.235294 0.270588 0.250980
vn 0.0000846777356362 -0.0000122714692826 0.0003912278726864
v 0.1223872567031301 -0.0576850712277945 0.1054297195189414 0.364706 0.439216 0.427451
vn 0.0001060168075107 -0.0000784246797869 -0.0001269228067010
v 0.0465086708389663 -0.0271049346529689 -0.0012302338055839 0.262745 0.270588 0.243137
vn 0.0000302758869170 0.0004597542806850 -0.0001268261291016
v 0.0034359280718477 0.0562742937825497 0.0030139107197663 0.270588 0.250980 0.215686
vn 0.0004408045400979 -0.0002294207427522 -0.0000906839299914
v 0.1437014389779778 -0.0671237920291690 0.0049959579444527 0.266667 0.262745 0.215686
vn 0.0000955988671734 -0.0000911915516728 -0.0005035233626422
v -0.1008440674730839 0.0882473144796029 0.1000675033659229 0.443137 0.521569 0.498039
vn 0.0000787630237684 -0.0000912666659321 -0.0005801914904789
v -0.0913632906919049 0.0865325787797114 0.1021958144977774 0.443137 0.517647 0.494118
vn 0.0000915396083660 -0.0000863039812591 -0.0005535789548686
v -0.0993167529596488 0.0802670330593178 0.1019597026709834 0.427451 0.505882 0.482353
vn -0.0000858278321698 0.0000160903478610 -0.0002535626326729
v -0.0506750367778534 0.0109745406738472 -0.0015840342752989 0.294118 0.321569 0.298039
vn -0.0002762537931853 0.0000961067485402 -0.0001057328125090
v -0.0505337084340595 0.0210248435428308 0.0015168597035613 0.164706 0.172549 0.156863
vn -0.0000240927474260 0.0000074600075212 -0.0002236338228022
v -0.0468558877433240 0.0223607942458441 -0.0017701467933581 0.286275 0.301961 0.274510
vn -0.0002853162149250 0.0005630037325995 -0.0000989941034329
v 0.0603245742020323 -0.1421505166853270 0.0216586680989271 0.313725 0.356863 0.341176
vn -0.0001970206238474 0.0006629322898229 -0.0000048705319206
v 0.0502388116861619 -0.1457358857018803 0.0170183932674956 0.274510 0.298039 0.270588
vn -0.0002111049064273 0.0005706880603111 -0.0000750968928381
v 0.0508170906042053 -0.1441111866128888 0.0279142156607288 0.133333 0.180392 0.164706
vn -0.0006854119442081 -0.0003436448265267 0.0000080485698331
v 0.1333524408148586 0.0658768727358171 0.0686498107779794 0.274510 0.305882 0.282353
vn -0.0005399360287555 -0.0003038545465741 -0.0000251713489608
v 0.1300368813538664 0.0722716571372350 0.0623104228949931 0.231373 0.266667 0.243137
vn -0.0006563071590755 -0.0003145477608766 -0.0000536838123427
v 0.1362943847040202 0.0617295716672101 0.0557292362507941 0.243137 0.278431 0.262745
vn 0.0006900065617557 0.0004750838856040 0.0001020926326823
v 0.1320655337791257 0.0800410189289970 0.0493958571393360 0.286275 0.317647 0.294118
vn 0.0006569015876926 0.0004700349186568 0.0000269589739920
v 0.1270721715204348 0.0869894011410576 0.0553901278926968 0.274510 0.301961 0.286275
vn 0.0009381053947410 0.0005372197526684 0.0000336283896341
v 0.1342832769698198 0.0744788698916386 0.0641138606756136 0.294118 0.325490 0.309804
vn -0.0007799231475992 -0.0002330150102792 0.0000202810424349
v -0.1488198488344731 -0.0453316307368399 0.0646602342440468 0.211765 0.262745 0.254902
vn -0.0007472645351248 -0.0002278991736528 -0.0000132235337421
v -0.1472463631172321 -0.0509575254786171 0.0750147778158309 0.254902 0.305882 0.298039
vn -0.0008644026049713 -0.0002065296241837 0.0000293771360681
v -0.1506110538789676 -0.0390709188827182 0.0759733559474576 0.203922 0.250980 0.250980
vn -0.0003796280886112 0.0003037980352018 -0.0001254333879294
v -0.1293776158554837 0.0949776487749674 0.0030455317067487 0.415686 0.450980 0.407843
vn -0.0000532348552221 0.0000522998432523 -0.0001723864567517
v -0.1226774840799698 0.0962003709957008 -0.0017459609001902 0.337255 0.376471 0.333333
vn -0.0002100196361259 0.0001270272304437 -0.0002759669810921
v -0.1306017103358815 0.0885713857042743 -0.0013821240906126 0.439216 0.470588 0.423529
vn 0.0006634516955783 -0.0006576972453896 -0.0000300673285010
v -0.1063794552576722 0.1134206248602582 0.0167643129560779 0.427451 0.486275 0.454902
vn 0.0003357007189037 -0.0006622112876591 0.0000132242287436
v -0.0941093977348407 0.1219945195995906 0.0140140340629684 0.364706 0.411765 0.376471
vn 0.0003436696381045 -0.0006912337489890 -0.0002263679180785
v -0.0978641830841332 0.1203218003583990 0.0246559378617196 0.388235 0.447059 0.415686
vn 0.0004483973350001 -0.0002791740432112 -0.0000682698652278
v -0.1275971456334995 0.0841893455040239 0.0384333912058738 0.349020 0.427451 0.419608
vn 0.0003429419595298 -0.0002024709952972 -0.0000494677847492
v -0.1339396130835686 0.0741906464110976 0.0353950196516306 0.270588 0.341176 0.333333
vn 0.0000653953685496 0.0000146862066979 -0.0001681278175714
v -0.1510408450240943 -0.0324913999879435 -0.0016796914395369 0.329412 0.364706 0.313725
vn -0.0004165433243789 -0.0000856804752374 -0.0002515215401079
v -0.1548317445823347 -0.0366546596963578 0.0001568408266148 0.341176 0.368627 0.337255
vn -0.0000005832501400 0.0005178820399854 -0.0000123711588084
v 0.0102074613193100 -0.1538304332218647 0.0307044470030408 0.203922 0.227451 0.211765
vn -0.0000029981796670 0.0005299889128952 0.0001180681467869
v -0.0255924793426882 -0.1485510740806129 0.0808267419545888 0.094118 0.125490 0.113725
vn 0.0001247062252876 0.0005634628213294 -0.0002583229266715
v -0.0179277000461431 -0.1510188032351082 0.0897428398964037 0.172549 0.207843 0.200000
vn 0.0000334921882382 0.0001588384850291 0.0000429816856667
v -0.0199062558776915 -0.1465220566483137 0.0785733498013189 0.019608 0.035294 0.039216
vn 0.0000676743463827 0.0000564122101403 -0.0008910643644462
v -0.0649292023792094 0.0747396012687445 0.1002497387778033 0.172549 0.227451 0.231373
vn 0.0002574410126763 -0.0002855084250982 -0.0003447550168895
v -0.0996313225722585 0.1057757190144650 0.0977099661618536 0.427451 0.501961 0.478431
vn 0.0003771216386552 -0.0005501714053899 -0.0003890838011177
v -0.0942896482932585 0.1180190959899731 0.0878142275263689 0.380392 0.454902 0.443137
vn 0.0004390633460145 -0.0004946982773787 -0.0000805220089468
v -0.1012770986733278 0.1120756200988985 0.0850501058108354 0.431373 0.509804 0.498039
vn -0.0000114978680080 0.0001135376711328 0.0005753773665492
v 0.0207639510373850 0.1308233322015321 0.1048349718959491 0.403922 0.474510 0.447059
vn -0.0000783966186793 -0.0000618389247445 0.0005541569247998
v 0.0249882637459516 0.1413003104032199 0.1039031602423293 0.388235 0.447059 0.419608
vn 0.0009735893448504 -0.0003606306429551 -0.0000383973491776
v -0.1424809310498115 0.0528298130075796 0.0164773570461559 0.274510 0.301961 0.270588
vn 0.0005961242200725 -0.0002018817754013 -0.0000519473426841
v -0.1496029366459832 0.0446374355194589 0.0117346002257342 0.317647 0.356863 0.313725
vn -0.0007168676696619 -0.0000508511405443 -0.0000575233160067
v 0.1459219225127204 0.0233117276630564 0.0628450760262912 0.176471 0.211765 0.200000
vn -0.0007401660417326 -0.0001021987134335 -0.0001599649005559
v 0.1481398197114087 0.0181354771131881 0.0554298498947909 0.164706 0.203922 0.196078
vn -0.0008735274839259 -0.0000300553553143 -0.0000919639690597
v 0.1466455156525210 0.0074900412067748 0.0635365801081304 0.070588 0.090196 0.086275
vn -0.0001220668103502 0.0004238844206894 -0.0000083502343278
v 0.0373097915453918 -0.1474967438658514 0.0659478976540447 0.364706 0.447059 0.443137
vn -0.0000765068654685 0.0003617651583910 -0.0000336855258332
v -0.0129630618952773 -0.1493583235698772 0.0003959490550670 0.172549 0.196078 0.164706
vn -0.0003057096439863 0.0006302393204999 0.0000004871616839
v 0.0603699455871468 -0.1386490942733209 0.0706311123793337 0.325490 0.400000 0.396078
vn -0.0000094384367700 -0.0000950282308961 -0.0003929077145150
v 0.0302089026885953 0.1245200749620694 0.1018660695211626 0.380392 0.443137 0.415686
vn 0.0000031180062645 -0.0001397212363014 -0.0006224169130843
v 0.0209979855790777 0.1256600297287198 0.1016693757941083 0.400000 0.466667 0.439216
vn 0.0007088292346325 -0.0005210167115522 0.0000196807122374
v 0.1266091351190057 -0.0900653183136224 0.0557070250167129 0.250980 0.305882 0.294118
vn 0.0005785827365872 -0.0003971116966255 0.0000629465975685
v 0.1298915165309812 -0.0865008400356093 0.0396369260927459 0.286275 0.349020 0.341176
vn 0.0006078442745060 -0.0003726486224925 0.0000268267398874
v 0.1321021638625630 -0.0812131993784388 0.0550461755723819 0.211765 0.266667 0.258824
vn 0.0006213857202436 -0.0003588802884098 0.0000442019407281
v 0.1343810694518340 -0.0792289102031284 0.0439506079869907 0.380392 0.447059 0.431373
vn -0.0000073718106346 0.0000731367106998 -0.0005327135067158
v 0.0366274276298359 -0.1119994402849455 0.1042987159449805 0.407843 0.466667 0.439216
vn 0.0000129623399493 0.0002000076609221 -0.0005211934599327
v 0.0285737588851500 -0.1168102230846386 0.1034223626156506 0.403922 0.474510 0.443137
vn 0.0000035029917723 -0.0000096160728835 -0.0008162796516012
v 0.0255033519787297 -0.1078458914171603 0.1047323818191651 0.450980 0.517647 0.482353
vn -0.0000386710393304 0.0007323190631377 0.0001374554406237
v -0.0149513275352915 0.1588272990687609 0.0171019466502188 0.239216 0.282353 0.266667
vn -0.0001150447524676 0.0010858808636061 0.0001443123609469
v -0.0198781562150777 0.1561733281392798 0.0317160023308740 0.423529 0.501961 0.494118
vn -0.0000149616442924 0.0004489976057351 0.0000639168941643
v -0.0113768699550943 0.1566734502936469 0.0292005746256529 0.301961 0.384314 0.368627
vn -0.0006587271196515 -0.0001399566062669 0.0000381370533656
v -0.1604930580722842 -0.0126083410297905 0.0874004613756988 0.333333 0.325490 0.294118
vn -0.0005894572007922 -0.0000328012568293 0.0003050830810485
v -0.1599571281288055 -0.0042664502971121 0.0970873696583786 0.431373 0.454902 0.403922
vn -0.0008470635245959 0.0002086551129617 -0.0000827594644962
v -0.1593169256821675 0.0033457485132487 0.0878046424034860 0.611765 0.654902 0.580392
vn -0.0002032852811736 -0.0006311879225821 -0.0000014006870409
v -0.0475185067402743 -0.1501019099300746 0.0701379455902133 0.266667 0.321569 0.317647
vn -0.0001769109603594 -0.0005962501004921 0.0000428521559940
v -0.0388958339896136 -0.1521373324036956 0.0682223804148163 0.274510 0.333333 0.329412
vn -0.0001349237101002 0.0001962698828428 0.0005251525619633
v 0.0437530842677610 -0.0503175740285857 0.1013676303818204 0.400000 0.474510 0.458824
vn -0.0003505307629113 0.0003959513974893 0.0005194269927840
v 0.0347994589752422 -0.0437633372406856 0.0967964600574052 0.450980 0.474510 0.435294
vn -0.0002110110198078 0.0002361178213645 0.0005590246657547
v 0.0355485120676618 -0.0542344449729233 0.0997290070004170 0.380392 0.450980 0.439216
vn 0.0005196481363996 0.0001272506454975 -0.0003904859464753
v -0.1448481692214811 -0.0350437378316947 0.0936674869072532 0.250980 0.294118 0.278431
vn 0.0001905889945587 0.0000862671278604 -0.0004204888305738
v -0.1389948195439137 -0.0300037019592717 0.1013214676499477 0.380392 0.447059 0.427451
vn 0.0001229949849774 0.0001430482380162 -0.0007624621247432
v -0.1304707714623978 -0.0332525082725713 0.1010034921215747 0.388235 0.462745 0.447059
vn -0.0000543299838634 -0.0000045679485993 0.0004000798837090
v 0.0846614691368767 -0.0399146039039386 0.1077220178010151 0.431373 0.513725 0.494118
vn -0.0000913180974429 -0.0000015860200840 0.0005340308293897
v 0.0835749628344741 -0.0309187388496928 0.1075049850690636 0.415686 0.494118 0.478431
vn -0.0000891438565651 0.0000141791692466 0.0005309757787752
v 0.0754404745183471 -0.0390760682550768 0.1064124748649744 0.415686 0.501961 0.482353
vn 0.0003148688404314 0.0006221482609518 -0.0001474950811397
v -0.0756253665300809 -0.1317256251037643 0.0109969659376014 0.113725 0.129412 0.117647
vn 0.0002668885292239 0.0008288311960709 0.0001078223471827
v -0.0708775602060465 -0.1304349553003613 0.0193029697895733 0.078431 0.094118 0.082353
vn -0.0003303410830657 0.0008275281792027 0.0000821029561987
v 0.0213328047346515 -0.0472127645393068 0.0759982839850651 0.145098 0.160784 0.149020
vn -0.0004861967064386 -0.0000529123874095 -0.0000474306156312
v 0.1511953145029002 0.0108113543265080 0.0440586547624072 0.270588 0.321569 0.305882
vn -0.0002798208227823 -0.0000541211681572 -0.0000423098347595
v 0.1499855968702980 0.0189125632371599 0.0466082860383367 0.270588 0.317647 0.305882
vn -0.0006247257272991 0.0001640928971848 0.0000549919806054
v -0.1520410216961623 0.0386341471212007 0.0413666228277229 0.431373 0.509804 0.486275
vn -0.0005880544158593 0.0001621935378477 0.0001098670242114
v -0.1552457823728828 0.0292042552336178 0.0371475544721040 0.537255 0.541176 0.486275
vn -0.0008260981883632 0.0001546764468077 0.0000544278895502
v -0.1534594779841134 0.0301644307140371 0.0492693487776170 0.337255 0.407843 0.400000
vn 0.0001415609220434 -0.0008171783765330 -0.0000161517576761
v 0.0100326980632049 -0.0547862133977674 0.0535355326923654 0.074510 0.086275 0.086275
vn 0.0003072031100897 -0.0007388179217436 -0.0000520978532257
v 0.0224731679306809 -0.0512285530525389 0.0549618686951080 0.066667 0.074510 0.074510
vn 0.0002332234764268 -0.0006885920826150 -0.0000384082260871
v 0.0224243316865617 -0.0524846675602333 0.0657032035692302 0.129412 0.137255 0.133333
vn 0.0002567833459810 0.0006502154513870 -0.0000133482940027
v 0.0977301865245055 0.1194749191353619 0.0822152113933566 0.317647 0.313725 0.266667
vn 0.0002065672454924 0.0004546693832908 -0.0000170161943690
v 0.0909779532995949 0.1231946120035924 0.0935837744099191 0.231373 0.270588 0.250980
vn 0.0004227393024444 0.0002677460594487 0.0000075020910417
v -0.1260013953496668 -0.0828756621923119 0.0770949440921139 0.247059 0.301961 0.290196
vn 0.0005596023886300 0.0003968909246110 0.0000401313458582
v -0.1212513607275156 -0.0900661108689057 0.0731680937307369 0.211765 0.254902 0.247059
vn 0.0004805761221979 0.0003478290751447 -0.0000034479739114
v -0.1163883624614089 -0.0944725025094184 0.0626267131291100 0.113725 0.141176 0.133333
vn 0.0004902327366463 0.0003512451789238 -0.0000302413890177
v -0.1213686896448448 -0.0880732492937474 0.0614524691298936 0.160784 0.207843 0.196078
vn 0.0002058810184592 -0.0006123793050147 0.0000717448240121
v -0.0130261394787923 0.0484419171459003 0.0049756065186711 0.372549 0.321569 0.262745
vn 0.0000205560544164 0.0000374984812166 0.0008641941391457
v -0.0961012253076815 -0.0558860376332173 0.1075722439323962 0.443137 0.521569 0.505882
vn -0.0000549836652101 -0.0000238350919501 0.0005848838729183
v -0.1006290946563876 -0.0651245866174247 0.1077239125189230 0.411765 0.490196 0.470588
vn -0.0000347595473991 -0.0000259535868298 0.0008226635735080
v -0.0904441567488848 -0.0704307783775941 0.1080801793725141 0.435294 0.513725 0.490196
vn 0.0001305705065011 -0.0004407928355528 -0.0000409483852113
v -0.0436326983914928 0.1438510952812521 0.0624818607552658 0.372549 0.458824 0.450980
vn -0.0000552585060092 0.0006750982133821 -0.0000295165604477
v -0.0190531339938003 -0.1527313702456136 0.0077735659590578 0.105882 0.125490 0.109804
vn 0.0000546181398762 0.0004777436497966 -0.0000314448501161
v -0.0281633747747886 -0.1527513262242440 0.0099677323521948 0.270588 0.305882 0.286275
vn -0.0000708889556681 0.0000763346168302 -0.0001483274021447
v -0.0418440698485418 0.0291192513052795 -0.0016334014352372 0.368627 0.380392 0.352941
vn 0.0004028481954483 -0.0002616046880435 -0.0000938716380248
v -0.0395756900195826 0.0273368685254077 -0.0000502877562564 0.376471 0.384314 0.356863
vn -0.0000114537041202 0.0000001704411667 0.0007764610927173
v 0.0794174180858215 -0.0815918931015874 0.1103526532524747 0.450980 0.517647 0.490196
vn 0.0000005281873340 0.0000122836492340 0.0005334781576998
v 0.0877448953216228 -0.0717166594774800 0.1102438708451250 0.474510 0.549020 0.521569
vn -0.0000840458369780 0.0000576268115338 0.0006271605244849
v 0.0796188824294951 -0.0675643718415499 0.1091466535322264 0.372549 0.439216 0.423529
vn -0.0003450689112631 -0.0002347861140447 0.0001230778376358
v -0.1339921487546196 -0.0791175029132168 0.1006863648812359 0.376471 0.423529 0.396078
vn -0.0003447116681960 -0.0002200667206109 -0.0000165352908685
v -0.1285168935430249 -0.0870530051546459 0.0933907759839938 0.243137 0.282353 0.270588
vn -0.0003106657577708 -0.0002106854041624 0.0003172594555761
v -0.1260516870842629 -0.0916759326463101 0.1009957580435703 0.266667 0.321569 0.309804
vn -0.0005070710369614 0.0002118850218478 0.0004657795374652
v -0.1411729407695040 0.0661862886968289 0.0988269282152745 0.545098 0.600000 0.564706
vn -0.0003083312048581 0.0001933236232035 0.0000181007107070
v -0.1354216754215990 0.0806625562338754 0.0975519897009977 0.439216 0.486275 0.458824
vn -0.0004134503177376 0.0002482428168513 -0.0000097631328281
v -0.1391691694769235 0.0718945141255175 0.0919921299138663 0.368627 0.447059 0.431373
vn -0.0007226609462894 0.0003472562171551 -0.0000374746051922
v -0.1440936973588903 0.0651903069783749 0.0855417423244179 0.552941 0.537255 0.458824
vn -0.0001649701801744 -0.0002088140686221 0.0007686408322699
v -0.0565009092133981 -0.1437059466774823 0.1067187968030867 0.415686 0.431373 0.384314
vn -0.0000782550544799 -0.0005533228856819 -0.0000329689661912
v 0.0191463669546173 0.1482347032700677 0.0624095104986879 0.239216 0.301961 0.290196
vn -0.0000302745503166 -0.0004412258120077 -0.0000241963857087
v 0.0131230563928207 0.1489855275488538 0.0689984241395551 0.294118 0.364706 0.352941
vn -0.0004185288842816 0.0007269348816437 -0.0000210475245567
v 0.0259541775033930 -0.0421240107447633 0.0213061825575724 0.074510 0.094118 0.090196
vn -0.0003751976979553 0.0006620243378646 0.0000362072919507
v 0.0263861014339149 -0.0432457022015770 0.0317037825434556 0.074510 0.086275 0.086275
vn -0.0004975580529666 0.0005536936516247 0.0000000137688908
v 0.0372422946631349 -0.0339968219879992 0.0304967294907484 0.078431 0.090196 0.094118
vn -0.0001498879331043 -0.0000619271556696 -0.0002816430326251
v -0.1474916423174380 -0.0433597747094297 -0.0017894982817065 0.227451 0.254902 0.207843
vn 0.0003479453775288 0.0001095501994540 0.0000370357591740
v -0.1460653902142714 -0.0426791707590777 0.0016839819663817 0.231373 0.258824 0.211765
vn 0.0003150141910453 0.0000810016439284 -0.0000188308881556
v -0.1438356544121071 -0.0482518537784480 0.0001770377790838 0.325490 0.360784 0.313725
vn 0.0000251756844954 -0.0000046670617826 0.0004882404605206
v 0.0752601692596754 0.0844468474347460 0.1088779960765848 0.407843 0.474510 0.450980
vn 0.0000579015261574 0.0000515154947759 0.0004259912101778
v 0.0806356349382986 0.0912509348527544 0.1078818689907078 0.419608 0.490196 0.458824
vn 0.0000474909776891 0.0000540552306724 0.0007517533434003
v 0.0695677072487245 0.0930349755754069 0.1089140288513849 0.470588 0.541176 0.505882
vn 0.0000707796354777 0.0000390913961250 0.0007114106447599
v 0.0856253832484997 0.0838025470114983 0.1078829669817500 0.435294 0.505882 0.478431
vn -0.0007779629943311 -0.0001243183036369 -0.0001749405685612
v 0.1538562063150291 -0.0054241072259974 0.0253800295727878 0.062745 0.086275 0.082353
vn -0.0006728480054112 -0.0000888601709232 -0.0000183602325868
v 0.1565137893254334 -0.0004003234927990 0.0155136080647422 0.305882 0.313725 0.262745
vn -0.0002126884628714 -0.0005882128098852 -0.0000458798503541
v -0.0770831917286671 -0.1393465482599677 0.0107809123761324 0.274510 0.298039 0.266667
vn 0.0003083609331505 0.0001384036341463 -0.0002101902341193
v 0.0552131541393834 0.0181338942698753 0.0913798699045677 0.168627 0.188235 0.184314
vn -0.0000165321223460 -0.0000577365254295 -0.0007919456152045
v -0.1073892154106673 0.0000916811684809 0.1044316375319515 0.450980 0.529412 0.509804
vn -0.0000857416448558 -0.0000363329791812 -0.0005343141500117
v -0.0984315009472792 -0.0043598849942222 0.1036737591310647 0.435294 0.517647 0.498039
vn -0.0004644601077759 0.0009715405294972 -0.0000727435895414
v 0.0503972335894282 -0.1430501388634324 0.0807755694312864 0.349020 0.431373 0.427451
vn -0.0003170837355846 0.0005925070086691 -0.0003139496757132
v 0.0610060752289241 -0.1384560708116799 0.0803887979384656 0.294118 0.364706 0.364706
vn 0.0002044526004154 -0.0006601568385428 -0.0000269090109117
v -0.0110054027218741 0.0493810650756155 0.0250268174487229 0.133333 0.145098 0.152941
vn 0.0004648134382750 -0.0008661375198295 -0.0000104073734961
v -0.0217298107310497 0.0449366706259361 0.0259006974337544 0.121569 0.137255 0.141176
vn -0.0002333940183723 0.0006987576123490 0.0000149710933224
v 0.0579113549792091 -0.1433094404415278 0.0116388245306358 0.349020 0.368627 0.321569
vn -0.0001394416819624 0.0004068624729971 -0.0001165893237803
v 0.0592752986459243 -0.1422121790708077 0.0001873096930267 0.180392 0.192157 0.160784
vn -0.0001582178983252 0.0007495141019283 -0.0000652560876195
v 0.0447518120312669 -0.1461525274537328 0.0011474016885719 0.203922 0.215686 0.184314
vn -0.0001080997192482 -0.0004247995872742 -0.0001188829230887
v -0.0428076010520548 -0.1540000685707271 0.0031262260277634 0.301961 0.329412 0.290196
vn -0.0000241520200148 -0.0000830602837673 -0.0002108383883545
v -0.0419332583099286 -0.1515664533063609 -0.0015150159230449 0.262745 0.274510 0.235294
vn -0.0007354478248715 0.0001184028198414 -0.0002606412734973
v 0.1396100093903993 -0.0542389686282788 0.0575617679036446 0.168627 0.207843 0.196078
vn -0.0006759027194079 0.0005198540548987 0.0000085266581381
v 0.1209790317381750 -0.0896353740522754 0.0689270780564052 0.262745 0.313725 0.309804
vn 0.0000159119781244 -0.0000493829094808 0.0005883998676567
v -0.0569609535324526 0.1333452438288084 0.1037523732479124 0.396078 0.454902 0.431373
vn -0.0000223740723444 0.0001342508928741 0.0006569790337867
v -0.0487209339797195 0.1221750755030018 0.1049467244253079 0.423529 0.498039 0.470588
vn 0.0000422845008012 0.0000195464168762 0.0004853767490477
v -0.0462303103120910 0.1313863216995249 0.1027246135769525 0.380392 0.450980 0.431373
vn -0.0001135671138733 -0.0000959526496117 0.0006144739730456
v 0.0524909991687935 0.0318509274991685 0.1018033926791078 0.486275 0.525490 0.490196
vn -0.0001183793046154 -0.0001034229488004 0.0005978631743719
v 0.0621168321483021 0.0228971281284922 0.1008576659151957 0.411765 0.478431 0.466667
vn -0.0001407617587380 -0.0000787454859764 0.0005882127970912
v 0.0669376684346910 0.0288392054662813 0.1037910353142245 0.372549 0.450980 0.431373
vn -0.0000507019923222 0.0000043152175687 -0.0006801307495720
v 0.0967303722044342 -0.0674674199651996 0.1053628098972590 0.447059 0.529412 0.501961
vn -0.0001320852189610 0.0000326964488468 -0.0007121702944473
v 0.1075939390827908 -0.0663694294766129 0.1037708180089480 0.388235 0.470588 0.447059
vn -0.0002681663386322 -0.0002768151139342 0.0001701697535651
v 0.0323631948708055 0.0429568285587434 0.0929437480305651 0.333333 0.376471 0.360784
vn -0.0004125462719177 -0.0007432183471697 0.0000939941348428
v 0.0251483788830785 0.0463589847359651 0.0835133033362972 0.231373 0.262745 0.243137
vn -0.0004478055298143 -0.0004990112493126 0.0000246534518170
v 0.0364732363147866 0.0386992295849783 0.0866116560557830 0.219608 0.243137 0.227451
vn -0.0000543044870473 -0.0000363674377196 0.0008187185933237
v -0.1093050647845207 -0.0452995449602576 0.1074345001659410 0.458824 0.537255 0.513725
vn -0.0000669801082228 -0.0000386352916211 0.0004686347039488
v -0.1193757276143094 -0.0441200531980918 0.1061294425292523 0.388235 0.462745 0.450980
vn -0.0001197647553167 -0.0000464366108494 0.0007555918472750
v -0.1216367890129797 -0.0545684090056182 0.1051874819857399 0.431373 0.509804 0.490196
vn -0.0000609087306289 -0.0000509935995967 0.0006043071471227
v 0.0979908652361899 0.0072357345781330 0.1082077266392926 0.388235 0.470588 0.450980
vn -0.0000670537415177 0.0000120762912883 0.0005454500693165
v 0.0895975276341834 0.0000391562602895 0.1073229899766295 0.423529 0.505882 0.486275
vn 0.0000077863968009 -0.0000082210909672 -0.0001632943080661
v -0.0746908077407344 0.1352927035836391 -0.0017736205069408 0.337255 0.368627 0.329412
vn -0.0001330065523926 0.0002011802239301 -0.0000784678900899
v -0.0772240807017091 0.1372191646377317 0.0007753862949054 0.439216 0.474510 0.435294
vn -0.0001396785177153 0.0002723383499678 -0.0002016945719244
v -0.0677147217744149 0.1414764869835957 -0.0005507746522139 0.431373 0.447059 0.403922
vn 0.0000890434982083 -0.0000173586279046 0.0004752866801421
v 0.1177201884662157 -0.0706743777274426 0.1057588227044348 0.419608 0.505882 0.482353
vn 0.0000806153541466 -0.0000052713465591 0.0005147825242435
v 0.1250831880277319 -0.0663274801375942 0.1043938775725485 0.392157 0.470588 0.454902
vn -0.0002750749342852 0.0001334338078673 -0.0002634097397088
v -0.1372469382704934 0.0776822116281709 -0.0012756828448647 0.501961 0.545098 0.505882
vn 0.0006284538501815 0.0001331553580210 -0.0001007677586669
v 0.0563322406097426 0.0108309455285458 0.0070210256742484 0.227451 0.219608 0.196078
vn 0.0007297075127125 0.0003451492822114 -0.0001180379756480
v 0.0521412505718286 0.0233078248346585 0.0068377450585169 0.160784 0.156863 0.141176
vn 0.0006649470923993 0.0002434491460852 -0.0000059401925733
v 0.0543884069208078 0.0167967086447351 0.0169306909236737 0.129412 0.141176 0.141176
vn -0.0004355102301953 0.0006683321282108 -0.0000000803059335
v -0.0281801259534737 0.0465722118068685 0.0549773185237668 0.137255 0.141176 0.133333
vn -0.0004381295715069 0.0004775792233392 0.0000116573733178
v -0.0361640939451100 0.0403733574768910 0.0596259334948390 0.164706 0.172549 0.160784
vn -0.0004525140576164 0.0006393586119019 0.0000003640977569
v -0.0282035740436178 0.0465559310418828 0.0685429604454723 0.200000 0.219608 0.211765
vn 0.0006830185370477 0.0001846386734566 -0.0000314334960732
v -0.1467896966455072 -0.0381043203015414 0.0582021873092561 0.290196 0.349020 0.337255
vn 0.0007374903382934 0.0002667002508129 -0.0000318250334225
v -0.1435031161353548 -0.0491618744989717 0.0529548043199078 0.262745 0.325490 0.305882
vn 0.0006572764717533 0.0001962827521267 -0.0000302642905863
v -0.1460212639330261 -0.0425492404836488 0.0448896431332948 0.270588 0.329412 0.325490
vn 0.0001279117748408 0.0007986026097466 -0.0000191865936560
v 0.0101774741630825 0.0556947450320086 0.0651671098108626 0.250980 0.254902 0.239216
vn 0.0001040763435440 0.0000905324916025 -0.0000678605429626
v -0.1167011432069204 -0.1072583239462390 -0.0002994871046234 0.176471 0.184314 0.160784
vn 0.0003009400237981 0.0000200706652009 -0.0008162432386724
v 0.0724405064765096 0.0062798151701182 0.0991430198304920 0.392157 0.466667 0.458824
vn 0.0004716412166851 -0.0000688645617168 -0.0005304123036543
v 0.0652382637869337 0.0000588451550456 0.0945514073747408 0.180392 0.223529 0.231373
vn -0.0007633928750779 -0.0001795187642283 -0.0000079153647968
v -0.1569827625328100 -0.0368928488262957 0.0120829615148292 0.501961 0.490196 0.427451
vn -0.0006506409060518 -0.0004119174452754 -0.0000741670961565
v 0.1162288968444066 0.0988092455406291 0.0226499515936982 0.239216 0.231373 0.180392
vn -0.0005544672650119 -0.0006187224048442 -0.0001032093602916
v 0.1082835707570688 0.1073678958588243 0.0202394137150602 0.247059 0.258824 0.219608
vn 0.0002143914722828 -0.0000383115274727 -0.0005539001243932
v 0.0747199280307434 -0.0047557867826645 0.1002297373864686 0.431373 0.513725 0.498039
vn 0.0001791592226393 -0.0008070185415931 0.0001187838295289
v -0.0496286140172150 0.1422816674365596 0.0093684688484549 0.152941 0.164706 0.137255
vn 0.0001630378434881 -0.0003833301931934 0.0000430107045160
v -0.0583681456567188 0.1428424413525591 0.0158447473121346 0.337255 0.329412 0.274510
vn 0.0001784176495533 -0.0003707595847873 0.0000071671781586
v -0.0602376181454759 0.1421512281633317 0.0077247899155472 0.517647 0.521569 0.470588
vn -0.0000472120259804 0.0000265914869756 0.0004111200738007
v 0.0792730550606944 -0.0472927671571542 0.1070505323118875 0.470588 0.564706 0.541176
vn 0.0006353958651772 0.0003020315808779 -0.0000564750541093
v -0.1373606122199230 -0.0624592308051396 0.0821601517519750 0.203922 0.243137 0.239216
vn 0.0005130533126021 0.0002010153918631 -0.0005478093844271
v -0.1358495155656027 -0.0586044096866235 0.0946932640052385 0.074510 0.101961 0.094118
vn 0.0001542690863498 0.0001883941649326 -0.0003732482690474
v 0.0314399846887067 0.0429318376330442 -0.0016307571946997 0.317647 0.329412 0.301961
vn 0.0003105128419495 0.0004524761499038 -0.0001193850753598
v 0.0344525082060284 0.0456843751584331 0.0052364078699025 0.235294 0.231373 0.203922
vn -0.0004909568932717 0.0003893645818631 -0.0000270626461815
v 0.1193336409523940 -0.0921944897165530 0.0819138437233150 0.184314 0.223529 0.215686
vn -0.0004941976721005 0.0004403731003017 -0.0003971482977602
v 0.1158603938412691 -0.0944596606671835 0.0937100214860501 0.098039 0.098039 0.078431
vn -0.0000684076246802 0.0000985173143461 0.0008784806881529
v -0.0461891649722939 -0.1351898507642475 0.1040159431130134 0.400000 0.482353 0.462745
vn 0.0005040673668139 0.0000084297591500 -0.0002301980848341
v 0.1592239061721402 -0.0002183916943132 0.0031353599856295 0.262745 0.250980 0.203922
vn 0.0006505724147400 0.0000468692672479 -0.0000342706208923
v 0.1612396298490116 -0.0031196686701786 0.0140415931288577 0.290196 0.286275 0.239216
vn 0.0001986597120540 -0.0006140757918980 0.0000144708023000
v -0.0507874715290273 0.1462536304460751 0.0250394808824609 0.360784 0.427451 0.411765
vn -0.0003108213771630 0.0004887879668741 0.0000548935281378
v 0.0938543391198791 -0.1168019346496360 0.0259654862744132 0.164706 0.196078 0.188235
vn -0.0004918976677127 0.0005953564544206 -0.0000223462885355
v 0.1002364831991416 -0.1107554845589117 0.0385999755946906 0.215686 0.270588 0.258824
vn -0.0004355646784504 0.0006503497676236 -0.0000518705638219
v 0.1022861818046538 -0.1122895878291376 0.0247557894147792 0.215686 0.223529 0.192157
vn 0.0003886897477048 0.0006815048283430 0.0001331602403899
v 0.0677821603764320 0.1398135317815497 0.0373648895073467 0.266667 0.317647 0.294118
vn 0.0003256706442099 0.0005340069737171 0.0000473480482235
v 0.0793300692001915 0.1330541907334961 0.0402636084377727 0.270588 0.313725 0.294118
vn -0.0004376131600823 0.0000650172218509 -0.0000330589068096
v 0.0478223269403965 -0.0081952949962850 0.0005076425133909 0.309804 0.317647 0.290196
vn -0.0005750510517496 -0.0000585145907783 -0.0001219997298308
v 0.0490947817310135 0.0077984912700907 0.0001136716590979 0.352941 0.356863 0.325490
vn 0.0000564487014563 -0.0000041807255269 -0.0002837022045847
v 0.0514455173422224 -0.0061842533669695 -0.0017252059577764 0.313725 0.313725 0.282353
vn -0.0000874422139354 -0.0004123395216200 -0.0000187705786866
v 0.0120362329367152 0.0483864070767878 0.0015234877141713 0.360784 0.392157 0.364706
vn 0.0005882319075900 -0.0001722145597028 0.0000621507047742
v 0.1457826459623744 -0.0526713277623524 0.0515895035993000 0.207843 0.250980 0.243137
vn 0.0001045235200321 -0.0001097014621138 -0.0002052900864796
v 0.0971462749441153 -0.1235985017011623 -0.0014649641653204 0.235294 0.254902 0.215686
vn 0.0002290739962952 -0.0002467496166200 -0.0000584716211639
v 0.1034864065726912 -0.1199787724143284 0.0046652408616721 0.325490 0.345098 0.317647
vn 0.0003156801405020 -0.0003700122978817 -0.0000555105690244
v 0.0980613289625416 -0.1249429835698693 0.0025215411466318 0.309804 0.333333 0.298039
vn 0.0007514512090634 -0.0001136896315156 -0.0000283282295507
v -0.1490616851503632 0.0278274434702832 0.0546655829708700 0.384314 0.462745 0.447059
vn 0.0007139710896718 -0.0001848920723098 0.0000138888715714
v -0.1477099150948953 0.0365204810011932 0.0437721706621676 0.352941 0.423529 0.411765
vn 0.0001089924375153 0.0004939696626583 -0.0004577960270009
v -0.0398625095739776 -0.1476429716296372 0.0932362759992151 0.270588 0.313725 0.298039
vn 0.0001996560492016 0.0005115118624826 -0.0001433841018459
v -0.0483152233411437 -0.1449501338232883 0.0885597942910724 0.278431 0.321569 0.298039
vn 0.0000982942189418 0.0003119680984591 -0.0004966128298038
v -0.0466340202714504 -0.1366269503446721 0.0996691244031936 0.431373 0.517647 0.498039
vn 0.0000053361951227 0.0001733514542818 -0.0005478177055479
v -0.0396544306264995 -0.1325764690098974 0.1002193117916967 0.376471 0.458824 0.435294
vn 0.0000408991644807 -0.0006273700282260 -0.0000554849423577
v -0.0106429895435168 0.1508386559416746 0.0462997249185796 0.301961 0.380392 0.368627
vn 0.0001027476194011 -0.0004655558040261 -0.0001542202388796
v -0.0092916753409153 0.1506151482681413 0.0552190063688016 0.360784 0.439216 0.431373
vn 0.0001101900426455 -0.0009774801679712 -0.0001939335755530
v -0.0237179074872699 0.1475449068550587 0.0534740137748479 0.117647 0.160784 0.156863
vn -0.0003044618629001 -0.0001999216108917 -0.0007108639876157
v -0.0606295647892192 -0.0368160307672246 0.0961142807801082 0.372549 0.447059 0.439216
vn -0.0003884767560658 -0.0001622955455161 -0.0003180214952237
v -0.0519747163529675 -0.0286665554348177 0.0882376767807857 0.486275 0.517647 0.486275
vn -0.0001689454393013 0.0002966691704447 -0.0001789555515660
v 0.0737008530994438 -0.1357254683995427 -0.0014950384717045 0.172549 0.180392 0.149020
vn -0.0004195288151657 0.0006355035454177 -0.0000993631695180
v 0.0782586521062953 -0.1333625259032496 0.0131629927773561 0.254902 0.282353 0.247059
vn -0.0002462681337608 0.0003590285124355 -0.0000559197141495
v 0.0813946242238127 -0.1312322553217220 0.0006657650425105 0.247059 0.254902 0.211765
vn 0.0000982202744275 -0.0003631625117217 -0.0007865544308528
v -0.0174211718846985 0.1286655668369900 0.0999231442497292 0.396078 0.458824 0.431373
vn 0.0001618993231580 -0.0007825977741605 -0.0005918703056761
v -0.0268623494860534 0.1367338102499632 0.0902006814324020 0.043137 0.078431 0.074510
vn 0.0002154212145623 -0.0005313673353058 -0.0008531117183780
v -0.0107098212463173 0.1375465405138054 0.0976569568794153 0.388235 0.458824 0.439216
vn -0.0003983246821113 0.0006402391509521 0.0000005387862585
v 0.0778823558161343 -0.1291859447864679 0.0571930773354150 0.309804 0.388235 0.384314
vn -0.0008024354437383 0.0003807003718114 0.0000464122786051
v -0.1421612593739483 0.0653251442794964 0.0511880952699590 0.411765 0.482353 0.478431
vn -0.0006798760672131 0.0002490142462418 0.0000320338945371
v -0.1469227894490642 0.0538843713734484 0.0504337794880757 0.345098 0.423529 0.415686
vn -0.0007141658942673 0.0002836206756794 0.0000254925870718
v -0.1451577918072373 0.0574932983112433 0.0639206800753446 0.349020 0.427451 0.415686
vn -0.0001814043329297 0.0002603341104321 -0.0000883730578107
v -0.0899258125615027 0.1275998935480880 0.0020707141002375 0.431373 0.474510 0.435294
vn 0.0006569256688862 0.0006086210598759 0.0001718569103117
v 0.1182362564650994 0.0982314032993420 0.0399665628221160 0.282353 0.309804 0.286275
vn 0.0005566719105459 0.0004793666310342 0.0000719147942160
v 0.1304926941852331 0.0904762469859236 0.0307544970564189 0.403922 0.364706 0.290196
vn -0.0001581095773570 -0.0000158453925376 0.0004896321162138
v 0.0438659867276762 0.0371486834259065 0.1014169351901619 0.615686 0.654902 0.603922
vn -0.0002454515304151 -0.0001755350032537 0.0006103394336712
v 0.0376274072373378 0.0457979906775081 0.0961957436820399 0.454902 0.505882 0.482353
vn -0.0006119230363776 0.0002667033048008 0.0000279694598172
v 0.1353818108921738 -0.0660258986981526 0.0774225458056525 0.211765 0.250980 0.239216
vn -0.0007222414372152 0.0001683415014369 -0.0000119942279737
v 0.1359191834663591 -0.0648348278676852 0.0673398882987642 0.192157 0.231373 0.219608
vn -0.0003953584263104 0.0002113236576801 0.0000102484860250
v 0.1327938226053779 -0.0723951052773423 0.0714310265637874 0.243137 0.290196 0.274510
vn -0.0002015181138312 -0.0008885495388390 0.0000161953682137
v 0.0145295209606192 0.0490767083928356 0.0297697757736392 0.149020 0.164706 0.172549
vn -0.0001427912699175 0.0005837267234176 -0.0009349927672465
v 0.0686927685197037 -0.1166296962461346 0.1013086351459292 0.388235 0.458824 0.439216
vn -0.0003663916357318 0.0005765573813862 -0.0005761270761097
v 0.0844823439948584 -0.1145289158234441 0.0999001257236274 0.407843 0.490196 0.474510
vn -0.0004548835042742 0.0006670817493742 -0.0004514927614267
v 0.0792125182017678 -0.1232989010689043 0.0905765360023742 0.070588 0.105882 0.113725
vn 0.0002986768037988 -0.0004620605434375 0.0000010595572594
v 0.0833721171542458 -0.1309457887796811 0.0681761773070991 0.313725 0.388235 0.384314
vn 0.0002982216244095 -0.0005218281307541 -0.0000012094792484
v 0.0762484024631287 -0.1351043297706927 0.0641376621801501 0.337255 0.419608 0.415686
vn 0.0009909311242143 0.0003863035281932 0.0000403800767314
v -0.0452410674968390 -0.0183209323678839 0.0413962663119070 0.101961 0.117647 0.113725
vn 0.0006954451060499 0.0004836754241506 0.0000129648351992
v -0.0401030617479152 -0.0268226473203665 0.0315550682660336 0.094118 0.109804 0.109804
vn -0.0002682534560342 -0.0008271874190579 -0.0000294113396797
v 0.0368962295286918 0.1490871470790400 0.0125332363385287 0.172549 0.192157 0.168627
vn -0.0000728323155556 -0.0007252563059338 -0.0001816829047296
v 0.0226206992661502 0.1514498498462776 0.0196470715486188 0.090196 0.113725 0.094118
vn -0.0001445334231573 -0.0004814040984940 0.0000041984521569
v 0.0285647863415715 0.1534250358017570 0.0114267713206114 0.274510 0.274510 0.227451
vn -0.0001062002840475 -0.0003832764560871 -0.0000140684888774
v 0.0260102165852468 0.1518733073467702 0.0019215876100099 0.313725 0.317647 0.262745
vn -0.0003003662167400 0.0008122199187162 0.0000121405738751
v -0.0134549895389595 0.0553590144479221 0.0140884131054924 0.156863 0.156863 0.152941
vn -0.0004769545440030 0.0008500038443391 0.0000136605201253
v -0.0268498619321356 0.0483127654342722 0.0211191965076871 0.125490 0.141176 0.141176
vn 0.0005030959893323 0.0002650978135210 0.0001769332949669
v -0.0430169518841069 -0.0288396902270737 0.0870832337911748 0.227451 0.250980 0.223529
vn 0.0005178166901185 -0.0004644315514566 -0.0002985483446927
v -0.1083589660943184 0.1054402423736746 0.0869480902848941 0.454902 0.525490 0.521569
vn 0.0002282675150621 0.0003785786807791 0.0000038225255000
v 0.0885963627645222 0.1248858231361146 0.0841055860167959 0.278431 0.321569 0.301961
vn 0.0003353906090128 0.0005758537699737 0.0000186233005870
v 0.0805150883028188 0.1299327051995475 0.0809257633152050 0.274510 0.317647 0.298039
vn 0.0002022412377202 0.0003308951033508 0.0000040664791356
v 0.0832458218991014 0.1278603548601309 0.0902518803146042 0.243137 0.282353 0.262745
vn -0.0000227314829115 0.0000455042958398 0.0004009442056022
v 0.0260346794101302 0.1101816341525781 0.1091182302048499 0.490196 0.525490 0.478431
vn -0.0000820271972725 -0.0000380840474812 0.0007191395282241
v 0.0271583637748921 0.1015023094898132 0.1096352147904225 0.454902 0.513725 0.478431
vn 0.0000040586936863 0.0000506913230071 0.0004677217848979
v 0.0344481344156404 0.1088502830726294 0.1095554363864200 0.447059 0.501961 0.466667
vn 0.0002612604681149 -0.0004923265147286 -0.0005552314125647
v 0.0317167491725130 -0.0571445550920682 0.0935409331347740 0.262745 0.313725 0.313725
vn 0.0001713790361053 -0.0002333545781932 -0.0008749424197175
v 0.0379540144367661 -0.0672099087650975 0.1001938743759397 0.431373 0.513725 0.494118
vn 0.0000912866740705 -0.0002221780448599 -0.0004613258639052
v 0.0265012886788632 -0.0641933036769948 0.0967868480554619 0.384314 0.462745 0.450980
vn 0.0004486286119272 0.0000124977686344 0.0002283820194058
v 0.1546273734522013 -0.0041919900192753 0.1014508438995620 0.392157 0.450980 0.423529
vn 0.0000688627267419 0.0000101120891130 0.0005119548764587
v 0.1463995051489369 -0.0055114440419331 0.1033516648276010 0.400000 0.486275 0.462745
vn -0.0000014585745834 0.0001604937589886 0.0004218307229482
v -0.0060067780586282 -0.0700867772673726 0.1010936731983613 0.392157 0.466667 0.458824
vn 0.0001031745657444 0.0001571952340752 -0.0010114666654249
v -0.0475167961486827 -0.1240243072256672 0.1007203343979857 0.372549 0.447059 0.423529
vn 0.0001645808349118 0.0003572676208290 -0.0006049378918421
v -0.0546996655668403 -0.1352740733870551 0.0990352265780457 0.411765 0.490196 0.466667
vn 0.0000885742581661 0.0001146826704831 -0.0007511876369762
v -0.0614900220529320 -0.1242459295854720 0.0991619538757501 0.388235 0.474510 0.450980
vn -0.0003913365786327 -0.0006404050245400 -0.0000269507189069
v -0.0301303349556015 -0.0455334706366016 0.0408899678968395 0.078431 0.094118 0.090196
vn -0.0003108245320857 -0.0006134204824283 -0.0000122834490835
v -0.0231157215429358 -0.0481467760480566 0.0311791790044777 0.098039 0.117647 0.113725
vn -0.0003201687484838 -0.0010124011579116 -0.0000409495069113
v -0.0151015069599596 -0.0526787041948525 0.0363594521082035 0.090196 0.105882 0.105882
vn 0.0000729343676477 -0.0004177426614673 0.0000595190959067
v -0.0336257624373512 0.1507988646183861 0.0204432139947125 0.356863 0.427451 0.415686
vn 0.0000925015512720 -0.0007425816893363 0.0000112899246254
v -0.0249263523215240 0.1517247105672765 0.0239713674673984 0.380392 0.466667 0.450980
vn 0.0001109802247992 -0.0005523234224717 -0.0000929700828046
v -0.0349308054689238 0.1486560203895385 0.0299408512431760 0.439216 0.529412 0.517647
vn -0.0002199204501896 -0.0005950262249967 -0.0000753545170039
v 0.0636349893163104 0.1361029832376534 0.0006518321615714 0.156863 0.164706 0.129412
vn 0.0001488469959766 -0.0001019748035487 -0.0008488384701674
v -0.1077476422680412 0.0661583633888137 0.1025902261846370 0.447059 0.529412 0.501961
vn 0.0001459407818755 -0.0000762752858341 -0.0007119784459042
v -0.1188260615385193 0.0565967794869023 0.1014196278384985 0.435294 0.517647 0.494118
vn 0.0001049233969222 -0.0000654897039816 -0.0004184664887210
v -0.1169828764996673 0.0657946757505268 0.1005180332900310 0.419608 0.501961 0.478431
vn -0.0000407767061467 -0.0000161259487774 -0.0008369662944713
v -0.0355385537198317 0.1000512387465932 0.1048846942109352 0.462745 0.537255 0.505882
vn -0.0000907342040240 0.0000761407830905 -0.0006079490449468
v -0.0298223572122568 0.0876979369456440 0.1034279693211637 0.403922 0.470588 0.450980
vn -0.0000119013964269 0.0000672226510618 -0.0007286145920790
v -0.0400211539647572 0.0883508133425847 0.1047067275258870 0.447059 0.517647 0.494118
vn 0.0000499050053777 -0.0005160777665127 -0.0000515808397744
v -0.0190357475520401 0.1506652655526821 0.0352677152899293 0.403922 0.494118 0.478431
vn 0.0000876941115156 -0.0005683415736804 -0.0000742517703314
v -0.0205306181521271 0.1503881511774924 0.0435882242759848 0.400000 0.490196 0.478431
vn 0.0000846056733986 -0.0004336895153215 -0.0000518070176203
v -0.0277330562425131 0.1499690843541886 0.0343399987101725 0.305882 0.384314 0.372549
vn -0.0004711444613077 0.0005386901665513 -0.0001560216462896
v 0.0997679989457931 -0.1170507305801599 0.0053750729786253 0.278431 0.301961 0.270588
vn -0.0006955507955732 0.0007051378241973 -0.0002532300286529
v 0.0875896616256793 -0.1264945836429458 0.0106501313929800 0.250980 0.270588 0.243137
vn -0.0004904575783296 0.0006784438050772 -0.0001686522107389
v 0.0903484717223487 -0.1161744444141524 0.0160282617980750 0.058824 0.082353 0.074510
vn -0.0002443694523288 0.0003168568686622 -0.0001244430212639
v 0.0907745486893533 -0.1241229870878711 -0.0005543778054655 0.227451 0.239216 0.196078
vn 0.0003202693546339 -0.0002814281947637 -0.0001899547363273
v -0.1060132886787751 0.1136876874107705 0.0269722312225470 0.470588 0.533333 0.505882
vn 0.0001583164539932 -0.0007250071653637 -0.0000586999720023
v 0.0012867888536378 0.1489034111864640 0.0694911302709900 0.286275 0.356863 0.341176
vn 0.0000742463769085 -0.0008008545138486 -0.0002000959038090
v -0.0130831519465934 0.1432041013276405 0.0631659346816878 0.137255 0.176471 0.172549
vn -0.0000463635082604 -0.0007580939886315 0.0000278114786092
v 0.0004007336932605 -0.1579897983895701 0.0296504841848676 0.309804 0.372549 0.360784
vn -0.0000172837486067 -0.0004347217212964 0.0000748053409083
v 0.0092757445466246 -0.1577185987798982 0.0356299386840191 0.298039 0.364706 0.349020
vn 0.0000309326151093 -0.0007297033079722 -0.0000002615428734
v 0.0020644894000597 -0.1576461372594812 0.0414595005020608 0.247059 0.313725 0.305882
vn -0.0000430838094187 -0.0001738232657135 0.0000467243473874
v -0.0127352545025590 -0.1602308670934084 0.1063747212163378 0.466667 0.423529 0.333333
vn -0.0004266630452046 -0.0000288020005295 -0.0001300214112574
v 0.1422495700663631 -0.0370563036837548 0.0518755327312144 0.101961 0.137255 0.125490
vn 0.0004760534078988 0.0001871472521922 -0.0000221046192496
v -0.1412246183865457 -0.0558456469875298 0.0449412310474583 0.250980 0.309804 0.301961
vn -0.0003603790605619 -0.0002967121253962 -0.0000128677238977
v 0.0366078636453486 0.0337073175234179 0.0008182301029270 0.321569 0.333333 0.305882
vn -0.0000210266650710 -0.0000156653908778 -0.0001813497197941
v 0.0408379040051792 0.0322344145235465 -0.0017372735971226 0.341176 0.360784 0.333333
vn -0.0004499654053828 -0.0002294064593417 -0.0000661902313839
v 0.0445070754578860 0.0229763786384917 0.0005041413415962 0.360784 0.372549 0.337255
vn -0.0002958542248199 -0.0003508953572017 -0.0000702244102140
v -0.1101894091318232 -0.1197035807274298 0.0042930209744891 0.219608 0.227451 0.196078
vn 0.0002602435156559 -0.0004971525083906 0.0000026205868462
v 0.0665044494660190 -0.1405247441771295 0.0631995975560944 0.309804 0.384314 0.384314
vn 0.0001879750421086 -0.0003918462592929 0.0000028915859276
v 0.0615098936794253 -0.1429414980693754 0.0694996868952061 0.337255 0.415686 0.411765
vn 0.0004035888810925 -0.0009692727609632 0.0000161161418282
v 0.0567104851894764 -0.1454431085577875 0.0566006442367472 0.254902 0.325490 0.321569
vn -0.0004287564576497 0.0004227558456537 -0.0001186569109931
v -0.0406494021849832 0.0361756431356057 0.0054125327358584 0.333333 0.278431 0.231373
vn -0.0000819041088034 0.0000708441437240 -0.0001674780698789
v -0.0367457402735253 0.0362955005643518 -0.0016557312120652 0.388235 0.384314 0.349020
vn -0.0000148666820802 0.0001136938568178 0.0004305117154693
v -0.0178020422774996 0.1254708061145033 0.1054324762784961 0.431373 0.498039 0.470588
vn -0.0000070181857162 0.0000577288071100 0.0003671709147870
v -0.0210060563706313 0.1168861886425942 0.1071898582515702 0.447059 0.509804 0.478431
vn -0.0000027767258339 0.0000693218639688 0.0005945485428810
v -0.0124191959900785 0.1182602722633024 0.1072750309978150 0.423529 0.474510 0.443137
vn 0.0006966044158967 0.0001981452216755 -0.0000774385833407
v -0.1486555102810626 -0.0346657428664123 0.0357240005943858 0.254902 0.317647 0.301961
vn 0.0007435213949473 0.0002659257499488 -0.0000705078877046
v -0.1441165196186253 -0.0495904148069310 0.0380660295183060 0.274510 0.337255 0.325490
vn -0.0002692659121236 -0.0002902187659162 0.0000093444308848
v 0.0931380981599772 0.1192097794696325 0.0003041283697225 0.262745 0.270588 0.223529
vn 0.0000742900612650 0.0000760230415511 -0.0002385943138590
v 0.0936606999834625 0.1219082400103894 -0.0017257442837114 0.247059 0.254902 0.211765
vn -0.0003193111853546 -0.0003297039893583 -0.0000870067370768
v 0.1018096493892738 0.1118715561813793 0.0010283721627181 0.227451 0.239216 0.192157
vn -0.0008844987802226 0.0002766477324413 -0.0000468316991252
v -0.1464928259213923 0.0523992630075687 0.0777734507312867 0.380392 0.450980 0.443137
vn -0.0006428645890041 0.0003172286415501 0.0000042992187063
v -0.1475256955494479 0.0560140829758663 0.0926597474574701 0.576471 0.580392 0.509804
vn 0.0006990505125570 -0.0005053065652157 0.0000770074675304
v -0.0392838144124031 0.0294169306458125 0.0089036909638882 0.380392 0.317647 0.254902
vn 0.0006673457009367 -0.0002946068563612 0.0000136402117188
v -0.0466886038073939 0.0189886032289450 0.0185161964565633 0.156863 0.168627 0.156863
vn 0.0005444208503001 -0.0002607788341501 0.0000800170137227
v -0.0472239863014340 0.0165774049126828 0.0084462408563100 0.137255 0.152941 0.141176
vn -0.0000523780585781 0.0004610740210439 0.0004752746913744
v -0.0030494040688132 -0.0553025530980288 0.0918744884288642 0.478431 0.529412 0.505882
vn 0.0001365943803474 0.0007335422436848 0.0002905941026491
v -0.0113693434085079 -0.0509555509697067 0.0863858171930731 0.176471 0.200000 0.188235
vn -0.0006488578509963 0.0001559928671112 0.0000402774932684
v 0.0518837044318125 -0.0081274462099712 0.0595326557753202 0.156863 0.156863 0.152941
vn -0.0006397632588174 0.0000014518926125 0.0000205733107674
v 0.0529913336676092 -0.0011419376829267 0.0654316379458978 0.184314 0.188235 0.176471
vn -0.0004530179627132 -0.0005351276919827 0.0003963050812010
v -0.0815947960853992 -0.1342037591445979 0.0955086977507421 0.439216 0.423529 0.356863
vn -0.0002432193068470 -0.0003984062358329 -0.0000632668861674
v -0.0858909410360528 -0.1316619574292029 0.0736495821338037 0.250980 0.290196 0.274510
vn 0.0000121532693375 0.0004759015031109 0.0000269491157002
v 0.0063262863767520 0.1534096991528652 0.0737015438843450 0.266667 0.333333 0.325490
vn -0.0000012871250885 0.0005979831704866 0.0000001160653436
v 0.0006203567585497 0.1533167722423270 0.0803281666076205 0.321569 0.396078 0.376471
vn 0.0000065927306504 0.0006458932551567 -0.0000631110229839
v 0.0136260210255274 0.1526567147490583 0.0814003724443959 0.270588 0.325490 0.309804
vn -0.0006784930558887 0.0002050161884763 -0.0000114395373272
v 0.0511282214582075 -0.0122911380364033 0.0247267543124241 0.098039 0.113725 0.113725
vn -0.0006961813077452 0.0003918052577394 0.0000258028175670
v 0.0457146138557153 -0.0231383184038789 0.0193895797966793 0.082353 0.098039 0.098039
vn -0.0006121855814175 0.0003807679842201 -0.0000058993106122
v 0.0451571673038685 -0.0248783346396182 0.0301632402666172 0.086275 0.098039 0.098039
vn 0.0006600609535173 -0.0001791158997418 -0.0000216672988881
v -0.1465423379114714 0.0382909647424566 0.0671441834598618 0.325490 0.403922 0.396078
vn 0.0003999314563681 -0.0000820553921970 -0.0000083490442125
v -0.1474724237029377 0.0334458386751134 0.0750149195765362 0.411765 0.486275 0.474510
vn 0.0007868238396920 -0.0001204859204193 -0.0000200329241458
v -0.1490390880333348 0.0262153227792328 0.0660479694495681 0.384314 0.458824 0.450980
vn 0.0000261018822301 -0.0000116799618861 0.0004229427283387
v 0.1324931010317055 -0.0609270441220984 0.1032931125311058 0.400000 0.478431 0.462745
vn 0.0000950062377341 -0.0000378804179802 0.0008283355960371
v 0.1292970816184547 -0.0523425131543615 0.1039097081975164 0.356863 0.423529 0.411765
vn 0.0000188900459236 -0.0005556798252160 -0.0000115762150089
v -0.0020444908236235 -0.1581898978194030 0.0495648123753968 0.298039 0.372549 0.368627
vn 0.0000360727022254 -0.0007558304789963 0.0000206806356035
v 0.0034499482173092 -0.1580829008651953 0.0569329524963918 0.254902 0.321569 0.321569
vn -0.0003127377413730 -0.0006513255097678 -0.0000196023932105
v 0.0231341298877474 0.0467554559706850 0.0225266524468838 0.113725 0.133333 0.137255
vn 0.0005511185304273 0.0003746876061692 -0.0000115765174715
v 0.1270287581692999 0.0868400257477036 0.0664213625648656 0.294118 0.329412 0.305882
vn 0.0004878167549360 0.0004217900519383 -0.0000001317768048
v 0.1204593682074462 0.0950045632432373 0.0610436096252462 0.262745 0.294118 0.270588
vn 0.0005483233141505 0.0004419641641402 -0.0000284092571580
v 0.1223183787906001 0.0931911286421954 0.0711726386287688 0.270588 0.301961 0.278431
vn 0.0003059524905541 0.0005600175214602 -0.0000235527509317
v -0.0725778787234722 -0.1346360297331830 0.0569574805103721 0.133333 0.168627 0.164706
vn 0.0002729287918444 0.0004893526636283 -0.0000034534230610
v -0.0758511394887404 -0.1329649200345538 0.0713227531503991 0.239216 0.278431 0.270588
vn 0.0002419418531719 0.0005176086553798 -0.0000051838374521
v -0.0657247609813768 -0.1383470309948348 0.0641190440375481 0.219608 0.266667 0.258824
vn 0.0003979526307153 0.0006160271695094 -0.0000527305555862
v -0.0803917822088935 -0.1314838095123270 0.0384264793833769 0.184314 0.239216 0.231373
vn 0.0002853374111971 0.0007201776875453 0.0001376493470964
v -0.0737248708235995 -0.1353419973007109 0.0327689098043723 0.207843 0.266667 0.258824
vn 0.0003524043853123 0.0007118860051798 0.0001209348656142
v -0.0849680137946771 -0.1302607710323941 0.0281617734382276 0.196078 0.243137 0.243137
vn -0.0003708976370292 -0.0000113933941801 0.0001748785434763
v 0.1516976111452623 -0.0129277024380445 0.0015677253160057 0.117647 0.125490 0.101961
vn -0.0005390246324383 0.0001431132594375 0.0001147962293187
v 0.1567224868765626 -0.0197518934693027 0.0102217553367002 0.274510 0.266667 0.207843
vn -0.0007029233739154 -0.0000792573784600 0.0001558163927920
v 0.1568550946486462 -0.0100100664237980 0.0114083634048691 0.290196 0.286275 0.235294
vn -0.0004722369931359 0.0006841450084937 -0.0002074905841708
v -0.0284077586718736 0.0465356255709992 0.0821355069737361 0.215686 0.235294 0.223529
vn -0.0002561619533083 0.0005308410244342 0.0000094143145214
v -0.0219929163291229 0.0498712734716449 0.0755934784205515 0.200000 0.223529 0.215686
vn 0.0008614244288958 0.0002969651948532 -0.0000019615026106
v 0.1460723104988320 0.0483197816305582 0.0731866428164729 0.258824 0.290196 0.274510
vn 0.0004423533149317 0.0001897225802246 -0.0000125356466272
v 0.1412561773170192 0.0608706262816273 0.0738043365372955 0.282353 0.317647 0.294118
vn 0.0007923586381451 -0.0002761550224660 0.0000203118003599
v -0.0469145515424102 0.0156603817892274 0.0515972103014728 0.278431 0.278431 0.243137
vn 0.0004750049324779 -0.0001119982192099 0.0000097697155599
v -0.0480026615111460 0.0132822717974558 0.0615233101327527 0.156863 0.164706 0.149020
vn -0.0001399241838147 0.0006033116090676 0.0005409688608021
v 0.0103003935369149 -0.0547805358222406 0.0967104903853542 0.482353 0.509804 0.470588
vn -0.0001742101199206 0.0007624339657569 0.0001285267267196
v 0.0114118740176201 -0.0512545040657778 0.0822579293817703 0.156863 0.176471 0.164706
vn -0.0000044520785861 0.0005265027635856 0.0001338967590199
v 0.0017652248672264 -0.0529458104474919 0.0857502391804198 0.152941 0.172549 0.160784
vn 0.0001144971158774 0.0000507594291688 -0.0001485626771309
v 0.0461875173164032 0.0276742250363190 -0.0013910822523797 0.333333 0.349020 0.313725
vn 0.0003892367690397 0.0003023517012348 -0.0001761871111625
v 0.0446565796675327 0.0339381036671007 0.0008661465502052 0.211765 0.207843 0.184314
vn -0.0001050274936766 -0.0004375025553926 0.0000398798202802
v -0.0393137529577745 -0.1543938515429563 0.0332194893711785 0.286275 0.349020 0.341176
vn -0.0000927393084701 -0.0004035692340770 0.0000381147945415
v -0.0420971415124617 -0.1552080107705008 0.0254589658490297 0.286275 0.337255 0.325490
vn -0.0000722339607705 -0.0006344316288149 -0.0000083450293883
v -0.0291913059170466 -0.1564198592369560 0.0292053130387181 0.227451 0.290196 0.286275
vn -0.0005698439091294 0.0005601811013878 0.0000032539261315
v 0.1068154143341348 -0.1058850281620318 0.0522339636748929 0.227451 0.278431 0.270588
vn -0.0004174009740496 0.0005290439877645 -0.0000032769151357
v 0.0972051283096314 -0.1150736022975302 0.0470787036705445 0.243137 0.290196 0.274510
vn 0.0000977708036633 0.0001325574483083 0.0006607126091038
v 0.0784287857262743 0.0998105403527916 0.1067539088574668 0.407843 0.474510 0.447059
vn 0.0001282448897356 0.0001422852357800 0.0007975677707427
v 0.0894968788309951 0.0960384829781976 0.1056175232851538 0.388235 0.458824 0.427451
vn 0.0005857130323760 0.0006910878566158 -0.0002349982835678
v -0.0918292340911823 -0.1186346623107713 0.0839609928500943 0.047059 0.070588 0.070588
vn 0.0008110925165815 0.0008395386213532 0.0000412354172125
v -0.0983552222651206 -0.1090056908747463 0.0755157851732677 0.039216 0.054902 0.050980
vn -0.0002842128715215 0.0000365916279367 0.0007684858870790
v -0.1451667073896093 0.0092732442760930 0.1023181105190081 0.435294 0.517647 0.494118
vn -0.0001419986105672 0.0000476806696054 0.0007617602846477
v -0.1418675584544250 -0.0029488508557484 0.1040655091961225 0.400000 0.482353 0.462745
vn -0.0001814696249106 0.0000219004144175 0.0007902699512702
v -0.1344135474467718 0.0054090354792791 0.1055421633609160 0.435294 0.517647 0.490196
vn 0.0006282454799482 -0.0003036678357712 -0.0000324704102099
v -0.1392045301519430 0.0607552888315050 0.0544870256659985 0.333333 0.411765 0.400000
vn 0.0000135141250673 -0.0000829324344067 -0.0008253425967771
v 0.0505779890098956 -0.0762076358450553 0.1027829694481692 0.423529 0.501961 0.482353
vn 0.0002379155310160 -0.0004951237882642 -0.0000254211227471
v 0.0251343068884464 -0.0488807852523496 0.0433766228418036 0.101961 0.109804 0.109804
vn 0.0000439854755870 0.0000314989204915 0.0004518978246255
v -0.1047291128292046 0.0075222545678686 0.1079227866253846 0.396078 0.474510 0.454902
vn 0.0000383014995152 0.0000104010010717 0.0002556884387476
v -0.0966445091370966 0.0082505051615903 0.1065534223347108 0.435294 0.521569 0.494118
vn 0.0000949906658473 0.0000073532905494 0.0007418550893203
v -0.0953051520159138 0.0164762830919628 0.1064995204922190 0.400000 0.482353 0.466667
vn 0.0001003092730521 0.0000480447160752 0.0006350589421640
v -0.0988511724443916 0.0003927600372812 0.1076849579008687 0.415686 0.494118 0.474510
vn 0.0006567280065461 0.0006655835862467 0.0000597977667236
v 0.1031485525210039 0.1142480294409526 0.0503394929444434 0.278431 0.325490 0.301961
vn 0.0004001339844736 0.0003788115913349 0.0000391590218088
v 0.1099519172158546 0.1065860166479777 0.0534784628784943 0.239216 0.270588 0.250980
vn 0.0005341194472422 0.0004964683892909 0.0000804640110971
v 0.1104852680930385 0.1074035922240957 0.0410075664756710 0.243137 0.274510 0.250980
vn 0.0007585145692819 -0.0003050702377039 -0.0000176993845388
v 0.0542106070327388 -0.0193710743049541 0.0619377174882383 0.141176 0.145098 0.133333
vn 0.0006501435570156 -0.0004351381957264 -0.0000021963650924
v 0.0475807184981147 -0.0311383652539474 0.0640225094096511 0.113725 0.117647 0.113725
vn 0.0008321503552537 -0.0004128118699150 -0.0000276306125224
v 0.0529215388602553 -0.0224832146832598 0.0504504948068439 0.082353 0.086275 0.086275
vn -0.0003771753906051 -0.0000573977487381 -0.0005540357212885
v 0.1357715896031969 0.0284483774753084 0.0992946653585440 0.313725 0.380392 0.368627
vn -0.0005272429082641 -0.0000075444044570 -0.0002565823903866
v 0.1444402358640587 0.0332963288756875 0.0925645600391960 0.180392 0.192157 0.172549
vn -0.0005645662118028 -0.0001642859911681 -0.0003272800876631
v 0.1465885288153594 0.0204566714554028 0.0918428216345931 0.223529 0.250980 0.239216
vn -0.0000204463196151 0.0006811832322766 0.0001568411457926
v 0.0054987708224689 0.1578972979812851 0.0228669409878513 0.321569 0.384314 0.356863
vn -0.0000045119288223 0.0004625389705090 0.0000589828575715
v -0.0012294721418367 0.1572012767977601 0.0304125920692036 0.349020 0.435294 0.423529
vn 0.0003769368439016 -0.0005162100351768 0.0001109258114448
v 0.1009229418475489 -0.1216637777019648 0.0854968868863219 0.478431 0.525490 0.490196
vn 0.0005417845126754 -0.0004551103665936 -0.0000257162924674
v 0.1046784528960960 -0.1191997208681909 0.0747562624719096 0.349020 0.388235 0.349020
vn 0.0003076353052135 -0.0005330584261962 0.0000876470824967
v 0.0738135431676891 -0.1396918224134312 0.0233633324162027 0.360784 0.423529 0.400000
vn 0.0003882527809896 -0.0005808503767377 0.0001280434279176
v 0.0822191048097151 -0.1340207260028065 0.0251625107653028 0.333333 0.392157 0.372549
vn 0.0002369663481026 -0.0004123738825911 0.0000496334381418
v 0.0759675030209182 -0.1363976745599017 0.0330534673620698 0.313725 0.380392 0.364706
vn 0.0003823175352006 -0.0000296610824950 0.0001211573284738
v 0.1576889983769625 -0.0287731272214360 0.1026881681069694 0.360784 0.392157 0.345098
vn 0.0002067750985324 0.0000582191356019 0.0006492417879218
v 0.1517459084765428 -0.0157825252338914 0.1045820125374787 0.400000 0.462745 0.431373
vn 0.0000694820418095 -0.0001224732496765 0.0004134150486729
v 0.1544086082038113 -0.0293741265355320 0.1050739347193577 0.427451 0.466667 0.411765
vn 0.0004375930449286 0.0000904568300915 0.0000931439679163
v 0.1542452525976923 -0.0169880330014220 0.0967609128702361 0.203922 0.227451 0.215686
vn 0.0004783530598657 0.0000128093775962 -0.0000392949897451
v -0.1511851390280324 -0.0095790017471498 0.0662981221587340 0.294118 0.352941 0.333333
vn 0.0005528344470836 0.0000993038154063 -0.0000283132102985
v -0.1502551737143412 -0.0226004486764846 0.0614914054723406 0.254902 0.305882 0.290196
vn 0.0004879836211915 0.0000100110424610 0.0000271580419964
v -0.1520086644557783 -0.0152686073164638 0.0561887694644349 0.047059 0.066667 0.058824
vn 0.0002937099386838 0.0004956357590490 -0.0001588411234351
v 0.0791573014016467 0.1373387993716344 0.0018126664940540 0.258824 0.258824 0.211765
vn 0.0003182116631224 0.0004024910868084 -0.0002326883584672
v 0.0904195423335312 0.1280889989052172 0.0005542660400545 0.227451 0.223529 0.180392
vn 0.0000136723876719 0.0000258906499558 -0.0001866703994759
v 0.0790756982303312 0.1328654928722938 -0.0018009452220884 0.219608 0.223529 0.180392
vn -0.0004239011958110 0.0004475193457049 -0.0005549220186847
v -0.0495177381566539 0.0362746584468545 0.0899630069242362 0.156863 0.207843 0.207843
vn -0.0002177873024534 0.0001861569456725 -0.0004229528533596
v -0.0567480187293114 0.0372775958365643 0.0970426666781909 0.384314 0.466667 0.450980
vn -0.0000783085198537 0.0000887698129288 -0.0006483908030710
v -0.0633834906211384 0.0434695122011933 0.0993378602873758 0.403922 0.490196 0.478431
vn -0.0002463475246261 0.0002971041494930 0.0003315105362128
v -0.0857108479099340 0.1294137388914800 0.1017640898466863 0.454902 0.505882 0.470588
vn -0.0003114238968419 0.0004480037916033 -0.0000022023281373
v -0.0895158003774898 0.1272050716686874 0.0931259222293548 0.364706 0.439216 0.431373
vn -0.0003231039072174 0.0003908557001685 0.0001462165609658
v -0.0976249973116070 0.1208094943700826 0.0996949899159157 0.411765 0.466667 0.435294
vn 0.0007016513859014 -0.0001721123254623 0.0000032296913735
v 0.1447826592110253 -0.0525509031234577 0.0684550603296893 0.258824 0.301961 0.294118
vn 0.0008174816164794 -0.0002095914631240 0.0000442581151118
v 0.1468528467745386 -0.0439701966928368 0.0591819946078633 0.282353 0.341176 0.313725
vn -0.0000771591967196 0.0000406901662106 0.0007198331021913
v -0.1224870978735369 0.0113878161957737 0.1074816672835777 0.415686 0.501961 0.470588
vn -0.0000003021539648 0.0000379214626638 0.0003557916489595
v -0.1129107170046014 0.0103825749954615 0.1081019954432391 0.447059 0.533333 0.505882
vn -0.0000296957436912 0.0000037349354203 0.0005625955234255
v -0.1165675955524066 0.0183625718714781 0.1070561536808421 0.360784 0.439216 0.423529
vn 0.0004321876674489 -0.0000477567696842 -0.0009271290420319
v -0.1368006521355220 0.0289467200982746 0.0995999531623834 0.400000 0.486275 0.462745
vn 0.0001448653865126 -0.0000157329208200 -0.0006736820397989
v -0.1304496751214964 0.0153042099437587 0.1018325391008259 0.415686 0.498039 0.470588
vn 0.0003317408664523 -0.0000001483072546 -0.0004578221599074
v -0.1400001165260656 0.0187505794963283 0.0990914027572324 0.376471 0.454902 0.439216
vn -0.0003715876955112 0.0002772607303136 -0.0000174055956858
v 0.1072682583950467 -0.1071473036467091 0.0000193745655277 0.211765 0.223529 0.172549
vn 0.0007266494213201 0.0001305802697362 0.0000753783003158
v 0.1545767365585601 0.0189538377820099 0.0441801365289706 0.294118 0.345098 0.329412
vn 0.0009069131212201 0.0001949481652235 0.0000541193298230
v 0.1521748610074027 0.0279997719832970 0.0477455281125544 0.247059 0.290196 0.274510
vn -0.0000914200883808 0.0000942241280196 0.0006459522546040
v -0.1125643763805893 0.1012110913160534 0.1020276617566828 0.431373 0.494118 0.443137
vn -0.0002642331140866 0.0002252231398780 0.0001093366809970
v -0.1166877690789608 0.1028054756615999 0.0999091229892062 0.356863 0.403922 0.376471
vn -0.0003602122973392 0.0002598024341660 0.0006743993472166
v -0.1232899141608523 0.0935892950167230 0.1009683404207808 0.329412 0.384314 0.356863
vn 0.0006659943416468 -0.0004536452148551 -0.0000870080254752
v -0.1262663477897408 0.0828675508324766 0.0556285939981464 0.388235 0.462745 0.450980
vn 0.0004577556741993 -0.0003654170821619 -0.0001231868413073
v -0.1206925382088284 0.0935136044324896 0.0501851347661171 0.423529 0.501961 0.486275
vn -0.0000897954713363 0.0006633990492224 0.0000317778755564
v -0.0518363372804417 0.1498485404395634 0.0932867027122845 0.603922 0.584314 0.505882
vn -0.0005299146490273 0.0005021420384394 0.0000341759800699
v -0.1157036588680922 0.1027927397926299 0.0659159780356805 0.337255 0.407843 0.400000
vn 0.0002769339586934 -0.0004932709862001 -0.0000080167490329
v 0.0305409508592423 -0.0459950738205631 0.0285925987732065 0.078431 0.094118 0.090196
vn 0.0002101566402170 -0.0004261380930265 0.0000040902737508
v 0.0255481183481608 -0.0486487016588971 0.0347215217248917 0.101961 0.113725 0.109804
vn 0.0002496809298086 -0.0006300400819676 -0.0000043584112338
v 0.0209210409888037 -0.0512505692421333 0.0266690615268356 0.094118 0.113725 0.109804
vn 0.0000328984835953 -0.0000809365917518 0.0006277496575838
v -0.0718443416430436 0.0481975488952839 0.1048960945111780 0.396078 0.482353 0.462745
vn 0.0000526141540501 -0.0001168203310796 0.0007027916116473
v -0.0641453254840403 0.0558151752844972 0.1058580253559463 0.415686 0.501961 0.482353
vn 0.0000871057089616 -0.0000406001135475 -0.0007494769250482
v -0.1134048650673850 0.0441617489996387 0.1035365602753013 0.462745 0.549020 0.521569
vn -0.0000117584516144 -0.0000025269484394 -0.0007764483068702
v -0.1048230657186876 0.0534441110001838 0.1038655253660798 0.474510 0.556863 0.529412
vn -0.0001401377258411 0.0000511132121615 -0.0005362541039328
v -0.1039948752897199 0.0449394877297284 0.1035121021507464 0.435294 0.513725 0.490196
vn 0.0006177127180043 0.0000421444224308 0.0000048523221706
v 0.1508322304177838 0.0315034482726598 0.0854024539902684 0.345098 0.337255 0.286275
vn 0.0006497294014028 0.0000667502428985 0.0000254297036582
v 0.1517358714091505 0.0306932906715107 0.0752310302385088 0.321569 0.356863 0.329412
vn 0.0003719568400907 0.0000018474916956 0.0000137628691800
v -0.0471254347581981 0.0033279434376459 0.0010208771284812 0.227451 0.250980 0.223529
vn 0.0001858964775961 0.0000120952738657 -0.0000819382446667
v -0.0470178909921436 -0.0064341735423161 0.0001724387526503 0.227451 0.247059 0.223529
vn 0.0000087888888334 -0.0000041607137581 -0.0001852415065439
v -0.0489558781647287 0.0019794893996326 -0.0016692011857121 0.250980 0.270588 0.250980
vn -0.0004538950089783 0.0002447139018219 0.0000627775525724
v 0.1348552153508436 -0.0701091628589599 0.0306614424505182 0.247059 0.298039 0.286275
vn 0.0001540637539207 0.0000233399629428 -0.0001804102682853
v -0.1528300794784684 -0.0085753286255367 -0.0016871008703342 0.349020 0.368627 0.325490
vn 0.0004227088569163 0.0000697109579700 0.0000181103093216
v -0.1533780016182361 -0.0105575306515357 0.0072405624058860 0.356863 0.384314 0.341176
vn 0.0005162073865930 0.0000818174149606 0.0000117460924827
v -0.1498641599414032 -0.0204624946508353 0.0002826675437351 0.376471 0.415686 0.368627
vn 0.0003616539669161 0.0001536340800766 -0.0000593254498422
v 0.1552140281883717 0.0362519246286784 0.0071987187193409 0.309804 0.294118 0.227451
vn -0.0000238746175325 -0.0011164767010056 -0.0000129543361894
v -0.0128482869728514 -0.1581801984082462 0.0386348294696027 0.290196 0.364706 0.356863
vn -0.0000294136374181 -0.0003940380099220 -0.0000003439449218
v -0.0193581274319399 -0.1575794054768441 0.0515313545389359 0.290196 0.364706 0.356863
vn -0.0001007252258587 -0.0006875848984648 0.0000062912611425
v -0.0250491853647880 -0.1570467378106775 0.0451638126039497 0.196078 0.254902 0.250980
vn -0.0000360432619573 0.0001544098426815 0.0005826021129993
v 0.0129796708829817 -0.0740808957199462 0.1029314992053596 0.309804 0.384314 0.368627
vn -0.0000194399904371 0.0001550466282137 0.0006071062232912
v 0.0026894397207332 -0.0745764071006077 0.1026514196115070 0.403922 0.482353 0.470588
vn -0.0000201148250725 0.0001461940311341 0.0005892075304815
v 0.0058572978193227 -0.0833688467282183 0.1045809949595718 0.400000 0.482353 0.462745
vn 0.0001480348365793 0.0007611809019485 0.0001454652294236
v 0.0285671023490180 0.1525069685616873 0.0415851826400959 0.211765 0.266667 0.258824
vn 0.0000845897049330 0.0006892726676724 0.0000344564173751
v 0.0186622396730319 0.1543638294236747 0.0470344266445720 0.270588 0.337255 0.325490
vn -0.0000218599613155 0.0002041220026498 0.0006119324320705
v -0.0314690055757008 0.1395849797963527 0.1005310662441508 0.384314 0.454902 0.431373
vn -0.0003387710554364 -0.0001113683671332 0.0000625316103003
v 0.1402745755416665 0.0340630970463317 0.0000817711188366 0.117647 0.125490 0.105882
vn -0.0002964019570710 -0.0002384245260044 0.0001711379717898
v 0.1476814754951968 0.0294990707266887 0.0023217316638003 0.176471 0.184314 0.152941
vn 0.0009069706584508 -0.0001843455341010 -0.0000323709156261
v -0.1430297259859679 0.0526390530129247 0.0321426566238039 0.203922 0.250980 0.235294
vn -0.0004346616364732 0.0006123941037508 0.0001164547238917
v -0.0902701521221785 0.1295032621065130 0.0393864098253115 0.580392 0.572549 0.517647
vn -0.0002609472229822 0.0004733646226491 0.0000853211030899
v -0.0809238129864687 0.1328346689602364 0.0436634665020613 0.396078 0.482353 0.462745
vn -0.0000296974748092 -0.0000551086181386 0.0009347410128629
v 0.0058087011870429 0.1043796645208926 0.1074321764565098 0.419608 0.478431 0.450980
vn -0.0000597902198408 0.0000127603639288 0.0006785847198296
v 0.0172491142913076 0.1087096968346682 0.1085455139474241 0.470588 0.505882 0.474510
vn -0.0000224843394707 0.0000904695429877 0.0007337833778323
v 0.0133478236392335 0.1195475482734030 0.1074683706178871 0.439216 0.486275 0.450980
vn -0.0002988066947113 -0.0002880546123850 -0.0000261470411698
v 0.1283107356466335 0.0792020448199897 0.0014823594680141 0.192157 0.184314 0.149020
vn -0.0000341256013227 -0.0000156524197179 -0.0000828769224957
v 0.1303909007417155 0.0778598845184405 -0.0016799631133520 0.219608 0.219608 0.180392
vn -0.0004435126734753 -0.0000718279574840 0.0000460039682974
v 0.1396521263315929 0.0589524935102770 0.0015307702484090 0.180392 0.176471 0.141176
vn -0.0004995942385736 -0.0001546600117692 0.0000046388828160
v 0.1423180419399041 0.0631922146391310 0.0128482839906764 0.305882 0.294118 0.231373
vn -0.0003069009793298 -0.0001691900966475 -0.0000221497919847
v 0.1366973814635264 0.0652380271078391 -0.0013274935138456 0.200000 0.192157 0.164706
vn -0.0006296835574989 -0.0004306876949222 -0.0001283523641890
v 0.1381153263263561 0.0711687113963355 0.0129983659577708 0.294118 0.286275 0.235294
vn -0.0005611803494950 -0.0006644399271386 -0.0000804349503589
v 0.0823062099957508 0.1283490105301732 0.0265695927592816 0.200000 0.231373 0.211765
vn -0.0002865058153291 -0.0002657101746655 -0.0000799340873459
v 0.0881623390457874 0.1246063075911183 0.0190324277994733 0.074510 0.082353 0.058824
vn -0.0003953586492006 -0.0002752100256485 -0.0000535251056647
v 0.0893349029582134 0.1167689532810876 0.0255545080409492 0.035294 0.047059 0.043137
vn -0.0002518764996132 -0.0003378630507541 -0.0006110767591355
v 0.1311858712524365 0.0563495540142245 0.1009224579993355 0.325490 0.392157 0.368627
vn -0.0000898839346861 -0.0000095414263849 -0.0007973085699192
v 0.1266229960822492 0.0454379802798296 0.1011886176125820 0.396078 0.470588 0.454902
vn -0.0000306542017326 -0.0003487024610362 -0.0007032763328718
v 0.1169225664591552 0.0542868704764249 0.1021861197812020 0.376471 0.450980 0.431373
vn -0.0000325366137076 -0.0003316939267500 -0.0005777185900046
v 0.1212084176888229 0.0631471288218278 0.0951157197572338 0.184314 0.227451 0.227451
vn 0.0000957533921255 -0.0005095407682127 -0.0002242358535890
v -0.0186337314059077 0.1521799350192958 -0.0000781464650224 0.419608 0.407843 0.345098
vn 0.0005268225170758 -0.0000629948270609 0.0000644662662359
v 0.1523477404095744 -0.0127791446918711 0.0572607599005206 0.211765 0.247059 0.239216
vn 0.0004269586989031 -0.0000407636124982 0.0000432584099884
v 0.1541515338303384 -0.0057718807565874 0.0629463592054623 0.309804 0.360784 0.345098
vn -0.0001603792843366 0.0001057855811920 0.0007013977820891
v -0.1153969681424993 0.0694343219661865 0.1048563276738754 0.411765 0.494118 0.470588
vn -0.0001110913125107 0.0000641133659894 0.0007774460772991
v -0.1086853077145076 0.0599743984974818 0.1075545044972275 0.458824 0.541176 0.513725
vn -0.0000301384603638 0.0000004165250378 0.0006854915431980
v -0.0519622181868758 0.0943976663380508 0.1092577370325367 0.443137 0.517647 0.494118
vn -0.0000297440410738 -0.0000108244406502 0.0006110886481611
v -0.0620677709472280 0.0920441687124946 0.1087117295717279 0.458824 0.537255 0.513725
vn -0.0000284550410862 -0.0000600763769936 0.0005549553948796
v -0.0559924866399444 0.0846316962178563 0.1082065019186702 0.435294 0.517647 0.490196
vn 0.0004702686170964 0.0005409489472714 0.0000620458545141
v 0.0963230333827169 0.1211510317069891 0.0420564513121560 0.286275 0.333333 0.305882
vn 0.0004026111038174 0.0004301758853994 0.0001146166059850
v 0.1031908414480635 0.1149028324662161 0.0385454086597580 0.274510 0.305882 0.282353
vn 0.0002697924029694 -0.0003939547956466 0.0000310142928495
v 0.0828215958675226 -0.1324281836958903 0.0378951804117041 0.317647 0.392157 0.372549
vn 0.0005570222873680 -0.0002561091826842 -0.0000902654444539
v 0.1566893056424171 -0.0305045297337326 0.0922976492725176 0.309804 0.325490 0.290196
vn 0.0003852931120140 0.0000756483375538 0.0000253524380521
v 0.1582864873440957 -0.0232139293488607 0.0939766791744145 0.368627 0.384314 0.333333
vn -0.0004964558049994 0.0001381337330214 0.0000375354241751
v 0.0506515121501966 -0.0128291260872645 0.0145610293869736 0.086275 0.101961 0.105882
vn -0.0005806639596318 0.0002046792699720 0.0001087574661318
v 0.0486674104718953 -0.0156546296480695 0.0068898368863490 0.098039 0.109804 0.105882
vn -0.0000464414892550 0.0000145284300948 0.0008244539498819
v -0.0348736860597799 -0.1317296977402452 0.1051014189191941 0.364706 0.450980 0.431373
vn -0.0000208990989699 0.0001430397682731 0.0007113143074239
v -0.0300987877538108 -0.1430917210022466 0.1060348468213332 0.400000 0.462745 0.450980
vn -0.0000025156402515 -0.0000674787526227 0.0008982822004910
v -0.0188768229511607 -0.1297386686207192 0.1067052746012715 0.349020 0.419608 0.403922
vn 0.0000249465272738 0.0000401831453302 -0.0002080360031657
v 0.0707515009352716 0.1382126721000863 -0.0014543267983899 0.290196 0.290196 0.247059
vn 0.0001200604898445 0.0003565030496014 -0.0001192050484043
v 0.0701553226538438 0.1423163723993366 0.0032822784935693 0.250980 0.254902 0.211765
vn -0.0007694118123749 -0.0001574321019012 -0.0000161910227203
v -0.0534604866112517 -0.0095790654697005 0.0491987265226533 0.109804 0.125490 0.117647
vn -0.0003475612720680 -0.0001017807741039 0.0000128570603411
v -0.0524269219757840 -0.0120441601097785 0.0376414385649913 0.078431 0.098039 0.098039
vn -0.0007174387274354 -0.0002785014228247 -0.0000123692599884
v -0.0499881576059353 -0.0184080322291704 0.0406278081078916 0.101961 0.117647 0.113725
vn -0.0004951038624253 -0.0002685071663516 -0.0000538840648457
v 0.1333216068867465 0.0685867963573724 0.0494280442186323 0.274510 0.309804 0.286275
vn -0.0000273156549934 0.0001504059695725 0.0007222637670327
v 0.0003150504146903 0.1303010302435468 0.1046105043461604 0.396078 0.462745 0.435294
vn -0.0000160557065664 0.0001190061776193 0.0005264315897479
v 0.0087257449615928 0.1270831824543538 0.1056829134270836 0.400000 0.466667 0.439216
vn -0.0000411026191717 0.0000560984086213 0.0007436665958564
v 0.0105958458817174 0.1357810199962688 0.1035140572324865 0.349020 0.411765 0.392157
vn -0.0005566502484227 0.0003804755945040 -0.0000145800294560
v 0.1259836138442257 -0.0834934194250940 0.0820356645675255 0.258824 0.309804 0.294118
vn -0.0004631968586095 0.0003376053142857 -0.0003741271417406
v 0.1213026631228361 -0.0884639482270519 0.0914601351835338 0.180392 0.215686 0.203922
vn -0.0005840455023803 0.0003924874187104 -0.0004872240664477
v 0.1271053396555547 -0.0801694850755644 0.0924262997946898 0.125490 0.156863 0.137255
vn 0.0000039291597642 0.0004730331395300 -0.0001481621360124
v 0.0090066053616403 0.1611236215785871 0.0027443088686418 0.443137 0.443137 0.368627
vn -0.0000519071459616 -0.0000959541004731 -0.0006536245807020
v -0.0734018208533557 -0.0611794552777912 0.1012551372031441 0.203922 0.270588 0.254902
vn -0.0001094400613272 -0.0002401842991835 -0.0006690760052450
v 0.1061323741211914 0.0517278100722551 0.1046951717286505 0.419608 0.494118 0.470588
vn -0.0002526716062245 0.0002744839797191 0.0000771976340261
v -0.1122532207242324 0.1096164112598511 0.0357376364747460 0.439216 0.517647 0.490196
vn -0.0005792518768689 0.0005084099558401 0.0000701507972512
v -0.1181540463418492 0.1059136308327948 0.0310030523276067 0.396078 0.466667 0.450980
vn -0.0000145876309910 0.0000027354418390 -0.0006084105848207
v 0.0620012753954179 0.0918136230354128 0.1048660758454848 0.450980 0.517647 0.486275
vn -0.0000045110320820 0.0000677075697785 -0.0004688790897441
v 0.0525269034062363 0.0863009430235705 0.1041223079969211 0.427451 0.501961 0.474510
vn -0.0007389034987246 -0.0000949058104146 -0.0000664848490810
v 0.1454461270650140 0.0335927212072292 0.0676838183027408 0.215686 0.250980 0.239216
vn -0.0005890442738611 -0.0001936897293087 -0.0000379647206786
v 0.1430146496902839 0.0442668364365858 0.0674834611263394 0.200000 0.235294 0.215686
vn -0.0006935530778055 -0.0001946589639714 -0.0000246739354852
v 0.1444905596415484 0.0407550855852672 0.0574642721874720 0.243137 0.286275 0.270588
vn 0.0000720618891432 -0.0001467310546336 0.0006518172035687
v 0.1154173168042432 -0.0985661864613115 0.1093357782437050 0.549020 0.564706 0.501961
vn 0.0000082364005245 0.0000480488334663 0.0005385500919522
v 0.1110941144783362 -0.0878003226772614 0.1059820639612865 0.403922 0.478431 0.458824
vn 0.0007221417496803 0.0000491293357343 0.0000422358243093
v 0.1504423906027687 0.0465560882687040 0.0968125764971052 0.415686 0.384314 0.309804
vn 0.0004147047812427 0.0000013247203492 0.0002496592382485
v 0.1480645046825100 0.0499061610580814 0.1063113830254813 0.450980 0.415686 0.352941
vn 0.0000847894995362 0.0000764622749886 0.0005325088241550
v 0.0949644644988078 0.0870261793475580 0.1063100297332870 0.392157 0.462745 0.435294
vn 0.0001432778409732 0.0000833531906137 0.0008126827192890
v 0.1070618141872709 0.0784849808731068 0.1052561325804331 0.403922 0.482353 0.458824
vn 0.0000246278015220 -0.0000044985142247 -0.0004315683850452
v -0.0442326451738407 -0.1004531272515817 0.1040367709524605 0.450980 0.525490 0.498039
vn 0.0004852930929276 0.0000550047301922 -0.0000956469396647
v 0.1571255942006012 -0.0208807385438137 0.0840160840671875 0.317647 0.329412 0.286275
vn 0.0002323580594759 -0.0003996346176458 -0.0000017481275106
v 0.0761157929502538 -0.1352787996358101 0.0753070939291208 0.309804 0.392157 0.388235
vn 0.0002510990297521 -0.0004702803525651 -0.0000025882804049
v 0.0685399972716507 -0.1393970648004955 0.0721839099411022 0.301961 0.376471 0.376471
vn -0.0001126539472421 0.0006019191596855 0.0000679238723044
v -0.0251386130585494 0.1537425941665964 0.0451031269001564 0.364706 0.450980 0.443137
vn -0.0000679875198712 0.0007753679023504 0.0000690798671036
v -0.0154697431579551 0.1550541463256037 0.0477287967534535 0.341176 0.419608 0.411765
vn 0.0004480406228245 0.0000507683848249 0.0000148493913543
v -0.1490745792876863 -0.0294105108477310 0.0011441394556974 0.364706 0.396078 0.352941
vn 0.0008649716964586 0.0001151454299893 0.0000346700844052
v -0.1513434307540451 -0.0296725249383152 0.0142131878795167 0.278431 0.321569 0.290196
vn 0.0004894957066979 0.0001084208793201 0.0000481023832924
v -0.1507136501012405 -0.0394977455437427 0.0103797358415630 0.262745 0.290196 0.254902
vn -0.0000574700094527 -0.0002103594134919 -0.0005964153947022
v -0.0168382902763528 -0.0734235264206540 0.0978000287259018 0.403922 0.494118 0.482353
vn -0.0000722288496284 -0.0001624193417753 -0.0007007944033452
v -0.0233193676593021 -0.0847134890450862 0.0997228609284737 0.356863 0.435294 0.423529
vn 0.0000208233251313 0.0000612509430558 -0.0006902444407217
v 0.0044464176761623 0.0888176071779629 0.1013226520631218 0.407843 0.482353 0.462745
vn -0.0000163007931049 0.0000910809521195 -0.0006948414034804
v -0.0082908130402493 0.0839489360334128 0.1005819819784374 0.388235 0.470588 0.447059
vn -0.0001689226040774 -0.0000047947555109 -0.0006188700794664
v -0.0892587042250688 -0.0056715018819584 0.1017611234235527 0.388235 0.462745 0.443137
vn -0.0001292407124942 0.0000032782507382 -0.0006886177309112
v -0.0994110757232781 -0.0140801586067691 0.1042361137127339 0.423529 0.505882 0.478431
vn -0.0006541274095084 0.0001258916708107 -0.0001219639030833
v 0.1449075347546088 -0.0417004848469267 0.0406060080742780 0.247059 0.298039 0.282353
vn 0.0004219283013589 0.0002734407467223 -0.0000052437874611
v 0.0456627882207394 0.0337982857350898 0.0136930006324810 0.156863 0.160784 0.156863
vn 0.0003096816597383 -0.0006172600857514 0.0000156321481203
v -0.0203685051681746 0.0458883679616481 0.0589899750970256 0.200000 0.200000 0.192157
vn 0.0003655142916584 -0.0008197058181138 0.0000282969629947
v -0.0174653447467368 0.0462434310024342 0.0490446273739973 0.164706 0.164706 0.160784
vn 0.0002743512467162 -0.0006188958780170 -0.0007109696439070
v -0.0487896002063359 0.1287116289871520 0.0900182613066987 0.113725 0.156863 0.164706
vn 0.0001788738688990 -0.0004771937863831 -0.0005927886680717
v -0.0621031795468827 0.1269829258973634 0.0921115958599407 0.121569 0.168627 0.168627
vn 0.0000546037597753 -0.0003599539839886 -0.0002444435068447
v -0.0592401078123569 0.1376979274125207 0.0852716271103149 0.301961 0.376471 0.364706
vn -0.0002004141630676 -0.0000472196297841 -0.0004510330812538
v 0.1370111296350054 0.0188802904026741 0.1001329981201877 0.411765 0.494118 0.474510
vn -0.0000883431283210 -0.0000303739416813 -0.0004488689886808
v 0.1285864549171569 0.0148667573256476 0.1017582649223138 0.411765 0.490196 0.462745
vn -0.0000976799316819 -0.0000348666982525 -0.0004478160299906
v 0.1255314196264954 0.0227591978329914 0.1016664186234870 0.392157 0.470588 0.450980
vn -0.0005193411771227 -0.0001908633273636 0.0000258637294242
v -0.1521668729844468 -0.0464807082599142 0.0135407572748230 0.266667 0.294118 0.270588
vn -0.0007917714088358 -0.0002922231590697 0.0000958273188252
v -0.1516806624905535 -0.0448665504972702 0.0237660265966384 0.266667 0.317647 0.298039
vn -0.0000395692092630 -0.0000855527168301 0.0008487170347281
v -0.0908958830130743 -0.1071120159972538 0.1032086682525287 0.368627 0.450980 0.427451
vn 0.0005057539656800 0.0002387428923156 0.0001359348906279
v 0.1438172826968054 0.0697606354788510 0.0368180758188743 0.388235 0.341176 0.274510
vn 0.0004875238869822 0.0003555688561559 0.0001355907601384
v 0.1382200946285067 0.0798311680370325 0.0351874828391873 0.423529 0.384314 0.305882
vn 0.0005239085953575 0.0005073448434425 -0.0001162180542526
v -0.0486805621146106 -0.1417166107848424 0.0210000499955991 0.113725 0.145098 0.133333
vn 0.0001712267386624 -0.0001824988905951 0.0000005430386326
v -0.1171598257255340 0.0983090773052494 0.0009056215075253 0.352941 0.384314 0.341176
vn 0.0001508754108872 -0.0001191886927468 -0.0000510751739521
v -0.1236244319027845 0.0926175693238936 0.0004720545018939 0.349020 0.380392 0.341176
vn -0.0004827695422675 -0.0002328199828204 0.0000149870533046
v -0.1411975868547761 -0.0652142321148895 0.0603345494967433 0.254902 0.309804 0.301961
vn -0.0003472826257427 -0.0002567564458631 0.0000766473474626
v -0.1199022588032850 -0.1004671218842814 0.0996407987305948 0.239216 0.286275 0.270588
vn 0.0001835363562981 -0.0000534866114415 0.0005807277184671
v -0.0682650420957573 0.0072600518159196 0.1012600006962063 0.364706 0.447059 0.435294
vn 0.0001371447429189 -0.0005772301854141 -0.0000124827518270
v 0.0306723017792573 -0.1537470281875709 0.0900114544680532 0.329412 0.403922 0.407843
vn 0.0001200612301391 -0.0005384975721644 -0.0000149409905033
v 0.0226901907844504 -0.1557833069945600 0.0953242927268986 0.317647 0.392157 0.388235
vn 0.0000976252907293 -0.0007438349536190 -0.0000048842243049
v 0.0157226746543780 -0.1567352084661518 0.0878921574470102 0.286275 0.352941 0.349020
vn -0.0000906785861670 0.0000100794008029 0.0005802464623897
v -0.1245329712855871 0.0297599721870047 0.1070903376346899 0.435294 0.521569 0.494118
vn -0.0000166507282507 -0.0000179371595561 0.0005785828976265
v -0.1158433490767267 0.0280585427303042 0.1080397309960534 0.443137 0.521569 0.501961
vn -0.0002313129244374 0.0000579398253052 -0.0002207738153171
v -0.1530265228890101 0.0386094423834563 0.0002014803098826 0.400000 0.443137 0.407843
vn 0.0000074959915330 -0.0003677993249074 -0.0005456804968196
v -0.0785430968513160 0.1191939029788101 0.0984807903948395 0.400000 0.470588 0.450980
vn 0.0001359772957503 -0.0006248847243870 -0.0004220843209708
v -0.0738707994319028 0.1302995794934201 0.0862109447761393 0.431373 0.505882 0.490196
vn -0.0006528041159923 0.0001153745953541 0.0000166640753787
v 0.0529258841636211 -0.0053991338693497 0.0816521009595308 0.247059 0.254902 0.235294
vn -0.0002477671258064 0.0009673701475647 -0.0000125141916796
v 0.0310470373321054 -0.1496525997754910 0.0277956581037437 0.196078 0.219608 0.192157
vn -0.0001460934034824 0.0005069435961255 -0.0000105518419655
v 0.0379646180341077 -0.1475895265381320 0.0409612953882298 0.305882 0.380392 0.372549
vn -0.0001316082000305 0.0004536953341999 -0.0000386645022936
v 0.0408498132961913 -0.1471225639922428 0.0328266133813846 0.129412 0.180392 0.164706
vn 0.0003364781430165 -0.0001698778477765 -0.0000254493634513
v -0.1409717242093295 0.0612814181463389 0.0130793635235707 0.341176 0.380392 0.349020
vn -0.0000442197684818 0.0007593688149939 0.0000053552157140
v 0.0185566006957859 -0.1516983140987854 0.0852179680441990 0.309804 0.384314 0.384314
vn -0.0001443082566081 0.0005424341491772 -0.0003597679143545
v 0.0228428765024637 -0.1513007924918523 0.0956362229639027 0.294118 0.368627 0.364706
vn -0.0001768235159866 0.0007394727615208 0.0000095016290514
v 0.0302026169696584 -0.1492990980187090 0.0849661361125535 0.282353 0.356863 0.360784
vn -0.0000852695528581 -0.0006858264060460 0.0000591230676877
v -0.0218625092674139 -0.1554666281484253 0.0704573160242759 0.325490 0.392157 0.388235
vn -0.0000905630497571 -0.0004188110511581 0.0000617285884303
v -0.0290855752642388 -0.1558669718630713 0.0656864495460785 0.231373 0.286275 0.282353
vn -0.0003861134812592 0.0005226647478243 0.0000014518281022
v 0.0892255877170178 -0.1188284097858944 0.0552098574585392 0.094118 0.129412 0.129412
vn -0.0003278613237598 0.0004362454621277 -0.0000599865425493
v 0.0879514443048540 -0.1205801055865688 0.0450172004036025 0.066667 0.101961 0.101961
vn 0.0003263554178107 -0.0005853737004004 -0.0000271060865960
v -0.0849740358747603 0.1268847732139732 0.0085720984552171 0.376471 0.407843 0.372549
vn 0.0004005115075678 -0.0007861659241747 -0.0000642467803365
v -0.0833120527485724 0.1234129049793393 0.0221258034743153 0.223529 0.219608 0.164706
vn -0.0006026411898133 0.0002869353201256 -0.0000602352105476
v 0.1286784229234632 -0.0813513187964475 0.0185251539114339 0.286275 0.321569 0.301961
vn -0.0004869451143431 0.0003343628842044 -0.0000250221617351
v 0.1192432549932669 -0.0930890159859438 0.0201828051698237 0.211765 0.250980 0.239216
vn -0.0001076166199187 -0.0001578236123367 -0.0001011568311324
v -0.0856682682364281 -0.1339654772367517 0.0004141313862101 0.231373 0.235294 0.192157
vn 0.0007376767190190 0.0002703631418153 0.0001144599592592
v 0.1540276352457220 0.0364721884155918 0.0184569368168185 0.309804 0.329412 0.298039
vn 0.0004533058768825 0.0001622364829790 0.0001060877535131
v 0.1534231033790102 0.0296056168162390 0.0258568543327234 0.329412 0.364706 0.329412
vn 0.0000399352885738 -0.0001315393244256 -0.0007355071909605
v 0.0125288825475697 -0.0785253290471521 0.0993328286099929 0.419608 0.498039 0.482353
vn 0.0000193638540071 -0.0001486420342107 -0.0005968894336482
v 0.0119177000084953 -0.0882928636980886 0.0997716726312460 0.117647 0.156863 0.164706
vn -0.0000702300320129 -0.0000177930461371 0.0004666416321761
v -0.1199811935678259 -0.0170127109409828 0.1083507026395303 0.423529 0.509804 0.478431
vn -0.0000828826926909 -0.0000120655035068 0.0004838527540002
v -0.1253361092134885 -0.0104438743577195 0.1076444192780493 0.423529 0.505882 0.478431
vn -0.0000839078317948 -0.0000037165034247 0.0008144833271393
v -0.1310927336435969 -0.0220810147569524 0.1058937642810436 0.388235 0.470588 0.447059
vn -0.0000751723430401 -0.0005173058255004 0.0000066568390668
v -0.0078325475630654 -0.0533192144994847 0.0283067435223112 0.086275 0.105882 0.105882
vn -0.0001288963877469 -0.0006500937939688 0.0000089925990217
v -0.0077981255871376 -0.0537825635579265 0.0160632003770411 0.098039 0.117647 0.113725
vn -0.0000046452774516 -0.0006767335546617 0.0000090063381222
v 0.0012770136074296 -0.0551150651774405 0.0230377697265997 0.098039 0.117647 0.113725
vn 0.0005440381704113 -0.0001264290008329 -0.0000137679208543
v 0.1445625170394311 -0.0583110989064906 0.0915999470653913 0.211765 0.250980 0.243137
vn 0.0007813428963800 -0.0001615487970840 -0.0000804496162683
v 0.1447051459254039 -0.0546033452518412 0.0811544318321726 0.239216 0.282353 0.270588
vn 0.0005080541915632 -0.0001507610453747 -0.0000589215690654
v 0.1477931911136258 -0.0493758276224684 0.0910735799044828 0.184314 0.223529 0.223529
vn -0.0001994670381696 0.0000551492402231 0.0007133992179299
v 0.0640314418415745 -0.0234285057950729 0.1030596118728350 0.372549 0.439216 0.427451
vn 0.0000936835563798 0.0000585311826166 -0.0004937150997829
v 0.0651856268474089 0.0484460042429549 0.1014190065007087 0.407843 0.490196 0.470588
vn 0.0001972546484654 0.0001496881147824 -0.0005919702163340
v 0.0562719744478655 0.0496585903160013 0.0993947861318754 0.415686 0.498039 0.482353
vn 0.0000256720949804 0.0000444784298253 0.0004303767311377
v -0.0828932552062884 -0.0667663799018102 0.1079590613196948 0.443137 0.525490 0.505882
vn -0.0002123804695256 -0.0006904831187590 0.0000027717522020
v -0.0372281802690511 -0.1528044186291956 0.0897717686830725 0.278431 0.321569 0.309804
vn -0.0000214773613965 0.0006196121222941 -0.0003390769597476
v -0.0049462383763883 -0.1517417937047925 0.0920920790140031 0.243137 0.298039 0.286275
vn 0.0000503016361196 0.0007923297045990 -0.0003343890222673
v 0.0044154113975487 -0.1491935115949180 0.0901188418713497 0.054902 0.074510 0.078431
vn -0.0005486977921532 -0.0007013783368601 -0.0000283480060026
v 0.0718085988654439 0.1303661406482466 0.0663777716307667 0.207843 0.247059 0.227451
vn -0.0006764156442581 -0.0007016154835026 -0.0000110946389026
v 0.0815508548308421 0.1193314434845202 0.0727068009488372 0.062745 0.082353 0.074510
vn -0.0004705662314836 -0.0006985809271139 0.0000049079741113
v 0.0696359369024685 0.1309420354098401 0.0774731729279425 0.211765 0.247059 0.231373
vn -0.0004421603086349 -0.0008176483304742 0.0000276559603955
v 0.0258835328382707 0.0450965513389928 0.0557929611085006 0.156863 0.160784 0.160784
vn -0.0001624476255067 -0.0005618285527675 0.0000441069391636
v 0.0149293576418078 0.0498058929674309 0.0667254769781418 0.223529 0.227451 0.219608
vn -0.0001568686377304 -0.0006998395848156 0.0000293061179021
v 0.0120248251730192 0.0494614149416461 0.0576643679331126 0.180392 0.184314 0.176471
vn -0.0003731619574788 -0.0007019799190558 0.0000351001124362
v 0.0234591643135961 0.0468003485193052 0.0702028205760002 0.239216 0.258824 0.247059
vn -0.0003495518569627 -0.0005772062385290 -0.0000395981140060
v -0.0291014162133629 -0.0476907693594743 0.0709291386155190 0.137255 0.152941 0.145098
vn 0.0000169398660868 0.0000186216088357 -0.0004025401341563
v 0.0107934171834086 0.0836530898163494 0.1013223197027299 0.403922 0.478431 0.454902
vn 0.0004489467474256 0.0004954304293311 -0.0000825335958277
v -0.0986617034603396 -0.1136614316974457 0.0476360378736080 0.082353 0.101961 0.101961
vn 0.0003238766173074 0.0002386242995568 0.0000006761955246
v -0.1009419847028091 -0.1145755301689663 0.0568639131635199 0.203922 0.250980 0.239216
vn 0.0003292846029753 0.0003625223047512 0.0000262798500628
v -0.0939206223027348 -0.1208641220253190 0.0554194750977462 0.164706 0.200000 0.200000
vn -0.0001629250858634 0.0007785227778056 0.0000794856994197
v -0.0249559632633948 0.1583431335484660 0.0168817920528341 0.407843 0.470588 0.454902
vn -0.0000915172730035 0.0007171960614576 -0.0000614826819361
v -0.0147706679204228 0.1606524672126004 0.0060207067461994 0.423529 0.415686 0.349020
vn 0.0001201560508992 0.0003852500990062 -0.0000339202597073
v 0.0278721799045201 0.1586645568456467 0.0069795031250691 0.356863 0.352941 0.290196
vn 0.0001589018667837 0.0004131296271006 -0.0000029772035852
v 0.0339837425459291 0.1559592118530855 0.0113219288254975 0.309804 0.317647 0.274510
vn 0.0001436804397879 0.0003517035500830 -0.0000908334581186
v 0.0351660572732985 0.1549146082175414 0.0016550708953849 0.262745 0.266667 0.219608
vn -0.0005218976415869 0.0000699720125475 -0.0000242699284312
v -0.1546926251744045 0.0143586097863994 0.0905318400343956 0.411765 0.443137 0.400000
vn -0.0005985409843534 0.0000919228927847 -0.0000561025551201
v -0.1547430511471286 0.0101830677683736 0.0795582615562148 0.333333 0.400000 0.388235
vn -0.0004903157433922 0.0000216042213541 -0.0000427455671082
v -0.1541451544741278 0.0190149714182918 0.0815660843898769 0.333333 0.403922 0.392157
vn -0.0004218460661430 -0.0005485293375123 -0.0001389264034862
v 0.0935111170507658 0.1166932515420293 0.0563016790290327 0.262745 0.305882 0.290196
vn -0.0005907355017538 -0.0006556148646246 -0.0000758560842533
v 0.0983098870452173 0.1128065944112057 0.0448141212914787 0.203922 0.239216 0.219608
vn -0.0001463126570208 0.0005987295694102 0.0000360148912413
v -0.0415274117079237 0.1492392992168041 0.0555063724338652 0.356863 0.443137 0.431373
vn -0.0001270886587790 0.0005227645491880 0.0000547776882593
v -0.0355361127397379 0.1509493744496000 0.0465618521508963 0.313725 0.400000 0.396078
vn 0.0001437236826413 -0.0000248128758783 -0.0000905426938240
v -0.1534862222810824 0.0016103017116340 -0.0015066630541804 0.423529 0.443137 0.400000
vn 0.0004332304640996 -0.0000706879119058 0.0000524578189532
v -0.1506543370706416 0.0074881317180321 0.0008124842638130 0.384314 0.415686 0.372549
vn -0.0006037384164943 -0.0002567679829799 0.0000601017659951
v -0.1453779921142240 -0.0585648188109910 0.0387029095315372 0.262745 0.321569 0.305882
vn -0.0004949050546915 -0.0001986719030983 0.0000257324495061
v -0.1467033023377306 -0.0538959657344533 0.0469677475025586 0.274510 0.341176 0.325490
vn -0.0007308386212261 -0.0002255787385338 0.0000597566748665
v -0.1501333586514718 -0.0465500373146746 0.0383142546765285 0.258824 0.325490 0.309804
vn -0.0001374923178691 0.0005219662457632 -0.0000057315445721
v 0.0334937748007413 -0.1487449343010638 0.0580680004500080 0.321569 0.400000 0.396078
vn -0.0004466647024024 -0.0005138374467086 -0.0000552096595367
v -0.0931093899684951 -0.1266598968991565 0.0707974923115902 0.219608 0.262745 0.247059
vn -0.0004938035700188 -0.0005260443045588 0.0000013149059706
v -0.1003899942595141 -0.1205404518275594 0.0727325859734879 0.258824 0.301961 0.290196
vn -0.0003491553635841 -0.0004194828491528 0.0000148636531991
v -0.0982024826299217 -0.1227909926282766 0.0633244911110812 0.207843 0.250980 0.243137
vn -0.0001859647165868 0.0000621604882199 -0.0005736946188233
v 0.0282867141294597 -0.1401121448913597 0.1010521454915986 0.368627 0.439216 0.423529
vn -0.0000030698657877 0.0001793022859889 -0.0006747028188887
v 0.0153327227083176 -0.1411529936040574 0.1016227879120988 0.360784 0.439216 0.415686
vn 0.0001419915452373 -0.0004752107818126 -0.0004605229146828
v 0.0196764637486682 -0.0600517294333552 0.0921125074872931 0.160784 0.196078 0.196078
vn 0.0002750926324687 -0.0006481387302214 -0.0002571635879644
v 0.0248205593695044 -0.0518542406726432 0.0826996545309580 0.164706 0.180392 0.164706
vn -0.0000182771429356 -0.0008389349422309 -0.0000755048904990
v 0.0023097511858978 0.1508218246967119 0.0429127531311218 0.313725 0.392157 0.380392
vn 0.0003562283049045 -0.0004571744559152 0.0001705143063020
v 0.1196076571972938 -0.1021115689977819 0.1031410171768264 0.431373 0.396078 0.325490
vn 0.0004079376030826 -0.0000789952336623 -0.0005383746418061
v 0.0635957707819154 -0.0183269351797257 0.0963279988878907 0.313725 0.372549 0.364706
vn 0.0002720704727234 -0.0000577988574008 -0.0006351443256002
v 0.0667877773867259 -0.0276456187000381 0.0997228536327523 0.384314 0.466667 0.450980
vn 0.0005592937641068 -0.0000707734879654 -0.0005694970626319
v 0.0577215531812922 -0.0304775705085973 0.0934919682022333 0.250980 0.309804 0.309804
vn -0.0006769974849038 -0.0000343029257835 0.0000189426897744
v -0.1579143704830875 -0.0074993663018749 0.0119446416611907 0.360784 0.384314 0.333333
vn -0.0004770967286773 0.0000208354328113 -0.0000669385778417
v -0.1567917174909803 -0.0137655034603256 0.0225385798057731 0.270588 0.309804 0.282353
vn -0.0008970910439041 0.0000129586845418 -0.0000146707768395
v -0.1569795798976160 -0.0041395199744839 0.0246525487066169 0.329412 0.376471 0.349020
vn 0.0001168216143381 -0.0000384974235052 0.0004152310165854
v 0.0695554240298340 -0.1349753368917672 0.1051699114258833 0.447059 0.486275 0.431373
vn -0.0000330378790960 -0.0000385314821338 0.0005064754422412
v -0.1113422596478508 -0.0906076693946138 0.1030923281642378 0.384314 0.462745 0.443137
vn -0.0000936313395972 -0.0000880997831868 0.0006410254544969
v -0.1024882567540744 -0.0891022233790267 0.1044316465283071 0.400000 0.486275 0.462745
vn 0.0001197201840050 0.0000208977129041 -0.0007851954358884
v 0.0879786793409950 0.0385433076107164 0.1047743058772608 0.411765 0.490196 0.466667
vn 0.0000411403198415 -0.0000361997175345 -0.0004736746723600
v 0.0867015035416628 0.0475358416386456 0.1046864259439059 0.403922 0.482353 0.462745
vn -0.0000247675492583 -0.0009278331329650 -0.0000366404963565
v -0.0076455851969124 -0.1574423084795319 0.0220980812127869 0.270588 0.305882 0.286275
vn -0.0000495535868034 -0.0007466314112617 -0.0000917200688912
v 0.0045297533111095 -0.1587522478471550 0.0201359630683342 0.301961 0.313725 0.270588
vn 0.0000156803939052 -0.0006106235864620 -0.0000142948521054
v 0.0131076011341828 -0.1606769642829225 0.0265198632158065 0.403922 0.364706 0.286275
vn -0.0000600214493442 -0.0001129900891021 -0.0006247054264728
v 0.0469234180610642 0.1108674741842772 0.1040599875612395 0.403922 0.466667 0.435294
vn -0.0003888362913559 0.0000073480404055 0.0000100737173516
v 0.0534312090923376 0.0006054498733396 0.0744746484563402 0.172549 0.176471 0.168627
vn -0.0007758807228117 -0.0001713519703519 0.0000366621172067
v 0.0527297054013193 0.0096142835689964 0.0754322745650712 0.160784 0.168627 0.160784
vn 0.0000391983066841 0.0008361221171842 0.0000517229207043
v 0.0068790177749760 0.1550253287081222 0.0456006844813323 0.317647 0.396078 0.388235
vn -0.0001492548863017 0.0007465924261356 0.0001143197073693
v -0.0329010514527544 0.1537720429938936 0.0360481797302210 0.384314 0.466667 0.458824
vn -0.0000589349959369 -0.0000209309599761 0.0006121069807581
v 0.0923477823458926 -0.0341251471068103 0.1090317591666629 0.450980 0.525490 0.501961
vn -0.0000282071294953 0.0000307275691329 0.0003921451176238
v 0.0629895962832541 -0.0865236515981944 0.1088501666932809 0.403922 0.466667 0.443137
vn -0.0000429986520773 0.0000278041118134 0.0003919767730851
v 0.0711356665585908 -0.0826725072407880 0.1099006504496720 0.490196 0.556863 0.525490
vn -0.0000594627608066 0.0000721886868114 0.0007050619362871
v 0.0594938027218176 -0.0774895741443124 0.1077462563818121 0.388235 0.466667 0.447059
vn 0.0007623568223455 0.0006382708851777 -0.0002667591107113
v -0.1105069760215731 -0.1105839118287942 0.0376587054495663 0.192157 0.231373 0.223529
vn 0.0005555983926952 0.0004281791819964 -0.0000890742620713
v -0.1114427115856130 -0.1018450182459751 0.0484757622589481 0.047059 0.066667 0.062745
vn 0.0004254811873749 0.0004280412227868 -0.0001205678124782
v -0.1047179109099147 -0.1078795565469735 0.0522697788630047 0.101961 0.129412 0.125490
vn -0.0006824675277350 -0.0000023487684590 -0.0001283411453764
v 0.1458567759824208 -0.0226692030877064 0.0725413207162356 0.074510 0.094118 0.090196
vn -0.0000538841609520 -0.0000825207638862 0.0004985944157557
v -0.0538008419830048 -0.1132181394683013 0.1066974498311589 0.423529 0.494118 0.458824
vn -0.0000589576482693 -0.0001029931070198 0.0005508778548346
v -0.0639097035908256 -0.1165417923207305 0.1047729448755817 0.380392 0.462745 0.435294
vn 0.0000938289164214 0.0001481661045161 0.0005547824740623
v -0.0392146051344123 -0.0620903909934889 0.1022982461083255 0.384314 0.466667 0.454902
vn 0.0000395860130572 0.0000523006769872 0.0005084059212377
v -0.0397182887824683 -0.0722998936928580 0.1037064561050241 0.435294 0.521569 0.505882
vn 0.0000607000557697 0.0001096633707006 0.0005231916743318
v -0.0322916844993936 -0.0678064682240009 0.1024791743352777 0.407843 0.494118 0.482353
vn 0.0000965267293054 0.0000375963008516 -0.0003363978354655
v 0.1434454620690017 0.0517922525263647 -0.0017513183955545 0.149020 0.149020 0.117647
vn 0.0000424863287924 0.0000058511274867 0.0003953045856899
v 0.0639884495241753 0.1257430484315460 0.1033970761376629 0.376471 0.443137 0.423529
vn 0.0000532792642266 0.0000786471759394 0.0004040622187183
v 0.0689297733137181 0.1152140988917247 0.1045842882382248 0.392157 0.462745 0.435294
vn 0.0001007361278149 0.0000752043326840 0.0006717924319160
v 0.0718031495280845 0.1231987553213321 0.1030203979340276 0.376471 0.447059 0.427451
vn -0.0006040442377991 -0.0000363483786564 -0.0000208783763377
v 0.1522943518324320 -0.0002422603527556 0.0354251648798938 0.243137 0.290196 0.278431
vn -0.0005061184821631 -0.0002111294346664 0.0000667512742137
v -0.1364523589215074 -0.0819795051984335 0.0164955602898148 0.341176 0.305882 0.239216
vn 0.0002832227585803 -0.0005718205041225 -0.0000071977642448
v 0.0637784013021631 -0.1419388909768197 0.0797199475051776 0.270588 0.345098 0.345098
vn 0.0002785139316137 -0.0006792730833997 0.0000013802689098
v 0.0540442110279125 -0.1463209852326547 0.0696590117525438 0.356863 0.435294 0.431373
vn 0.0001372849875237 0.0000747601779153 -0.0009364741252516
v -0.1111358492454593 -0.0665542347419997 0.1016864764061036 0.360784 0.439216 0.419608
vn -0.0000060685348079 -0.0000685813970283 -0.0007522009282952
v -0.0972757117476234 -0.0587593259859301 0.1034457929233579 0.415686 0.494118 0.470588
vn -0.0000826550139134 0.0000719768393914 -0.0001926698551563
v -0.1168931141752572 0.1023351454226446 -0.0015116028101796 0.298039 0.329412 0.298039
vn -0.0003068343917596 -0.0003001972663392 0.0000000848873912
v 0.1086330343171866 0.1034211370894789 0.0003817882992250 0.184314 0.200000 0.168627
vn -0.0000025862351296 0.0000093516385063 -0.0001707153266845
v 0.1108600661768573 0.1052400255106919 -0.0016863605585606 0.188235 0.203922 0.172549
vn 0.0000241174796796 0.0000127163984164 -0.0001699442776715
v 0.1173007037745443 0.0998398079231041 -0.0017682629039439 0.243137 0.254902 0.219608
vn -0.0002887395808901 0.0003244944879047 0.0000112895992872
v 0.0842568703427638 -0.1243332011663603 0.0515134793863549 0.247059 0.313725 0.305882
vn -0.0005296413076964 0.0006225667023298 0.0001138859130053
v -0.0972136396024339 0.1211280891309620 0.0451507410692525 0.556863 0.533333 0.462745
vn -0.0004485131087153 0.0005844705534219 0.0000151635960880
v -0.0966545754869924 0.1214176663548936 0.0604019937855353 0.431373 0.501961 0.486275
vn -0.0003959026851458 0.0005678386942800 0.0000614347033682
v -0.0898549994642516 0.1263692826644696 0.0521881563793776 0.313725 0.388235 0.376471
vn -0.0003151652268090 -0.0007045564251425 -0.0000597692007452
v 0.0569269099322719 0.1390144171330225 0.0521602634330940 0.239216 0.282353 0.266667
vn -0.0002305476145972 -0.0006305123999984 -0.0000456741404996
v 0.0473814719044501 0.1416238743587817 0.0578734388050771 0.211765 0.262745 0.239216
vn -0.0005157042824457 0.0007219339432702 -0.0002843695940785
v 0.0905314236580637 -0.1143694408610959 0.0845944775634158 0.094118 0.145098 0.149020
vn -0.0003741486978738 0.0006243209034589 -0.0003359282866966
v 0.0976200457192646 -0.1101261286270311 0.0922329459407445 0.078431 0.121569 0.117647
vn -0.0004925616018161 0.0005147385449092 0.0003397439426818
v -0.1077562238881999 0.1120823864002761 0.0998283321040368 0.372549 0.427451 0.384314
vn -0.0000700047213925 0.0000728917294805 0.0006658000453434
v -0.0903458376517982 0.0824303234661170 0.1074200097694514 0.411765 0.486275 0.462745
vn -0.0000764936220628 0.0000783098816969 0.0004266928541269
v -0.0976008201838156 0.0872381086810720 0.1054564688055212 0.423529 0.501961 0.482353
vn -0.0001144715010036 0.0000990680368511 0.0006234778284172
v -0.1014791158058838 0.0789920112345476 0.1062929401895242 0.454902 0.537255 0.509804
vn 0.0004939716098461 0.0006096291108388 0.0000267058721548
v 0.0372960905374193 0.0442362277136594 0.0195509497271043 0.121569 0.137255 0.137255
vn 0.0004126706833529 0.0007456355135546 0.0000267788468390
v 0.0263679962896907 0.0505467321548925 0.0287669647735405 0.109804 0.125490 0.129412
vn -0.0002385870693877 0.0001513211336982 0.0004971667677263
v -0.1327731912934084 0.0809342338310737 0.1015404914376665 0.513725 0.556863 0.486275
vn -0.0000694975453078 0.0000512752631322 0.0005960533077922
v -0.1226396110268650 0.0782869714616179 0.1017156996737136 0.403922 0.486275 0.466667
vn 0.0006652660519320 -0.0002321352331257 -0.0000105830863772
v -0.1426965771658384 0.0492062411133726 0.0727663621795129 0.360784 0.435294 0.423529
vn 0.0006147822556146 -0.0002048515145139 -0.0000298685511594
v -0.1439116597521058 0.0479559057650840 0.0621965696790484 0.364706 0.439216 0.431373
vn 0.0002624470562275 0.0002206685200563 -0.0000873539564637
v -0.0351237187265506 -0.0329580379404766 0.0004213596325117 0.164706 0.172549 0.152941
vn 0.0000039601085305 0.0000023004017660 -0.0001658712580469
v -0.0406037563747229 -0.0274322238287565 -0.0018425860949008 0.203922 0.215686 0.196078
vn 0.0001623543824756 0.0000976327853471 -0.0000546538060200
v -0.0408821801505323 -0.0229242572319792 0.0004621781922711 0.176471 0.196078 0.168627
vn 0.0004880732361316 -0.0003625587324635 -0.0000346420841007
v 0.1247816865931770 -0.0933099153020830 0.0223407242251481 0.262745 0.309804 0.294118
vn -0.0000457002469751 0.0000969183651860 -0.0007345794381642
v 0.0980999095257685 -0.0353415271772620 0.1050388684750359 0.415686 0.490196 0.462745
vn 0.0000472887283805 -0.0000032218154823 -0.0004312218507975
v 0.0959291901361405 -0.0260195979844684 0.1052082129126909 0.447059 0.525490 0.501961
vn -0.0000325116137873 0.0000917533153779 -0.0006118648822922
v 0.1048492432133160 -0.0278103204075327 0.1054532482788041 0.435294 0.509804 0.486275
vn -0.0001053863318265 0.0000350670832846 -0.0006721561767975
v -0.0715299559162548 0.0261757346527265 0.0990034007646957 0.427451 0.517647 0.501961
vn -0.0000582957225372 -0.0000336163042865 -0.0009240047453931
v -0.0856410242053879 0.0316542435458604 0.1008483109222338 0.419608 0.505882 0.490196
vn -0.0000705079243099 0.0000473906092631 -0.0007691493571303
v -0.0751862385665494 0.0378389630085155 0.0997368671005283 0.423529 0.517647 0.494118
vn -0.0000069273108234 0.0000352432787126 -0.0005631637414757
v 0.0596990116167591 -0.0965274798397825 0.1052656890592195 0.533333 0.588235 0.545098
vn -0.0000155221389089 -0.0001304417922012 -0.0007294579954081
v 0.0567179753400957 -0.0880349154629409 0.1046628128071792 0.447059 0.509804 0.490196
vn 0.0003259812615769 -0.0004118132419858 -0.0000151094456672
v -0.0312287058216408 0.0379161818442235 0.0271305132925512 0.141176 0.160784 0.160784
vn -0.0002059242028121 -0.0004409012352464 -0.0002832536742674
v -0.0561914014539251 -0.1481981189096243 -0.0000101565603101 0.258824 0.266667 0.235294
vn -0.0003369372751636 -0.0001526414796599 -0.0001406046070864
v 0.1227532117368476 0.0875206578666454 -0.0001274800493972 0.180392 0.168627 0.129412
vn -0.0000559889980299 0.0010973347970178 0.0000165347871566
v -0.0005355435755099 0.0569209809341571 0.0156937319615582 0.149020 0.160784 0.164706
vn 0.0000989712241375 0.0005630876434819 0.0000073232572786
v 0.0104637788799046 0.0561957175340194 0.0202170750172967 0.133333 0.149020 0.156863
vn 0.0001266995322812 0.0006975700088212 -0.0001029895101554
v 0.0122740157792823 0.0553465855685413 0.0092297683152505 0.188235 0.196078 0.184314
vn 0.0005385923900578 0.0005147143945721 0.0000164417732824
v -0.0349774916529708 -0.0330277129057384 0.0095498261373725 0.192157 0.200000 0.184314
vn 0.0006035371194615 0.0004304003296448 -0.0000023827330551
v -0.0410803643483220 -0.0254111924049537 0.0194106575830488 0.086275 0.105882 0.101961
vn 0.0007418346609785 0.0007559636419316 0.0000036959510114
v -0.0331635205822093 -0.0349753112330513 0.0223351739865105 0.125490 0.145098 0.141176
vn 0.0000771111406925 -0.0001255065310088 0.0006133722450073
v 0.0875805204058049 -0.0997098574495409 0.1073750125881167 0.411765 0.478431 0.458824
vn 0.0000451844877629 -0.0000822625613075 0.0005891250506168
v 0.0804474004002592 -0.0937896123361111 0.1093411050769100 0.462745 0.525490 0.494118
vn 0.0000697255800639 -0.0001316437544416 0.0006118012478736
v 0.0788469989665884 -0.1058960848328419 0.1070456792859711 0.435294 0.501961 0.474510
vn 0.0000592092400201 0.0006580742377558 -0.0000069162520033
v -0.0046589739402366 -0.0494500313820720 0.0183902680802473 0.090196 0.109804 0.105882
vn -0.0004209722649590 0.0003594237371036 -0.0000226173313713
v -0.1182059614598816 0.1013440764215238 0.0764940345107017 0.384314 0.466667 0.447059
vn -0.0004526102057741 0.0001933244841172 0.0001317523868333
v 0.0485171882738212 -0.0215348997594506 0.0926674237968838 0.250980 0.262745 0.235294
vn -0.0007455487851132 0.0002377902654672 0.0000262169201173
v -0.1483291445334256 0.0479109077396118 0.0645896026146318 0.423529 0.505882 0.486275
vn -0.0002611220676796 -0.0001249124757805 -0.0004945839971204
v 0.1192659915067185 -0.0481734404158652 0.0955832065625527 0.109804 0.145098 0.152941
vn -0.0003905329133927 -0.0001054226404219 -0.0006354607188240
v 0.1264726520108697 -0.0541879847238424 0.0927776975091712 0.105882 0.141176 0.141176
vn -0.0001952520588490 -0.0001331162002541 -0.0003638124535455
v 0.1221697893621278 -0.0576983814061176 0.1010066886514455 0.372549 0.447059 0.435294
vn -0.0005260928962419 0.0002978783085190 0.0000855843633757
v 0.1293826390494017 -0.0747944814728943 0.0230859088931823 0.070588 0.098039 0.086275
vn 0.0004208273727621 -0.0003422321628680 -0.0000329405292975
v 0.1087465669999495 -0.1128789866600394 0.0843756181341063 0.301961 0.333333 0.298039
vn 0.0003066551290141 -0.0003536597754364 0.0000426428335050
v 0.1133190512021774 -0.1074791983571048 0.0919509001860093 0.431373 0.423529 0.372549
vn 0.0000361239801775 0.0005134367268768 0.0000209974303587
v -0.0181632513194514 -0.1534694122898681 0.0351767419940467 0.258824 0.325490 0.317647
vn -0.0002528361448291 -0.0007446623361696 0.0000624008090967
v -0.0422423441603279 -0.1530518473873725 0.0434545381014826 0.270588 0.329412 0.313725
vn 0.0002879326125923 0.0005735877346294 -0.0000259244894881
v -0.0726264279886639 -0.1358077289940839 0.0469398552954284 0.203922 0.250980 0.243137
vn 0.0002382145266861 0.0005456050360366 -0.0000179371004471
v -0.0642157498014542 -0.1390247442223163 0.0554282746472935 0.235294 0.290196 0.278431
vn -0.0000597327083450 0.0001901806257613 -0.0009128168830625
v -0.0163162001527630 0.0741907112117418 0.0996815101755204 0.419608 0.501961 0.486275
vn -0.0001153611595563 0.0004271283738475 -0.0006476452154092
v -0.0074117450453506 0.0634745434307560 0.0949256427941277 0.250980 0.313725 0.309804
vn 0.0001435378024604 0.0007768254917460 0.0001715174744763
v 0.0301184223552871 0.1574486559016893 0.0301433896506236 0.376471 0.423529 0.392157
vn -0.0000470644895199 -0.0000382767092157 -0.0009122723671754
v 0.1029130839318700 0.0371459853698297 0.1060894112392718 0.435294 0.505882 0.478431
vn -0.0001125275832050 -0.0000508218894216 -0.0006079662468813
v 0.1142994122404109 0.0449970810555783 0.1039403937922248 0.411765 0.486275 0.458824
vn 0.0002303098969954 -0.0005987043558954 0.0000765106792961
v 0.0509867010015496 -0.1490999292990869 0.0333808031484752 0.294118 0.356863 0.345098
vn 0.0001596109541333 -0.0004855957830140 0.0000606657558621
v 0.0432996647582801 -0.1515069679962397 0.0355866608979296 0.321569 0.392157 0.388235
vn 0.0002487108581664 0.0001486843423042 -0.0010845447411117
v -0.1264764348636626 -0.0477103064755376 0.0959183463262463 0.109804 0.156863 0.164706
vn 0.0006045470225044 0.0002523630369213 -0.0004538053749794
v -0.1429343809051736 -0.0480478004238678 0.0921909868177376 0.223529 0.262745 0.254902
vn -0.0000946559796593 -0.0000793177760143 0.0006846756742367
v -0.1022870377401180 -0.0755153914264334 0.1065494071766540 0.376471 0.450980 0.423529
vn -0.0000961488212764 -0.0000546497873979 0.0005971232244187
v -0.1137212921862408 -0.0681147827732059 0.1055138779958094 0.376471 0.458824 0.435294
vn -0.0000944420150597 -0.0000791068956964 0.0006418978899267
v -0.1116638659003710 -0.0775656764816239 0.1046601983454962 0.403922 0.490196 0.466667
vn 0.0002070844054891 -0.0000632861025772 -0.0005275521806169
v 0.0719552227234348 -0.0135442682950659 0.1001858221111041 0.474510 0.552941 0.541176
vn 0.0000834751919245 -0.0000272290219790 -0.0004410819056919
v 0.0815068222304394 -0.0114929754125153 0.1022736603875360 0.447059 0.529412 0.513725
vn -0.0006724794996111 0.0001831272573338 0.0000295403022409
v -0.1505369599936267 0.0425560648336116 0.0557932364285828 0.427451 0.501961 0.494118
vn -0.0003981765038253 0.0001252910733133 0.0000220304916057
v -0.1498122614052199 0.0457647284224671 0.0476759619283845 0.396078 0.470588 0.458824
vn 0.0005236376069875 -0.0002619004988981 0.0000856906088648
v 0.1421345740998854 -0.0670470941118464 0.0124733393344403 0.337255 0.376471 0.349020
vn 0.0006517413922924 -0.0003553291849370 0.0000524724913687
v 0.1377900073341329 -0.0780515226850999 0.0135623589525463 0.301961 0.309804 0.270588
vn 0.0000390745048117 0.0000612253346942 -0.0001970760871134
v -0.0130972120383818 -0.1522137548972979 0.0986423099925728 0.211765 0.243137 0.227451
vn -0.0006500251483735 0.0003924613366926 0.0000232173478101
v 0.0452379306737537 -0.0257890430692468 0.0702056239090808 0.160784 0.164706 0.156863
vn -0.0004797228630270 0.0004627576650912 0.0000255503891439
v 0.0384268965227465 -0.0344524078240029 0.0683102802490497 0.145098 0.149020 0.141176
vn -0.0000857116886425 -0.0000300224574243 0.0007420852360919
v -0.1080090792176862 -0.0577007684811376 0.1070836147059710 0.415686 0.494118 0.474510
vn -0.0005976222979547 0.0001609262137636 -0.0002545804635962
v -0.0516365957405828 0.0174510526822805 0.0820116240558987 0.200000 0.219608 0.200000
vn -0.0006805387230458 0.0001158219990929 -0.0000105547579148
v -0.0544923158499124 0.0086075972200548 0.0757433855846135 0.152941 0.168627 0.152941
vn -0.0003363813852909 0.0003499263092042 0.0000433248998401
v 0.0372082081881585 -0.0339261385057392 0.0089858929794106 0.121569 0.133333 0.125490
vn -0.0006352186384987 0.0006290339549603 -0.0000119312761033
v 0.0374583813100414 -0.0352513509039577 0.0204859971131753 0.078431 0.094118 0.094118
vn -0.0000319282178509 0.0006230132865791 -0.0000432531414171
v 0.0062589513915616 0.1532767262508279 0.0881164261896568 0.274510 0.333333 0.309804
vn 0.0002867554428402 0.0006080643623925 0.0000228863336251
v 0.0611000207457758 0.1401112846767769 0.0840719580299440 0.254902 0.290196 0.266667
vn 0.0002160136632551 0.0004775344024473 0.0000183191469747
v 0.0592388899173551 0.1412860339018613 0.0752780541966988 0.262745 0.301961 0.278431
vn 0.0002515553281552 0.0006845700584481 0.0000299592817153
v 0.0506028691860273 0.1450331665074692 0.0759956830108217 0.247059 0.286275 0.266667
vn -0.0006344824303209 0.0002533758790398 -0.0000837841045400
v -0.1423078853360027 0.0726617111973119 0.0077386740156151 0.458824 0.521569 0.478431
vn -0.0002072073184858 0.0000943990193471 -0.0001242747286173
v -0.1412808528518486 0.0708334236930224 0.0006903484192549 0.396078 0.439216 0.411765
vn 0.0002783765295936 -0.0004873398985033 -0.0000033881337901
v 0.0742739501406721 -0.1364223066094333 0.0844114075135314 0.262745 0.341176 0.333333
vn 0.0000081026935658 -0.0001666288651687 -0.0008070793047922
v 0.0189300690470975 -0.0976237550265269 0.1041812913517546 0.447059 0.517647 0.498039
vn 0.0000319442884409 -0.0001143323032733 -0.0007088086933737
v 0.0294025544792650 -0.0939937168133951 0.1023127001734702 0.203922 0.250980 0.239216
vn -0.0006575347242628 0.0000926949850020 -0.0001141388743297
v -0.1592375636318586 -0.0096586987161352 0.0769839994202864 0.403922 0.439216 0.411765
vn -0.0007322696197718 0.0001381897317104 -0.0001085706841938
v -0.1547987327852326 0.0024005090612277 0.0757323298427547 0.317647 0.380392 0.368627
vn 0.0006438352224990 0.0000624575722327 -0.0000281959032762
v 0.1509482408523174 0.0369193367370459 0.0930733533091250 0.262745 0.235294 0.188235
vn 0.0005089418245499 0.0001323952728290 -0.0000811229312787
v 0.1472099576388481 0.0467747969584439 0.0864105015810445 0.227451 0.247059 0.227451
vn 0.0001641782804143 -0.0006185910370120 0.0000663960615904
v -0.0425002712031695 0.1492584469117807 0.0217944099703301 0.266667 0.325490 0.313725
vn -0.0004143179446252 -0.0005659451148368 -0.0000286515278845
v 0.1025901620532815 0.1102431597347447 0.0331513016406701 0.207843 0.223529 0.188235
vn -0.0001488010104786 -0.0003122456362316 -0.0000710840757647
v 0.0969176722382417 0.1143012231378131 0.0241608405023473 0.090196 0.105882 0.090196
vn -0.0004375890891250 -0.0006601223255128 0.0000102716681798
v 0.0279242762300014 0.0433503917773772 0.0329947406549225 0.133333 0.145098 0.145098
vn -0.0004145260821672 -0.0004411356336584 0.0000010130434582
v 0.0365648878093225 0.0371447839309796 0.0383460152679312 0.129412 0.137255 0.141176
vn -0.0004135846989200 -0.0005886548363535 -0.0000150207897528
v 0.0293611551208020 0.0422502535207755 0.0446082303227669 0.129412 0.133333 0.133333
vn 0.0004090431052405 0.0002567441011349 0.0000551809825675
v -0.0422116242443050 -0.0281216279129137 0.0781284344357836 0.176471 0.192157 0.180392
vn 0.0002786710105319 -0.0011010782520753 -0.0000367724916902
v 0.0141271645147903 -0.0538872374657302 0.0407708079238905 0.117647 0.133333 0.125490
vn 0.0000025917049313 -0.0006944949722039 -0.0000334101555874
v 0.0027941590081360 -0.0556156172080404 0.0478857245866828 0.078431 0.090196 0.090196
vn -0.0004210534275224 0.0004930934772116 0.0000181149337608
v 0.0846105493536592 -0.1247720896485180 0.0631959060538593 0.301961 0.376471 0.372549
vn 0.0000510706213140 -0.0000223991700305 0.0004101996453438
v 0.0971688221944859 -0.0744499974498435 0.1095181178417618 0.466667 0.549020 0.517647
vn 0.0000379393230045 0.0000001652941284 0.0004556590983693
v 0.0976849763193787 -0.0659636534823220 0.1096170899008306 0.407843 0.482353 0.454902
vn 0.0000479090627192 -0.0005123013455573 -0.0002069727610679
v 0.0178836722070655 -0.1556220344565230 0.0014915210307816 0.278431 0.309804 0.278431
vn 0.0001225328983054 -0.0006935511685104 -0.0000925163013138
v 0.0297705175751179 -0.1546709253350241 0.0081120926050110 0.341176 0.352941 0.301961
vn 0.0007977896190985 -0.0002814585654438 0.0000086827895916
v -0.0464785911499277 0.0169575291591798 0.0711235021645892 0.196078 0.207843 0.200000
vn -0.0000153662465186 -0.0003693649374236 -0.0001971583124807
v 0.0025155932646861 -0.1549188982578263 0.0006685711609728 0.176471 0.200000 0.180392
vn 0.0002548877543240 0.0003356908440466 -0.0001459057242326
v -0.0257366747635661 -0.0398886537597799 0.0007893083198949 0.164706 0.180392 0.164706
vn 0.0006520020473417 0.0005738229831879 0.0000342854060855
v 0.1174174706000835 0.0990730325037639 0.0508536618116964 0.329412 0.364706 0.337255
vn 0.0004321417149786 -0.0006756656805071 -0.0002605785693353
v -0.0834306980326576 0.1254765615115607 0.0861922111834093 0.392157 0.466667 0.450980
vn -0.0000382896302778 -0.0002844750608028 -0.0006309062080470
v 0.0175285226128527 0.1370292149608999 0.0991890446392732 0.368627 0.435294 0.411765
vn 0.0000068770022124 -0.0000789570517869 0.0004958414509307
v 0.0352554674357671 -0.1156173027703694 0.1080291647167348 0.435294 0.505882 0.474510
vn 0.0000227055474462 -0.0000963766634850 0.0005062325722103
v 0.0441544904884939 -0.1154523560434769 0.1077689843231788 0.415686 0.478431 0.447059
vn -0.0000007147830239 -0.0000318404762058 0.0005460810066550
v 0.0413826575273363 -0.1071992869775442 0.1092622149069053 0.490196 0.549020 0.513725
vn -0.0002497453600541 0.0002195956215012 -0.0004647652025848
v 0.1026977486122778 -0.0940464202506282 0.1019557393811765 0.400000 0.474510 0.454902
vn 0.0000640678300396 0.0000061252521013 0.0006509299054875
v 0.1148136940239307 -0.0129225795603430 0.1093046899040663 0.431373 0.505882 0.478431
vn 0.0001530534372143 -0.0000190361868568 0.0007412834368098
v 0.1247592537021532 -0.0161527483834648 0.1076264342070163 0.403922 0.482353 0.462745
vn 0.0001149278460181 -0.0000004640300702 0.0008224670233547
v 0.1211811502514417 -0.0002340475886908 0.1086235131440339 0.450980 0.521569 0.490196
vn -0.0000367859467415 -0.0006343107053443 -0.0000032797732404
v 0.0043310722054591 0.0523014722784072 0.0816795081171733 0.172549 0.196078 0.196078
vn -0.0000280295672742 -0.0008749930950108 0.0000438934647535
v 0.0039017145124156 0.0522045445108753 0.0693084992374879 0.239216 0.254902 0.243137
vn -0.0001445418453501 0.0003539783988616 -0.0000725459030052
v 0.0181236019627444 -0.0452014402639848 0.0004449434950839 0.200000 0.219608 0.200000
vn -0.0000884905787831 -0.0002762672296328 -0.0001736538488164
v -0.0143180459767907 -0.0511180133614263 -0.0008024625710294 0.168627 0.184314 0.168627
vn 0.0000270817988639 0.0000738738296390 -0.0001357493153943
v -0.0194183710803502 -0.0462355475712591 -0.0012816497876818 0.172549 0.192157 0.176471
vn 0.0000576525892839 0.0003263587417710 -0.0001161981042697
v -0.0090236011181667 -0.0478026628709113 -0.0001343675188854 0.164706 0.184314 0.168627
vn -0.0000048899372765 0.0000269908968987 -0.0006254095020047
v -0.1082967719806571 -0.0208845366253394 0.1049241973520873 0.443137 0.525490 0.490196
vn 0.0000218997138400 0.0000512079623422 -0.0006544363531299
v -0.1107979993662924 -0.0313929918987456 0.1041386808898284 0.431373 0.509804 0.486275
vn 0.0000999678328437 0.0000434429557756 -0.0006799627812586
v -0.1181543207640798 -0.0241194471967698 0.1038095785274623 0.443137 0.529412 0.505882
vn 0.0002939118789464 0.0007753325928059 0.0000368854447337
v 0.0507341110698249 0.1451347788269440 0.0631281190446604 0.247059 0.294118 0.270588
vn 0.0002511212089607 0.0005413620274314 0.0000378473078237
v 0.0603820635467530 0.1416650916287094 0.0568072579865573 0.231373 0.274510 0.254902
vn 0.0002258814314077 0.0005619662520175 0.0000572063026033
v 0.0535474850531252 0.1448123041104420 0.0529854384566335 0.235294 0.278431 0.262745
vn 0.0000855621297829 -0.0000101358782977 -0.0006983591032522
v -0.1242692647929528 0.0257748791590328 0.1028999103145358 0.423529 0.505882 0.482353
vn 0.0000008393830410 -0.0000068992498510 -0.0006754015565322
v -0.0086245120353962 0.1134760845695946 0.1034690563026647 0.443137 0.494118 0.462745
vn 0.0000206732522183 -0.0001856938559578 -0.0007926238054679
v -0.0056799633515528 0.1251554423169416 0.1013007512532940 0.419608 0.482353 0.454902
vn 0.0000181116621778 -0.0000787425339510 -0.0009408761343101
v 0.0046023901369577 0.1170246742052883 0.1031838903014103 0.407843 0.458824 0.427451
vn 0.0000629492872768 -0.0000179452078980 0.0006953243794301
v -0.0982764719663085 0.0503540355048992 0.1078188631902948 0.462745 0.541176 0.521569
vn -0.0000334416262973 0.0000223420307214 0.0004813227700713
v -0.1102768016298125 0.0511194785566378 0.1080092947155148 0.466667 0.549020 0.525490
vn -0.0001355010940793 0.0000712151815338 -0.0006101282543669
v -0.0857815862814876 0.0687755642427080 0.1036571797426245 0.439216 0.513725 0.494118
vn -0.0000513533794433 -0.0000038061526297 -0.0005160284695173
v -0.0872962026218254 0.0777534588755683 0.1036419998037581 0.454902 0.533333 0.513725
vn -0.0000532732631552 0.0000992617061544 -0.0006580081947686
v -0.0199108171532420 0.0861899326033628 0.1014083969759682 0.349020 0.415686 0.396078
vn -0.0000599876298520 0.0000433561668527 -0.0006551783630023
v -0.0232137660906461 0.0975921587905407 0.1030822134957018 0.356863 0.423529 0.403922
vn -0.0005645524616439 -0.0004819807275124 0.0000794351061700
v -0.1210804464943094 -0.1078825755463218 0.0205701048291447 0.290196 0.333333 0.317647
vn -0.0005313616956610 -0.0005224898776329 -0.0000154085495296
v -0.1184088750241696 -0.1120399506695526 0.0104860514167178 0.298039 0.298039 0.254902
vn 0.0000289460212951 -0.0000087901109031 -0.0001021163101391
v -0.1490100526069537 0.0425642487168625 -0.0016893792906095 0.400000 0.435294 0.396078
vn 0.0002740616687042 -0.0001915344221198 -0.0005213541730939
v -0.1167317404553665 0.0804537825922934 0.0980393184756028 0.403922 0.482353 0.462745
vn 0.0004836818070615 -0.0003359140434368 -0.0002454273760492
v -0.1230973914689217 0.0874659893463720 0.0889429899706730 0.360784 0.435294 0.423529
vn 0.0004439472869229 -0.0004070837512721 -0.0006978182110930
v -0.1112873255655823 0.0918153137157662 0.0975330181075795 0.384314 0.458824 0.435294
vn -0.0001961640463887 -0.0003606830621538 -0.0001794679365729
v -0.1054715692937280 -0.1199480655857381 -0.0013451703928737 0.223529 0.231373 0.203922
vn 0.0001758927650770 -0.0005313945472622 0.0000823857496528
v -0.0398781765453901 0.1449790517048749 0.0105342305513171 0.184314 0.203922 0.168627
vn -0.0003553560026907 0.0002989520949311 0.0000502122264095
v -0.1189051101214681 0.1060487370327779 0.0185558063746343 0.419608 0.470588 0.443137
vn -0.0003989521796800 0.0003676705827569 0.0000302257673765
v -0.1131473140704666 0.1130427000699375 0.0221460246859900 0.400000 0.454902 0.427451
vn -0.0002695324699320 0.0002571370799409 0.0000245584443081
v -0.1159288438185824 0.1109420018947699 0.0132131317709099 0.380392 0.435294 0.403922
vn -0.0000706797088445 0.0000813854560365 0.0006636726277061
v 0.0714917954718007 -0.0745801753631501 0.1087785881412573 0.423529 0.498039 0.478431
vn 0.0002819805906338 0.0001774131002875 -0.0001811182360728
v -0.1286627473798246 -0.0816769457067211 -0.0007540679714606 0.145098 0.141176 0.109804
vn -0.0001426087424648 0.0007450084611731 0.0000626087795445
v -0.0288038600164929 0.1524790840597789 0.0549389602439555 0.380392 0.462745 0.450980
vn 0.0003934250885436 0.0002305353394994 -0.0000929580330520
v 0.1408557899929122 0.0699226291976265 0.0974452323344719 0.349020 0.309804 0.235294
vn 0.0003018398774470 0.0002024197596084 -0.0000331192140655
v 0.1450051183330842 0.0666639879520767 0.1010834740605375 0.407843 0.364706 0.301961
vn -0.0005698875905773 0.0004191486804931 0.0000189591782256
v 0.0431217491543887 -0.0280101719131848 0.0382349887107229 0.086275 0.098039 0.090196
vn -0.0004186416245471 0.0005373726194688 -0.0000051330125920
v -0.0967616987568335 0.1207455340591597 0.0719061934174279 0.384314 0.458824 0.450980
vn -0.0002972652606566 0.0004176808715014 -0.0000124382008740
v -0.0905064457192263 0.1257471182319761 0.0781332040156730 0.407843 0.486275 0.474510
vn -0.0005752752173682 -0.0002526855512240 0.0000373313122227
v -0.1251992892381931 -0.0956772698138288 0.0406912349035525 0.203922 0.239216 0.223529
vn -0.0005074369721843 -0.0002682196642521 0.0001139903829651
v -0.1281197612555832 -0.0911019351958921 0.0326090960278737 0.258824 0.313725 0.298039
vn -0.0005933921988315 -0.0003694920989034 0.0001074583971089
v -0.1255198086833465 -0.0999984802754972 0.0296299107793735 0.274510 0.305882 0.282353
vn -0.0003739234388143 -0.0004591415688889 0.0000103228155181
v -0.0948302997843975 -0.1258271522413632 0.0542870814967483 0.203922 0.250980 0.243137
vn -0.0004467274242111 -0.0006330330958233 0.0000315995959355
v -0.0862576902794321 -0.1325391243899684 0.0520141842709049 0.200000 0.250980 0.243137
vn -0.0007364299808638 -0.0000530981979872 0.0000084355603529
v -0.0542657050779498 -0.0003825902549318 0.0257134945326266 0.098039 0.117647 0.117647
vn -0.0009317173753028 -0.0002724998325602 0.0000106709468717
v -0.0533713151210098 -0.0125696786190271 0.0279345838997693 0.086275 0.105882 0.105882
vn 0.0000518983249846 0.0001008639998116 -0.0005207959315148
v -0.1096625290615167 -0.0409966871926402 0.1032582043865797 0.435294 0.513725 0.494118
vn 0.0001692471413515 0.0001803751683431 -0.0007473671552579
v -0.1206031422841987 -0.0364948996908942 0.1023424344795837 0.396078 0.478431 0.454902
vn 0.0000978608187424 0.0000796339191497 0.0007916985865692
v -0.0528454863990250 -0.0726245114927497 0.1046629061239713 0.407843 0.490196 0.482353
vn 0.0000339916139672 0.0000432873364398 0.0003733893805809
v -0.0465392673765262 -0.0665612358140611 0.1036453336439057 0.415686 0.501961 0.494118
vn -0.0003055263937707 -0.0002691707897149 0.0000741633499068
v -0.1139001370324687 -0.1087700501339438 0.0992119849498023 0.227451 0.274510 0.258824
vn -0.0005197688712292 -0.0005167427153443 -0.0000017987967260
v -0.1059685497516163 -0.1168257435110686 0.0931428317854753 0.223529 0.266667 0.254902
vn -0.0001742128392324 -0.0002053107483121 0.0006146622964865
v -0.1051212401749591 -0.1148887349703573 0.1042150399560602 0.364706 0.427451 0.403922
vn -0.0002764336810554 -0.0004558280968230 0.0002857197997930
v -0.0989576536475293 -0.1235617658955054 0.1010203631717094 0.372549 0.439216 0.415686
vn 0.0004812261138597 0.0000537164888886 -0.0000213719747740
v 0.1531780872516181 0.0078646284580103 0.0972060311759491 0.215686 0.247059 0.231373
vn 0.0002177924798783 0.0000165980893787 0.0000642508632962
v 0.1533328206209674 0.0067073632585830 0.1020058675285972 0.388235 0.458824 0.435294
vn 0.0004863631684312 0.0000315601073631 -0.0000376066996100
v 0.1534177104329295 0.0001447167891163 0.0946256664129514 0.203922 0.231373 0.215686
vn -0.0003871262085234 -0.0005366821868372 0.0000577440464937
v -0.0925271360582528 -0.1279200113528408 0.0432941337561875 0.231373 0.282353 0.274510
vn -0.0002643293255765 -0.0004415260061592 0.0001193441833226
v -0.0939289678487282 -0.1283313008275584 0.0334531185678615 0.184314 0.235294 0.227451
vn -0.0002582300095067 -0.0004420605935557 0.0000267456253848
v -0.0915656164500823 -0.1328835073179732 0.0263031451638621 0.239216 0.286275 0.270588
vn -0.0002672683339144 -0.0007410667331617 -0.0000855009418918
v -0.0657672490389210 -0.1428253033845372 0.0849648409385416 0.262745 0.298039 0.286275
vn 0.0003287448176022 0.0002340659366856 -0.0000969712805770
v 0.1263015386621314 0.0944716161278943 0.0056508505474645 0.274510 0.254902 0.192157
vn 0.0004267707211656 -0.0007984110473945 0.0000807593571358
v 0.0685439092097002 -0.1404851435865081 0.0359881423732474 0.258824 0.325490 0.317647
vn 0.0003840087573973 -0.0004838587251376 0.0000007841259299
v -0.0313744901980402 0.0383107909527752 0.0360338722455959 0.101961 0.113725 0.113725
vn -0.0003425195095631 0.0005893239242969 -0.0001426118541679
v 0.0680238202018357 -0.1387231862023778 0.0153067125096949 0.349020 0.392157 0.345098
vn -0.0000711755587994 -0.0000409913908656 0.0004511862833126
v -0.1233792227639244 -0.0348030246133739 0.1064029332211464 0.364706 0.443137 0.423529
vn -0.0005852091810551 -0.0000605840135633 0.0000678860234776
v 0.0516845354482755 0.0070758138523228 0.0095977665001604 0.250980 0.247059 0.223529
vn -0.0006923143145426 -0.0002634858889660 0.0000738494366262
v 0.0489827367234464 0.0174586611594657 0.0101482070698306 0.188235 0.192157 0.176471
vn -0.0007935872300130 -0.0001134786092339 0.0000136969422901
v 0.1471004638256515 0.0137145109376958 0.0815490190305596 0.266667 0.309804 0.290196
vn -0.0007888455245277 0.0000045389211496 -0.0000231476128204
v -0.1583350347648934 0.0047682027640823 0.0095506137186175 0.415686 0.431373 0.376471
vn -0.0001196448550523 0.0000127245577658 0.0008775263422864
v -0.1354118245237823 0.0319236564140906 0.1042844889243136 0.427451 0.513725 0.490196
vn -0.0000955776702222 0.0000174975584513 0.0005866172242565
v -0.1300831626642708 0.0225746652653696 0.1063310224367139 0.419608 0.505882 0.478431
vn 0.0000268603001105 0.0006628625341861 0.0000620429482046
v -0.0017656768666231 -0.0514826788181321 0.0772357642045626 0.152941 0.168627 0.160784
vn -0.0008023271950946 0.0003491982005003 0.0000211446510821
v 0.1467464265265875 -0.0367908519529914 0.0091108954462667 0.109804 0.133333 0.125490
vn -0.0006135698171471 0.0002781514173054 0.0000629365718673
v 0.1426540854652330 -0.0441032925941410 0.0162000751387251 0.105882 0.141176 0.125490
vn -0.0007669596598898 0.0002661970719344 0.0000248566107393
v 0.1493202629445723 -0.0349444678607200 0.0232297667564733 0.250980 0.301961 0.278431
vn -0.0003577581753254 0.0003795841157850 -0.0000333802359903
v 0.1102154685677994 -0.1041247190730803 0.0432028678336863 0.278431 0.341176 0.329412
vn 0.0000948620544436 -0.0001056340209694 -0.0000813352311957
v -0.0311803854898774 0.0372747606847642 -0.0003484581268808 0.419608 0.411765 0.368627
vn -0.0003294349482259 0.0003806714565406 -0.0000340362098480
v 0.1052247125466867 -0.1086391592684107 0.0314671197081782 0.266667 0.317647 0.301961
vn -0.0000517928353097 0.0000796842009845 0.0003878497523642
v -0.0816097008769757 0.0996523258626978 0.1057027902932431 0.423529 0.505882 0.482353
vn -0.0000679652864005 0.0000906882196912 0.0007080564151298
v -0.0706661099373583 0.0966963479499834 0.1075524273356599 0.439216 0.517647 0.490196
vn 0.0008367179251815 0.0001265857980782 0.0000365425496877
v 0.1519545856503982 0.0282554430810039 0.0615732330198799 0.254902 0.294118 0.286275
vn 0.0007784203171880 0.0000914456885162 0.0000993882766428
v 0.1541050774599362 0.0161383332632187 0.0572672710407377 0.305882 0.356863 0.337255
vn -0.0007591602996938 0.0000306041865001 0.0000735459195634
v 0.1484994264032681 0.0005190295068629 0.0827970014964247 0.243137 0.282353 0.266667
vn -0.0008979843090317 0.0000984389407725 -0.0000062055615757
v 0.1436981450978893 -0.0108773158488308 0.0712616236290950 0.082353 0.113725 0.105882
vn 0.0007850196158461 0.0003713570763452 -0.0000756262569583
v -0.1382874949535862 -0.0632880751627114 0.0392503667055837 0.203922 0.262745 0.250980
vn 0.0002312613808202 -0.0000577380286067 -0.0003849969296160
v -0.1393671084867861 0.0102603176612552 0.0995094029007141 0.403922 0.490196 0.470588
vn -0.0003394241780485 -0.0001723883000342 -0.0001025460472658
v -0.1391804432503939 -0.0781579191791550 0.0015710258502181 0.231373 0.250980 0.211765
vn -0.0002055637411972 0.0003587804996745 -0.0002944217880474
v -0.0272471133111928 0.0524195145033202 0.0929289307018398 0.207843 0.266667 0.266667
vn -0.0001736656238121 0.0004364555364978 -0.0001507180753848
v -0.0192211759680770 0.0511387588317759 0.0835809663180593 0.188235 0.211765 0.203922
vn 0.0001507856427174 -0.0003580916024729 0.0004817968281626
v 0.0807296414045694 -0.1287081114727360 0.1030012512918330 0.411765 0.498039 0.474510
vn 0.0003473114040939 -0.0007008043115108 0.0001430318500399
v 0.0804317992644334 -0.1325953659287837 0.0898733396339354 0.254902 0.329412 0.325490
vn -0.0002243841209736 0.0002580839241464 0.0001615731170694
v -0.0792067102303761 0.1338116254730171 0.1017364838574658 0.454902 0.474510 0.415686
vn 0.0006307941200822 0.0004422787517205 0.0000036129285456
v -0.1198527621837512 -0.0918518346683861 0.0832812013392825 0.211765 0.250980 0.239216
vn 0.0000047893711999 -0.0001065326649077 0.0006475138722332
v -0.0919194986218600 -0.1173481594178417 0.1016916330106982 0.364706 0.439216 0.423529
vn -0.0000840990441849 -0.0001184453843370 0.0006975083238049
v -0.0780862068307156 -0.1105306565992996 0.1041232492686387 0.368627 0.447059 0.427451
vn -0.0000193969731377 0.0000684375818611 0.0005620403277492
v 0.0356495683588634 -0.0952444370963279 0.1085036515975189 0.454902 0.521569 0.494118
vn -0.0000038378784033 -0.0000024788913923 0.0004415831321314
v 0.0332177541018467 -0.1037396694107410 0.1093178392658699 0.490196 0.560784 0.529412
vn -0.0002186469765422 -0.0000905110212271 0.0007694063018411
v -0.1475241689148533 0.0209105673583007 0.1023621619443955 0.415686 0.494118 0.474510
vn -0.0005056583745541 -0.0000652550041706 0.0003652639381135
v -0.1556857916674962 0.0197261880769645 0.0977524092148381 0.400000 0.423529 0.376471
vn 0.0006141456702850 -0.0004027751065629 0.0000167388868530
v -0.1285959272438308 0.0789022990969187 0.0813319271774496 0.396078 0.466667 0.458824
vn 0.0003244521483441 -0.0002305558268332 0.0000077070307746
v -0.1257711808481166 0.0828363353710536 0.0739296393517974 0.337255 0.407843 0.396078
vn 0.0005648523046823 -0.0004052076185364 0.0000236295863343
v -0.1212955330988962 0.0898345129453785 0.0770560261481933 0.396078 0.474510 0.458824
vn 0.0004560104592542 0.0000462314591871 0.0000968383334604
v 0.1561093080727889 0.0099238996318523 0.0325595427632855 0.290196 0.341176 0.321569
vn -0.0000138765842294 -0.0002541689336491 0.0005859395840820
v 0.0052983306233493 0.0638991648846295 0.1003207681836835 0.372549 0.447059 0.435294
vn 0.0000186540029911 -0.0002635270550327 0.0004188727383377
v 0.0000098031186058 0.0562059906800899 0.0966946496318852 0.490196 0.552941 0.533333
vn -0.0000756045872641 -0.0004789615192981 0.0005158897255166
v 0.0093984355970349 0.0545801622636405 0.0959582877519030 0.513725 0.580392 0.552941
vn -0.0004840061646810 -0.0000416743653374 -0.0000638796143346
v -0.0545587907492366 -0.0018933358125617 0.0057997934263144 0.109804 0.129412 0.125490
vn -0.0002615348979179 -0.0000733600006857 -0.0000253443970506
v -0.0536817681155812 -0.0082829936777785 0.0076792203492309 0.105882 0.125490 0.121569
vn -0.0008425234666604 -0.0001818236973885 -0.0000125927296823
v -0.0542567616516896 -0.0071442523881240 0.0161851932278997 0.094118 0.113725 0.109804
vn -0.0001348144665265 -0.0007304997557323 -0.0000454749581520
v 0.0278498712007273 0.1472228952602327 0.0589895179202870 0.274510 0.341176 0.321569
vn -0.0001005059757250 -0.0006844779693696 -0.0000527020676835
v 0.0173669064894637 0.1498988022586976 0.0496500443140621 0.243137 0.309804 0.298039
vn -0.0001575082665129 -0.0006951174816627 -0.0000134783557256
v 0.0277317177150194 0.1481101288939614 0.0437186847427112 0.274510 0.337255 0.325490
vn -0.0001185817870767 -0.0000197233487701 -0.0004985792922288
v -0.0778072533483882 -0.0237234316593541 0.0984784769772851 0.431373 0.517647 0.498039
vn -0.0001591700842931 -0.0000039723737954 -0.0005700831102113
v -0.0798408469068179 -0.0151868227037666 0.0987078992938747 0.427451 0.509804 0.501961
vn 0.0004399295894711 -0.0005619352684478 -0.0000054398735533
v -0.0919020621291553 0.1187027251514475 0.0623758649573438 0.376471 0.454902 0.443137
vn 0.0002617906663740 -0.0003888906256408 0.0000116924513194
v -0.0859210248966819 0.1230702857052074 0.0753020252633634 0.356863 0.431373 0.419608
vn 0.0004088147211364 -0.0005376427812842 0.0000302380937815
v -0.0923124716238083 0.1186432137989383 0.0782543514591562 0.325490 0.396078 0.392157
vn -0.0000371888648820 0.0006806241422063 -0.0000255748898731
v 0.0081682613832151 -0.1528849371289252 0.0629798806300944 0.305882 0.384314 0.384314
vn -0.0000656324533887 0.0004999201640097 -0.0000124940134706
v 0.0179331534308403 -0.1521966055143195 0.0576036297822499 0.254902 0.325490 0.321569
vn -0.0000531730531947 0.0006521038596281 -0.0000073684699555
v 0.0093727853306285 -0.1532239677906087 0.0527548108240560 0.298039 0.376471 0.372549
vn 0.0000390342352612 -0.0002671622648838 0.0004882350803976
v 0.1054259499422438 -0.1080069879071434 0.1048656506163473 0.556863 0.576471 0.525490
vn -0.0005918520525018 0.0000061624876977 0.0001492537697677
v 0.0538342230989112 -0.0015547319174556 0.0948916334810964 0.258824 0.286275 0.262745
vn 0.0005400798192912 0.0004765861421740 0.0000425819880970
v -0.0367152846206759 -0.0347312591225204 0.0734462610422415 0.172549 0.188235 0.172549
vn -0.0000176851992515 0.0000169145545883 -0.0001674645547952
v -0.0888695468495888 0.1256817861241515 -0.0015437732391349 0.427451 0.466667 0.423529
vn -0.0002651142046784 0.0003423579492695 -0.0001838156675484
v -0.0826870427293946 0.1318816701526099 0.0002282623888235 0.321569 0.352941 0.321569
vn 0.0001087395310877 -0.0001457605147900 -0.0000893830350831
v -0.0812794444941999 0.1266290844990190 -0.0009583178832646 0.301961 0.333333 0.301961
vn -0.0001914502661335 0.0006248311356080 0.0000083380321441
v -0.0126231012227615 0.0539810754148459 0.0794465362751186 0.168627 0.192157 0.184314
vn -0.0000628929978401 0.0009460189320240 -0.0000140707093698
v -0.0001993492875863 0.0568854881926124 0.0748702257693386 0.188235 0.211765 0.203922
vn -0.0002325938140636 0.0007663197171426 -0.0000007562598900
v -0.0134437487301646 0.0538662230959304 0.0670402211686545 0.258824 0.270588 0.250980
vn -0.0002151351007885 0.0001836052591708 -0.0000354077954768
v 0.0381526123158314 -0.0322394397828876 0.0007393347098536 0.262745 0.274510 0.239216
vn -0.0003489127513613 0.0001589594014040 -0.0000856989946406
v 0.0442829885886216 -0.0228966698153574 0.0005077693153731 0.239216 0.243137 0.219608
vn 0.0003767675574425 0.0001169477213259 -0.0000405317011796
v -0.1268938703250429 -0.0917603820235731 0.0015436094416770 0.160784 0.172549 0.145098
vn -0.0005480131219464 0.0006343686621791 0.0000004498514808
v 0.0835851936539442 -0.1226540419577281 0.0279261130703510 0.090196 0.117647 0.109804
vn -0.0000298127011406 0.0000463729874853 0.0007552613200207
v -0.0370323873095563 -0.1022538517366916 0.1089674388038556 0.407843 0.490196 0.462745
vn -0.0000819262991173 -0.0008154134283744 0.0000106213498325
v 0.0102385250650549 0.1518392113827705 0.0324241964611616 0.274510 0.349020 0.337255
vn -0.0000305816867107 -0.0007277734275213 -0.0000096817911812
v -0.0030983663122602 0.1527371264765390 0.0302024509039869 0.325490 0.411765 0.403922
vn 0.0003528018813739 -0.0002184468734697 -0.0007372280931724
v -0.1280025002119750 0.0620191274544199 0.0980791193252017 0.431373 0.521569 0.498039
vn -0.0000289160802213 0.0000788244305507 -0.0003640426658886
v -0.0347668038945062 0.0808445293145156 0.1027346345100240 0.384314 0.454902 0.439216
vn 0.0002764788028423 0.0004240464079616 0.0003233291496743
v 0.0730642807328064 0.1336035265528520 0.1004648921001003 0.254902 0.298039 0.274510
vn 0.0000665915827143 0.0000948091414317 0.0003642310855009
v 0.0843050687451539 0.1236593723956456 0.1023810598721812 0.411765 0.482353 0.466667
vn -0.0001022731030364 0.0004458035456685 -0.0001345444063529
v -0.0471373558223214 0.1473835220696783 0.0859917454673872 0.321569 0.372549 0.352941
vn -0.0004209744886440 0.0009432583937957 -0.0002126615474794
v -0.0622224041433747 0.1413952126245754 0.0854097760974865 0.490196 0.568627 0.556863
vn 0.0000321558132621 0.0000831705602415 0.0005749601228559
v 0.0838851595145523 0.1146808968663610 0.1027413349983614 0.384314 0.458824 0.435294
vn 0.0000782638095112 0.0000970138103857 0.0007503857420122
v 0.0888733055056822 0.1075845068843456 0.1032561601297167 0.368627 0.435294 0.415686
vn 0.0005342853973678 0.0002712853680600 0.0000055699216502
v -0.1342589443599998 -0.0730997228200244 0.0324575014495504 0.247059 0.305882 0.294118
vn 0.0005149035585828 0.0002954315583331 -0.0000594145685897
v -0.1326234559511375 -0.0744002840813953 0.0406528215366895 0.180392 0.235294 0.223529
vn 0.0000051276205851 -0.0000382910329351 -0.0001419526898269
v 0.0466077236571929 -0.1479093271491332 -0.0017958052361563 0.239216 0.254902 0.219608
vn -0.0002569944960782 -0.0007787180639615 -0.0001361414870334
v 0.0335696964990048 0.1502448761740084 0.0235342213598495 0.070588 0.090196 0.082353
vn -0.0000184061840716 -0.0004869107835508 -0.0000274134247735
v 0.0081134357864087 0.1503937269435149 0.0519341589798539 0.301961 0.380392 0.364706
vn -0.0000194396206404 0.0007151135085740 -0.0000196259700474
v -0.0013714358724373 -0.1536657741398532 0.0569246696977960 0.254902 0.329412 0.321569
vn -0.0005263459686501 -0.0002147834947408 -0.0000524760204986
v -0.0505682343119976 -0.0170181959733563 0.0083995783486416 0.105882 0.125490 0.117647
vn -0.0007654447649628 -0.0003590634761620 -0.0000341038159658
v -0.0486034550272767 -0.0232403469242941 0.0175991585563684 0.086275 0.105882 0.101961
vn 0.0000199435268865 -0.0000702473704869 0.0007733564772403
v -0.0564445046194463 0.0726575554609676 0.1068800707387773 0.427451 0.501961 0.482353
vn 0.0000101751765051 -0.0001031622956703 0.0007092844117073
v -0.0454171051043633 0.0817736925634749 0.1082080428337158 0.431373 0.505882 0.486275
vn 0.0000220867286478 0.0001150984880502 0.0006070181185655
v -0.0426278280730891 -0.0816839078937165 0.1046195478937726 0.235294 0.301961 0.294118
vn 0.0000483135899031 0.0000922180087369 0.0006521951749095
v -0.0506829773986580 -0.0857930362402801 0.1062917624989491 0.423529 0.498039 0.482353
vn 0.0001349212697421 -0.0007346360375468 -0.0000242099500252
v 0.0389898655833253 -0.1530495205854224 0.0126874962661470 0.360784 0.380392 0.337255
vn 0.0000839595821050 0.0000247682100783 0.0008660649004601
v 0.1148238543465983 -0.0787634102140454 0.1058981651795000 0.415686 0.494118 0.478431
vn 0.0001258023029791 -0.0000420392206141 0.0006849905726227
v 0.1054734866036142 -0.0689474783849234 0.1084691899670514 0.423529 0.498039 0.478431
vn -0.0008959996089034 0.0000460415232621 0.0000012265972819
v -0.0548049437005285 0.0049366540813074 0.0512462512201768 0.156863 0.164706 0.152941
vn -0.0000986303936237 0.0002068176789530 -0.0007322844045314
v -0.0292143531202320 0.0659037560600072 0.0991170654975795 0.400000 0.482353 0.470588
vn -0.0001226177084363 0.0003225306200448 -0.0004415192313878
v -0.0219868311385241 0.0577723204809789 0.0937971609673933 0.274510 0.341176 0.329412
vn -0.0001351321131214 0.0002135921545497 -0.0005599549908543
v -0.0331599462284599 0.0557466984685601 0.0966424135404030 0.384314 0.462745 0.443137
vn 0.0000330097466555 -0.0000825140975176 0.0008306841350017
v -0.0092563789977173 -0.1253972132261612 0.1055877936101974 0.294118 0.360784 0.341176
vn 0.0000167995678684 0.0002500185303118 0.0009266107868986
v -0.0088716741036498 -0.1422998427773783 0.1066225130310886 0.380392 0.450980 0.435294
vn 0.0005167650219871 -0.0006595435119811 0.0000678404921207
v 0.0939547182509665 -0.1288352719244600 0.0158635364372003 0.282353 0.298039 0.266667
vn 0.0003325570008130 -0.0004805659875594 -0.0001057296247227
v 0.0879161957034530 -0.1334523696650444 0.0006852179693849 0.266667 0.270588 0.227451
vn -0.0008926144767072 -0.0006911625737238 -0.0001958945369280
v 0.1230911002064041 0.0834839407225913 0.0831265194583459 0.156863 0.180392 0.160784
vn -0.0006392257141967 -0.0004436157966172 -0.0000047482636896
v 0.1223938644511246 0.0851865089022527 0.0675660540762650 0.286275 0.317647 0.298039
vn 0.0006511840144739 0.0004207246159755 -0.0000610628239945
v -0.1245548095427911 -0.0854741770289713 0.0505600971669423 0.164706 0.207843 0.200000
vn 0.0007027943749931 -0.0002076414280655 0.0000119200228732
v 0.1515044312516081 -0.0309085699154627 0.0614094074838732 0.329412 0.380392 0.360784
vn 0.0005590811984644 -0.0002043140791965 -0.0000649697342374
v 0.1508416949562281 -0.0310704098782448 0.0740094553318203 0.282353 0.325490 0.305882
vn 0.0008534376329050 -0.0002531838174337 -0.0000333670562984
v 0.1469687570990748 -0.0403626970315653 0.0721659109698517 0.274510 0.325490 0.309804
vn 0.0000911970797229 0.0000589043626526 -0.0001877174814782
v 0.1237784996987558 0.0931689766760131 -0.0010870487100444 0.196078 0.188235 0.152941
vn -0.0006768901238975 -0.0003849685048541 -0.0000352193649079
v -0.0467276284088289 -0.0284865279354936 0.0634281018826073 0.145098 0.160784 0.149020
vn -0.0003534421659200 -0.0002809342842333 -0.0000247186177517
v -0.0428243271355492 -0.0343344566562594 0.0602881939008782 0.117647 0.133333 0.125490
vn 0.0004049040397183 0.0004978443222725 0.0000974231539411
v 0.0983204626697408 0.1203674881193910 0.0331555356165158 0.325490 0.349020 0.309804
vn 0.0005759856010271 0.0006807280068199 0.0000519490929117
v 0.1014287905025930 0.1209521790608176 0.0175550028143319 0.337255 0.305882 0.235294
vn 0.0003440158788731 0.0003506920594553 0.0000560161402806
v 0.0930027100392775 0.1276036325707219 0.0213867554097240 0.227451 0.235294 0.196078
vn -0.0006397833507413 0.0002505636492696 -0.0000180041749667
v -0.1428490559434218 0.0729657166318737 0.0198839625186577 0.372549 0.427451 0.407843
vn 0.0008557909690126 -0.0003127886168306 0.0000866534106852
v 0.1519052085724760 -0.0437038139024513 0.0187611211309780 0.262745 0.301961 0.282353
vn 0.0005140217966513 -0.0001621476803192 0.0000026212438113
v 0.1508580023264889 -0.0503081251407498 0.0094297820867387 0.270588 0.290196 0.254902
vn 0.0004927382977520 -0.0002064860377898 -0.0000514269946972
v 0.1532558660816593 -0.0399515894463237 0.0067686181295746 0.262745 0.290196 0.258824
vn 0.0000911534149493 0.0000373048916735 -0.0002068069534131
v 0.0495832742123188 0.0201415667122772 -0.0015653591203520 0.360784 0.376471 0.341176
vn 0.0002180508241440 0.0000604100348763 -0.0001744596299807
v 0.0535452736399215 0.0126945347646846 -0.0000352061398844 0.309804 0.313725 0.278431
vn -0.0001839117328623 0.0005401765624789 -0.0000082230120632
v 0.0457097031561536 -0.1448492548381952 0.0671319882530471 0.341176 0.419608 0.415686
vn -0.0000304521007876 -0.0007694047022322 -0.0001480030571055
v 0.0007044493386663 -0.1567732754183772 0.0092205589653669 0.301961 0.337255 0.305882
vn -0.0008751472470624 -0.0002296123719653 -0.0000129156013971
v 0.0514429788399743 0.0102061152859850 0.0220809441911247 0.141176 0.160784 0.160784
vn -0.0003877080431312 -0.0001408094068770 0.0000186663441663
v -0.1466658014223988 -0.0526258635121078 0.0582054808258812 0.235294 0.290196 0.274510
vn 0.0000528815485607 -0.0000206033598287 0.0007848694722691
v 0.1347754217411536 0.0226628385958238 0.1045907844831271 0.360784 0.443137 0.423529
vn -0.0004806633399982 -0.0002986110272658 -0.0000160631395618
v 0.1245912570840551 0.0819602520038871 0.0585790314912547 0.250980 0.278431 0.258824
vn -0.0003934608385929 -0.0002746574108945 -0.0000318136112039
v 0.1254809818379493 0.0817725489314488 0.0492294456057294 0.282353 0.317647 0.294118
vn -0.0003997070569398 -0.0002381886128186 -0.0000446228887591
v 0.1289778460231043 0.0747525237084115 0.0544435663008444 0.243137 0.274510 0.250980
vn -0.0002219323257767 -0.0000088666749213 -0.0001673155160283
v -0.0534896459614949 0.0015997463516545 0.0007655721192755 0.109804 0.125490 0.113725
vn -0.0003065626757617 -0.0000876355449545 -0.0002628580522415
v -0.0514389978153300 -0.0114729436902482 -0.0003624792051962 0.200000 0.219608 0.200000
vn -0.0004318779046591 -0.0000678456371434 0.0001205343418142
v 0.1460937248592553 0.0436582488213337 0.0090622730362665 0.235294 0.223529 0.176471
vn -0.0004706666507974 0.0003874620300241 0.0000491330127341
v -0.1212219629935559 0.1003951916968605 0.0461765687088468 0.400000 0.474510 0.462745
vn -0.0003421372150089 0.0002670029280578 0.0000294523565266
v -0.1235121632981958 0.0992474800341113 0.0317906028947250 0.380392 0.454902 0.439216
vn -0.0003404854638855 0.0002321269975815 0.0000392303563121
v -0.1259788034509212 0.0952018318579913 0.0393712941039627 0.501961 0.580392 0.564706
vn 0.0002154703367197 -0.0001856970882208 -0.0005200006684553
v -0.1008391717425722 0.0978612397001717 0.0983910162559061 0.403922 0.486275 0.458824
vn -0.0002698623294848 0.0003224244779065 -0.0004156942160232
v 0.1331463628397337 -0.0397171395249646 0.0955221055462799 0.090196 0.129412 0.129412
vn -0.0004711456068052 0.0003039749750849 -0.0005583436231337
v 0.1400707815347675 -0.0304277923547573 0.0991147163214323 0.360784 0.439216 0.427451
vn -0.0010336095840511 0.0004019914141925 -0.0002039076458678
v 0.1422579717231284 -0.0342147253491706 0.0839258592939491 0.098039 0.121569 0.117647
vn 0.0002986834160912 -0.0005808100669316 -0.0001232871114239
v -0.0750619058839628 0.1308259979375081 0.0140213066159133 0.294118 0.290196 0.239216
vn 0.0002814789031761 -0.0004002969280506 0.0001046797725601
v -0.0729552035638680 0.1303259240934412 0.0177657521014217 0.258824 0.258824 0.200000
vn 0.0004149872176604 -0.0003395964123509 0.0000348216172128
v 0.1244190860299326 -0.0932825576443877 0.0423237031479987 0.254902 0.313725 0.309804
vn -0.0005901200262214 -0.0005669190098219 -0.0000355951311976
v -0.1111578507240412 -0.1103135200156102 0.0832397469059280 0.243137 0.282353 0.274510
vn -0.0001023945998730 -0.0003114094564669 -0.0000286077642537
v 0.0442343750448415 0.1466940764603084 0.0010010526104786 0.278431 0.286275 0.243137
vn 0.0004248297185111 0.0004599673894161 -0.0004642817668498
v -0.0793732315789480 -0.1275003168638232 0.0920480682687504 0.129412 0.164706 0.160784
vn 0.0003811140492212 0.0006249166964057 -0.0000821261496017
v -0.0731047563839675 -0.1342641352213290 0.0834087022153755 0.243137 0.270588 0.254902
vn 0.0003382431775365 0.0005429096274978 -0.0000370037445012
v -0.0808902134578074 -0.1297095665344496 0.0762555959750071 0.223529 0.258824 0.243137
vn -0.0007974003252074 0.0004573388791304 -0.0000045631599376
v 0.1299761085054753 -0.0754756162650057 0.0605278530981628 0.113725 0.160784 0.156863
vn -0.0005312506703354 0.0002281372468780 -0.0000299946911982
v 0.1369828922252010 -0.0631709312788813 0.0567579399621454 0.239216 0.290196 0.282353
vn 0.0002338235865168 0.0004810205203273 -0.0000073042350877
v -0.0681003454176776 -0.1367354242645549 0.0736507542463862 0.188235 0.227451 0.219608
vn 0.0002452467530620 0.0005842276677523 0.0000003708518210
v -0.0593303962558540 -0.1409523445464884 0.0710063441274264 0.219608 0.266667 0.254902
vn 0.0004054682742736 0.0001952334753102 -0.0000487575929639
v -0.1414347486596494 -0.0541023427987402 0.0860104924993432 0.247059 0.294118 0.282353
vn 0.0006756135026157 0.0002035877375446 -0.0000028593070515
v -0.1428961483625729 -0.0493476030588207 0.0796950965125480 0.250980 0.305882 0.294118
vn 0.0000043619043908 0.0000641204941030 -0.0007915182741487
v 0.0837308452526646 0.0835330577992529 0.1037132919783063 0.439216 0.509804 0.478431
vn -0.0000885973820560 -0.0000946295507843 -0.0005512986759080
v 0.0922468697835500 0.0913176495642574 0.1015382383433113 0.403922 0.474510 0.450980
vn -0.0000869564749542 0.0001680965229682 -0.0005481295851093
v -0.0115674758315149 -0.1277642498139286 0.0951709123693818 0.211765 0.266667 0.274510
vn -0.0001636997068591 0.0002203114502715 -0.0004701001224960
v -0.0246125304579699 -0.1319564395565640 0.0970282242144457 0.211765 0.274510 0.270588
vn 0.0009307422737743 -0.0000416594515587 -0.0002925353287197
v 0.0580836026726612 0.0053338001041131 0.0824868497711238 0.192157 0.200000 0.188235
vn 0.0006602025858597 0.0002110565128099 -0.0000597355769136
v -0.1471937224398834 -0.0417937717039765 0.0189257897833417 0.105882 0.113725 0.090196
vn -0.0001272477107569 -0.0002182052308894 -0.0000300733975105
v 0.0787660335372667 0.1303146826705585 0.0004661855511639 0.219608 0.223529 0.176471
vn -0.0002336237057605 -0.0003360132646230 -0.0000944170500294
v 0.0860709146671852 0.1267369914956770 -0.0015344314161110 0.247059 0.247059 0.203922
vn 0.0000057171746632 -0.0001783351324894 -0.0002545656146293
v -0.0021882289637390 -0.0519314704445856 -0.0016159121271791 0.172549 0.196078 0.176471
vn 0.0000658283853078 -0.0004970827491888 -0.0001246345286275
v 0.0089095846847487 -0.0534513944534108 0.0035826566378593 0.125490 0.141176 0.129412
vn -0.0001136939779632 0.0000141521145711 0.0005008441940343
v -0.0211391072317233 -0.1493665012292408 0.1117896510866533 0.474510 0.490196 0.439216
vn -0.0000170536263751 0.0001717363574867 0.0004967556382220
v -0.0195457108227775 -0.1405296070171933 0.1055943631980560 0.368627 0.439216 0.423529
vn -0.0006746124029842 0.0000717481850544 0.0001820482166222
v 0.1448651263800097 -0.0188336249723282 0.0786349589490214 0.098039 0.121569 0.105882
vn -0.0005641406493085 0.0000196828466916 -0.0002214568899974
v 0.1499133389607703 -0.0173811402369600 0.0912136863606855 0.227451 0.254902 0.227451
vn 0.0005785024052599 -0.0001276756810262 -0.0003610521386967
v 0.0575119772515118 -0.0086585593301262 0.0911394008285215 0.227451 0.247059 0.227451
vn 0.0002077609396512 -0.0000558009502287 -0.0003702155507519
v 0.0651962062471367 -0.0089540561963854 0.0951446857032908 0.301961 0.368627 0.356863
vn 0.0003214092748185 0.0001882802477948 -0.0000990604823940
v -0.1216446436538041 -0.1006856470498378 0.0178913734728500 0.219608 0.258824 0.243137
vn -0.0001341628249545 0.0004733234010152 -0.0003263052601352
v -0.0122380783548270 0.0539650710183849 0.0888238053131239 0.215686 0.254902 0.250980
vn -0.0000785848511726 0.0002355505481998 -0.0004828194572799
v -0.0164171647976628 0.0646372563192772 0.0973123777384243 0.396078 0.474510 0.462745
vn -0.0000286974406162 -0.0001549296255316 -0.0007888341917499
v -0.0548362161921262 -0.0875408541805243 0.1013457212668277 0.156863 0.200000 0.196078
vn -0.0000121852448362 0.0002105327810216 -0.0000972328524721
v 0.0015751526225100 -0.0483327932680894 0.0006278966587516 0.196078 0.215686 0.188235
vn 0.0003733372450496 0.0005047246674981 0.0001197113258696
v 0.0911318425925419 0.1288334395119911 0.0288119015973542 0.345098 0.376471 0.341176
vn 0.0007933027847167 -0.0001453352404260 0.0000009580912676
v 0.0569970185915248 -0.0090242438807557 0.0802460080271180 0.172549 0.180392 0.172549
vn 0.0004675833152884 -0.0000211911622601 0.0000007587400933
v 0.0579470824185553 -0.0002410557683390 0.0748182903348261 0.180392 0.184314 0.172549
vn 0.0001540286655457 0.0002864701687760 0.0000401048200114
v -0.1016796694434709 -0.1174268297374547 0.0017085836292394 0.243137 0.254902 0.219608
vn 0.0000390538073031 0.0000649270480476 -0.0001475307608989
v -0.1017754281293434 -0.1176175271152459 -0.0012482109151687 0.239216 0.258824 0.215686
vn -0.0000621552275183 -0.0000172252885848 -0.0005996353763241
v -0.0639840275506477 -0.0884751423910456 0.1023252284582122 0.364706 0.443137 0.431373
vn 0.0000451930785740 0.0003681081804086 0.0000297420181192
v 0.0214526788937316 0.1532599957773212 0.0560553379708212 0.235294 0.301961 0.286275
vn 0.0002202765935863 -0.0000198499681818 0.0007329141486768
v -0.0716808177920940 -0.0084484809225038 0.1011700512233095 0.388235 0.470588 0.458824
vn 0.0002153826032325 0.0000084927774857 0.0007107196371801
v -0.0639721376059747 -0.0020404712237739 0.0983437476256419 0.419608 0.501961 0.490196
vn -0.0001086072288760 0.0001042488895792 -0.0007661829981418
v 0.0952171807608903 -0.0894835685062318 0.1037410031484691 0.411765 0.486275 0.462745
vn 0.0005802876232773 -0.0002421980012963 -0.0000020392822782
v 0.0538753234091503 -0.0213376697054024 0.0763252237541221 0.164706 0.172549 0.160784
vn 0.0007018602300383 -0.0001721105647634 -0.0003107307548949
v 0.0540596124444566 -0.0203346481066650 0.0869627427848492 0.227451 0.235294 0.215686
vn 0.0005616967469595 0.0004033757089552 0.0000746298887323
v 0.1334940828159155 0.0824525481382258 0.0959251284134858 0.313725 0.270588 0.211765
vn -0.0000579924880660 0.0002647916770121 0.0004323647295383
v 0.0205477255593590 -0.0553926121935453 0.0958588973154464 0.509804 0.533333 0.490196
vn -0.0001579150023099 0.0002525488526156 0.0007315369691938
v 0.0286889813655708 -0.0603939537118333 0.1005405440481832 0.380392 0.454902 0.447059
vn -0.0005889780564177 0.0003759585392321 0.0000659129787445
v -0.1288266689220876 0.0876939377556963 0.0530705401221672 0.439216 0.517647 0.501961
vn -0.0004319147361974 0.0002867260765078 0.0000250378688320
v -0.1271634903244367 0.0887154062527435 0.0615103672395168 0.388235 0.466667 0.450980
vn -0.0005564818013303 0.0004267099944447 0.0000799684691341
v -0.1213456008481247 0.0994421725984527 0.0557715520840441 0.400000 0.478431 0.462745
vn -0.0000705694247396 0.0006112600580365 0.0000649909105479
v 0.0204424765661337 -0.1520327798033141 0.0095152431197373 0.329412 0.352941 0.305882
vn -0.0001300341415219 0.0005739890418071 0.0000033659162837
v 0.0293592730234389 -0.1501007143122256 0.0157310622939822 0.317647 0.337255 0.305882
vn 0.0005618810609157 -0.0003786457530973 -0.0000910396438550
v 0.1155210970897673 -0.1063712141924528 0.0080733745210120 0.274510 0.290196 0.254902
vn 0.0006535950580654 -0.0005542778076904 0.0000758181362375
v 0.1141933638506779 -0.1136103972380889 0.0228600641377027 0.439216 0.396078 0.305882
vn 0.0005114378573066 -0.0004808898536234 -0.0000925082903755
v 0.1096313347917710 -0.1164783141441757 0.0155352004204838 0.317647 0.282353 0.207843
vn -0.0005011559019761 -0.0008375614132269 -0.0000463700371816
v -0.0289942758316584 -0.0469087707225299 0.0581135342516912 0.105882 0.117647 0.113725
vn -0.0005160780131037 0.0004637676849901 0.0000331652317512
v -0.0416235760135222 0.0349366267626913 0.0314151020340267 0.117647 0.133333 0.133333
vn 0.0001056016321095 0.0000282126812376 0.0006960480652133
v -0.0842530994476090 -0.0455175792239626 0.1047290997292060 0.403922 0.486275 0.470588
vn 0.0000987374897120 0.0001001916373137 0.0008223075583698
v -0.0713444259857693 -0.0440733315229320 0.1035609198127908 0.407843 0.494118 0.482353
vn 0.0001268269040328 0.0000339729813720 0.0006986000047168
v -0.0791318108120345 -0.0341991176631542 0.1036041630949959 0.415686 0.501961 0.490196
vn 0.0001367634275481 0.0009676020104439 -0.0000657840058492
v -0.0076335980274858 -0.1531391383171011 0.0690010315735213 0.294118 0.372549 0.368627
vn 0.0002646602823696 0.0006957198037859 -0.0000170316378168
v 0.0221756396874162 0.0531446048379547 0.0140642764479866 0.137255 0.149020 0.149020
vn 0.0001659227209682 0.0005819994153125 0.0000128218495190
v 0.0166550795611844 0.0540142590984037 0.0261125208429710 0.129412 0.149020 0.152941
vn 0.0000597798740590 -0.0006829948126474 -0.0000045919237179
v 0.0118440121992065 -0.1573649576625797 0.0512597003448188 0.282353 0.360784 0.360784
vn -0.0006398257349890 -0.0002695002039158 0.0000295487295842
v -0.1573534801673639 -0.0196582430273622 0.0743379541158719 0.415686 0.384314 0.313725
vn -0.0003142072694042 -0.0000300278412781 0.0000066535493152
v -0.1597079042511228 -0.0146468957429650 0.0702377824520754 0.372549 0.403922 0.372549
vn -0.0007676468009847 -0.0003165140927128 0.0000012815591167
v -0.1567887171467516 -0.0209978919520121 0.0606155178482607 0.231373 0.262745 0.243137
vn -0.0000087336243423 -0.0000191444634358 0.0004772717714722
v 0.0713877463993233 -0.0912548427629556 0.1098750141009055 0.478431 0.541176 0.505882
vn 0.0003495333519487 -0.0005948738581096 -0.0000282629043810
v 0.0300801824341866 -0.0487119284626063 0.0718942462566094 0.129412 0.137255 0.129412
vn -0.0000555099030082 -0.0000934213388083 -0.0007341828897160
v -0.0763679670403514 -0.0505700250873594 0.1002139779049698 0.415686 0.501961 0.490196
vn -0.0000500621569030 -0.0000658649565292 -0.0006178987625396
v -0.0874659901936653 -0.0512583539916490 0.1005097871783407 0.192157 0.254902 0.247059
vn -0.0004524815075342 0.0002879828057721 -0.0000080060804862
v 0.1262528591194916 -0.0822176844897020 0.0530468265440927 0.309804 0.372549 0.352941
vn -0.0003797547627008 0.0002459972930071 0.0000008267428932
v 0.1256585558546434 -0.0831818523138761 0.0642717335261864 0.270588 0.325490 0.317647
vn 0.0001158685901332 0.0003318172778477 -0.0000995336811391
v -0.0469963781086303 -0.1457158390014525 -0.0006176271667446 0.168627 0.172549 0.141176
vn -0.0000738909621855 0.0007702434846214 -0.0000395292590277
v 0.0151190507144274 -0.1527106127960524 0.0395440413888440 0.286275 0.356863 0.349020
vn -0.0002617341760409 -0.0009366129068506 -0.0000011207274364
v 0.0374518357755841 0.1460646777001569 0.0480581675211135 0.239216 0.294118 0.274510
vn -0.0000749284308635 -0.0000103179846535 0.0005822393705022
v -0.0789959249026417 0.1295195259495102 0.1051945738997525 0.501961 0.541176 0.486275
vn 0.0007029179667415 0.0000040967237591 0.0000294707580056
v 0.1531696948250502 -0.0033991030380426 0.0718858532414915 0.278431 0.329412 0.305882
vn 0.0008110356586390 0.0000650257862838 0.0001194493366247
v 0.1535533490964812 0.0063692946856986 0.0611100869299544 0.274510 0.321569 0.301961
vn 0.0004677259469660 -0.0000280908471925 0.0000546169343048
v 0.1555278444454869 -0.0005995516147251 0.0568785083438997 0.254902 0.298039 0.290196
vn -0.0005514509518522 -0.0003438820163460 0.0000474703130518
v -0.1299974743998448 -0.0867361420514515 0.0437046485613898 0.188235 0.239216 0.231373
vn 0.0004405770179527 -0.0001157916175974 -0.0000101320948067
v 0.0553677559440852 -0.0159000061539043 0.0699073979241691 0.160784 0.160784 0.152941
vn -0.0000103092648938 0.0000181854117630 -0.0001200639807800
v -0.0303487899490008 0.0412054366034610 -0.0014955787193968 0.427451 0.423529 0.380392
vn -0.0002070637027106 -0.0002813784653155 -0.0000042021700019
v 0.0310143395252402 0.0397873109576689 0.0014558636702409 0.309804 0.321569 0.298039
vn -0.0005219169790415 0.0006537914103724 0.0000535278046508
v 0.0304515750496458 -0.0423190332074650 0.0771717057714178 0.160784 0.172549 0.160784
vn -0.0004626325415245 -0.0000469167193973 0.0006498277297220
v -0.1514780568290308 -0.0142688366367074 0.1031380791713574 0.458824 0.505882 0.470588
vn -0.0002237834254583 0.0000852753171089 0.0005144087296263
v -0.1524779767880732 -0.0000820511682443 0.1022073979245985 0.513725 0.596078 0.552941
vn -0.0000277322198540 -0.0000353869001738 -0.0006048309248928
v -0.0254221652356290 0.1079554030183781 0.1036916893668500 0.427451 0.490196 0.466667
vn 0.0000134181237678 -0.0001417307307959 -0.0006339979388821
v -0.0284792952438970 0.1191647924159878 0.1021555334019035 0.407843 0.470588 0.447059
vn 0.0000119762524847 -0.0001107061824380 -0.0006725451845894
v -0.0198446472278134 0.1163942291758729 0.1028696586739022 0.427451 0.486275 0.458824
vn -0.0000650405731007 0.0000648368644128 0.0006021273131251
v -0.1436152168920526 -0.0173843949147239 0.1048056750449199 0.407843 0.482353 0.462745
vn -0.0000080617027237 -0.0000008138116567 0.0003914148687890
v 0.0634711953190653 -0.0945296404290053 0.1097087365612879 0.490196 0.541176 0.509804
vn 0.0001181895977367 0.0009088814330046 0.0000327521432758
v -0.0059983565746792 -0.0485998002715095 0.0475447257402834 0.094118 0.105882 0.105882
vn -0.0000766798761649 0.0006454511635007 0.0000017684321507
v 0.0085088276041538 -0.0494576279512155 0.0398097160727811 0.094118 0.113725 0.109804
vn 0.0000082363507708 0.0000373587508062 -0.0004076347380329
v 0.0101476984195468 0.0954815041998786 0.1016227872496977 0.356863 0.419608 0.396078
vn -0.0000181680867864 0.0001383360843006 0.0005370330353758
v -0.0264050707124769 0.1232845756294794 0.1056849309547288 0.427451 0.490196 0.462745
vn -0.0000525313406461 0.0000036957230281 -0.0002044439389900
v -0.1520159921588159 0.0099137125112247 -0.0017377887897573 0.372549 0.407843 0.360784
vn -0.0004010942622205 0.0000078394724393 -0.0001800684490880
v -0.1576473446733062 0.0007366333441844 0.0007315253327996 0.466667 0.486275 0.431373
vn 0.0004604111333141 -0.0001985184459262 -0.0000091534154549
v 0.1483729590171343 -0.0587814566653067 0.0070864752725450 0.200000 0.203922 0.168627
vn 0.0005413172134444 -0.0001912963471566 -0.0003048082922259
v -0.1385779933889702 0.0632011285846629 0.0910934561454724 0.356863 0.380392 0.325490
vn 0.0004999264319579 -0.0003114402924712 -0.0002842656628927
v -0.1333011344707543 0.0724395557839118 0.0879414099745056 0.384314 0.462745 0.447059
vn 0.0007815852508799 -0.0003944832513557 0.0000405214743649
v -0.1360557315607600 0.0668524486237313 0.0793531665846712 0.400000 0.462745 0.447059
vn -0.0001097761970029 -0.0009322600347761 -0.0000554979737194
v -0.0034620193494208 -0.0560222662195958 0.0726938650084640 0.149020 0.168627 0.156863
vn 0.0000892911747960 -0.0008926046873985 -0.0000511114065484
v 0.0080124214742766 -0.0553410706570048 0.0633834491527677 0.105882 0.121569 0.113725
vn 0.0000010781558898 0.0000791708558066 0.0005036668849190
v -0.0310579919168641 0.1148337097183493 0.1074426722371657 0.435294 0.501961 0.474510
vn -0.0000393236958513 0.0001699852892212 0.0007493350012681
v -0.0404188566842725 0.1176597318969398 0.1066244848506533 0.450980 0.525490 0.494118
vn -0.0000038931648153 0.0000508190929164 0.0003633491262722
v -0.0373865749284109 0.1089215432425935 0.1084055003008724 0.439216 0.513725 0.486275
vn -0.0001703916514039 0.0005811550092758 -0.0002596481064482
v -0.0509726479328345 0.1489220979051590 0.0015830184444382 0.341176 0.337255 0.278431
vn -0.0002689469155151 0.0006045968338421 -0.0001255936340660
v -0.0615920714679958 0.1466429467050868 0.0039311177020871 0.517647 0.533333 0.462745
vn -0.0002689428554447 0.0007587523201646 -0.0000671957696547
v -0.0534781458380940 0.1511025365733799 0.0163418401194659 0.470588 0.482353 0.427451
vn 0.0005375908274038 -0.0004622593712659 0.0000512568323780
v -0.1149514083504221 0.0977588045654432 0.0720131556319845 0.352941 0.439216 0.423529
vn -0.0003564862054521 -0.0006651898270650 0.0000116746153503
v -0.0276649536310176 -0.0464920026522571 0.0200359218699818 0.086275 0.101961 0.101961
vn -0.0000319541698195 0.0000846624260709 0.0007302416739309
v 0.1210197266765701 0.0720835834993958 0.1032743628058515 0.415686 0.498039 0.466667
vn 0.0001041831483268 0.0000953522890681 0.0006581878974732
v 0.1100703216605282 0.0690151956083303 0.1054803487478228 0.431373 0.509804 0.478431
vn -0.0000596429730059 0.0000612731182656 0.0007821612309359
v 0.1213881847884283 0.0606781465762627 0.1045585659742108 0.360784 0.439216 0.415686
vn 0.0006485160064376 0.0000717761728751 -0.0000148605492974
v -0.1502677939210462 -0.0210941175256455 0.0504495439528309 0.207843 0.254902 0.247059
vn 0.0003854705324020 0.0000823982981513 -0.0000054988974615
v -0.1488205710281108 -0.0295095030012897 0.0563677131111640 0.262745 0.321569 0.309804
vn 0.0006823579645696 0.0001612308355806 -0.0000472732466859
v -0.1479618408100902 -0.0333941169815420 0.0481717497968541 0.298039 0.356863 0.345098
vn 0.0002592661053468 0.0004135710785995 0.0001530360780969
v 0.0742305480624349 0.1371033771030883 0.0320047529699585 0.231373 0.274510 0.258824
vn -0.0002037718359528 -0.0000547971157919 -0.0002630582660318
v -0.1452144278434048 -0.0574303722233990 -0.0016519381337392 0.341176 0.372549 0.333333
vn -0.0006117347371980 -0.0001795524127955 -0.0001430246711353
v -0.1502009923554702 -0.0534561363832544 0.0063947101779571 0.207843 0.231373 0.207843
vn -0.0004746072239580 0.0003073679864377 0.0000140247854808
v 0.1277352426431224 -0.0801879271030800 0.0719769523608803 0.250980 0.301961 0.290196
vn -0.0001622230084491 0.0005655776039160 -0.0000870713887895
v -0.0435009240118578 0.1522886326240168 0.0120561522857708 0.227451 0.243137 0.207843
vn 0.0001970698333934 0.0002314591377017 -0.0006949304593830
v 0.0483295729464513 0.0570851363206739 0.0994640893334610 0.411765 0.490196 0.470588
vn 0.0000302590543243 0.0000505320927288 -0.0005315770202095
v 0.0550456931456892 0.0664857399125355 0.1019752093637612 0.419608 0.494118 0.474510
vn 0.0006017134140685 0.0003285957416250 -0.0001035544908907
v 0.1361030278373387 0.0745207635289095 0.0888463890720767 0.247059 0.262745 0.235294
vn -0.0001605731643924 0.0000087646818611 -0.0006054017183931
v -0.0815964512396911 -0.0005927622342933 0.0992804016065938 0.403922 0.486275 0.470588
vn 0.0005270565386454 0.0002554205901129 -0.0000102159898310
v -0.1365360902775958 -0.0646657036465837 0.0722798444791426 0.188235 0.231373 0.219608
vn -0.0004565911642263 0.0001252859634125 0.0003178002429710
v -0.1560429128360784 0.0058654945183673 0.0966866566416775 0.537255 0.576471 0.525490
vn -0.0008344921096931 -0.0000270306787382 0.0000123700219567
v -0.1586268943238129 0.0087426392482732 0.0221245368625940 0.541176 0.509804 0.415686
vn -0.0004131806596716 0.0000350783352081 -0.0000108298547760
v -0.1575621655313397 0.0153020119570555 0.0161164504821542 0.345098 0.376471 0.337255
vn 0.0004945902575251 -0.0003060448398632 -0.0000738274951178
v 0.1375425010449483 -0.0725302854600905 0.0747388837358886 0.243137 0.286275 0.274510
vn 0.0003944878876050 -0.0002388309403491 -0.0000154250772092
v 0.1333501513548696 -0.0803579265905128 0.0730675309543101 0.266667 0.313725 0.305882
vn 0.0004878547690804 -0.0001193487639991 -0.0000177942170494
v -0.0479431432179798 0.0125467583662572 0.0351387281076814 0.188235 0.196078 0.176471
vn 0.0007867095560619 -0.0001266755892453 -0.0000377445158788
v -0.0487102566037768 0.0111214315443023 0.0236006791550395 0.129412 0.145098 0.141176
vn 0.0006700888072044 -0.0007541775711888 -0.0000946157455367
v -0.0892302768810056 0.1197273072869382 0.0325887000292150 0.258824 0.266667 0.207843
vn 0.0003141784460483 -0.0005389322534469 -0.0000066587211054
v 0.0828995873043587 -0.1364168965716711 0.0090019687086760 0.329412 0.349020 0.305882
vn 0.0001136696626366 -0.0000906378312823 -0.0005268791762125
v -0.1074958296690654 0.0810701712669640 0.1000048606278941 0.423529 0.505882 0.474510
vn -0.0000180944826336 -0.0007105005539286 0.0000305735059354
v -0.0062268840379790 -0.1577712344600163 0.0655217631990840 0.282353 0.352941 0.349020
vn 0.0002711127250589 -0.0004139666751894 0.0001071331826406
v 0.0866219561828658 -0.1344389100811458 0.0192859168893515 0.298039 0.321569 0.294118
vn 0.0002377582579273 -0.0004669370980864 0.0000630435397367
v 0.0765715316972111 -0.1391667284332016 0.0155113104742193 0.341176 0.380392 0.345098
vn 0.0001521207527381 0.0000396720947902 -0.0001851879331173
v -0.1396040590375922 -0.0732051977638513 -0.0017111379774859 0.192157 0.211765 0.180392
vn 0.0000740567214973 0.0001156965068228 -0.0002086956694703
v -0.1350034182213563 -0.0795317472202735 -0.0016419827283850 0.247059 0.254902 0.215686
vn 0.0004055077309570 0.0006290303553408 0.0000261138196313
v -0.1049952099161377 -0.1180074057830471 0.0138615595266662 0.282353 0.290196 0.254902
vn -0.0000731103570018 -0.0003926405434920 -0.0000200132492518
v 0.0294658915348228 0.1466377233671835 0.0676196368716410 0.282353 0.345098 0.329412
vn -0.0001688529794663 -0.0005846631309502 -0.0000334836702787
v 0.0383635988164077 0.1449699580931127 0.0615136077611272 0.254902 0.305882 0.290196
vn 0.0000283309033073 0.0008144087379055 -0.0000023054304065
v -0.0232787665362240 -0.1501575359254338 0.0202887262344548 0.160784 0.200000 0.192157
vn 0.0000498046873751 0.0004712325074493 0.0000534680654129
v -0.0249899138426359 -0.1526377077744898 0.0297885401784113 0.196078 0.258824 0.250980
vn 0.0001441501228812 -0.0003213442362277 -0.0002712985036381
v -0.0415360758796965 0.1455530947296940 -0.0012844636221037 0.321569 0.329412 0.286275
vn -0.0005208458079300 -0.0005908603798083 0.0001420322184998
v -0.1117304608058518 -0.1156637933221689 0.0382298403813990 0.207843 0.250980 0.235294
vn -0.0006107856516516 -0.0007026477230480 0.0001169889109585
v -0.1111503682743272 -0.1128591899292239 0.0488736504130160 0.294118 0.349020 0.329412
vn -0.0006590066397799 -0.0005159436558523 0.0000806942724517
v -0.1202755882621898 -0.1063270713753544 0.0384777544892782 0.258824 0.301961 0.286275
vn -0.0004407647496958 -0.0003548721312829 -0.0000292302772340
v -0.1147936313007689 -0.1063517370186969 0.0904823417484127 0.247059 0.290196 0.274510
vn 0.0001092117895899 0.0000126161832114 0.0005916810187204
v -0.0889527162155265 0.0069727935224580 0.1055818724047042 0.372549 0.450980 0.439216
vn -0.0006930235137100 0.0000543888210654 0.0000125382224937
v 0.1484780517649948 0.0013032587714970 0.0731180155980764 0.250980 0.294118 0.282353
vn -0.0005813760677794 0.0000422876023068 -0.0000668829668539
v 0.1475713134929568 -0.0047275680972826 0.0633380204911900 0.078431 0.109804 0.105882
vn -0.0002220675586675 0.0000452474816245 0.0006815823278993
v 0.0646895250879640 -0.0127657650778563 0.1018081704595785 0.411765 0.486275 0.470588
vn -0.0007259487312070 -0.0003186919164713 -0.0001522829138120
v 0.1402043562554114 0.0539364208932472 0.0873505791208787 0.215686 0.235294 0.219608
vn -0.0007468912944181 -0.0001119369682503 -0.0001947375423717
v 0.1431908615933272 0.0437910030424170 0.0899533789387592 0.156863 0.156863 0.133333
vn -0.0003413614420450 -0.0000847792173608 -0.0003723195798090
v 0.1378317346986609 0.0479452866392644 0.1022759914959101 0.400000 0.462745 0.435294
vn -0.0003732933456547 0.0001794716915392 -0.0002168579577460
v -0.0481516804632732 0.0260814233197814 0.0820921290825201 0.145098 0.168627 0.152941
vn -0.0004582918228749 0.0003944828699328 -0.0001104879963220
v -0.0437965762491475 0.0324201040241596 0.0776645647844661 0.172549 0.192157 0.180392
vn -0.0001597142418603 -0.0007581341732667 0.0001350287924817
v 0.0156943848189289 0.0505015429899686 0.0877163200996181 0.192157 0.223529 0.215686
vn -0.0002250686906437 -0.0005434498430653 0.0005467925570816
v 0.0266782149522099 0.0498980854962121 0.0965248472829086 0.556863 0.615686 0.592157
vn -0.0000657113892214 -0.0000648920566458 0.0005961015666398
v 0.0145345417751412 0.0976974401149392 0.1070785981943434 0.447059 0.509804 0.482353
vn 0.0000709196815079 -0.0000773050115939 -0.0004151690242665
v -0.0921700856145531 0.0955362764177575 0.1003541149557145 0.423529 0.505882 0.478431
vn 0.0004922293356597 -0.0000207055486065 0.0000539570160698
v 0.1524005886392043 -0.0219925581816641 0.0597565961554047 0.227451 0.266667 0.258824
vn -0.0005140475366823 0.0003272574724644 0.0001160643517875
v -0.1385233665557463 0.0744989567300869 0.0379327252824082 0.407843 0.482353 0.474510
vn -0.0006393147766973 0.0003903401228516 0.0000789551779888
v -0.1313349337099596 0.0858712075693144 0.0408186244181371 0.376471 0.454902 0.439216
vn -0.0005007059261317 0.0003578202439348 0.0001125580970544
v -0.1350827189098085 0.0822734586487616 0.0308699323904807 0.301961 0.376471 0.364706
vn -0.0000922678485064 0.0008256879834617 0.0000144942363119
v -0.0080457256658811 0.1525402770862715 0.0794920681707097 0.349020 0.419608 0.400000
vn -0.0000952771416640 0.0007568314248992 0.0000693204004656
v -0.0184091788641453 0.1523096598245744 0.0667866964937961 0.352941 0.419608 0.407843
vn 0.0005885950568844 0.0003197835014808 0.0000193272110441
v -0.0435254868557013 -0.0239112277088995 0.0674631355209082 0.149020 0.164706 0.152941
vn -0.0000078470195200 0.0001381681394892 0.0007007465670227
v 0.0230988198800617 0.1214858449381705 0.1072395119334765 0.443137 0.498039 0.462745
vn 0.0000068363344110 0.0000978208649417 0.0004591385744048
v 0.0317822709585754 0.1168120805556478 0.1082712780361099 0.435294 0.482353 0.447059
vn 0.0000681795821893 -0.0000688073426739 0.0007326183407827
v 0.0700304408719659 -0.1219559162115493 0.1046572518787596 0.403922 0.486275 0.462745
vn 0.0000752737451146 -0.0001284343839279 0.0007526402573074
v 0.0814322791601284 -0.1170707200438199 0.1042779533222228 0.400000 0.486275 0.462745
vn -0.0005210783464788 -0.0005016197419092 -0.0000180097927292
v -0.0372035006035531 -0.0387743100609549 0.0372545515911687 0.105882 0.121569 0.117647
vn -0.0004053167095769 -0.0005430884088928 -0.0000019962025450
v -0.0336527062286757 -0.0426977841930341 0.0293589632114404 0.090196 0.101961 0.101961
vn -0.0002857767067023 0.0000142068165249 0.0006140831851193
v 0.0586493988952135 -0.0000342192006167 0.1010465533623995 0.678431 0.690196 0.619608
vn -0.0001446674630573 -0.0000284901220838 0.0005086235966646
v 0.0567148222033501 0.0112493456879104 0.0983658829955644 0.466667 0.509804 0.486275
vn -0.0007541693843949 -0.0007598120280015 -0.0000434064533577
v -0.1002171187983578 -0.1207619234818412 0.0847566910662978 0.258824 0.301961 0.294118
vn 0.0009081060230902 0.0005634035890677 0.0000121321218191
v 0.0502791119919611 0.0270698143576554 0.0423086521229414 0.113725 0.117647 0.117647
vn 0.0004125790801541 -0.0005236042648435 -0.0000413592350880
v 0.1028079854943023 -0.1202818049538011 0.0627164322069213 0.333333 0.380392 0.360784
vn 0.0003341600060451 -0.0006384799955965 0.0000118804196995
v 0.0920339801539619 -0.1249067302273196 0.0644147144687631 0.298039 0.372549 0.364706
vn 0.0005149509703372 -0.0007335254051386 -0.0000367093233547
v 0.0961717443801628 -0.1241727088220869 0.0517524978597575 0.258824 0.309804 0.298039
vn 0.0002274310154822 0.0007989873723170 0.0000607094682513
v -0.0134983066868666 -0.0478664367153127 0.0553878117655653 0.113725 0.125490 0.121569
vn 0.0003963875646656 0.0008367512429197 0.0000317271423715
v -0.0212874889214639 -0.0441687748039492 0.0464051076805927 0.098039 0.109804 0.109804
vn 0.0003174764271122 0.0005580593338270 0.0000300073074103
v -0.0238965623000419 -0.0435722177020118 0.0558893803326994 0.094118 0.105882 0.101961
vn -0.0000467357775435 -0.0010545944514417 -0.0000367396977475
v -0.0010349588320506 -0.0542769858523531 0.0357764684414843 0.086275 0.101961 0.098039
vn 0.0000919534531657 -0.0006529670769382 -0.0000025496131590
v 0.0111288698456824 -0.0539484622731339 0.0280925034635116 0.082353 0.105882 0.101961
vn 0.0005491450680068 -0.0004092875913485 -0.0000936702192792
v -0.1193174549958634 0.0906727507777505 0.0185971744297469 0.215686 0.243137 0.211765
vn 0.0001943875407840 -0.0001594405611320 0.0000293205684069
v -0.1155565281277385 0.0963543420198545 0.0223675152143247 0.184314 0.215686 0.180392
vn 0.0004294268171831 -0.0004177197255563 0.0000938057154935
v -0.1199808670202431 0.0969352679826388 0.0301579522123511 0.431373 0.505882 0.490196
vn -0.0001629255364716 0.0004864490188444 -0.0000228790498503
v 0.0178001800887147 -0.0469891266433636 0.0176137822493918 0.082353 0.101961 0.101961
vn -0.0002549765052348 0.0009436351886512 0.0000179376059143
v 0.0145300922866643 -0.0474122221098033 0.0303758442673636 0.078431 0.098039 0.094118
vn 0.0000857562199990 0.0000450896985967 0.0004493110445710
v 0.1286093145945683 -0.0853214472629402 0.1068350591312398 0.498039 0.509804 0.466667
vn 0.0005905270185659 -0.0006153613932996 -0.0000259354401217
v 0.1045166065885927 -0.1151670528279149 0.0469995420410489 0.298039 0.360784 0.341176
vn 0.0003575753940156 -0.0002961433537935 -0.0000409445425669
v 0.1040981467536008 -0.1162748152671922 0.0563290671454193 0.262745 0.309804 0.290196
vn 0.0001752906362761 0.0004530329759392 -0.0001012193191454
v -0.0477552662575998 -0.1482375075254743 0.0120717217837254 0.235294 0.270588 0.254902
vn 0.0001192540437449 -0.0000475183311357 0.0004275054332300
v 0.1423689747783268 -0.0582963613701257 0.1042240928670077 0.356863 0.419608 0.400000
vn 0.0000828100763381 -0.0000435390649330 0.0004109487319374
v 0.1381887979603523 -0.0683910506190344 0.1033236776558469 0.364706 0.439216 0.411765
vn -0.0007143373508973 0.0000696247189794 0.0000128706449416
v -0.1539473373254059 0.0205067315729245 0.0713438386850576 0.360784 0.435294 0.419608
vn -0.0005027743573821 0.0006447659831877 0.0000285017197766
v 0.0918034465221532 -0.1178050041772535 0.0677111022136740 0.094118 0.137255 0.133333
vn -0.0005480709217187 0.0006443131573144 -0.0001492708174708
v 0.0840916537945815 -0.1251017868891995 0.0779037185793641 0.266667 0.341176 0.341176
vn 0.0000249532284533 0.0010364985271022 0.0000849583074995
v -0.0067960574113995 -0.1507629468587573 0.0144447176637848 0.105882 0.133333 0.121569
vn 0.0000877525303041 0.0000525369659113 -0.0002416847535950
v 0.1357288306133741 0.0750632992356429 -0.0007904755111926 0.215686 0.207843 0.164706
vn -0.0000041176813666 -0.0000254997049788 -0.0005499210238267
v 0.1077079197053293 -0.0108219109845262 0.1049887464874347 0.317647 0.384314 0.364706
vn 0.0000032469863763 -0.0000060181221771 -0.0007704021467895
v 0.0597570569412092 -0.0695991663626438 0.1025638655599968 0.364706 0.439216 0.423529
vn 0.0008066755218641 0.0000255097372575 -0.0000252478589525
v -0.1514230060680049 0.0026082857035850 0.0487875013057652 0.321569 0.396078 0.380392
vn 0.0007612613716525 -0.0000665615982957 -0.0000365008983766
v -0.1502915488658855 0.0169775312563699 0.0513589945227011 0.337255 0.411765 0.392157
vn 0.0006093921223835 -0.0000276084680912 -0.0000208023232165
v -0.1508999103634576 0.0083305545352164 0.0581689325305934 0.376471 0.447059 0.435294
vn 0.0007120327538727 0.0000557607148377 -0.0000709679004334
v 0.1535143170001638 -0.0110285458479450 0.0797023853781822 0.282353 0.321569 0.301961
vn 0.0004277847726149 0.0000258158170689 0.0000011963176151
v 0.1527612849211841 0.0012097998716919 0.0790749114484374 0.286275 0.333333 0.317647
vn 0.0004193745330795 0.0000232801370057 -0.0000129522484432
v 0.1530397381706234 -0.0021734570172673 0.0866768553225866 0.298039 0.341176 0.317647
vn 0.0006322530571497 -0.0003124286489979 -0.0003149280570045
v 0.0479936805684143 -0.0314910531869204 0.0816497075296529 0.231373 0.239216 0.215686
vn 0.0003262619919069 -0.0004208491691920 -0.0002922789839926
v 0.0421176521063375 -0.0392106028231423 0.0833105097879277 0.196078 0.203922 0.184314
vn 0.0005669051433455 -0.0005165821069567 -0.0000353831399326
v 0.0426375937772909 -0.0377427843942676 0.0729984443046081 0.176471 0.180392 0.168627
vn 0.0003961792635594 -0.0002179266767997 -0.0004843626577787
v 0.0562737127741611 -0.0399961157702703 0.0918606316215038 0.227451 0.290196 0.274510
vn 0.0002137647721410 0.0001255298538782 -0.0007196709505155
v 0.0661689426421408 0.0396395629440116 0.1003479998507141 0.388235 0.466667 0.450980
vn 0.0001314432260993 0.0000510998471897 -0.0007591560802784
v 0.0781545191244152 0.0437923743374363 0.1031699657284642 0.443137 0.525490 0.501961
vn 0.0001890285202245 0.0000737365636676 -0.0007507484882006
v 0.0750871681324110 0.0330915248033099 0.1017860461153819 0.407843 0.486275 0.466667
vn 0.0000863808106731 -0.0000185770818134 -0.0007005412867485
v 0.0803255187187497 -0.0440494558230261 0.1027373052458760 0.458824 0.545098 0.525490
vn 0.0004714790539117 0.0001486852425986 -0.0000312527867945
v -0.1473974630187181 -0.0431560549062053 0.0292416391757941 0.247059 0.301961 0.294118
vn 0.0004677376319077 0.0001619089984211 -0.0000093404774466
v -0.1448940580489437 -0.0507210201208634 0.0244354224852261 0.290196 0.329412 0.305882
vn -0.0000443381673940 -0.0007568652155769 -0.0000174321713317
v -0.0043768594185463 -0.0553037885504794 0.0599327029057966 0.113725 0.129412 0.121569
vn -0.0002482132356005 -0.0007797152895864 -0.0000164781911662
v -0.0144334439965979 -0.0533399159011380 0.0591549283343077 0.101961 0.117647 0.113725
vn -0.0001653802679329 -0.0008514267499491 -0.0000361159588999
v -0.0094561176097434 -0.0543779382974141 0.0506242897520251 0.090196 0.105882 0.101961
vn -0.0001313079441689 0.0000048425873798 0.0007173411741372
v -0.1336325259533900 -0.0103979442965899 0.1058511258621780 0.415686 0.498039 0.478431
vn 0.0002926314726932 0.0001540061685890 0.0000340828734289
v -0.1383644546176152 -0.0656969677512735 0.0310443168467503 0.160784 0.203922 0.203922
vn 0.0001075660454946 -0.0000271562453346 0.0007603283898238
v 0.1190737873623077 -0.0252484180366901 0.1085707051502579 0.443137 0.525490 0.498039
vn 0.0000242849082885 -0.0003734126640726 -0.0001297516354821
v -0.0197056356911430 -0.1570834868824240 0.0012088193572578 0.321569 0.345098 0.305882
vn 0.0000604349637399 -0.0007803918460203 -0.0001047328503873
v -0.0131204898327931 -0.1574779711585723 0.0104723687130185 0.321569 0.364706 0.349020
vn -0.0005180233755125 0.0004272769950707 0.0000311383159692
v -0.1239944328616224 0.1022972191700667 0.0123107232738556 0.505882 0.560784 0.517647
vn -0.0004660268096130 0.0003591251883998 0.0000716767112333
v -0.1306278896517069 0.0929357138514560 0.0120155002221906 0.454902 0.501961 0.462745
vn -0.0005851117148306 0.0004405414838717 0.0000739688150545
v -0.1246848710816354 0.0985172179419156 0.0245002037486823 0.556863 0.639216 0.596078
vn -0.0000454232927183 0.0000450409860895 0.0006673453723528
v -0.0408986507197851 -0.1484265701135262 0.1088041172962334 0.431373 0.466667 0.415686
vn 0.0000155424921957 -0.0002642175805218 -0.0004372782675162
v 0.0093995299028713 0.1414832550557676 0.0982598317010669 0.388235 0.458824 0.439216
vn -0.0000591546703058 -0.0005763667663399 -0.0002675490082963
v 0.0176779778337706 0.1479442532561535 0.0909489205803073 0.258824 0.305882 0.278431
vn -0.0000443231692591 0.0007441569422311 -0.0000140264940570
v 0.0000073217952766 0.0562786716264078 0.0626708745101839 0.219608 0.227451 0.215686
vn 0.0004348649652708 -0.0006297759015567 -0.0000582648786660
v -0.1147537394638582 0.1018060252826218 0.0424468368234883 0.400000 0.478431 0.462745
vn 0.0004272314161041 0.0003952982268250 -0.0000927473263325
v 0.0414428657956404 0.0396959056336099 0.0078685548618507 0.200000 0.196078 0.172549
vn -0.0006543807381443 -0.0002813778496217 -0.0000202264073878
v 0.1386862858484355 0.0542435283700374 0.0665566533002597 0.235294 0.274510 0.247059
vn 0.0000637166577106 0.0000272089631872 0.0005029339583224
v 0.0973211407370243 0.0772824818989964 0.1071010563212642 0.419608 0.490196 0.462745
vn -0.0003301516174554 -0.0002599472546051 -0.0000128497722300
v -0.0419506464645802 -0.0326319631071607 0.0331560383328272 0.094118 0.113725 0.109804
vn -0.0003342840025749 -0.0002289341321372 0.0000059966976662
v -0.0441485277257337 -0.0303296426879883 0.0226370137007191 0.101961 0.121569 0.117647
vn -0.0004515280236169 -0.0005745358709523 -0.0000042967499063
v -0.0915728387271326 -0.1321157440294290 0.0835554987581485 0.380392 0.384314 0.341176
vn 0.0001225992938961 -0.0006384817730065 0.0000486104847250
v 0.0348163934536787 -0.1527204190971845 0.0998349242276618 0.286275 0.345098 0.341176
vn 0.0008111840635570 0.0001498171812542 0.0001588914479474
v 0.1560462333021258 0.0201405670535022 0.0313029669405034 0.301961 0.345098 0.321569
vn -0.0000092464366667 -0.0000540219707610 0.0009293684643564
v 0.0763501068394870 0.0747141198393206 0.1081938063069698 0.450980 0.525490 0.494118
vn -0.0000700137765767 -0.0000909574172933 0.0009381942135832
v 0.0603603072448914 0.0684846669436640 0.1067360174931118 0.431373 0.505882 0.490196
vn -0.0001031031914143 -0.0000436254160960 0.0009627647875915
v 0.0695022790073419 0.0602995156288169 0.1072082236525870 0.411765 0.494118 0.474510
vn -0.0002283356900758 -0.0004232889527889 -0.0000644962529201
v 0.0931599319423831 0.1135277182827418 0.0248400934367959 0.047059 0.066667 0.062745
vn -0.0004591338263100 -0.0006083186794133 -0.0000520809140325
v 0.1001340306954131 0.1159437328465035 0.0132522703171177 0.286275 0.294118 0.247059
vn -0.0004549550587867 0.0004059237647166 0.0000031504577940
v -0.1166162537934014 0.1029053397874718 0.0922454180345711 0.400000 0.478431 0.462745
vn 0.0002964270083027 0.0004252442027885 -0.0000973758561864
v -0.0442334277644459 -0.1451676922185149 0.0305607165201501 0.090196 0.121569 0.117647
vn -0.0001417664168655 0.0001683364134325 0.0009933942267332
v 0.0573787635358485 -0.0557260118905039 0.1056410862995354 0.364706 0.443137 0.431373
vn -0.0002474065922588 0.0001737108508479 0.0006242619252228
v 0.0524598418801700 -0.0442250577560102 0.1017916612031696 0.380392 0.439216 0.435294
vn -0.0000604891358394 0.0001244374050166 0.0006460835754826
v -0.0524388951431963 0.1113143834069908 0.1069997519530125 0.462745 0.537255 0.513725
vn -0.0000399750044484 0.0000874821553815 0.0007512842877524
v -0.0445724779264677 0.1040891771841587 0.1087727655601016 0.447059 0.517647 0.498039
vn 0.0006885523784830 0.0005669661397850 -0.0001596160876064
v 0.0471542548453779 0.0341533883162729 0.0789724413066208 0.200000 0.219608 0.207843
vn 0.0005895275668632 0.0006414230677289 -0.0000444944118803
v 0.0386584472708502 0.0429328170453780 0.0718037324374559 0.180392 0.196078 0.188235
vn 0.0005382621845021 0.0005172205172685 -0.0003422430447784
v 0.0418965600145834 0.0403579564592394 0.0890878327437903 0.215686 0.243137 0.231373
vn -0.0003040666911209 0.0006107509012155 0.0001194875974150
v -0.0741968505003935 0.1394989028022766 0.0304582756657204 0.403922 0.462745 0.443137
vn -0.0003628356764987 0.0008008984429598 0.0000883077542670
v -0.0615273505730835 0.1435674302966117 0.0396445243937775 0.286275 0.360784 0.352941
vn -0.0002328837632894 0.0004946039533588 0.0001288167579892
v -0.0615615465153266 0.1447685698601314 0.0301095076493508 0.333333 0.411765 0.396078
vn -0.0005279382292706 -0.0000002121408247 -0.0001352524483253
v 0.1510774875693179 0.0058439404807588 0.0524220302521496 0.266667 0.313725 0.301961
vn 0.0005830323065756 -0.0007704498856986 0.0002224053579688
v 0.0941472510548305 -0.1237696571068235 0.0270274110197014 0.274510 0.317647 0.305882
vn 0.0006620786198440 0.0001041968220527 -0.0000103958908860
v -0.1500298863405245 -0.0198242719412708 0.0730226571628945 0.125490 0.145098 0.137255
vn -0.0001921133324308 -0.0002981063718152 0.0008176397280346
v -0.0820834675570644 -0.1244260471498410 0.1012947528129910 0.352941 0.427451 0.415686
vn 0.0003324459599157 -0.0006300289378600 -0.0000072701975856
v 0.0900825313617439 -0.1266244012040007 0.0853640431121506 0.219608 0.290196 0.286275
vn 0.0001526747387007 -0.0000323961153185 -0.0008043089582525
v 0.0788119432281425 -0.0205127868211906 0.1022003596191638 0.458824 0.545098 0.525490
vn 0.0001370693054633 -0.0000115382821435 -0.0007427640492403
v 0.0740538620220871 -0.0338328448024960 0.1016789539685068 0.411765 0.490196 0.474510
vn 0.0006549081605980 0.0000728861655296 0.0000241941736876
v -0.1523877023591238 -0.0169767115943235 0.0118681970511526 0.290196 0.333333 0.305882
vn 0.0006725386997330 0.0000616134176655 -0.0000041076087209
v -0.1515993636431399 -0.0227595725197853 0.0227369722703325 0.294118 0.329412 0.301961
vn 0.0009208247233873 0.0003325480912473 0.0000727392548784
v -0.0470322172182104 -0.0188609563346616 0.0779447780066828 0.196078 0.211765 0.196078
vn 0.0008388974814866 0.0000729300528067 0.0000679230824061
v -0.0504163938667216 -0.0054277729732454 0.0820242758374053 0.270588 0.286275 0.254902
vn -0.0000059371611841 0.0000039374032218 -0.0002346772605021
v 0.1432430381460028 0.0422726413548511 -0.0014416846604941 0.101961 0.109804 0.086275
vn 0.0004705584664436 0.0001772849391229 -0.0001261742873910
v -0.1400293556786560 -0.0626627796228379 0.0004566637384667 0.250980 0.274510 0.239216
vn 0.0004798238809852 0.0006240792626705 -0.0001005446459522
v -0.1086050999774040 -0.1134880921342506 0.0267088064807886 0.172549 0.211765 0.203922
vn 0.0007439047156543 0.0004511140851174 -0.0001982207079712
v -0.1157016481630466 -0.1061817116004584 0.0250449641612313 0.200000 0.239216 0.227451
vn 0.0008537448683134 0.0005252569445157 -0.0001573061713465
v -0.1170984080667765 -0.0950643410328257 0.0357303035980552 0.050980 0.066667 0.058824
vn 0.0005829726004111 0.0005328503546876 -0.0000059437192220
v 0.1159313735008849 0.1071033612625255 0.0121401069947572 0.227451 0.247059 0.215686
vn 0.0002689365516594 0.0002513700388898 -0.0001496529591997
v 0.1141862382686739 0.1078634045250669 0.0017697435707313 0.200000 0.215686 0.180392
vn 0.0004331466115601 0.0004480267421735 -0.0000428009370741
v 0.1077972426501430 0.1158640225905599 0.0054949234258446 0.239216 0.254902 0.219608
vn -0.0000016822294071 0.0000689560476035 -0.0007212496617708
v -0.0741525098061290 0.0511606706045615 0.1010489310593579 0.407843 0.490196 0.474510
vn -0.0000288181243342 0.0000629296182655 -0.0002279401508845
v -0.0582190369218141 0.1430025883357470 -0.0017656381103352 0.368627 0.376471 0.325490
vn -0.0004444639842311 0.0005778913101519 -0.0000167605326504
v 0.1008151545000676 -0.1125253473608836 0.0572271030914578 0.266667 0.321569 0.305882
vn -0.0004267370106019 0.0004912229890427 0.0000088508141284
v 0.1034791164237965 -0.1089095333080542 0.0678455601675653 0.164706 0.207843 0.196078
vn -0.0003733230316224 0.0003556245426582 -0.0000052955618403
v 0.1079617107276600 -0.1046886267532928 0.0613536146532759 0.231373 0.282353 0.274510
vn 0.0005255330864063 0.0000363276647102 0.0000167109405601
v 0.1504133246035814 0.0252099521663058 0.0953207347770152 0.247059 0.278431 0.254902
vn -0.0003339393867047 -0.0007332756145368 0.0000334757620298
v -0.0688225664092388 -0.1420989184983635 0.0598560717246398 0.239216 0.290196 0.282353
vn -0.0002548108102607 -0.0006933627556062 0.0000102109209931
v -0.0595469765728317 -0.1460808721384176 0.0539898747215540 0.227451 0.282353 0.274510
vn -0.0002251474686764 -0.0005724246997024 0.0000124041112662
v -0.0589850710385509 -0.1458974655189831 0.0661114314321122 0.250980 0.298039 0.294118
vn -0.0002934485875048 -0.0001808380012710 0.0000423171295050
v 0.1314651079522547 0.0718559105384991 0.0000375819784180 0.239216 0.235294 0.192157
vn 0.0004415267007727 0.0006126193248240 -0.0000247494456412
v -0.0874964305149935 -0.1252568159055019 0.0607186669325779 0.231373 0.282353 0.266667
vn 0.0004079192678257 0.0006274432707943 -0.0000387989717272
v -0.0809264774626260 -0.1307076260970828 0.0487687996753145 0.145098 0.188235 0.180392
vn 0.0005761102328783 0.0006856488227591 -0.0000633008192123
v -0.0894036636614656 -0.1246189730299740 0.0454379433719217 0.200000 0.250980 0.243137
vn 0.0004303576961037 -0.0003346745075713 0.0000067433996421
v -0.1237477302172124 0.0858100718206635 0.0656488412384376 0.333333 0.403922 0.396078
vn -0.0000255554753136 0.0001141652878237 0.0004977507895140
v 0.0156639365873377 -0.0838697674670701 0.1048886009883608 0.407843 0.482353 0.470588
vn -0.0005422091186517 -0.0001226729316765 -0.0000511372072206
v 0.1432518426613601 0.0486466116317866 0.0362733032096658 0.184314 0.184314 0.156863
vn -0.0000052603502988 0.0002029711921180 0.0008585814256882
v -0.0056625225313921 -0.0866863398581680 0.1048805859740812 0.400000 0.478431 0.470588
vn 0.0003798307609484 -0.0000986436466288 0.0000842092654281
v 0.1479887915396923 -0.0521811656002641 0.1001767255608496 0.341176 0.396078 0.376471
vn 0.0001851135857026 0.0000218462810718 0.0006096042804150
v 0.1446982424658521 -0.0495950597698666 0.1033234874791015 0.431373 0.494118 0.462745
vn -0.0004058395218791 -0.0001715875237810 -0.0001852805759961
v 0.1114191313812771 0.1012194243846695 0.0900610695137782 0.133333 0.129412 0.090196
vn 0.0000172666053842 -0.0001769523361040 0.0005518734904060
v -0.0036254236052016 0.0675958902285553 0.1022814940087080 0.443137 0.525490 0.513725
vn 0.0000250796846794 -0.0001137199973343 0.0005777767833825
v -0.0118590015562019 0.0727072090044514 0.1037055683377643 0.392157 0.474510 0.458824
vn 0.0000410347092503 -0.0001913352479790 0.0004853791027695
v -0.0111348208820161 0.0631404783168755 0.1008976454145402 0.380392 0.458824 0.443137
vn 0.0001602170935231 -0.0002424400592124 0.0007881339331437
v -0.0414253378899327 0.0490080892394274 0.1010313282667559 0.364706 0.447059 0.439216
vn -0.0005546559717612 0.0000225787028687 -0.0000691922495388
v -0.1571703248757909 0.0164942487077303 0.0073875294220388 0.349020 0.380392 0.341176
vn 0.0001715472045321 0.0000513137846404 -0.0006738710487264
v -0.1145531273325294 -0.0506600894954809 0.0994529010631808 0.152941 0.207843 0.207843
vn 0.0005582098410353 0.0004038563910423 -0.0007336057974738
v 0.0537706262484474 0.0373472311492781 0.0950908566937441 0.215686 0.266667 0.254902
vn 0.0002427387027485 0.0001739095342167 -0.0004725300983031
v 0.0468197151287264 0.0474230316913852 0.0944130651212528 0.286275 0.345098 0.337255
vn 0.0003676874416842 0.0008234812011096 -0.0001642445915376
v -0.0626544708590096 -0.1394255204249789 0.0859545877685444 0.258824 0.290196 0.274510
vn 0.0001185540936238 -0.0000220619232326 0.0008653127740089
v -0.0848132972411285 0.0257468310321614 0.1049862470566164 0.431373 0.521569 0.501961
vn 0.0006017971924218 -0.0005750702484619 -0.0000926243250286
v -0.1106119852097942 0.1031315291238621 0.0286310777073878 0.176471 0.211765 0.200000
vn 0.0004854865404217 -0.0003089142231938 -0.0001910374123525
v -0.1146992970725526 0.1011258908654218 0.0179304904281343 0.321569 0.360784 0.329412
vn 0.0001590782229770 -0.0003854796676858 -0.0000190961034319
v -0.1062760563772525 0.1058755460919316 0.0371629244045695 0.098039 0.129412 0.121569
vn 0.0000303229191996 -0.0000216985851685 -0.0005268056745701
v 0.1009135609539669 -0.0184613251711377 0.1054815437651679 0.462745 0.545098 0.513725
vn 0.0001146702329353 -0.0001478837186870 0.0003107654407497
v 0.0972822015121425 -0.1135443806099304 0.1029833650035096 0.403922 0.486275 0.458824
vn 0.0001289282024021 -0.0000414514656091 -0.0007748958519121
v 0.0867985890650736 -0.0037032524972596 0.1026254528960951 0.407843 0.490196 0.470588
vn 0.0000817007128084 0.0000189360675786 -0.0004901837540052
v 0.0884785215162985 0.0053286015694501 0.1027899751116096 0.450980 0.537255 0.517647
vn 0.0000704060550411 0.0000114379820678 -0.0005975889424752
v 0.0975852222603646 0.0028711332656041 0.1033239915743665 0.400000 0.482353 0.462745
vn -0.0003451212037119 -0.0007625282183239 -0.0000216466701115
v -0.0213636211497363 -0.0503550390881921 0.0500442142583153 0.113725 0.129412 0.121569
vn -0.0000586528715412 0.0001192908187836 0.0006453144070439
v -0.0156736382822772 0.1436775961228259 0.1007812751629265 0.403922 0.478431 0.454902
vn -0.0000277871274588 0.0001572287472898 0.0005575595203623
v -0.0254176970752417 0.1324947221058274 0.1030137231526541 0.392157 0.458824 0.439216
vn -0.0000144702800058 0.0001143710168953 0.0004340015187492
v -0.0158585245896671 0.1337446667422113 0.1029971487164279 0.384314 0.450980 0.431373
vn -0.0001231080421597 0.0000056377096228 -0.0005721408325847
v -0.0886248289898679 -0.0342567675072856 0.1012099700897204 0.380392 0.458824 0.439216
vn -0.0000651464048852 0.0000398277821882 -0.0004913887643937
v -0.0918921993510739 -0.0431225405806929 0.1018842732442901 0.415686 0.490196 0.474510
vn -0.0000626614441155 0.0000568873777279 -0.0006563126837837
v -0.0999404389803637 -0.0383910102394779 0.1033230102103231 0.415686 0.494118 0.474510
vn -0.0008030730994411 -0.0003970515977547 0.0000893772852948
v -0.1432633141496856 -0.0662909213865122 0.0280795657689682 0.247059 0.294118 0.278431
vn -0.0005429428316788 -0.0002022204128957 0.0000665022007701
v -0.1487132238904807 -0.0526223051482270 0.0309082498112163 0.219608 0.278431 0.262745
vn -0.0008784600228436 -0.0003330143507764 0.0000898657466263
v -0.1485459051936539 -0.0571447439653190 0.0212027973519058 0.352941 0.360784 0.309804
vn -0.0008437316191260 -0.0001939866756047 0.0000223913432689
v 0.0519361605100953 0.0123574539544779 0.0619349105224170 0.168627 0.172549 0.164706
vn -0.0001790423094412 0.0000949342217885 -0.0007172799065025
v 0.1313221488278546 -0.0247508411884071 0.1012622152009181 0.407843 0.490196 0.474510
vn -0.0001841918026888 0.0000123028264918 -0.0008381785339808
v 0.1281422603154208 -0.0123288328179737 0.1025333341528238 0.415686 0.498039 0.470588
vn -0.0003868666905746 -0.0000099108673570 -0.0006735532767147
v 0.1394276779426165 -0.0159693552084501 0.0997538024207022 0.396078 0.478431 0.454902
vn 0.0007939695099451 -0.0003111667340007 0.0001658903419644
v 0.1541799430284308 -0.0320542168782946 0.0247517612527412 0.180392 0.215686 0.203922
vn 0.0007146014886486 0.0001518574268545 0.0000234922077157
v 0.1500252007099742 0.0500834825963978 0.0156186306952786 0.313725 0.305882 0.247059
vn 0.0007096598433266 -0.0001939003132129 0.0002011205557346
v 0.1604985140038367 -0.0195741178668779 0.0291662112744942 0.407843 0.458824 0.423529
vn -0.0001032518734178 -0.0000882775706617 0.0008160829653765
v 0.0200534426336724 0.0877276486153765 0.1066887874127122 0.423529 0.490196 0.470588
vn -0.0002274061165273 -0.0005188657011557 -0.0003891886906225
v 0.0566542071462264 0.1367459913005554 0.0919263661195003 0.239216 0.262745 0.239216
vn -0.0001488101936692 -0.0003975283229379 -0.0000219701677689
v 0.0530368842182026 0.1389013077281931 0.0841683615665108 0.250980 0.286275 0.266667
vn -0.0002459390093497 -0.0005188892935043 -0.0000168529757196
v 0.0607885619758905 0.1352414776348541 0.0830925780795943 0.247059 0.282353 0.258824
vn 0.0004055920095189 0.0003556128389320 0.0000145422434356
v -0.0351433059720622 -0.0332989556208390 0.0370543513532842 0.082353 0.098039 0.094118
vn -0.0003951408467250 0.0004983456126924 0.0000304200537049
v 0.0937753762125973 -0.1186003690521136 0.0365797987364833 0.192157 0.247059 0.239216
vn -0.0000426385849900 -0.0004913265911740 0.0000233267154273
v -0.0279489178699995 -0.1553649154630552 0.0198587659144746 0.231373 0.286275 0.270588
vn -0.0000501513381369 -0.0006494006222023 -0.0000007792288218
v -0.0168926476407069 -0.1574897541099880 0.0217317759644977 0.290196 0.337255 0.309804
vn 0.0000441590983990 0.0005755165632293 -0.0002867608122557
v -0.0299737710756992 -0.1498521681532949 0.0908451251217093 0.192157 0.219608 0.200000
vn 0.0007699860204589 -0.0003795618940084 -0.0000182565693758
v -0.0448236426309109 0.0199778586217103 0.0406015100815482 0.192157 0.192157 0.176471
vn 0.0007433748520611 -0.0001206711351576 -0.0000030496195267
v -0.1487912792358610 0.0258495144965711 0.0816926392093313 0.411765 0.490196 0.474510
vn 0.0001736304446607 0.0008816872543248 0.0000724546347035
v 0.0251797451744621 0.1589134214850691 0.0183890286167425 0.364706 0.392157 0.352941
vn -0.0006387645248647 -0.0002088759474429 0.0000217863010143
v 0.1403556571182863 0.0497746864235332 0.0752993421246747 0.168627 0.188235 0.176471
vn 0.0001448168554486 0.0005031878012864 0.0000670605311178
v -0.0429992035227778 -0.1425674722087850 0.0463869206989685 0.035294 0.054902 0.050980
vn 0.0000194590159270 0.0007472604329117 -0.0000885069579164
v -0.0055769035562746 -0.1528292632561577 0.0810215316799943 0.278431 0.352941 0.345098
vn 0.0000328893254623 0.0000154703719847 -0.0005232999961099
v -0.1185423023540393 0.0330082333108684 0.1033590415745955 0.466667 0.549020 0.525490
vn -0.0000860223347418 0.0000424248000014 -0.0006126931977022
v -0.1091952001926451 0.0344047481921183 0.1036670294692133 0.427451 0.513725 0.490196
vn -0.0000994048818819 0.0000316284668571 -0.0003755411929274
v -0.0168130970726932 -0.1347132956527294 0.0933734974315981 0.149020 0.196078 0.203922
vn -0.0000568937250669 0.0002147311478815 -0.0006598442261536
v -0.0286413336872640 -0.1388737603225356 0.0983052626024360 0.101961 0.137255 0.149020
vn 0.0004354233857645 0.0000704319669099 -0.0002391682570016
v 0.1588275303706650 0.0183961099618710 0.0026601577403602 0.282353 0.262745 0.207843
vn 0.0000497579021429 0.0000137029084361 -0.0002727637273037
v 0.1519623977952390 0.0226870400890925 -0.0017496375385381 0.156863 0.156863 0.129412
vn 0.0003912385012596 0.0002833308966080 0.0004906447365371
v -0.0438569402831403 -0.0339001152834381 0.0940128464065260 0.533333 0.560784 0.509804
vn -0.0000573665816398 0.0000014914973754 0.0002824546071906
v -0.1306321124658432 0.0128453219378124 0.1062987433565456 0.407843 0.498039 0.466667
vn -0.0001281476719507 0.0001222880475665 -0.0001571133331086
v 0.1004151426154991 -0.1169643884223900 -0.0005841066858650 0.258824 0.274510 0.223529
vn -0.0006263834457861 0.0000653865732462 -0.0000232056212484
v 0.1332335343707690 -0.0473847236801879 0.0658967514960326 0.050980 0.074510 0.074510
vn -0.0007650406978949 0.0000865673408280 0.0001109210745309
v 0.1393040196978436 -0.0439374527913385 0.0774163505414239 0.050980 0.070588 0.066667
vn -0.0004149283680134 0.0002517303830177 0.0000242134614884
v 0.1393157460237436 -0.0405729027133901 0.0695465077572671 0.109804 0.141176 0.137255
vn -0.0001244224925022 0.0000191191353174 0.0007984588562084
v -0.1238841579081441 -0.0020950670740823 0.1080088048347511 0.439216 0.521569 0.494118
vn -0.0000536279111642 -0.0001343566084755 0.0007118613573149
v 0.0358055384380240 0.0738315714715770 0.1063333548026819 0.423529 0.505882 0.482353
vn -0.0000226170113037 -0.0000849813357203 0.0006841998949776
v 0.0484395686406906 0.0711382733115651 0.1066432032109153 0.443137 0.517647 0.501961
vn 0.0004555515518271 -0.0002914044191551 -0.0000198310301091
v 0.0495649837578471 -0.0285794168706157 0.0737525424486102 0.156863 0.168627 0.152941
vn -0.0005587666679826 -0.0001125261442488 0.0001194955080672
v 0.1504601802467642 0.0185228503166535 0.0012621318511190 0.207843 0.207843 0.172549
vn -0.0000631257147183 -0.0000386741811774 -0.0001259743706857
v 0.1467767222480103 0.0292850300469400 -0.0005364201880806 0.176471 0.188235 0.152941
vn -0.0000436684221984 0.0000214689590609 0.0002378582427165
v 0.0257611336118076 0.1479955777240653 0.1066103169222814 0.568627 0.580392 0.521569
vn -0.0000745849760525 0.0000382315907632 0.0005383586797764
v 0.0169760024987501 0.1487559100582538 0.1053037245956209 0.478431 0.501961 0.454902
vn 0.0000119424014381 0.0000104356267379 -0.0007591341937548
v -0.1039617776912509 -0.0496759697201895 0.1017293042457859 0.329412 0.400000 0.384314
vn 0.0000951345103342 0.0006804278603359 0.0000389195697364
v 0.0213284738889112 0.1525810895340155 0.0650475218677339 0.333333 0.407843 0.384314
vn -0.0002524421501112 0.0002367490028458 0.0000672650320081
v -0.1105240569631070 0.1150458086522745 0.0301540225953600 0.419608 0.478431 0.458824
vn -0.0001032708037056 0.0000663729420938 0.0007650450391824
v 0.0704606949785841 -0.0470776781010748 0.1059789572618680 0.454902 0.537255 0.521569
vn -0.0001497662240903 0.0000820144754193 0.0006690714977489
v 0.0625095732379819 -0.0413048246002863 0.1038338448651151 0.462745 0.545098 0.525490
vn -0.0002860706205346 0.0001101353826875 0.0000071397282754
v -0.0521599373401924 0.0161426248206363 0.0731632789891064 0.160784 0.172549 0.160784
vn 0.0000025498114027 0.0000403875839305 -0.0001909142418369
v 0.0468603606563145 -0.1383515506229769 0.1003717490375722 0.364706 0.431373 0.419608
vn 0.0004295911535257 0.0004272349761039 -0.0000302696412516
v 0.0402393310008224 0.0400187797754748 0.0608261087149931 0.160784 0.172549 0.168627
vn 0.0002446018099639 -0.0005490903021918 -0.0001228748344057
v -0.0557074082653553 0.1385509880203866 0.0765057941807880 0.301961 0.384314 0.376471
vn -0.0005603842239261 -0.0004855129017935 -0.0000013708997784
v 0.0377355971199105 0.0347775785209884 0.0290318834972911 0.117647 0.133333 0.137255
vn 0.0006533326964824 0.0005180528645226 0.0000075017851384
v 0.1272133457702999 0.0894467137429109 0.0224042621135586 0.235294 0.200000 0.137255
vn 0.0000149465960184 -0.0000348812988822 0.0008672487681924
v -0.0076947827524826 0.1064295269983696 0.1074534903009841 0.423529 0.478431 0.450980
vn 0.0000278232350841 0.0000179193339835 0.0007681397768287
v -0.0187110569576715 0.1089592766090791 0.1077896000493790 0.400000 0.458824 0.431373
vn -0.0001910897180745 -0.0001333720204009 -0.0006387672137744
v 0.1130025076087655 -0.0558837726318725 0.1031198545868239 0.403922 0.482353 0.462745
vn -0.0002237572447083 0.0001211699398692 -0.0006841317271221
v 0.1191982368691567 -0.0678771673792944 0.1011026804329023 0.388235 0.466667 0.450980
vn -0.0005880309682096 0.0001293266473027 0.0000064326794673
v 0.0524695189570430 -0.0078885977455311 0.0728740712969114 0.160784 0.160784 0.156863
vn -0.0006223853867545 0.0002390283994992 0.0000269453751209
v 0.0502659774373089 -0.0151968949239711 0.0659529226637859 0.156863 0.156863 0.149020
vn -0.0000114164039759 0.0001487021336838 0.0006576975585767
v -0.0361009557961265 -0.0875828538602201 0.1069910515129276 0.419608 0.498039 0.478431
vn -0.0000947942403703 -0.0006178972829956 -0.0002700790920402
v -0.0117699437803265 -0.0550676965872303 0.0806205776921331 0.168627 0.196078 0.180392
vn 0.0004852948322777 0.0003036217627646 0.0000395201316386
v -0.0416524008170746 -0.0248702118397010 0.0073889185374832 0.113725 0.133333 0.121569
vn -0.0000753521395094 0.0001585729342077 0.0006614815743943
v 0.0235215676219731 -0.0739228960855450 0.1038297193565323 0.372549 0.462745 0.447059
vn -0.0000936576022829 0.0001286248562988 0.0006900385654134
v 0.0336067978513106 -0.0710606582419843 0.1045908335695346 0.396078 0.478431 0.462745
vn 0.0002237443446051 0.0003287330622601 0.0001608239169453
v 0.0637443324920655 0.1380410796310292 0.1034072282284569 0.376471 0.415686 0.364706
vn 0.0003073575296915 0.0005151958454407 -0.0000293566209663
v 0.0627290458844478 0.1388792387690071 0.0963933481122309 0.258824 0.286275 0.258824
vn -0.0009333467961764 -0.0003578423442684 -0.0000575128849783
v -0.0505925489305223 -0.0204080518175418 0.0519765526301082 0.109804 0.121569 0.113725
vn 0.0003076039740530 0.0004139265876432 0.0000207890416682
v -0.0295161849082938 -0.0390716696658634 0.0338646305057428 0.082353 0.098039 0.094118
vn 0.0006041021846736 -0.0001232001752436 0.0001430878300795
v 0.1548327395308680 -0.0228387946469451 0.0391163670564325 0.254902 0.309804 0.298039
vn 0.0004595138072809 -0.0001617514881870 0.0000827209185751
v 0.1534280873174931 -0.0297058993811480 0.0335694249340903 0.243137 0.294118 0.286275
vn -0.0002000953081360 -0.0005720935295795 0.0000220468952591
v -0.0513453424861441 -0.1486632020923093 0.0622142980062639 0.235294 0.286275 0.274510
vn 0.0008598865864697 -0.0003693511316253 -0.0000875213353716
v -0.1379499877657079 0.0678784355784593 0.0341174289737273 0.341176 0.407843 0.392157
vn 0.0006378096579726 -0.0002513935864190 -0.0000341841735905
v -0.1409402455057057 0.0577678515595674 0.0434915464080852 0.368627 0.439216 0.435294
vn 0.0000461435373079 -0.0008046173557712 -0.0002337263545042
v -0.0371748184811221 0.1443886768023044 0.0690624864517262 0.415686 0.494118 0.486275
vn 0.0001108471505658 -0.0005995968542636 -0.0000327333264066
v -0.0355340541355987 0.1459361708251164 0.0576602544712032 0.250980 0.325490 0.325490
vn -0.0000764628713480 0.0000051379776281 0.0006671133579724
v 0.0800011870593293 0.0551161972237847 0.1082839574021930 0.443137 0.521569 0.494118
vn -0.0000258984749836 0.0000270066417697 0.0005458239444499
v 0.0909818066643321 0.0504149615881059 0.1095095608712855 0.423529 0.501961 0.474510
vn 0.0000399887643025 0.0001757861800585 0.0006479386740893
v -0.0188355440354638 -0.0882458605325158 0.1057381074641226 0.341176 0.419608 0.407843
vn 0.0000192592336226 0.0001305645568020 0.0007911911515279
v -0.0244557999384550 -0.0958856392530867 0.1085546757768072 0.388235 0.466667 0.458824
vn 0.0000392460847256 0.0001401132448885 0.0007068657245001
v -0.0132158251972438 -0.0970818185385622 0.1081145864933180 0.415686 0.494118 0.482353
vn 0.0006253361691938 0.0002129711913510 -0.0000178852565149
v 0.0548703663741758 0.0183449088571681 0.0383165905850969 0.105882 0.121569 0.117647
vn 0.0008078752835220 0.0000601714538937 -0.0000392882701852
v 0.0572373723920925 0.0074107657645793 0.0368553539558737 0.094118 0.109804 0.109804
vn 0.0005732194158803 0.0001463000195536 -0.0000085498319878
v 0.0553831283404184 0.0135124681165306 0.0288092699786411 0.121569 0.149020 0.141176
vn -0.0003103464184878 -0.0009515717498480 -0.0000109586657722
v -0.0715444824084298 -0.1416679824938205 0.0227372024321327 0.286275 0.333333 0.309804
vn -0.0002071828377051 -0.0004858310683110 0.0000384513126136
v -0.0608954355128112 -0.1450675029357593 0.0154285087230528 0.266667 0.305882 0.278431
vn -0.0000250699903237 -0.0000421454402933 -0.0004522875909114
v -0.1064926123186299 0.0087721727513205 0.1034358809557397 0.427451 0.513725 0.490196
vn -0.0005591804150383 -0.0000635828316382 0.0000207508934581
v 0.1476689414592273 0.0132360388677707 0.0721906502272836 0.262745 0.305882 0.294118
vn -0.0003978907047053 0.0005714392102317 -0.0000136197023247
v 0.0778647830941390 -0.1293655876293968 0.0448085422139906 0.274510 0.349020 0.341176
vn -0.0004079174559190 -0.0000746437887040 0.0000077623280877
v 0.0526942510078766 0.0095194949622736 0.0898073605190290 0.192157 0.215686 0.203922
vn -0.0005260927048501 -0.0000304398335697 0.0000048613334376
v 0.0534767806399554 0.0039839855240171 0.0840285955614831 0.196078 0.207843 0.196078
vn 0.0006717733155785 0.0000341215027113 -0.0000075524910066
v -0.1523081063728731 -0.0134831046743494 0.0229516826953992 0.305882 0.352941 0.325490
vn 0.0005203056929092 -0.0003807473225306 0.0000437863734880
v -0.1255684518439909 0.0892132563212435 0.0312626204430436 0.411765 0.490196 0.466667
vn 0.0005679961565421 -0.0004289166903369 -0.0000441481747022
v -0.1322270726750363 0.0788414766907777 0.0285841761192978 0.329412 0.403922 0.396078
vn 0.0012368935608247 0.0001171119017541 -0.0001080243005120
v -0.1520726055237987 -0.0223356828461330 0.0383785870902951 0.247059 0.298039 0.282353
vn 0.0007166235486595 0.0001688628103488 -0.0000213338198852
v -0.1503295632642186 -0.0341468200894573 0.0262617479957625 0.262745 0.309804 0.290196
vn -0.0000017325694296 -0.0000020234402125 -0.0007977850644295
v -0.0815848992177739 0.0599367679253486 0.1007495010092209 0.203922 0.262745 0.254902
vn -0.0001348528852685 0.0001337412126441 -0.0009424115784536
v -0.0911903682230149 0.0548884863105791 0.0998909761010410 0.188235 0.243137 0.239216
vn -0.0001024482785309 0.0006419687101673 -0.0002534179180916
v -0.0009775084333122 0.0564431516461156 0.0847408371524107 0.172549 0.200000 0.196078
vn -0.0000616538209417 -0.0000792478912642 0.0005861975548446
v -0.1296934032476409 -0.0783565653783471 0.1035756844796197 0.423529 0.490196 0.470588
vn -0.0001210669932128 -0.0000949321805327 0.0005610088986027
v -0.1383042126735403 -0.0684413036345865 0.1043803033569397 0.494118 0.521569 0.486275
vn -0.0000202524719172 -0.0000089456217900 0.0005554024287596
v -0.1295150848372071 -0.0644020214217858 0.1033765423554481 0.466667 0.533333 0.517647
vn -0.0004428000919779 -0.0006360430486981 -0.0000815745375308
v 0.0863102155689975 0.1211185893797589 0.0488369657620407 0.086275 0.113725 0.101961
vn -0.0000165249467830 0.0001752598623819 0.0003792028762971
v -0.0110342458171037 -0.1502222021704817 0.1126265855858194 0.431373 0.439216 0.396078
vn 0.0000986967307465 0.0000574150289757 0.0009208323727413
v -0.0642103913972013 -0.0794141625810061 0.1068943428032349 0.447059 0.537255 0.513725
vn 0.0000163003310419 -0.0000186152229964 0.0008306379403989
v -0.0729527565706306 -0.0858193299336233 0.1079925051687223 0.407843 0.486275 0.462745
vn 0.0008373672684846 -0.0002853795551406 -0.0001431865761517
v -0.1417885692958185 0.0531801965034408 0.0834674517378187 0.364706 0.435294 0.423529
vn 0.0005013512744759 -0.0002250753770249 -0.0007283695438263
v -0.1323187803562018 0.0513680115224835 0.0984652202322191 0.411765 0.494118 0.474510
vn -0.0003449622816205 0.0003775714002420 -0.0000000807323100
v -0.1021503260768202 0.1168283552141634 0.0533100852776572 0.435294 0.513725 0.494118
vn -0.0006439979231370 -0.0004128994900572 -0.0000188287286802
v -0.1333253870628500 -0.0794347343863898 0.0914615335870449 0.227451 0.266667 0.250980
vn 0.0006522942737478 0.0001239649465717 -0.0000126529769774
v 0.1536652602999275 -0.0114553519475091 0.0897804041029907 0.215686 0.243137 0.223529
vn -0.0001605805883681 -0.0003779109910503 -0.0001628186118629
v 0.0953499383450009 0.1117033080451488 0.0886868620729580 0.062745 0.086275 0.078431
vn -0.0001243910755356 -0.0002124442581304 -0.0005448001783575
v 0.0965949288108268 0.0990814531392207 0.0992571603621595 0.345098 0.415686 0.392157
vn -0.0002853690193683 -0.0003975249128624 -0.0004163292826607
v 0.0888920450150485 0.1103458675256456 0.0983077308758702 0.360784 0.435294 0.411765
vn -0.0005062588475065 -0.0007071283508619 -0.0001532573895228
v 0.0888242783774239 0.1149112022273466 0.0673013756190494 0.098039 0.125490 0.117647
vn -0.0005571331643902 -0.0006280594290002 -0.0000569575546163
v 0.0870351117710068 0.1133558961616881 0.0834734351921622 0.054902 0.078431 0.074510
vn -0.0002097972697428 0.0006174699195254 -0.0000067804290603
v 0.0434354290450255 -0.1457799764997358 0.0574138927654197 0.309804 0.388235 0.384314
vn -0.0002162219199202 0.0006125082827187 -0.0000093508127345
v 0.0437694364323812 -0.1456862705552805 0.0469826441541009 0.317647 0.388235 0.384314
vn -0.0001420721041720 0.0005141970578413 -0.0000045208012538
v 0.0355630614952353 -0.1482616568976750 0.0493836748750886 0.298039 0.372549 0.368627
vn 0.0003721251088473 -0.0004915310109394 0.0000456382896262
v 0.1031814315531902 -0.1220430145828646 0.0142035952533339 0.435294 0.403922 0.313725
vn 0.0000254734186961 0.0000259919364109 0.0004362529714243
v -0.0295761349155707 0.1052844266438532 0.1085513545985914 0.423529 0.494118 0.466667
vn 0.0001965933504060 0.0000717710310216 0.0002900294815201
v 0.1434371221085821 0.0564443711849661 0.1088919290084854 0.486275 0.478431 0.423529
vn -0.0006023131240051 0.0001141234880321 -0.0007721479977790
v -0.0610650164868615 0.0119982516353038 0.0934198433472016 0.360784 0.431373 0.419608
vn -0.0001333610289422 0.0000574686122918 -0.0005004782930485
v -0.0706154525541166 0.0158544581207293 0.0981367271885879 0.407843 0.498039 0.482353
vn -0.0002464689319546 0.0000459519611563 -0.0004206906793016
v -0.0634914241069399 0.0216150365754339 0.0965412990402860 0.380392 0.458824 0.447059
vn 0.0007367883821511 0.0006412780227789 -0.0000799730647937
v 0.1068695974926832 0.1089025917724327 0.0631004980901680 0.254902 0.286275 0.262745
vn -0.0001484540751859 0.0001073304819234 0.0007942296026832
v -0.1136129065707800 0.0821840769835730 0.1028995293935871 0.396078 0.466667 0.450980
vn -0.0003249248144508 0.0006340909146169 0.0000433061204017
v -0.0688188143998270 0.1391552755131465 0.0502842065499873 0.329412 0.407843 0.403922
vn -0.0002495469828434 0.0005578970694932 0.0000332810963198
v -0.0598749344431207 0.1435937793579252 0.0532343199493913 0.356863 0.439216 0.427451
vn 0.0003116818972742 -0.0006164382866531 -0.0000189932176587
v -0.0236458154857898 0.0433483281637678 0.0403795433653657 0.117647 0.121569 0.121569
vn 0.0008896089551773 0.0005524649826754 -0.0000480917663562
v 0.1311227606996675 0.0813790282675897 0.0778394821308892 0.301961 0.329412 0.313725
vn 0.0004106443494526 0.0002628956974140 -0.0000700660730062
v 0.1301774094689570 0.0825619026441592 0.0865362465269216 0.231373 0.254902 0.231373
vn -0.0000760383544793 0.0000444144199556 0.0007062226261381
v 0.0041725743307709 0.1459389923876236 0.1020735011613988 0.415686 0.486275 0.466667
vn -0.0000447726262967 0.0001093471233740 0.0006736316718003
v -0.0062360423162958 0.1387084324811335 0.1020762487721817 0.388235 0.458824 0.439216
vn -0.0002850849037944 0.0000465771803089 -0.0005316784695891
v 0.1331905771350580 0.0387654046993420 0.1008168359721958 0.388235 0.458824 0.439216
vn -0.0001089904406580 0.0003702146633482 -0.0002222650909302
v 0.0518258826403866 -0.1428297210487878 0.0911321211425158 0.247059 0.301961 0.286275
vn -0.0005590235491227 0.0002200562401577 0.0001155684834294
v -0.1467033319143960 0.0648624172620852 0.0334313804657382 0.415686 0.482353 0.458824
vn -0.0004402100241490 0.0001566087284956 -0.0000246630328171
v -0.1469364174874133 0.0634443286265192 0.0233329454526357 0.415686 0.486275 0.458824
vn -0.0003769542820102 -0.0002382447332127 -0.0001193757758468
v -0.0437861509699786 -0.0306846861445191 0.0011601474955310 0.168627 0.184314 0.160784
vn -0.0005843688408504 0.0004799263167815 0.0000209264730941
v 0.1214008278543830 -0.0905791957493074 0.0113396500408570 0.235294 0.274510 0.250980
vn -0.0005645654183346 0.0002404204346486 0.0000244780695769
v 0.1279488879267641 -0.0830630855765111 0.0086378186931492 0.227451 0.243137 0.219608
vn 0.0005957186289971 -0.0006976396117120 -0.0002916412341228
v 0.0343415609454574 -0.0461464488837438 0.0821078050579162 0.172549 0.180392 0.164706
vn 0.0003098712454261 -0.0004197903882364 -0.0007740061501524
v 0.0412059852392689 -0.0527952176544508 0.0959643891442375 0.329412 0.388235 0.384314
vn -0.0001126980253177 -0.0001865505361591 0.0004753365411374
v 0.0402788289806729 0.0570543782784631 0.1025434054850727 0.384314 0.458824 0.443137
vn 0.0009266756152777 -0.0000465193938078 -0.0000533414456983
v -0.1514437195988169 0.0118074638535154 0.0418910374385241 0.396078 0.454902 0.447059
vn 0.0001301171041779 0.0002100262848044 -0.0000996628674779
v -0.0958971567738304 -0.1201931849832569 -0.0008181590411643 0.247059 0.258824 0.223529
vn -0.0008078458942733 0.0000749015227510 -0.0000220390683744
v -0.0544624098425292 0.0042428249064235 0.0640493138503206 0.160784 0.172549 0.156863
vn -0.0006056451440254 0.0001758612804610 -0.0000036186134190
v -0.0526143094514315 0.0132589881843167 0.0550562520351455 0.188235 0.192157 0.176471
vn -0.0000037116656286 0.0000483910011336 0.0007421000661831
v -0.1123383216576962 0.0020307231069761 0.1089535683045943 0.450980 0.537255 0.513725
vn -0.0006484998674296 0.0000613067879745 0.0001403202228211
v 0.0512471374623743 -0.0036213157172932 0.0097145255905991 0.121569 0.133333 0.129412
vn 0.0000204146184623 0.0000336530751274 0.0004520979925056
v 0.1214295181795578 -0.0911050224982352 0.1069208641949139 0.431373 0.482353 0.450980
vn 0.0000435209504542 -0.0000563991252013 -0.0006943695324899
v 0.0385494027334064 -0.1006178384666036 0.1050178997367843 0.474510 0.541176 0.505882
vn 0.0001682785372309 -0.0007212917242835 -0.0001048851456498
v -0.0316225015592104 0.1475449372013763 0.0431659275480809 0.435294 0.525490 0.521569
vn 0.0001434140198234 -0.0006058330911939 -0.0001149222599651
v -0.0427280489612818 0.1464609608831903 0.0343827350102803 0.400000 0.490196 0.482353
vn 0.0001917641061941 -0.0007465852784389 -0.0000450719087444
v 0.0408783416375296 -0.1509765599687011 0.0876244972395080 0.301961 0.376471 0.368627
vn 0.0002242104864486 -0.0006361922761691 -0.0000026211191832
v 0.0495471968322521 -0.1480074978753330 0.0816221952243525 0.352941 0.431373 0.427451
vn 0.0002889307900485 -0.0004555681804150 -0.0000002701129301
v 0.0829549849870219 -0.1310744751790782 0.0806641114141284 0.278431 0.356863 0.345098
vn 0.0002333375634369 -0.0004135107650231 -0.0000090040488111
v 0.0890942782575875 -0.1268607445866068 0.0743629466154251 0.321569 0.400000 0.396078
vn -0.0004746301581246 -0.0002453787811673 0.0000331806276705
v -0.1407649157772778 -0.0688182771040614 0.1022788492680620 0.525490 0.556863 0.517647
vn 0.0000000679311571 0.0006654653718732 0.0000376167329506
v -0.0012796427673935 0.1551975963241899 0.0555022327112673 0.329412 0.400000 0.388235
vn 0.0002759725910512 -0.0003084528163167 0.0000889112524986
v 0.0725867803782929 -0.1307271161669149 0.0996043207306337 0.254902 0.321569 0.301961
vn -0.0002146208368009 -0.0006409248070784 -0.0003166232267418
v 0.0467744339407359 0.1401214091710804 0.0909572551914295 0.176471 0.200000 0.176471
vn 0.0005621485377961 0.0001458293248202 0.0000469522025421
v -0.0478519650971975 -0.0118005761466599 0.0544002527556142 0.160784 0.172549 0.156863
vn 0.0006295381372155 0.0002110478372283 0.0000306699177613
v -0.0477509803920008 -0.0151725779399294 0.0642934891974960 0.149020 0.156863 0.149020
vn 0.0006379402741644 0.0002982901956480 0.0000448966556161
v -0.0445463546883204 -0.0218405559266359 0.0555125021283481 0.137255 0.152941 0.145098
vn 0.0003950403884300 0.0008936798388058 0.0000819368338137
v -0.0189830831512737 -0.0465809582666996 0.0685459601698135 0.125490 0.145098 0.137255
vn -0.0000871019447793 -0.0000848963437210 -0.0006664411932254
v -0.0702167666417467 -0.0415423331627487 0.0986520649013378 0.423529 0.513725 0.498039
vn -0.0000898044290660 -0.0000517468632183 0.0004721207531407
v 0.0647021085046569 0.0473416532330151 0.1056526210382401 0.415686 0.494118 0.474510
vn 0.0007114117420922 -0.0000460729664881 -0.0003919692412660
v -0.1459641887923935 0.0109922574129267 0.0906032315154524 0.133333 0.172549 0.160784
vn 0.0006512612952369 -0.0001222382665206 -0.0005857524214827
v -0.1454532859184124 0.0004113669936501 0.0987739131761570 0.423529 0.505882 0.486275
vn 0.0008859273030843 -0.0001050063653812 -0.0001649956651224
v -0.1508093173685281 0.0000075885481605 0.0839427859601559 0.282353 0.345098 0.325490
vn 0.0007044759269241 0.0000907835464049 0.0000149481614623
v -0.0501120192627853 -0.0052738212220668 0.0684284329503744 0.160784 0.172549 0.160784
vn 0.0002337173294430 -0.0001007174659398 0.0004520641664775
v -0.0502910454280050 0.0321043600150884 0.0966803761083281 0.392157 0.470588 0.458824
vn 0.0001440200381962 -0.0001550624436636 0.0004167346280149
v -0.0473030461363383 0.0422333954620035 0.1000935091681348 0.396078 0.482353 0.466667
vn 0.0006551268843927 -0.0000192226732853 -0.0001688907249004
v 0.0564516384520096 -0.0004294301112095 0.0036464956657059 0.211765 0.207843 0.184314
vn 0.0001663451801925 0.0000152622195878 -0.0001873249555301
v 0.0536805362842559 0.0039964592143655 -0.0012006312219792 0.305882 0.301961 0.274510
vn -0.0001519938033220 -0.0005181869437473 -0.0000396352980039
v -0.0562477381829605 -0.1467144257186798 0.0919488032303699 0.239216 0.274510 0.258824
vn -0.0001754937593366 -0.0000452840000452 -0.0006657870896443
v 0.1043290497880029 -0.0448024470771345 0.1022287181366350 0.211765 0.278431 0.266667
vn -0.0000652192142026 -0.0000648451572639 -0.0006328093173546
v 0.1038842419384534 -0.0544273189625173 0.1045844563845615 0.431373 0.509804 0.486275
vn 0.0000122255715129 -0.0000327747697946 -0.0008045702449545
v 0.0923217547351656 -0.0473022451322608 0.1033102823560500 0.121569 0.168627 0.164706
vn -0.0007427842418877 -0.0001431570434917 0.0000265535743888
v 0.0507188686291803 0.0097235628702410 0.0309621859232689 0.133333 0.152941 0.156863
vn -0.0004019074466554 -0.0002416448761724 -0.0001198391401542
v -0.1281512049748698 -0.0986037215693762 0.0014123571000802 0.227451 0.235294 0.207843
vn 0.0005537693411046 -0.0001586062487856 0.0000124290808982
v -0.1443766020498930 0.0484826075575724 0.0435995854185812 0.376471 0.450980 0.443137
vn -0.0004328683574424 -0.0005198883543672 0.0000262336511164
v -0.1034934261009834 -0.1184567396184214 0.0562223784156381 0.235294 0.282353 0.274510
vn 0.0000094687962881 0.0003563342391681 0.0002754480626470
v -0.0557614927785736 0.1439314448278697 0.1049222557924399 0.478431 0.470588 0.435294
vn -0.0000567621506218 0.0002362598426894 0.0006507908935893
v 0.0175745464120552 -0.0644214187483152 0.1001441588297173 0.360784 0.435294 0.427451
vn 0.0000331280655043 -0.0000740863107348 -0.0005168089429031
v 0.0813904710603436 0.0546316508331637 0.1040578253194325 0.443137 0.521569 0.494118
vn 0.0002056822993235 0.0003413361547009 0.0000687291558699
v 0.0840050110496579 0.1276357618613620 0.0990630524743110 0.223529 0.270588 0.250980
vn 0.0000085110770231 -0.0000752296273819 0.0007677824146675
v 0.0130934145863942 -0.1300427584387424 0.1061297695897846 0.388235 0.466667 0.450980
vn 0.0000454225665083 0.0001469661817531 0.0006913349913850
v 0.0189410584717379 -0.1387631806339942 0.1056623825420190 0.337255 0.411765 0.392157
vn 0.0000183008346096 -0.0000574759329167 0.0006179048373819
v 0.0259495425887531 -0.1315969166920982 0.1057809086517912 0.356863 0.435294 0.415686
vn 0.0000270637616508 -0.0001022819128869 0.0007698604499343
v 0.0354413111927555 -0.1262936851051946 0.1058303961652740 0.407843 0.486275 0.458824
vn 0.0000213639798328 0.0001064922166080 0.0007280629033313
v 0.0331218646898283 -0.1385806867986248 0.1051022465118742 0.372549 0.443137 0.427451
vn 0.0006207272407191 -0.0001586223345480 -0.0000036005222947
v 0.0555591445256485 -0.0126487194143891 0.0497277496104249 0.094118 0.098039 0.098039
vn -0.0006713393926820 -0.0003584113272656 0.0000021684606361
v -0.0473058609946065 -0.0256052470550061 0.0289192870644930 0.086275 0.105882 0.101961
vn -0.0006992842782318 -0.0001848054386280 0.0000435612276390
v -0.1516510706869415 -0.0377081172493121 0.0431925304393696 0.223529 0.274510 0.274510
vn -0.0007716729385520 -0.0002286916092788 0.0000267538326714
v -0.1533715556849750 -0.0306945732786692 0.0507308330207735 0.270588 0.329412 0.317647
vn -0.0006060668930064 -0.0000275715499156 -0.0000106988010773
v -0.1566536021948628 -0.0179790954793221 0.0136284573975405 0.270588 0.313725 0.294118
vn -0.0006020412839942 -0.0000660616968136 -0.0000526478980973
v -0.1590144383585658 -0.0230731707898670 0.0249030154032564 0.384314 0.407843 0.364706
vn -0.0002562447087834 -0.0003639648813699 -0.0000173168770894
v 0.1064602165628733 0.1034227485938174 0.0650199316014618 0.286275 0.317647 0.290196
vn -0.0005038995255434 -0.0004539018238720 0.0000193997490659
v 0.1151153562640269 0.0941204720097960 0.0647936597153902 0.258824 0.286275 0.262745
vn -0.0002488615097818 0.0008318598103098 0.0000157989320947
v -0.0518993266980249 0.1448622041035919 0.0774538435785721 0.380392 0.458824 0.450980
vn -0.0000777614575294 0.0006684058002763 0.0000264564004842
v -0.0399469016495959 0.1468486619267034 0.0820341685028853 0.329412 0.396078 0.372549
vn -0.0000635835165955 0.0001210713732634 0.0006219511434141
v -0.1434843040684692 0.0501781185346544 0.1036530564211386 0.403922 0.466667 0.435294
vn -0.0005589959236480 0.0003649288946568 0.0000444154180028
v 0.0432463263957734 -0.0269136617606033 0.0096950188002961 0.094118 0.105882 0.101961
vn -0.0006843909851911 -0.0004299876177240 0.0000135906620343
v 0.1192788180019132 0.0918733823204020 0.0309027512947162 0.211765 0.211765 0.172549
vn -0.0004908440611599 -0.0002914621270290 0.0001388323657588
v 0.1273162426294119 0.0833067278908414 0.0329189478833628 0.282353 0.270588 0.223529
vn -0.0004746256858583 -0.0003788579829130 -0.0000680838771029
v 0.1237709656864616 0.0842382795601442 0.0406027588650346 0.219608 0.247059 0.223529
vn 0.0007603716318901 0.0000809096186054 -0.0000121584103557
v 0.0579566071390914 0.0061828818362514 0.0198626433918459 0.137255 0.152941 0.152941
vn 0.0007385308744333 -0.0000604623875468 -0.0000090312810442
v 0.0568829530709302 -0.0053681803301895 0.0163617080254829 0.109804 0.137255 0.129412
vn -0.0001345734324918 0.0000449580461187 0.0006672671857505
v -0.1265088581465527 0.0696883215562139 0.1020169261818586 0.403922 0.494118 0.474510
vn 0.0007424170258068 -0.0002690278969977 0.0000715244159448
v 0.1460938117410483 -0.0556474515982315 0.0370257727549241 0.262745 0.313725 0.301961
vn 0.0002231521183267 0.0006581165845198 -0.0000082284150904
v -0.0961513424595903 -0.1211947749722208 0.0088040461915890 0.082353 0.086275 0.066667
vn 0.0005056904995622 0.0006772538040650 0.0000538308768644
v 0.0907154835626617 0.1255159376677837 0.0537441379343223 0.278431 0.329412 0.317647
vn -0.0000541253920561 -0.0000382790375854 0.0005817676508233
v -0.1227079431752767 -0.0709362556674639 0.1036769851187610 0.364706 0.443137 0.431373
vn -0.0000652550293218 -0.0000321278607761 0.0004222991850898
v -0.1202097313476129 -0.0628539401738844 0.1048038578735081 0.368627 0.454902 0.435294
vn 0.0006100018726791 0.0001422725326602 -0.0000172453971318
v -0.0488882582911864 -0.0082099365193996 0.0241321177233671 0.101961 0.121569 0.117647
vn 0.0008358355015086 0.0000829922637629 -0.0000140640218233
v -0.0495685502539003 -0.0020170321880782 0.0168963637489734 0.105882 0.129412 0.125490
vn 0.0004378538773305 0.0002915078095172 -0.0000262779922190
v -0.1289717502738167 -0.0786529165180893 0.0562492883831374 0.164706 0.215686 0.203922
vn -0.0000834776900762 0.0000642856192994 0.0006111195287889
v -0.0993972353820370 0.1074577026986649 0.1020512704087228 0.411765 0.482353 0.462745
vn -0.0007420179300242 -0.0004772238445429 -0.0000499106224462
v -0.0451351927144355 -0.0307989954161576 0.0426345823983832 0.090196 0.109804 0.101961
vn -0.0004108406926934 -0.0002694412989520 -0.0000098166792993
v -0.0452242854057593 -0.0309001783598240 0.0531725344754170 0.109804 0.121569 0.117647
vn 0.0000712510061908 -0.0002413340698331 -0.0005430605507786
v 0.0148576973055270 -0.0685564153609376 0.0966960748367311 0.341176 0.415686 0.407843
vn 0.0000236802600697 -0.0001198491256610 -0.0002817569774900
v 0.0067837011535054 -0.0710025783329977 0.0972136334113099 0.376471 0.454902 0.447059
vn 0.0002690576168100 0.0001760623083718 -0.0000357554248824
v -0.1211327276485849 -0.0982022659583763 0.0004388616288799 0.168627 0.176471 0.152941
vn 0.0000334952940722 0.0002595089761439 -0.0007777580168343
v -0.0034434305323995 -0.1168034345690839 0.0978718686954387 0.200000 0.258824 0.258824
vn -0.0004800172232283 0.0002904741904634 0.0000022325146617
v 0.1308323400212977 -0.0750521525235540 0.0804588536707705 0.188235 0.231373 0.219608
vn -0.0000559167195087 0.0000256568775864 -0.0007468332821473
v 0.0912971111839282 -0.0763695897122491 0.1056336077851378 0.431373 0.509804 0.482353
vn -0.0000561722744939 0.0000679522038587 -0.0005111931060218
v 0.0865788511129450 -0.0883749105926755 0.1051154378140319 0.482353 0.556863 0.521569
vn 0.0005186657944446 0.0009902087834295 0.0000597952443118
v -0.0964901489078512 -0.1223198468222748 0.0240751617901234 0.074510 0.094118 0.082353
vn 0.0000839237351976 0.0001196806226457 0.0005848265916122
v 0.0761077812245962 0.1111155291279503 0.1044714400654443 0.400000 0.470588 0.443137
vn 0.0000871905791651 0.0001377820419578 0.0007295733987113
v 0.0676753272690658 0.1040170813883751 0.1073306508603732 0.400000 0.462745 0.435294
vn -0.0006912999922976 -0.0004145020292026 0.0000068386893731
v 0.1282055276346379 0.0755145043989320 0.0721899744381273 0.200000 0.227451 0.207843
vn 0.0004549394864537 -0.0001327981346630 0.0000405434173484
v 0.1478930270777662 -0.0375606999259567 0.0523570807539524 0.188235 0.227451 0.215686
vn -0.0007646430217388 -0.0004121823362965 0.0000986619051391
v -0.1434465050258698 -0.0684790502302490 0.0134377454111668 0.419608 0.427451 0.384314
vn -0.0005293730279735 -0.0001971196130375 -0.0000607667013619
v -0.1475008042261653 -0.0634407241819883 0.0074471270207603 0.290196 0.313725 0.274510
vn -0.0001208832186141 0.0000302637950718 -0.0008242448211792
v -0.0816194824909367 0.0201063442727670 0.1000015822591706 0.435294 0.533333 0.509804
vn 0.0001611853877401 -0.0007065137043086 -0.0000026046494206
v 0.0284928187294512 -0.1540612805000504 0.0792891785908334 0.341176 0.419608 0.419608
vn 0.0001975723588022 -0.0007053919685759 0.0000063051281833
v 0.0387505597021455 -0.1515489394159836 0.0765933045525929 0.305882 0.384314 0.384314
vn -0.0003090261522836 -0.0001546061471209 -0.0000407639981155
v -0.1441371587042039 -0.0704088255337018 0.0024626776889040 0.274510 0.305882 0.262745
vn -0.0004107338958543 -0.0001916082920348 0.0000397888968750
v -0.1394126762063127 -0.0772385117461784 0.0081279680249870 0.274510 0.282353 0.239216
vn -0.0007892795472684 -0.0004614657225949 -0.0001580595062687
v 0.1381884010613557 0.0599144491584725 0.0227580823295427 0.109804 0.121569 0.098039
vn -0.0006307110266746 0.0001944800914490 0.0000710769410095
v -0.1539634646000146 0.0370616317466796 0.0302564726504177 0.600000 0.580392 0.498039
vn 0.0001437055107748 -0.0002774934348567 0.0006258745774830
v -0.0182831330130408 0.0537560024928134 0.0975526372987370 0.490196 0.552941 0.537255
vn 0.0000725271701032 -0.0001901987325285 0.0006463596530110
v -0.0198242661291428 0.0627823139939816 0.1016913017516158 0.376471 0.454902 0.447059
vn -0.0001711752599252 -0.0004900927974610 0.0000705754615333
v -0.0330842247483522 -0.1535571619662680 0.1007388308432998 0.247059 0.290196 0.274510
vn -0.0000525416946526 -0.0000725311193356 -0.0004901828425853
v -0.0646980106266525 -0.0575740106783086 0.1001464146375613 0.466667 0.564706 0.545098
vn -0.0002441312952391 0.0005134227954927 0.0000115075894891
v 0.0677261839569531 -0.1396260295902965 0.0057252970653319 0.352941 0.360784 0.317647
vn -0.0001276675590445 0.0002722993409375 -0.0001041760801397
v -0.0617278751616339 0.1456279385139686 0.0955369142312901 0.419608 0.411765 0.364706
vn -0.0004377455940710 -0.0005393690509686 -0.0000111801971633
v 0.0321018541828451 0.0408809125647389 0.0225817736281053 0.137255 0.156863 0.156863
vn -0.0004863632036382 -0.0005064736863763 0.0000568962952105
v 0.0360037988364366 0.0374616116350023 0.0123933605787277 0.168627 0.172549 0.164706
vn -0.0005732816811498 -0.0004179424749262 -0.0000197569780094
v 0.0411798502286602 0.0316978357221612 0.0211680867092193 0.137255 0.152941 0.152941
vn 0.0000203426698406 0.0001116859959504 0.0005203263200621
v -0.0320104826368306 -0.0776757226296300 0.1036868240327883 0.427451 0.517647 0.501961
vn -0.0005071586165130 0.0002686142785329 -0.0001608792121278
v 0.1339745173245070 -0.0715070108736378 0.0883675809794266 0.180392 0.203922 0.184314
vn 0.0004761054625582 0.0005377109425173 -0.0000378953034225
v 0.0970517229822688 0.1190621011960787 0.0598525724439550 0.243137 0.290196 0.262745
vn 0.0005013860014135 -0.0005042222892310 0.0000500831567306
v -0.0997624221786096 0.1117697365526066 0.0665031235055212 0.415686 0.490196 0.474510
vn 0.0005575771782690 -0.0005884169118419 0.0000389352007096
v -0.1060905624057758 0.1067411100574590 0.0746367075323870 0.325490 0.400000 0.388235
vn 0.0002028674083593 -0.0008896383616911 -0.0002214770023372
v -0.0265013989477930 0.1375631779699118 0.0802805919124799 0.054902 0.086275 0.078431
vn -0.0000330610206519 -0.0008772961146306 -0.0003533227694546
v -0.0390948916156880 0.1398791370450801 0.0823302090048389 0.078431 0.105882 0.101961
vn 0.0000675645977525 0.0000422824122332 0.0006035125247019
v 0.0263307357515651 -0.1490253754650244 0.1085255423399100 0.462745 0.513725 0.474510
vn 0.0000177567797442 0.0007738923018431 0.0001241728612946
v 0.0094887636729342 0.1616599084009206 0.0117674737770408 0.427451 0.439216 0.380392
vn 0.0000825161301302 0.0004965946130316 -0.0000490151316268
v 0.0181296098790757 0.1608186396427060 0.0064434443652398 0.325490 0.317647 0.254902
vn -0.0000972660189802 -0.0006916886543282 -0.0000856937365633
v -0.0067194541376691 -0.0547218349102643 0.0046873621701436 0.129412 0.152941 0.137255
vn 0.0000977720305053 -0.0001644979369392 -0.0007897037720581
v 0.0260005443794856 -0.0736247981261101 0.0996074067136305 0.423529 0.509804 0.490196
vn -0.0008105447878739 -0.0003775972710691 0.0000060817393627
v 0.0492095854542109 0.0186023675351654 0.0527089715246271 0.156863 0.160784 0.152941
vn -0.0008810843570953 -0.0004732222256113 0.0000460519791719
v 0.0475109132916949 0.0219505719952619 0.0660526484755568 0.180392 0.188235 0.184314
vn -0.0005600656601248 -0.0004077647648697 0.0000157839419171
v 0.0428191228187541 0.0289991565994994 0.0568080850331570 0.164706 0.168627 0.164706
vn 0.0001632255858987 -0.0006231291174811 0.0000048524110532
v 0.0323629964749756 -0.1537158170118229 0.0520100989705504 0.309804 0.388235 0.380392
vn 0.0001257797390651 -0.0000183028898371 0.0005491876897706
v 0.1343695319035034 -0.0221299905452236 0.1051391165086274 0.372549 0.450980 0.435294
vn 0.0000275281303137 0.0000217524662784 0.0006658446571149
v 0.0878167278274809 0.0722944505269036 0.1078952495997580 0.419608 0.486275 0.470588
vn 0.0000293558650883 -0.0000927085864051 0.0004761445773219
v 0.0530845392119535 -0.1157804472602791 0.1071341028114149 0.419608 0.482353 0.454902
vn 0.0006245837495710 -0.0002985782807205 0.0002086016163364
v 0.1511075963575847 -0.0377901841747463 0.0965873114082856 0.266667 0.317647 0.294118
vn 0.0000107749224196 -0.0000987515399409 -0.0006338714121101
v -0.0345783332028854 0.1125583621269607 0.1034030658374665 0.415686 0.482353 0.458824
vn 0.0001029056681452 -0.0001282465866928 -0.0006717212841946
v 0.0484761109399660 -0.0637927797835090 0.1013028446111391 0.392157 0.470588 0.458824
vn 0.0004760289612444 -0.0005758419921881 -0.0002851989782668
v -0.0988597482272184 0.1086598878899669 0.0364960522190243 0.235294 0.266667 0.239216
vn -0.0008342353472210 0.0005000318854539 -0.0000921708932411
v -0.1385025919096871 0.0847717533129450 0.0107334447375797 0.549020 0.603922 0.576471
vn -0.0001009117529054 0.0000005096690270 -0.0007755773344732
v -0.0966648972051026 0.0397624470698437 0.0993304250303050 0.223529 0.290196 0.282353
vn -0.0000173364254233 0.0000264019766304 0.0004090678504276
v 0.0891307594551480 -0.0625065637266895 0.1098217677648131 0.411765 0.482353 0.458824
vn 0.0000459312049136 -0.0005984935894749 0.0000438512267645
v 0.0156567413861826 -0.1569349137283455 0.0418554618902122 0.231373 0.294118 0.294118
vn 0.0000586184270587 -0.0004870053593763 0.0000701480658902
v 0.0187271945965191 -0.1590642670267615 0.0320739956827649 0.505882 0.482353 0.419608
vn 0.0001469235719065 0.0006761121112474 -0.0000480723313235
v -0.0339988299978298 -0.1497009818192152 0.0162569953855099 0.090196 0.113725 0.109804
vn 0.0001244108861872 0.0005008629830668 0.0000300509911788
v -0.0400335414266634 -0.1502752497698866 0.0066862334208996 0.219608 0.243137 0.219608
vn 0.0004239073328773 -0.0003255247424455 -0.0000471115670595
v -0.1207601569646701 0.0989882359922372 0.0098145304053589 0.447059 0.486275 0.450980
vn -0.0000688827207624 -0.0006578362444678 -0.0000173025635445
v -0.0241120100682856 -0.1579442804089085 0.0099008195815573 0.321569 0.364706 0.333333
vn -0.0000903205805023 -0.0006330854002361 -0.0000452005130979
v -0.0345192062667470 -0.1565065282180362 0.0089182114692289 0.239216 0.274510 0.247059
vn 0.0004518329057405 -0.0000637913599456 -0.0000149072702134
v 0.0576472980497212 -0.0075357013211516 0.0687682708970506 0.180392 0.184314 0.168627
vn 0.0004433631103941 -0.0002724032644151 0.0000194423818130
v -0.0411788670846452 0.0275232716259302 0.0482565545000887 0.176471 0.176471 0.168627
vn -0.0004175756719265 0.0003753850159485 0.0000114973787979
v 0.1127709261500015 -0.0995527539415205 0.0689664269972122 0.231373 0.282353 0.274510
vn -0.0002440445709725 0.0002000990011555 0.0000099798747073
v 0.1173085848233234 -0.0946844018985196 0.0740474089821290 0.239216 0.290196 0.282353
vn -0.0001102804815860 -0.0000431860631669 0.0006654809878292
v 0.0740024067706834 0.0460574242728266 0.1070843757411962 0.439216 0.513725 0.494118
vn 0.0000835961621000 -0.0000694718101039 0.0006534792391676
v -0.0670469333729327 0.0377784545243494 0.1035056388347641 0.411765 0.498039 0.482353
vn 0.0001382116702395 -0.0001538603398010 0.0007849053505257
v -0.0544909600178696 0.0455969348630952 0.1029133423407624 0.376471 0.458824 0.447059
vn 0.0000620491690543 -0.0000454457790242 -0.0006236947123926
v 0.0978901507967869 -0.0073789051377934 0.1044654344869453 0.470588 0.552941 0.529412
vn 0.0000293094608954 -0.0000708635751916 0.0006465275055854
v -0.0667523836090690 0.1286759236413627 0.1036872468551017 0.423529 0.486275 0.462745
vn 0.0000150272140029 -0.0001280329814468 -0.0005175440834058
v 0.0019138814043194 0.1299030612333435 0.1002557253422344 0.400000 0.466667 0.439216
vn 0.0000726397615441 -0.0001497301993857 0.0007737246701123
v -0.0349629084172375 0.0784145783781401 0.1067907150327057 0.419608 0.498039 0.474510
vn 0.0000238370215662 -0.0000540221802993 0.0007249612673721
v -0.0409643434095991 0.0910896822517611 0.1094218915367799 0.466667 0.541176 0.513725
vn 0.0001873451517377 -0.0000751566941569 -0.0008817151673022
v -0.1256573734277117 0.0388489950398856 0.1016824252145078 0.411765 0.494118 0.470588
vn 0.0006985504500755 -0.0002656289512016 0.0000696899984628
v -0.1368163868197861 0.0646396628226479 0.0174400132488070 0.117647 0.137255 0.121569
vn 0.0002722974188493 -0.0005770709828605 -0.0000168924924013
v 0.0979089839628664 -0.1232456355725781 0.0774023187813631 0.313725 0.368627 0.349020
vn 0.0000831160669744 -0.0000673928674155 0.0007111671903863
v -0.0887633804026121 0.0492733959645885 0.1055941771529524 0.407843 0.490196 0.474510
vn 0.0000324822625714 -0.0000427170921501 0.0005348983037351
v -0.0879376780935714 0.0647516517440148 0.1079652226505123 0.462745 0.537255 0.513725
vn 0.0000712854121956 -0.0000273126480909 0.0007126580565202
v -0.0782628274638215 0.0362169282624632 0.1043938959152710 0.415686 0.501961 0.482353
vn 0.0000351906177946 -0.0000406245846477 0.0005444693477960
v -0.0805587971511574 0.0453156397386890 0.1048167370899558 0.423529 0.505882 0.490196
vn 0.0001438574445990 -0.0000203535697693 0.0010271267050920
v -0.0910434992226304 0.0363185168200691 0.1061129145643971 0.415686 0.498039 0.478431
vn -0.0001601373479300 0.0006274943203682 -0.0000255072207941
v 0.0297614235633463 -0.1498278085103579 0.0428431412578374 0.298039 0.364706 0.360784
vn -0.0001182158732509 0.0005750436650927 -0.0000297823650260
v 0.0216369302832927 -0.1529926853003578 0.0329663116773410 0.337255 0.372549 0.352941
vn 0.0001074676523660 0.0000223487597804 -0.0007577813670948
v -0.1278437458669133 -0.0209879252751611 0.1021585890433034 0.403922 0.490196 0.462745
vn -0.0008536124838810 -0.0004612795206330 -0.0000284743648415
v -0.1394407177998170 -0.0695651774787204 0.0873590199898303 0.231373 0.278431 0.262745
vn -0.0006147768661506 -0.0002350875555408 -0.0000017411461185
v -0.1459769572745925 -0.0587185450388724 0.0862214248443287 0.301961 0.349020 0.329412
vn 0.0004329461511628 -0.0001762205930604 0.0000391281135942
v -0.1427765848596773 0.0621372865695134 0.0263374588044982 0.321569 0.384314 0.368627
vn -0.0005639501948472 -0.0005103259651915 0.0000634529308227
v -0.1154077536419357 -0.1129023149317932 0.0280647240077324 0.196078 0.235294 0.219608
vn -0.0006070884727265 -0.0006250689676554 0.0000042364185226
v 0.0350416214168338 0.0373396812914400 0.0545675304877292 0.152941 0.160784 0.160784
vn -0.0008941702565745 -0.0006370725851085 0.0000097985881465
v 0.0421163212226036 0.0299296940387413 0.0430441461342218 0.129412 0.133333 0.133333
vn 0.0000410613750476 -0.0006461465121036 0.0001832391162869
v -0.0007305722063350 0.0519085499788255 0.0909375335062169 0.184314 0.219608 0.215686
vn 0.0003412948063202 0.0002816584964441 -0.0000937725027796
v 0.1207033444237367 0.1009067771924491 0.0018070318851864 0.250980 0.258824 0.215686
vn 0.0002450177212646 -0.0004714783914323 -0.0000248671997312
v -0.0659424304362020 0.1353663858297241 0.0559194548118765 0.325490 0.407843 0.400000
vn 0.0003850983692243 -0.0008990134207491 -0.0000775778414602
v -0.0584772581930407 0.1392462503857457 0.0475635795328850 0.270588 0.349020 0.345098
vn 0.0001156808470603 -0.0001506809682112 0.0009469361673118
v -0.0539007342102885 0.0590920274597602 0.1053602509552233 0.423529 0.505882 0.486275
vn 0.0001462742017813 -0.0000771629206305 0.0004509488376073
v 0.1440403508758354 -0.0384540553956113 0.1021850917610976 0.352941 0.423529 0.403922
vn 0.0003591478915749 -0.0003388025510330 0.0000057242275225
v -0.0379066100773059 0.0333310257391385 0.0216648230141818 0.141176 0.152941 0.152941
vn -0.0000092585843867 0.0001503553566699 0.0006063361923528
v -0.0090613722165552 0.1270024747978254 0.1052433815015033 0.431373 0.498039 0.470588
vn -0.0000017941647638 -0.0000394610530326 -0.0001875790896223
v 0.0205780150498858 0.1533232382960814 -0.0016875806311016 0.282353 0.282353 0.235294
vn 0.0000382020832837 0.0000006450422444 0.0007656058897343
v -0.1069395526687293 0.0164829730531502 0.1072463100157391 0.443137 0.521569 0.501961
vn 0.0000671241794303 -0.0000124766343532 0.0005627620759218
v -0.0942302735238478 0.0266627918074478 0.1063286298897972 0.443137 0.529412 0.509804
vn 0.0000596332330220 -0.0000230664321073 0.0008668606730800
v -0.1037920608154987 0.0306776474487964 0.1077389995575966 0.396078 0.470588 0.450980
vn 0.0000222231123037 0.0002222998015677 -0.0005031413186149
v 0.0410341007476922 -0.1198339107890609 0.1025809521353296 0.415686 0.482353 0.458824
vn -0.0002369654445595 0.0002163790621808 -0.0001400114844968
v -0.1232779015338476 0.1014830996898924 0.0035029644874862 0.360784 0.400000 0.364706
vn 0.0002989248325597 -0.0002291746495993 0.0000294490830223
v -0.1186497397502470 0.0921027949999546 0.0683835449848060 0.411765 0.486275 0.478431
vn -0.0000115306434131 0.0001011391483147 0.0009444614549517
v 0.0006324721287549 0.1152274183844975 0.1076543457451976 0.415686 0.466667 0.435294
vn -0.0000877602465915 -0.0005950610309278 -0.0000224255603513
v 0.0220361102716747 0.1476849531631488 0.0721501456407417 0.325490 0.384314 0.368627
vn -0.0006818955731286 0.0008436276263084 -0.0000204182161562
v -0.0981568325429093 0.1205163117122899 0.0874415833041639 0.419608 0.494118 0.482353
vn -0.0003985185742375 0.0004718686151568 -0.0000105298882244
v -0.1035867249494144 0.1154746989279512 0.0777730686209592 0.435294 0.509804 0.494118
vn -0.0001928142330169 0.0000987075038592 -0.0005595193000068
v -0.0645296661265837 0.0334121730590416 0.0983208049750405 0.392157 0.478431 0.466667
vn -0.0005665701630990 0.0002182238307424 -0.0005990097742005
v -0.0563594920221552 0.0264024183691524 0.0896629455734424 0.145098 0.192157 0.188235
vn 0.0002990796336439 0.0004966842089427 0.0001086966886729
v 0.0799428213787909 0.1388542411016315 0.0228859373826857 0.317647 0.356863 0.333333
vn 0.0002945446967209 -0.0005142833336239 0.0000054623297850
v -0.0781602126380568 0.1278241592102011 0.0763061650621107 0.207843 0.274510 0.266667
vn 0.0002254081914908 -0.0004055388904870 -0.0000000376953042
v -0.0767828786868589 0.1288315280968893 0.0673816025322144 0.305882 0.380392 0.380392
vn 0.0006059289320930 0.0000429808804001 0.0000581663604801
v 0.1554636711168302 0.0084538410232386 0.0497429105597450 0.266667 0.313725 0.301961
vn 0.0004182761960520 0.0000283189758245 0.0000281123321315
v 0.1558050869894342 0.0110359573960207 0.0411071427443246 0.250980 0.301961 0.286275
vn 0.0000914506380652 0.0000757017959131 -0.0006119416484837
v -0.1053823983367648 -0.0754241958076220 0.1015852285602809 0.392157 0.470588 0.450980
vn 0.0006153059157226 0.0003124348515196 -0.0000715567516599
v -0.1430795672735209 -0.0556005831207208 0.0162276647106869 0.207843 0.188235 0.141176
vn -0.0002084621380580 -0.0006534468785446 -0.0000396067580709
v 0.0423728471065450 0.1424967501269225 0.0805830281444848 0.239216 0.278431 0.258824
vn 0.0004452406752830 -0.0004011982142252 0.0000507040562389
v -0.0965659584720922 0.1156732211145289 0.0530525607838553 0.384314 0.454902 0.443137
vn 0.0003210667292650 -0.0004460223745022 -0.0000005490025753
v -0.0884357931816265 0.1214540100726837 0.0553542610864913 0.403922 0.478431 0.462745
vn 0.0003380957078094 0.0002089538890261 -0.0008085112951029
v -0.1156139334895479 -0.0807636430207688 0.0991925932892496 0.368627 0.447059 0.427451
vn 0.0008197308471246 -0.0002937193368206 -0.0001419571901827
v 0.1487577287506007 -0.0428065740052525 0.0842638134299973 0.227451 0.266667 0.254902
vn 0.0005287673491612 0.0000908581407381 0.0000138981537020
v 0.1494191979160602 0.0548205966667628 0.0237261816988825 0.317647 0.305882 0.254902
vn -0.0002492412508789 -0.0005355426186239 -0.0000229720373383
v 0.0609686439254924 0.1356177131534028 0.0733060324913327 0.243137 0.286275 0.262745
vn 0.0001165283382155 -0.0000092344048730 0.0005563747519323
v -0.0907362024901262 -0.0349838984978652 0.1065024966122405 0.403922 0.478431 0.458824
vn 0.0000936679984377 -0.0000101873309066 0.0008096406180406
v -0.0981231930260872 -0.0427873305482450 0.1072369840418489 0.400000 0.474510 0.458824
vn 0.0000364465472550 0.0000444479017990 0.0007084118170006
v 0.0560622346745726 0.0973840151447216 0.1093111389419086 0.435294 0.494118 0.462745
vn 0.0006920081305990 0.0007830883080001 0.0000434413493683
v -0.1121448779937840 -0.1020934628140336 0.0730154811535260 0.200000 0.239216 0.231373
vn 0.0000056886869690 -0.0000704318307473 0.0004700960492823
v 0.0214791685946994 -0.1226865318275535 0.1068453629676696 0.384314 0.450980 0.435294
vn -0.0002068512437612 0.0005593995420440 -0.0000260705470222
v 0.0490116704777633 -0.1441615818508891 0.0384393006913446 0.274510 0.341176 0.333333
vn -0.0003172623360125 0.0005956480491822 -0.0000415017271148
v 0.0608303359050363 -0.1395297155051790 0.0312247853603511 0.262745 0.321569 0.321569
vn -0.0007228851394274 -0.0004262088481844 -0.0000259484931088
v 0.1327869763032114 0.0689725078745471 0.0813096081893244 0.211765 0.235294 0.219608
vn -0.0000076291840013 0.0000123896765418 0.0007532659307594
v 0.0027014639569857 -0.1326710706983792 0.1059325010076710 0.329412 0.407843 0.384314
vn -0.0002660070379411 -0.0007690184503026 -0.0000466714288284
v -0.0178002273579575 -0.0523401612569973 0.0702560081612782 0.141176 0.160784 0.149020
vn 0.0005226717096336 0.0004685690077876 0.0001416789724878
v 0.1122896499419495 0.1090348348394928 0.0313026145337513 0.450980 0.419608 0.341176
vn 0.0002000104874062 -0.0000856983060171 -0.0001625668261963
v 0.1452550529164756 -0.0584219065601529 0.0005446005924284 0.184314 0.188235 0.145098
vn 0.0001619603297349 0.0004053231239850 -0.0001773086767391
v -0.0559450150707485 -0.1421610429012508 0.0898163755787769 0.258824 0.290196 0.278431
vn -0.0004533411048403 0.0005204716983971 0.0000243636941139
v 0.0333031719559205 -0.0379073600920190 0.0398903763646790 0.070588 0.078431 0.074510
vn -0.0002912760344893 0.0003576203069042 0.0000107138705049
v 0.0325739886145697 -0.0390157543025082 0.0498864304437161 0.090196 0.098039 0.094118
vn -0.0005551408968626 0.0004561493018935 0.0000213519562097
v 0.0395319737087776 -0.0328333446107466 0.0485795474484394 0.066667 0.070588 0.070588
vn -0.0000523803925914 0.0000812488018603 0.0004146176835333
v -0.0687374846089474 0.1049791065191023 0.1062237236981126 0.419608 0.498039 0.474510
vn 0.0006976152030027 0.0002701539253052 -0.0000063373446330
v 0.0542927275961401 0.0202267917951477 0.0501383731836495 0.129412 0.137255 0.133333
vn 0.0002355358406976 0.0003887220121575 0.0000194627409288
v 0.0818299091896710 0.1309584933241553 0.0493245344184811 0.282353 0.333333 0.305882
vn -0.0000301449917290 0.0006355537955194 0.0001576300455401
v 0.0078276814410682 0.1535833996100535 0.0997553904647602 0.321569 0.376471 0.345098
vn -0.0000208474584050 0.0000446850377171 -0.0000988632687912
v -0.0175494533125421 0.0496195404960563 -0.0013224597591621 0.329412 0.325490 0.301961
vn 0.0000909131405334 -0.0005771573922241 0.0000023575201114
v 0.0192217538468107 -0.1560359936962468 0.0741545450999623 0.274510 0.345098 0.352941
vn 0.0001145791382612 -0.0005270017829251 0.0000127910157228
v 0.0271449727727407 -0.1544266914923458 0.0703141659029734 0.294118 0.368627 0.364706
vn 0.0000780808561989 -0.0002041377966635 0.0005406120908208
v 0.0408079960886521 -0.1488746529350964 0.1082848127935777 0.545098 0.552941 0.486275
vn 0.0002169370597076 0.0005519162294001 -0.0000089909420755
v -0.0556421383612331 -0.1421582641915683 0.0617513005501318 0.078431 0.113725 0.109804
vn 0.0001891766454413 0.0007161134189107 0.0000410845686891
v -0.0583937446362471 -0.1417270620541965 0.0492861376406016 0.254902 0.309804 0.298039
vn -0.0000289612987335 0.0000087626143173 0.0005380075399764
v 0.0805520104025649 0.0648052800918509 0.1078496863444074 0.486275 0.556863 0.537255
vn -0.0006177841919707 -0.0007293084561706 0.0000313038072806
v 0.0915647639753886 0.1183497117255943 0.0374985656116769 0.137255 0.164706 0.149020
vn -0.0001296954255799 0.0001377985844421 -0.0004603688256403
v -0.0149247760813436 -0.1135735406336814 0.1049066910350331 0.415686 0.498039 0.478431
vn -0.0000941840390243 0.0001757012573698 -0.0004291467075434
v -0.0101435083103428 -0.1201806745624543 0.0965937471708072 0.152941 0.203922 0.211765
vn 0.0002084598754980 -0.0003199201230696 0.0000378600309919
v -0.0888883969369162 0.1219053478048611 0.0011030684716635 0.423529 0.458824 0.419608
vn -0.0000027968090513 0.0005829531446856 0.0000334502525274
v -0.0063335239755670 0.1551164812900347 0.0468117043099170 0.290196 0.368627 0.356863
vn 0.0000046016776901 0.0003761960582470 0.0000475362102927
v 0.0011240807809828 0.1557299034653830 0.0396444436688085 0.392157 0.474510 0.470588
vn -0.0000111630378606 0.0005710532920589 0.0000571362547358
v -0.0072357325285665 0.1561549442285919 0.0370208501901772 0.349020 0.427451 0.419608
vn 0.0007177626353573 0.0002426912811560 -0.0000229731769745
v -0.1437113600868052 -0.0465565867896289 0.0649245655213989 0.125490 0.168627 0.164706
vn 0.0002608956211108 0.0000058088426981 -0.0003363165988683
v 0.1558420028747356 -0.0096652626436200 -0.0014456512903849 0.176471 0.184314 0.152941
vn -0.0002182285300048 0.0005768989554911 0.0001137247193349
v -0.0531461494608725 0.1500478740470654 0.0287523816891744 0.372549 0.439216 0.435294
vn -0.0001573635299514 0.0003333280729809 0.0000243952000878
v -0.0599791107958862 0.1485900718989067 0.0224592159282716 0.556863 0.576471 0.529412
vn -0.0003212407126976 0.0006147428460072 0.0000933875602777
v -0.0736782150151392 0.1376772402996282 0.0402420255288463 0.400000 0.478431 0.466667
vn 0.0001357111638313 -0.0006403210364900 0.0000726533253215
v 0.0255200591405191 -0.1553804432671981 0.0436002027080122 0.317647 0.384314 0.384314
vn 0.0005901593342228 -0.0000453671876944 0.0000877630630305
v 0.1546671548228601 -0.0176373404227593 0.0472523158668656 0.211765 0.247059 0.243137
vn 0.0001603724846932 -0.0003986157813680 -0.0001461275997949
v -0.0183211512153398 0.1465623614309409 0.0884603921646944 0.254902 0.317647 0.305882
vn -0.0003930451358979 -0.0004848939097879 0.0000386440396340
v 0.0341051935388322 0.0389872567667936 0.0635853801716817 0.176471 0.184314 0.176471
vn 0.0003260029178406 -0.0002159058323121 -0.0002424945893221
v -0.1281684419745847 0.0801034991661394 0.0901195992191128 0.400000 0.474510 0.454902
vn 0.0000312768942371 0.0001260003394620 0.0004431947603935
v -0.0276144944689850 -0.0857868182596588 0.1060131401380820 0.403922 0.486275 0.470588
vn -0.0000367072975961 0.0000030816001563 0.0007238087998111
v -0.1108497908670584 -0.0100652020854811 0.1094608272949091 0.419608 0.494118 0.470588
vn -0.0000210281424938 -0.0000173906356972 0.0004260639449844
v -0.1112944961810394 -0.0192508068707448 0.1092018957713448 0.431373 0.509804 0.482353
vn -0.0000654641472174 0.0000999127987265 -0.0005718612351858
v -0.0283458416765245 0.0770324045287579 0.1007631980378786 0.419608 0.501961 0.486275
vn 0.0007395678847242 -0.0001952475090038 0.0001082692033487
v 0.1525082636008603 -0.0314599957461672 0.0425330960078795 0.352941 0.415686 0.396078
vn 0.0004424747783716 -0.0000912157623588 0.0000725129187953
v 0.1483164633971064 -0.0442854682585272 0.0494826756010578 0.274510 0.325490 0.313725
vn -0.0000653936470224 -0.0005607249203094 -0.0000111137301706
v -0.0360043992149313 -0.1562584396251183 0.0193990119162029 0.298039 0.356863 0.337255
vn 0.0002687177475630 -0.0005140580492228 -0.0000939087012942
v -0.0728319995533537 0.1336071496735964 0.0364289785650027 0.223529 0.290196 0.282353
vn -0.0007017053374591 0.0001858021526919 -0.0001269214647163
v 0.1508338416887809 -0.0227041865512822 0.0299342038248993 0.152941 0.192157 0.176471
vn -0.0006780676410320 0.0001155268291157 -0.0001606675555279
v 0.1571432832560376 -0.0153067007302321 0.0205411460076861 0.262745 0.274510 0.239216
vn -0.0005662881727178 0.0002485036823463 -0.0001012976607976
v 0.1510465467264572 -0.0257162455560559 0.0190273024149846 0.109804 0.129412 0.121569
vn 0.0001936178430995 0.0000050754378726 0.0006878560132619
v -0.0779007134235631 -0.0160126612548987 0.1027502680976676 0.403922 0.490196 0.478431
vn 0.0001586038812233 0.0000083343836978 0.0006457945594035
v -0.0854253715942186 -0.0273801586552955 0.1049136219726115 0.403922 0.478431 0.466667
vn 0.0001615429404047 0.0000464124156320 0.0006646842245987
v -0.0723538655381037 -0.0242678887205946 0.1018840052617492 0.431373 0.525490 0.505882
vn 0.0001638978260392 0.0006572656064193 0.0000755912916119
v 0.0391076275652860 0.1502386612380860 0.0458402161924578 0.215686 0.266667 0.254902
vn -0.0006473116181797 0.0003787369697764 0.0000546559873066
v -0.1357787167621012 0.0780066717918159 0.0475116882411397 0.482353 0.560784 0.545098
vn -0.0000574022809369 0.0000761120277167 0.0006668327325191
v -0.0581309020141416 0.1202711636019062 0.1044082377485605 0.435294 0.513725 0.486275
vn -0.0003564849050339 0.0005112122473547 0.0001098360849938
v 0.0311679100491645 -0.0434965709065462 0.0881842618553352 0.203922 0.215686 0.192157
vn -0.0003350294384027 0.0007045988358002 0.0003963000462721
v 0.0223072158483361 -0.0488116909432314 0.0906873257160486 0.384314 0.392157 0.352941
vn 0.0001566700471021 0.0004687347344846 -0.0000124166826808
v -0.0147210492107058 -0.0476572416582997 0.0202368046910840 0.098039 0.117647 0.109804
vn 0.0005976267843151 0.0001696502984112 -0.0000163530372506
v 0.1486393185938348 0.0387203643886851 0.0793918421305407 0.200000 0.223529 0.207843
vn 0.0006240122230067 -0.0004854666649304 -0.0000196810768976
v 0.0456650468564080 -0.0341394523726226 0.0511173927796765 0.082353 0.086275 0.082353
vn 0.0002976595365035 -0.0005911915699853 0.0000219426915296
v 0.0632400856721162 -0.1422827707073292 0.0496983524446490 0.207843 0.274510 0.270588
vn 0.0003735256309629 0.0007172586204107 0.0000371156804192
v 0.0691178650568250 0.1363099392865454 0.0746222545567104 0.266667 0.305882 0.286275
vn 0.0000022329990032 0.0000017617317162 -0.0002116640890453
v 0.1427947047827826 -0.0535693325391898 -0.0017341244321770 0.196078 0.207843 0.180392
vn 0.0000243084728154 -0.0000477023222002 -0.0004140421592720
v 0.0437563458347634 -0.0931011602335861 0.1039829756440713 0.313725 0.372549 0.352941
vn 0.0002624526680398 -0.0004282068407538 0.0001343543355174
v 0.1055739922688994 -0.1190093394185767 0.0226055161034851 0.513725 0.474510 0.396078
vn 0.0007307714450581 -0.0005852188188549 -0.0000969154277085
v 0.1206065096382089 -0.0978295616277364 0.0754294548647967 0.227451 0.278431 0.266667
vn 0.0005616916313262 -0.0004382158276477 -0.0000207080923094
v 0.1115434010262292 -0.1075068577153759 0.0716834919689367 0.317647 0.372549 0.360784
vn -0.0002872296512920 0.0003933257658699 0.0000187842385492
v 0.0842082384912964 -0.1256740430031314 0.0380133058378843 0.266667 0.337255 0.325490
vn -0.0004149978337634 0.0002482668302135 -0.0000012554579570
v -0.1321717029925877 0.0813799416854452 0.0765254336562747 0.352941 0.423529 0.415686
vn -0.0005912122582641 0.0003898748329044 -0.0000006610248456
v -0.1311181538277646 0.0837606470157905 0.0673172311761480 0.333333 0.396078 0.396078
vn 0.0002677365388076 -0.0006096976387506 0.0000373813911119
v 0.0569558207678454 -0.1457448520885795 0.0427166447746105 0.313725 0.384314 0.380392
vn 0.0000459814287038 -0.0000125161925728 0.0005296049501609
v -0.0249466925708846 0.0974287508016406 0.1079909378315427 0.439216 0.513725 0.486275
vn 0.0000308798180824 0.0000074209094407 0.0005470608619497
v -0.0367420319197538 0.0994051069843704 0.1093477630946936 0.435294 0.505882 0.482353
vn 0.0001622185988597 0.0007513941133598 0.0000403762056849
v 0.0310501398036914 0.1507158277009080 0.0689682279228186 0.243137 0.298039 0.282353
vn -0.0000188275642893 0.0001896309989298 0.0007024758109086
v -0.0351206935743219 0.1296945552064895 0.1034803293623012 0.400000 0.466667 0.450980
vn 0.0003344644716935 0.0000431992880428 -0.0005007893696049
v -0.1404246473282680 -0.0207637444326214 0.1005957283975961 0.392157 0.466667 0.447059
vn 0.0000596767540937 -0.0000031253917289 -0.0003691365304811
v -0.1346172431516227 -0.0147459951017125 0.1010931835246037 0.400000 0.482353 0.462745
vn -0.0006603722501363 -0.0003149741138153 -0.0001715095487443
v -0.0484996310066691 -0.0271735300578784 0.0773597582510763 0.156863 0.176471 0.160784
vn 0.0005886378930958 0.0004586076935426 0.0000960350590577
v 0.1254948217381058 0.0896611736965499 0.0455772353797364 0.298039 0.333333 0.305882
vn 0.0000540613235016 0.0002480605932174 -0.0001697797844828
v 0.0249949825380371 0.1573212155185276 0.0003328034110109 0.254902 0.258824 0.203922
vn 0.0000015514341331 0.0000080072549484 -0.0001773372763041
v 0.0323456205538366 0.1533216249165636 -0.0015842302424756 0.294118 0.298039 0.243137
vn -0.0001521362834011 0.0000101920759012 0.0006128399043203
v -0.1377379442419483 0.0161597303659470 0.1043590196146207 0.435294 0.521569 0.498039
vn -0.0002606389166836 -0.0003550705758063 -0.0002395245520671
v -0.0952048927233679 -0.1261170988603696 -0.0010520123736019 0.200000 0.203922 0.172549
vn -0.0005448833712868 -0.0000341207288722 -0.0000312989193444
v -0.1607862828202228 -0.0166403361119428 0.0314765011250804 0.333333 0.364706 0.333333
vn 0.0003341777790802 0.0004248839284293 -0.0007595720110750
v -0.0828314230479664 -0.1132947380073254 0.0971716274825435 0.290196 0.360784 0.349020
vn 0.0001656630958884 0.0001766708407100 -0.0007355474587385
v -0.0702605411204460 -0.1162729907745262 0.0995944705152192 0.337255 0.419608 0.400000
vn 0.0006467411114203 -0.0005951156361290 -0.0000949707604632
v 0.1203223791038609 -0.1041829574901166 0.0881248748015128 0.462745 0.439216 0.360784
vn 0.0002771695124723 -0.0002735320285082 -0.0000926973064327
v 0.1135540313899892 -0.1059217300648160 0.0798759224811562 0.290196 0.341176 0.333333
vn -0.0000636535139475 0.0004044006310300 0.0000572973849622
v -0.0258563315089995 0.1517688442950862 0.0634004374979266 0.372549 0.450980 0.435294
vn 0.0001820115134574 0.0004144215632726 0.0002161089055510
v -0.0810889306236239 -0.1273634663767388 0.0185389292232744 0.023529 0.035294 0.031373
vn 0.0001565646968435 0.0004987002807257 -0.0000063665861467
v -0.0877173236725309 -0.1208077456625580 0.0138025525275679 0.113725 0.141176 0.133333
vn -0.0002580361527391 -0.0002517179924795 -0.0000338870693329
v 0.1169032260143656 0.0967342432717567 0.0009571316461480 0.215686 0.223529 0.188235
vn 0.0000376712534209 0.0001122744127327 -0.0007086491678587
v 0.0341944203687363 0.0865593540558224 0.1041909576835091 0.403922 0.482353 0.450980
vn -0.0006974717532971 0.0000231206460310 0.0000237931433644
v 0.0522065286201023 -0.0019278129208080 0.0201377408955608 0.117647 0.137255 0.137255
vn 0.0001267871805074 0.0000075853050155 0.0007936414856564
v 0.1138460958876970 0.0246944043923075 0.1094513761868229 0.439216 0.509804 0.482353
vn 0.0000029545778050 -0.0000091049846676 0.0003873313628059
v 0.1027840798454063 0.0222668704491903 0.1104535583583609 0.462745 0.537255 0.509804
vn 0.0000077625292691 -0.0000340663194154 0.0005177834606567
v 0.1078977377581088 0.0161547518625266 0.1100430115086015 0.447059 0.525490 0.494118
vn -0.0000416414283928 0.0000984789549974 -0.0006547301213265
v 0.0814888441751910 -0.0954218858435928 0.1045412246755201 0.439216 0.509804 0.478431
vn -0.0001788193391389 0.0002602662225247 -0.0007425229737906
v 0.0912568332281610 -0.1020622385115687 0.1018396440591337 0.392157 0.466667 0.443137
vn 0.0002446814750422 0.0004215840365062 -0.0000197444508583
v 0.0311110952290606 0.0478386243952379 0.0720625654681973 0.180392 0.200000 0.192157
vn 0.0004646202029646 -0.0003798225757148 -0.0000360260980559
v 0.1266021149881887 -0.0963374249494026 0.0975226675219017 0.400000 0.364706 0.298039
vn 0.0005937564991672 0.0003018198018466 -0.0000030697076131
v -0.1419038623898795 -0.0578716152008095 0.0292864399538127 0.235294 0.294118 0.282353
vn 0.0000076292424515 -0.0000232314403102 0.0006584013832594
v 0.0006597138677069 -0.1110946230589810 0.1084772844237380 0.352941 0.419608 0.407843
vn -0.0000221567829883 0.0000172493209083 0.0008549812397009
v 0.0140328695153113 -0.1051905315416012 0.1090351774120285 0.458824 0.533333 0.494118
vn -0.0000083207606898 0.0001058946431175 0.0008349202610843
v -0.0009648292567406 -0.1011458201015543 0.1079600905773570 0.337255 0.403922 0.392157
vn 0.0000151321017828 -0.0000645259011285 -0.0004755823430040
v 0.0130249547430047 0.1202173267981386 0.1029071758405690 0.450980 0.501961 0.470588
vn 0.0000375158608681 -0.0000402889979139 -0.0004616853849189
v -0.0948352978585250 0.0730764852897240 0.1035076477019628 0.431373 0.509804 0.486275
vn -0.0000387512176144 0.0000543233399822 -0.0005866118596728
v -0.0980978490269657 0.0641338166598046 0.1039607480719396 0.466667 0.552941 0.521569
vn -0.0002124205076020 -0.0006707191469138 0.0000301608970190
v -0.0366270968962057 -0.1546714019794673 0.0585031745356651 0.294118 0.352941 0.341176
vn 0.0004078273441908 -0.0002377218937381 0.0000114434793702
v -0.0422829383202097 0.0265098726268836 0.0804967999544614 0.176471 0.196078 0.184314
vn 0.0003213615645595 0.0008265231286538 -0.0000251559303557
v 0.0217001139796326 0.0529875525907944 0.0701761546842177 0.203922 0.219608 0.211765
vn 0.0000606598332847 -0.0001276167956025 0.0007697341696434
v -0.0451914331532688 0.0708000863014002 0.1060468911328000 0.435294 0.517647 0.498039
vn 0.0008891154299852 0.0001937605390643 -0.0000620527732797
v -0.1456626956901853 -0.0381877243102205 0.0815309541274011 0.290196 0.349020 0.333333
vn 0.0001293746884940 -0.0003216111258946 -0.0008379399219078
v -0.0433955439890856 0.1187291918136356 0.1017003420382628 0.419608 0.490196 0.462745
vn -0.0000113322281107 0.0000366259343212 0.0005587446935742
v 0.0983636008997897 0.0445707720600858 0.1102525698318729 0.454902 0.537255 0.501961
vn 0.0001580008880188 0.0000276000430841 0.0007086174946610
v -0.0652983919934674 -0.0171448241015743 0.0993354839495043 0.419608 0.509804 0.494118
vn 0.0001449263260508 0.0001338471737600 -0.0004296863417069
v -0.1342406354282678 -0.0415708102767007 0.1009943387703535 0.360784 0.427451 0.407843
vn 0.0000734510661180 0.0001849700685376 0.0005047280384295
v -0.0243196234295693 -0.0644352877167164 0.1006571833793644 0.415686 0.490196 0.482353
vn 0.0002142573090568 0.0003698335025066 0.0006792516941544
v -0.0329384452236209 -0.0558856760695702 0.0987690772158145 0.384314 0.462745 0.447059
vn -0.0003125001338557 0.0005211313123747 0.0000271777360366
v -0.0798400350001826 0.1331502847313047 0.0526261825250812 0.431373 0.513725 0.498039
vn -0.0002892269720411 0.0005235509183358 0.0000197933975635
v -0.0757216979620806 0.1350997824933356 0.0603406737956071 0.427451 0.505882 0.494118
vn -0.0001534173066457 0.0007768345650708 -0.0000029838616947
v 0.0209708709623579 -0.1518073079764737 0.0478637643668296 0.321569 0.396078 0.392157
vn -0.0005608913421297 -0.0004681368463661 0.0000492641742644
v 0.0408049026588223 0.0324524692784490 0.0656304625408962 0.160784 0.164706 0.164706
vn 0.0001205219614342 0.0000777042821662 0.0006289641391342
v 0.1149737400722392 0.0503037439793480 0.1076713992580425 0.376471 0.450980 0.427451
vn 0.0002732862320738 0.0004785137502491 -0.0004537578651868
v -0.0704577288352033 -0.1328420381272364 0.0965819881882367 0.270588 0.298039 0.286275
vn -0.0003613791818357 -0.0002808587335833 -0.0004325919281602
v 0.1175199785424559 0.0817753379692264 0.0984921523446462 0.407843 0.486275 0.462745
vn -0.0005364191381748 -0.0001376005423278 0.0000250768435748
v -0.1513398277345422 -0.0385841461184648 0.0566182931368988 0.207843 0.262745 0.258824
vn -0.0007077173756898 -0.0002055790946636 0.0000317029665535
v -0.1522294011694171 -0.0319596928400990 0.0648624255446690 0.262745 0.321569 0.309804
vn 0.0000550533210890 -0.0000525017957225 -0.0007644081225709
v 0.0667340639675927 -0.0607497070220343 0.1019496021726068 0.439216 0.517647 0.501961
vn 0.0007175014657046 -0.0004445905736850 -0.0000708860121857
v 0.1198598467418402 -0.1002387867809952 0.0161849948292539 0.215686 0.247059 0.231373
vn 0.0000338495698592 0.0000487627466238 -0.0004749426018926
v -0.0337059057698107 -0.1117747279225749 0.1045694774358030 0.447059 0.525490 0.490196
vn 0.0000219228517772 -0.0000252047763939 -0.0005547736402187
v -0.0359153367864915 -0.1035424074688677 0.1046854942551936 0.454902 0.541176 0.505882
vn -0.0000247383402036 -0.0003262445220540 -0.0006409268227523
v -0.0320825292120934 0.1273556738129714 0.0997490989743592 0.352941 0.423529 0.400000
vn -0.0003046814448149 -0.0002222097998144 -0.0000114554090016
v -0.1201420230613487 -0.0992250782357674 0.0896699808705178 0.239216 0.282353 0.266667
vn -0.0003516029295600 -0.0002381941538339 -0.0000165925227585
v -0.1242844686331092 -0.0936855676623980 0.0934362290125974 0.211765 0.250980 0.239216
vn -0.0006751026333769 0.0001902005217761 0.0000756548206520
v -0.1521998264474096 0.0446545765476396 0.0217841262699087 0.427451 0.466667 0.419608
vn 0.0002077137231053 -0.0000943231588939 -0.0000872191008550
v -0.1349021224535460 0.0746133771266670 0.0007757948864964 0.490196 0.537255 0.505882
vn -0.0000686673520930 -0.0001173052938297 0.0006544416545690
v -0.0394195536425115 -0.1222719484884724 0.1065794018134845 0.396078 0.470588 0.447059
vn 0.0006610925830373 -0.0000638845766178 0.0000212033445723
v -0.0486208236732525 0.0046427444297960 0.0557406444586896 0.184314 0.188235 0.172549
vn -0.0000551049356792 -0.0002429824169867 -0.0004086996965994
v 0.0468506934720353 0.1327870453175939 0.0999992829102067 0.360784 0.427451 0.400000
vn -0.0001080545176693 -0.0001693254330924 -0.0004339500486257
v 0.0534335600006263 0.1261983576891839 0.0998538895616261 0.360784 0.427451 0.400000
vn 0.0002652945609188 0.0005794763533368 0.0004620505098780
v -0.0227881276130373 -0.0497640364611589 0.0898550600038693 0.482353 0.517647 0.482353
vn 0.0000013298199234 0.0000166764315626 -0.0006979345684810
v 0.0493743612009972 -0.1017457399516967 0.1050607649703208 0.478431 0.533333 0.498039
vn 0.0003364155198091 0.0003276432971382 0.0000079761518668
v 0.1133027065927634 0.1023690508625553 0.0614816940912574 0.262745 0.294118 0.270588
vn -0.0001230650163684 0.0000045151186321 -0.0005298200161934
v 0.1281378269926962 0.0307944025474786 0.1003196762745164 0.227451 0.294118 0.282353
vn 0.0001215978330386 -0.0000575760347010 -0.0005060520034646
v -0.1236588462241896 0.0482974195055318 0.1011617555925479 0.427451 0.505882 0.486275
vn -0.0000016739453766 -0.0006301064149612 -0.0001177115092260
v 0.0132371012629032 0.1503185678211759 0.0217225745039283 0.109804 0.141176 0.117647
vn 0.0000498438671718 -0.0007796788892753 0.0000203385527595
v 0.0081818384387450 -0.1572183502690658 0.0689969724582535 0.278431 0.352941 0.349020
vn -0.0002298235399020 0.0002891958139564 0.0000226384829654
v 0.0315168249123029 -0.0413205813440831 0.0671449431936299 0.121569 0.129412 0.121569
vn 0.0000379027932576 -0.0000860053961660 -0.0001699837907563
v 0.0558140332209607 -0.1466495496506496 -0.0015950640776780 0.211765 0.223529 0.188235
vn 0.0004127124754704 0.0000042338865845 -0.0000589961975453
v -0.1498383081170733 0.0176505227431958 0.0834417501671352 0.356863 0.431373 0.415686
vn 0.0006552664950187 -0.0000557753148584 -0.0000056495208843
v -0.1498421866596170 0.0164156350891108 0.0722183815556571 0.325490 0.396078 0.388235
vn 0.0000246718254656 -0.0000517239855744 -0.0004549696960207
v -0.0524818505175946 -0.0976919261144342 0.1035935093590167 0.411765 0.486275 0.462745
vn -0.0006683220350883 0.0000873518495682 0.0000254685162838
v -0.1537619815843280 0.0250879284124794 0.0615216311706094 0.419608 0.501961 0.482353
vn -0.0001967382086637 -0.0006832907077450 0.0002067681381717
v -0.0235009231399996 -0.1573500677949935 0.1044845231212970 0.443137 0.415686 0.345098
vn -0.0000441539936385 -0.0008124234216092 -0.0000703319056716
v -0.0136028906126490 -0.1568662275731344 0.0925340384599678 0.239216 0.282353 0.270588
vn -0.0000862587128359 -0.0001251313633691 -0.0006064289484055
v 0.0758846728857687 0.1071677264368127 0.1009061780665873 0.360784 0.427451 0.403922
vn -0.0000835904016140 -0.0001043674489168 -0.0005028999131483
v 0.0840672772242736 0.1030189552463698 0.1005184844311566 0.384314 0.450980 0.431373
vn 0.0000211643420842 0.0001297267330544 -0.0003406884575752
v 0.0073055533543958 -0.1437909795146693 0.1023895604017700 0.352941 0.419608 0.400000
vn -0.0001859363676839 -0.0006092323288189 0.0001400761651140
v -0.0432260552662984 -0.1508743776522312 0.1039328811017165 0.270588 0.317647 0.294118
vn 0.0006596707042320 0.0002676209958685 0.0000489985318822
v 0.1467050293788895 0.0614526329668088 0.0296503546883849 0.274510 0.227451 0.164706
vn -0.0000100829422276 0.0001550137471680 -0.0001634809030845
v -0.0192636569478216 -0.1537180375461595 -0.0017258243351955 0.317647 0.345098 0.301961
vn 0.0004679335813409 0.0006293727603496 -0.0001656075626471
v -0.0997638270558182 -0.1170460132863857 0.0381876420175782 0.164706 0.203922 0.192157
vn -0.0006466918454018 -0.0001929985368467 -0.0000146228994469
v 0.1447322103088060 0.0506192726793796 0.0266684696107491 0.121569 0.113725 0.090196
vn -0.0000826202759820 -0.0002830902793294 -0.0000832576686829
v 0.0358178874439667 0.1485928126158389 -0.0003002608704300 0.270588 0.274510 0.223529
vn 0.0001390989796279 -0.0006295203208719 -0.0000095325103230
v 0.0137725704857364 -0.0531344674090819 0.0178853676742735 0.078431 0.098039 0.098039
vn 0.0001235483580029 -0.0005587365162130 -0.0000480949616011
v 0.0170087055212127 -0.0524400315068367 0.0087351123962976 0.117647 0.133333 0.129412
vn 0.0003343293507451 0.0008617037867323 -0.0001110495663406
v 0.0585254513200267 0.1472156449447478 0.0123031194662522 0.270588 0.294118 0.262745
vn 0.0003603848222248 0.0005719213013121 0.0000679931146607
v 0.0879924532391240 0.1268072490570647 0.0435030303266302 0.235294 0.278431 0.258824
vn 0.0002933835031607 0.0002349931987723 0.0002678038428846
v 0.1153776368319016 0.1033435090743815 0.1019070309403808 0.400000 0.443137 0.407843
vn -0.0004971923390868 -0.0004415788251164 -0.0000836913879104
v 0.1106926193305355 0.0997272450342219 0.0372196459804956 0.196078 0.219608 0.192157
vn -0.0001524470838682 -0.0004749939093825 -0.0004052725051007
v -0.0220989111247563 -0.0588354923296883 0.0862769983099320 0.066667 0.098039 0.090196
vn -0.0001445234443736 -0.0003639951279708 -0.0001359821663894
v -0.0206883537516865 -0.0519921973913968 0.0777473558206717 0.141176 0.160784 0.149020
vn -0.0001753205376605 0.0001986291930511 -0.0006221487716528
v 0.1131588556488073 -0.0408261578213100 0.1005185956041701 0.090196 0.125490 0.137255
vn -0.0001429958729386 -0.0000233223340296 -0.0007089943169356
v 0.1246651752482144 0.0044015572524515 0.1033995630577318 0.423529 0.498039 0.466667
vn 0.0007060885457514 0.0002995453358964 -0.0000158258992287
v -0.0454367508111332 -0.0181559309358170 0.0271589494785851 0.094118 0.113725 0.113725
vn -0.0006940291013641 -0.0000887648824877 -0.0000070014744282
v 0.1506029938968263 0.0189614348528723 0.0380828375721953 0.305882 0.352941 0.333333
vn 0.0000369651308201 0.0000063556930358 -0.0008410125381238
v -0.0843790562082102 0.0442378160525627 0.1006894137823077 0.407843 0.494118 0.474510
vn 0.0004324813830256 -0.0003144951449547 -0.0000034170954754
v 0.1246294602586523 -0.0921915119294474 0.0647034055562582 0.278431 0.333333 0.325490
vn 0.0005947110876132 -0.0004204820912336 -0.0000304356020339
v 0.1283686337350390 -0.0878576646095772 0.0737681024025316 0.325490 0.384314 0.372549
vn -0.0007226210994596 -0.0005996146416233 -0.0000295146670289
v 0.1200316130433359 0.0885047298344937 0.0534749024299976 0.219608 0.247059 0.223529
vn 0.0003224372353020 -0.0001097175112361 -0.0000968637661870
v 0.1549155733457231 -0.0258605294368568 0.0794191043896483 0.345098 0.364706 0.317647
vn 0.0002366984461531 0.0005051259295926 0.0000246005211819
v 0.0616677481349950 0.1407420833106798 0.0658560837077916 0.254902 0.301961 0.278431
vn 0.0001117860181554 -0.0003461999041530 -0.0004690396761392
v -0.0544586134435412 0.1233755777783968 0.0962270985507738 0.176471 0.235294 0.231373
vn 0.0005140796872362 0.0001097934054572 -0.0001605594230789
v 0.1492571496346004 0.0519318045032682 0.0039554646830652 0.298039 0.282353 0.227451
vn -0.0000989182354400 0.0001397753085465 -0.0003220292842356
v -0.0204162274696298 -0.1407722702363783 0.0982032319446030 0.141176 0.188235 0.188235
vn -0.0006902993387389 -0.0000200445198625 0.0000598463118325
v 0.1558713143399961 0.0078909013639424 0.0106988186324314 0.258824 0.250980 0.203922
vn 0.0001890106724548 -0.0000740493139023 0.0000329285013670
v 0.1451381580268228 -0.0596880785304287 0.0994097486292789 0.247059 0.298039 0.282353
vn 0.0000503155909110 0.0000580467821121 -0.0005470500114152
v 0.0187583122748232 0.0821355786915045 0.1017718847006628 0.407843 0.478431 0.458824
vn 0.0000809815201080 0.0000489461231031 -0.0004476640658437
v 0.0251704916046932 0.0875139119730123 0.1029626352936687 0.384314 0.454902 0.431373
vn -0.0000596708602448 -0.0000097007609266 -0.0006025186209463
v 0.1086616854259169 0.0289796871978786 0.1057878944794079 0.435294 0.505882 0.482353
vn -0.0001315958085797 -0.0000055511046526 -0.0004994309363046
v 0.1177961558353478 0.0249365612019126 0.1040977432559308 0.431373 0.501961 0.478431
vn -0.0000584267726773 0.0000125994360381 -0.0005129206504567
v 0.1099995498787083 0.0190910620395485 0.1055646312681606 0.439216 0.513725 0.482353
vn -0.0000711276389106 -0.0000187406371086 -0.0005215160857379
v -0.0819955814281064 -0.0437583485526085 0.0999313162608146 0.458824 0.541176 0.529412
vn -0.0001599435151050 0.0006837765531793 0.0001408632833809
v -0.0431410681013503 0.1525714911912205 0.0297660121940467 0.447059 0.541176 0.521569
vn -0.0001183755952770 0.0006978869304350 0.0000949939143075
v -0.0317744407196391 0.1548511289839335 0.0256770857704055 0.321569 0.403922 0.396078
vn -0.0001335393084765 0.0006183626855595 0.0000174451517672
v -0.0411558353973148 0.1553967256551242 0.0193122088618860 0.423529 0.466667 0.435294
vn 0.0005791834459061 -0.0000751410467824 0.0000208386954601
v -0.0499275548782423 0.0048036572380611 0.0740581606909763 0.172549 0.184314 0.172549
vn 0.0008838615593977 -0.0002131170901227 0.0000868704428134
v -0.0497432636939767 0.0086177895655823 0.0838824144502438 0.203922 0.219608 0.200000
vn -0.0000664752768375 0.0001027379743251 0.0007083571992442
v -0.0592908654736038 0.1026855140769519 0.1077447761416454 0.443137 0.517647 0.494118
vn 0.0004336618107156 -0.0000470262732915 0.0000598073606009
v 0.1550262817305427 -0.0079024568457157 0.0487471936073042 0.298039 0.352941 0.337255
vn 0.0002850104969205 -0.0004816248231614 -0.0001685196384131
v -0.0689857541408464 0.1358839265701276 0.0003267920479641 0.415686 0.435294 0.396078
vn 0.0000701326645767 -0.0002863715823262 -0.0000103563960551
v -0.0583926197353569 0.1407035364530629 0.0007086343596391 0.372549 0.376471 0.329412
vn 0.0003535362740512 0.0002704470663332 0.0004392889278529
v 0.1227215214250323 0.0939827970621928 0.1016196831144403 0.513725 0.537255 0.470588
vn 0.0000572560032267 0.0000339296530674 0.0005268588089919
v 0.1129465402410560 0.0938558441146752 0.1023891540427660 0.380392 0.450980 0.435294
vn 0.0000744330280275 0.0000699120737195 0.0007062373572856
v 0.1155795474452536 0.0836043394514404 0.1030100630552186 0.372549 0.447059 0.427451
vn 0.0007891656359071 -0.0000881152452753 -0.0000709511696103
v -0.1517040443062192 0.0194706001638839 0.0299296903690355 0.180392 0.180392 0.137255
vn -0.0005024849962320 -0.0001838682044190 0.0000165089998476
v -0.1525022658235063 -0.0294739160046515 0.0735521350171335 0.345098 0.407843 0.392157
vn -0.0009323888930522 -0.0004953203732328 0.0000332348894819
v 0.0465478358250568 0.0224095204947699 0.0326026319046914 0.113725 0.129412 0.129412
vn 0.0004657817339891 -0.0003064560527556 -0.0000125350397724
v 0.1309244716945369 -0.0829995558689113 0.0640441874983970 0.262745 0.317647 0.305882
vn 0.0003272350158356 0.0005832108467027 -0.0000297352616466
v 0.0299986629725516 0.0485855817593231 0.0137478110629681 0.129412 0.137255 0.141176
vn -0.0001099943005175 0.0000754319510560 0.0007308871990040
v -0.1072306096955377 0.0906862697008994 0.1028727885745721 0.423529 0.501961 0.478431
vn -0.0000500705942128 -0.0000099760688014 -0.0004854790338152
v -0.0950976138879960 0.0244088660725604 0.1020382414747625 0.431373 0.517647 0.498039
vn -0.0003753794580000 0.0004256098649290 0.0001425835049507
v -0.1056761593155816 0.1181817052507481 0.0350091224644736 0.427451 0.498039 0.474510
vn 0.0000200366771463 0.0000009295698163 0.0004551129661856
v 0.1073090123832567 -0.0171606000027579 0.1099904402882338 0.423529 0.498039 0.474510
vn 0.0000137084729680 -0.0000347899062628 0.0009211273088922
v 0.1045128493248437 -0.0255471192609833 0.1099065994310225 0.482353 0.564706 0.529412
vn -0.0000047546536023 0.0001023371191215 0.0004621438135909
v 0.0103556832823958 -0.1384811929641397 0.1059188005485193 0.356863 0.427451 0.415686
vn 0.0002392744647166 -0.0003571486119722 0.0000898055181895
v -0.0980229619078835 0.1185073770041047 0.0075586625071469 0.345098 0.384314 0.349020
vn 0.0000012326294989 -0.0000922511785653 -0.0004764968295501
v 0.0290657325475445 0.1151906414296518 0.1041419831985596 0.474510 0.525490 0.486275
vn 0.0000487606733646 0.0000615853787728 -0.0007262696848678
v 0.0063758100967503 0.1028594958577388 0.1021629205038609 0.329412 0.384314 0.360784
vn 0.0000089931649494 0.0000608091365123 -0.0003909893760762
v -0.0019807380492252 0.1069430948513946 0.1029388653677302 0.431373 0.490196 0.458824
vn 0.0003843955387016 0.0005117182928828 -0.0000800219475174
v -0.0936406046150857 -0.1225355513714265 0.0344125322787955 0.200000 0.243137 0.243137
vn -0.0006919518159551 -0.0003983408649662 0.0000560310558563
v -0.1355377387907203 -0.0776663786311972 0.0457028295058600 0.160784 0.207843 0.200000
vn -0.0004308886258312 -0.0001452043636357 -0.0006633738618211
v 0.1028463491487996 0.0915407671420540 0.0996282708837315 0.364706 0.439216 0.415686
vn -0.0004580010916425 0.0003138788070051 -0.0000262334146880
v -0.1358664893175894 0.0758151983968516 0.0820693455576555 0.427451 0.501961 0.490196
vn 0.0004192919809249 -0.0000846336374456 -0.0000521146366122
v 0.0564599659440199 -0.0087059269428771 0.0079169092139939 0.090196 0.101961 0.101961
vn 0.0009129678303697 0.0000871863042536 0.0001574753847891
v 0.1595896126845524 0.0108321976506227 0.0226662693992178 0.364706 0.392157 0.360784
vn -0.0004276169766826 0.0003317370466416 0.0000161083110017
v -0.1290666059968424 0.0867644213586440 0.0921313572052515 0.368627 0.439216 0.423529
vn -0.0004177484459654 0.0002716279525962 -0.0000446841013074
v -0.1331471331722748 0.0803545864155109 0.0886202328479852 0.380392 0.458824 0.439216
vn -0.0002631208995143 -0.0004780850602128 -0.0000380070343517
v -0.0837570985830565 -0.1352519265177348 0.0826653917168884 0.411765 0.392157 0.325490
vn 0.0000791216526764 -0.0000518380645182 0.0005006169954777
v -0.1313133588239271 -0.0546991976987444 0.1032534111943314 0.356863 0.423529 0.396078
vn -0.0005531178593604 0.0002938836263168 -0.0000824019416968
v 0.1357802646254514 -0.0627283313750809 0.0123923143814504 0.149020 0.180392 0.168627
vn 0.0000239534631522 0.0000057468641980 -0.0001506113319617
v -0.1514770249699865 0.0193365810972742 -0.0018528095255514 0.270588 0.290196 0.266667
vn -0.0005214729739081 -0.0006093281965883 -0.0000986667606407
v 0.0924334745968660 0.1223508080247093 0.0102094038885388 0.227451 0.219608 0.164706
vn -0.0001937923242672 -0.0000141382519628 0.0006762809363953
v 0.0759593079475114 0.0085764142796554 0.1050108329728788 0.396078 0.478431 0.462745
vn -0.0001157116131322 0.0000140775856560 0.0005873849533243
v 0.0805732628347406 -0.0043582575419612 0.1060870167358192 0.435294 0.521569 0.501961
vn -0.0002767743884689 0.0000293189556634 -0.0001205632022936
v -0.1567739508018413 0.0087001145837940 0.0030308318470018 0.321569 0.349020 0.309804
vn -0.0000433000908357 0.0001425909074040 0.0007241426667072
v 0.0256402697687374 -0.0838664147375480 0.1055295481624423 0.411765 0.482353 0.478431
vn 0.0006414428294500 -0.0001530297424147 -0.0000198752078057
v -0.1473665314563531 0.0367479658123061 0.0576579045284815 0.356863 0.431373 0.419608
vn 0.0005025547086989 -0.0003053310927702 -0.0000716685401701
v -0.1256086127677163 0.0930559352839351 0.0070731430686844 0.364706 0.400000 0.368627
vn 0.0006527048214862 0.0002347875112992 0.0000324897843309
v 0.1466615126897028 0.0483669547762861 0.0617490344433317 0.301961 0.345098 0.321569
vn 0.0005685300851084 -0.0003805027105418 0.0000601880236757
v 0.1208969064584348 -0.1021819279168700 0.0290921193692010 0.513725 0.478431 0.396078
vn -0.0000417677750704 -0.0001719950072798 0.0005780714839205
v 0.0114884159382755 0.0705600718589551 0.1035376243485634 0.392157 0.470588 0.450980
vn 0.0001735621386680 0.0003424608204098 0.0000078810260004
v 0.0689286604937545 0.1359455025447099 0.0919763815217326 0.239216 0.270588 0.254902
vn 0.0000335666400381 -0.0000154490473919 0.0006597045726557
v -0.1061830206112270 0.0433377636951994 0.1082277539660544 0.439216 0.521569 0.498039
vn 0.0001106550291822 0.0001014247406063 0.0003106154527519
v -0.0497410523801072 -0.0409276979534785 0.0978743285639787 0.364706 0.435294 0.427451
vn 0.0002723504730815 0.0002795159641849 0.0007058922128623
v -0.0430450942301688 -0.0470280538647956 0.0975200708167933 0.345098 0.415686 0.403922
vn -0.0003815010815554 -0.0005485227110245 0.0001479698200637
v -0.1019880494554903 -0.1238786130302747 0.0358362652760260 0.266667 0.317647 0.301961
vn 0.0005733741478257 -0.0001162007918327 -0.0000093323171629
v 0.0564274924825819 -0.0086224272732733 0.0588725962236260 0.149020 0.149020 0.145098
vn 0.0000695018516099 -0.0000069786875574 0.0006689133713172
v 0.1403501167902352 -0.0134955567593387 0.1040630838527107 0.392157 0.478431 0.458824
vn 0.0001569692554757 -0.0000087639422307 0.0006717763893821
v 0.1321427761726126 -0.0085527886793643 0.1061317482712643 0.415686 0.494118 0.470588
vn -0.0000181193137919 0.0001100665496173 0.0008252061216211
v 0.0239198948770549 -0.0985387007602724 0.1086445254244642 0.443137 0.517647 0.490196
vn -0.0000489221472480 0.0001053892236781 0.0006283078445385
v 0.0336506133425057 -0.0869213130401880 0.1067577947912663 0.415686 0.490196 0.470588
vn -0.0002312444612062 -0.0004702549929039 -0.0003616197183629
v -0.0275309134680712 -0.0490046214082195 0.0807500815406735 0.156863 0.180392 0.168627
vn -0.0007082432783522 0.0002091324042649 0.0000712850311848
v -0.1497973162543570 0.0479092943957338 0.0386710684179003 0.498039 0.556863 0.541176
vn 0.0005710980054395 -0.0001485518731695 0.0000535591061258
v 0.1526614154595792 -0.0267887496372626 0.0518776830387665 0.298039 0.356863 0.337255
vn 0.0003889789505290 -0.0000108123481970 0.0000216430210590
v 0.1555535997718051 0.0004671389666318 0.0482763608867506 0.231373 0.274510 0.266667
vn 0.0006079826995586 -0.0005880505479192 -0.0000017724292337
v 0.0420250719494120 -0.0372531066922858 0.0408350591070233 0.074510 0.082353 0.078431
vn 0.0000664758758752 0.0000090602653663 -0.0007548953044891
v 0.0141361158082429 -0.1077929940850330 0.1046556127831780 0.411765 0.478431 0.450980
vn -0.0000056202755805 0.0000494494700792 -0.0004865340728945
v 0.0541189276400731 0.0756461315478499 0.1026864634628977 0.431373 0.505882 0.490196
vn 0.0005829316273331 0.0002345754877648 -0.0000225107950638
v -0.1394697452286791 -0.0583074259033608 0.0655195986120537 0.235294 0.286275 0.274510
vn -0.0005661550178628 0.0008385160264171 -0.0001168679372050
v -0.0882690575896243 0.1303548528419521 0.0122314026927382 0.458824 0.490196 0.443137
vn 0.0002502261240998 0.0004511534753275 0.0000062834389544
v 0.0758755360905075 0.1324413646066973 0.0901325201556308 0.254902 0.290196 0.270588
vn 0.0000295000423414 0.0000375264391362 0.0006514405576350
v 0.0430437177303358 -0.1381545426644794 0.1047525442438093 0.388235 0.462745 0.443137
vn 0.0000382948367155 0.0007022200212298 0.0000292051580816
v 0.0056955938079595 0.0562391397820326 0.0295060592581837 0.129412 0.145098 0.149020
vn 0.0000402561426583 0.0000842711670066 -0.0007985875381797
v -0.0511175825903932 0.0920552427228891 0.1049437550502264 0.439216 0.513725 0.486275
vn -0.0004159815795308 -0.0003977846846934 0.0000707757574623
v 0.1076995431375623 0.1086462051479770 0.0106712053666360 0.152941 0.172549 0.145098
vn -0.0000161659341915 -0.0000570415474777 -0.0004305661679939
v 0.0377621462433250 0.1094233507106820 0.1050258587259809 0.450980 0.513725 0.474510
vn -0.0003493856051319 0.0003913215721683 0.0000032268947434
v -0.0373633402831343 0.0394614711300298 0.0763412472833186 0.203922 0.227451 0.215686
vn -0.0003168957474825 0.0004116597527452 -0.0002265677615885
v -0.0390123646846206 0.0371459528269597 0.0855350806185527 0.215686 0.243137 0.227451
vn 0.0000296417592919 -0.0000935260538764 0.0004668813623194
v 0.0969583537978595 -0.1047495732696622 0.1051326646602945 0.396078 0.474510 0.447059
vn 0.0007037938266166 -0.0001061969090724 -0.0000245637980078
v 0.0570552264969592 -0.0069008080493308 0.0430470172246779 0.101961 0.109804 0.113725
vn -0.0000277185090116 -0.0000524653102681 0.0005603886080417
v 0.0070941906378233 0.0919107154376893 0.1060261033718290 0.427451 0.494118 0.478431
vn -0.0000132226660104 -0.0000370866837962 0.0003724308996314
v 0.0012340002567352 0.0853694003424854 0.1052727826033604 0.431373 0.505882 0.482353
vn -0.0000415375405195 -0.0000760167120685 0.0006250424583573
v 0.0095881449590552 0.0832696260606763 0.1055945967729629 0.392157 0.462745 0.447059
vn 0.0005028641921754 0.0004084754747387 0.0000061217100180
v 0.0428736127159659 0.0374353416757977 0.0204689096344098 0.149020 0.164706 0.160784
vn 0.0000244062298889 -0.0001447214772119 -0.0006607616111700
v 0.0109667289717592 0.1287398190194263 0.1007730892195079 0.388235 0.454902 0.431373
vn -0.0003642816647281 0.0004696589732009 0.0000156675810046
v -0.0333630142970757 0.0435967951068690 0.0330191923067636 0.125490 0.141176 0.137255
vn -0.0003305202460205 0.0003896339960517 0.0000111232732792
v -0.0335820568185174 0.0429603698008995 0.0242506373736954 0.117647 0.133333 0.137255
vn 0.0000495006129274 -0.0010358853765801 -0.0000037939875461
v -0.0126282827903398 0.1528908371151623 0.0234448611950561 0.290196 0.364706 0.356863
vn -0.0008293742095100 -0.0001706232695627 0.0000834020274376
v 0.1437173345634196 0.0525954174578978 0.0112685572651307 0.192157 0.180392 0.137255
vn 0.0005130104369480 -0.0000268171982268 -0.0000724454296964
v -0.1503880996422821 0.0099991361217608 0.0803460101553604 0.364706 0.435294 0.419608
vn -0.0006426629937032 -0.0005090612128409 0.0000563214109030
v 0.0414377182507009 0.0331916407791357 0.0782660990908006 0.207843 0.227451 0.211765
vn -0.0004957058199088 -0.0006237514209883 0.0000440758273651
v 0.0329796313251050 0.0414577654652193 0.0756289684905023 0.184314 0.203922 0.196078
vn -0.0004993206010152 -0.0000105673795377 -0.0000277047156036
v -0.1556947474719994 -0.0278124602123150 0.0153068147348220 0.274510 0.309804 0.286275
vn 0.0007750341342581 0.0000915457784389 0.0000471725886951
v -0.0485903695377669 -0.0041756773402272 0.0476156830619604 0.137255 0.145098 0.141176
vn 0.0000649898965084 0.0000475803683681 0.0004907715482338
v 0.1072702700494007 0.0458705563485930 0.1095817001891029 0.419608 0.498039 0.466667
vn 0.0000133439372310 0.0000108981881565 0.0003442772117365
v 0.1035146833272548 0.0382084685317420 0.1104177844762077 0.443137 0.513725 0.490196
vn 0.0000707181445435 0.0000174465110546 0.0004848712048899
v 0.1113441581887843 0.0376584742951671 0.1095681177143278 0.419608 0.494118 0.466667
vn -0.0006456520366240 0.0002864323862210 0.0000411119117512
v -0.0506966328228936 0.0209324644218703 0.0296146025677059 0.176471 0.188235 0.168627
vn 0.0001080665233229 0.0000524700818010 -0.0002956660202646
v -0.0707748867813306 -0.1241550776911610 0.0985179414527439 0.388235 0.462745 0.447059
vn -0.0003386192006942 0.0004874965064775 0.0000021493258458
v -0.0309461836876472 0.0445482023036408 0.0438205384023714 0.094118 0.098039 0.098039
vn -0.0003036341887627 0.0006003822823696 0.0000217693768167
v -0.0241418615720593 0.0486624064152554 0.0362070933508140 0.117647 0.133333 0.133333
vn 0.0003962418869999 0.0001681593777115 0.0000225378149526
v 0.1421610763995398 0.0601919105896745 0.0559241720344894 0.270588 0.301961 0.286275
vn -0.0002452207122468 0.0000316894400282 -0.0005935747243417
v -0.0703215625331328 -0.0008542261684392 0.0964003379428802 0.415686 0.505882 0.490196
vn -0.0001422858679693 -0.0000022654355623 -0.0004780373185426
v -0.0752798262384708 -0.0079180098066497 0.0976195363327956 0.415686 0.501961 0.486275
vn 0.0005633052957430 0.0004481842701645 -0.0001309084814205
v -0.0968545346557450 -0.1181667236994551 0.0642829284972812 0.184314 0.223529 0.215686
vn 0.0005226840986248 0.0005266246424916 -0.0000905721557474
v -0.1039012188012157 -0.1058318365788301 0.0617295951000475 0.101961 0.137255 0.129412
vn 0.0001661664528458 0.0001447130731831 0.0006731384479118
v -0.0569059292849980 -0.0411423983983761 0.1007750602711597 0.400000 0.482353 0.474510
vn -0.0004089219855404 -0.0001076415078969 0.0000012813114573
v 0.0518518960400937 0.0147366275026808 0.0823400151780894 0.184314 0.200000 0.188235
vn 0.0003030757234865 0.0003485405963998 0.0000073432822353
v -0.0301957262148549 -0.0387311939723122 0.0421961152746251 0.098039 0.117647 0.109804
vn -0.0004260922028527 -0.0000392014741128 0.0000343813632527
v 0.1517982276523175 0.0084995934493017 0.0354972117008997 0.239216 0.282353 0.274510
vn -0.0003214480540160 -0.0002954794633908 -0.0000826931251316
v 0.1088342299849586 0.1041489900867680 0.0307270253222994 0.219608 0.219608 0.172549
vn 0.0003692996231497 0.0001511704388823 -0.0000814786530353
v -0.0450159935615721 -0.0155201776159764 -0.0004111888888079 0.192157 0.211765 0.192157
vn -0.0002500519178198 -0.0001049598880290 -0.0001896578794761
v -0.0467583185253315 -0.0216035176511439 -0.0010786955963929 0.184314 0.203922 0.184314
vn 0.0000985474998368 0.0000366928191697 0.0005756394306909
v 0.1303675453430095 -0.0754001161510572 0.1038298878398650 0.400000 0.466667 0.454902
vn 0.0001641074354083 0.0006208184709313 0.0000296061409415
v 0.0376173635416925 0.1490015829885710 0.0787003698861382 0.345098 0.400000 0.372549
vn 0.0002511035479436 0.0007505959932982 -0.0001416991303218
v 0.0450504349547153 0.1460531605463226 0.0852679361466873 0.239216 0.274510 0.254902
vn -0.0000325758138404 -0.0000387328524190 -0.0003508642123019
v 0.0521084935427298 0.1040375560094456 0.1046211251305824 0.423529 0.478431 0.450980
vn 0.0003739566558391 0.0004443695439435 -0.0001511599733467
v 0.1002572754152792 0.1221292920474270 0.0052919765985309 0.258824 0.262745 0.215686
vn -0.0003182539337198 0.0001820554273583 0.0000656118575755
v 0.1529099615592711 -0.0296907848240713 0.0125905489555375 0.188235 0.215686 0.192157
vn 0.0006803442130995 0.0005121734435256 0.0000449593478121
v 0.1379771079910913 0.0791976411544874 0.0152295756751820 0.294118 0.298039 0.258824
vn 0.0003765008088342 -0.0002322385448579 -0.0000381836993510
v -0.1247379338899526 0.0868060822793004 0.0457044679555122 0.313725 0.384314 0.376471
vn 0.0000002373299291 -0.0000299647861231 0.0005302606432804
v 0.0265584954127841 -0.1097835741083015 0.1089920894560814 0.450980 0.517647 0.482353
vn -0.0000036522513901 -0.0000844332513652 0.0006732413723802
v 0.0097618759627486 -0.1159048018631665 0.1082281979741686 0.427451 0.501961 0.478431
vn 0.0000249542862525 -0.0004224341873191 -0.0000699517421699
v 0.0085037246028899 -0.1563913063522268 0.0913298811893903 0.125490 0.156863 0.152941
vn -0.0000444038394915 -0.0009326441046305 -0.0001536222360778
v -0.0022085169828834 -0.1565518131645807 0.0907260524681895 0.223529 0.274510 0.266667
vn 0.0005961498933189 -0.0003252901829367 -0.0000103363416656
v 0.1362483119010073 -0.0746723320342998 0.0637546916547135 0.286275 0.341176 0.325490
vn -0.0002497892054023 -0.0007004312504919 -0.0000062700790441
v -0.0145196156875225 -0.0525307665983822 0.0204565291376005 0.098039 0.113725 0.113725
vn -0.0003344159492076 -0.0005024069768748 0.0002245980548757
v -0.0914570519452717 -0.1287889621645513 0.0943635761248023 0.403922 0.470588 0.443137
vn 0.0002054230752915 0.0003917397763628 0.0000078316837521
v 0.0694600686457210 0.1357277048245057 0.0839786611061089 0.243137 0.278431 0.258824
vn 0.0005279854939776 -0.0002053098875275 -0.0000541584398360
v 0.0538736603632768 -0.0169764343205247 0.0109549099978099 0.070588 0.086275 0.090196
vn -0.0000868411805358 -0.0000435669163169 0.0003650536166783
v 0.0670813424400298 0.0391275186044990 0.1050629887184256 0.407843 0.490196 0.466667
vn -0.0001457121665748 -0.0000680812594687 0.0007782284452648
v 0.0593119375751398 0.0400310620141077 0.1028923606745656 0.419608 0.498039 0.482353
vn -0.0000184809265142 -0.0000356478022495 0.0003039923652603
v 0.0566152929537834 0.0759376671789831 0.1070676635895448 0.454902 0.533333 0.509804
vn 0.0002677799735700 -0.0000020133103575 0.0000046735594064
v -0.1504078650549403 0.0017431233720753 0.0764248591242087 0.341176 0.415686 0.392157
vn 0.0000059098761234 -0.0000323431570152 0.0004144385812665
v -0.1053805179079439 -0.0365866699510589 0.1080979470315324 0.419608 0.501961 0.478431
vn 0.0001087406056368 -0.0000113226682264 0.0006172808437575
v 0.1378635109392414 -0.0015870337442191 0.1046808282877180 0.392157 0.474510 0.447059
vn 0.0000699260827403 0.0000090767803957 0.0004740726916354
v 0.1353005541184591 0.0071077189503522 0.1051293577002208 0.403922 0.486275 0.462745
vn 0.0002496963085229 -0.0002403387440090 -0.0000987913317896
v -0.1180312284677258 0.0942490589493665 0.0887762611571181 0.321569 0.400000 0.392157
vn 0.0000044998138138 -0.0005150702346333 -0.0000874943395819
v 0.0107118400326294 -0.1569763112378804 0.0079563170007063 0.301961 0.329412 0.298039
vn 0.0001759352512294 -0.0000935152494619 0.0004928938909225
v -0.0610697686513022 0.0103934156460386 0.0985466490392406 0.364706 0.439216 0.431373
vn -0.0005626516940475 -0.0005709702842258 -0.0000357102035677
v -0.0385494075578630 -0.0384499176053391 0.0519756792273596 0.105882 0.117647 0.113725
vn -0.0003626851427365 0.0004729126427146 -0.0000778979673808
v 0.0945645010240762 -0.1172155048313565 0.0763391671303474 0.058824 0.094118 0.094118
vn -0.0005789837454979 -0.0001092500634256 0.0000120926213890
v 0.1443123579419522 0.0419593011788873 0.0282422780407811 0.090196 0.109804 0.094118
vn -0.0006522015023083 -0.0001919551009230 -0.0000152041603412
v 0.1478238593334602 0.0332043087302814 0.0368343113500876 0.286275 0.333333 0.313725
vn -0.0000142236648484 -0.0001099246569656 0.0006976350184932
v 0.0009253561042876 -0.1220600655030343 0.1071289977507863 0.372549 0.443137 0.423529
vn 0.0006362025231570 -0.0000555602048453 -0.0000174277996285
v -0.1500496727427636 0.0179039640812413 0.0613244785534546 0.423529 0.498039 0.482353
vn 0.0006671972847953 0.0001947926693790 0.0000228283524689
v 0.1492500631788585 0.0393962795461223 0.0684635346765298 0.274510 0.317647 0.298039
vn -0.0007184461588227 -0.0001677183522889 -0.0000022145750972
v -0.1496835510842557 -0.0378386199715372 0.0891314242436901 0.227451 0.274510 0.262745
vn 0.0000432437436912 0.0000532382423388 -0.0006121674629030
v 0.1029277854294479 0.0120046677944651 0.1052952859447324 0.403922 0.478431 0.450980
vn -0.0004246668167313 -0.0002118836959089 -0.0000388315318615
v 0.1359603146754342 0.0652119198169433 0.0411517731334669 0.239216 0.258824 0.231373
vn -0.0005753130029419 -0.0003689868104631 0.0000520120155746
v -0.1248727935145275 -0.0924158099293539 0.0608422503803598 0.200000 0.247059 0.235294
vn -0.0003607731328541 -0.0002429273649593 -0.0000028548610673
v -0.1275548458275563 -0.0887292795489817 0.0708387443891954 0.250980 0.301961 0.290196
vn -0.0000589593094491 -0.0004240601447956 -0.0004384963060472
v -0.0154221660746406 -0.0616776788925434 0.0896036994906084 0.125490 0.168627 0.160784
vn 0.0003625494015938 -0.0001108804765078 -0.0000611880054385
v -0.0459859308857604 0.0140965408763419 0.0001806402320078 0.278431 0.298039 0.270588
vn -0.0006572111233480 -0.0002188900794106 0.0000162486385888
v -0.1520803853513793 -0.0299279107302936 0.0825338810004104 0.313725 0.380392 0.360784
vn 0.0007525423309253 -0.0001971260510426 0.0000888982009581
v 0.1513610094993957 -0.0411297470082121 0.0318557342175085 0.254902 0.305882 0.298039
vn 0.0007222656906468 -0.0002131035659561 0.0000844627996128
v 0.1482172756493387 -0.0469938674935008 0.0406182775869100 0.262745 0.317647 0.301961
vn 0.0001290667019030 -0.0000594150785069 -0.0005104466607702
v -0.1181110411981670 -0.0602606998529725 0.1009723576187981 0.388235 0.470588 0.450980
vn 0.0003012282658740 0.0005008536981163 0.0001599054108925
v 0.0817409410417192 0.1323315272825133 0.0313117670584012 0.254902 0.294118 0.274510
vn 0.0006388123034292 -0.0000019462330775 -0.0000408118188464
v -0.1524741247577669 -0.0014634134777566 0.0259225709659880 0.333333 0.380392 0.356863
vn -0.0000973762164867 -0.0000429321558001 0.0006264518514118
v -0.1195522570004553 -0.0264743382350318 0.1078607969073715 0.439216 0.521569 0.494118
vn -0.0000540300551902 -0.0000440347123437 0.0004706078985238
v -0.1143264991590559 -0.0368021946620321 0.1077096771894033 0.419608 0.505882 0.482353
vn 0.0002498106198061 0.0005786904642835 0.0001061599015786
v -0.0191116195025096 -0.0479741902276207 0.0793621336898095 0.176471 0.200000 0.184314
vn -0.0007122846104802 0.0001854238928974 -0.0001225524106470
v 0.1480067111266224 -0.0333072432900456 0.0332353032069311 0.239216 0.290196 0.274510
vn -0.0009409156470632 0.0003616849481417 0.0000576699804148
v 0.1446400814417698 -0.0478864165638001 0.0294638171595927 0.239216 0.290196 0.278431
vn 0.0000222865620666 -0.0001281857217839 -0.0006397997799401
v -0.0389104702814239 -0.0931705267102781 0.1036309264018549 0.415686 0.494118 0.482353
vn -0.0000236388384379 -0.0001724019352307 -0.0007599155160412
v -0.0294269031110001 -0.0916930574559409 0.1034019371469363 0.443137 0.529412 0.509804
vn -0.0006767354892125 -0.0003018285527433 0.0000306905818884
v 0.1371320355948441 0.0590999927483554 0.0781618128896514 0.231373 0.258824 0.243137
vn -0.0005144308921894 -0.0003842769022792 -0.0003439108786341
v 0.1349138611955893 0.0638437312077139 0.0923416191316299 0.109804 0.117647 0.105882
vn 0.0006360257404610 0.0000701106765467 -0.0000151156238962
v 0.0580452283183915 0.0078346411641260 0.0698506001226906 0.164706 0.168627 0.156863
vn 0.0007318012967774 0.0002426637479268 -0.0000251040577193
v 0.0562301980928811 0.0151831316885430 0.0665080568184530 0.160784 0.164706 0.160784
vn -0.0004095511312566 -0.0002037254697089 -0.0000371175226831
v -0.0468478140981827 -0.0249121646882036 0.0088746315605766 0.094118 0.113725 0.109804
vn -0.0006843586810230 0.0000246856646628 0.0000092782476592
v -0.1599990588933426 -0.0138792273154484 0.0604759491624355 0.403922 0.458824 0.435294
vn -0.0004292440256718 0.0001917204197540 0.0000080515971175
v 0.1478552971498830 -0.0286832294018165 0.0883390996046459 0.117647 0.137255 0.125490
vn 0.0003663895065034 0.0006525917187715 -0.0002936531598856
v -0.0840398221727581 -0.1283167515459843 0.0000635556518273 0.243137 0.250980 0.203922
vn 0.0000143215747113 -0.0000019877226027 0.0005441106540831
v 0.1012837744512227 0.0301064583383213 0.1106175484984104 0.439216 0.513725 0.486275
vn -0.0000669332975174 -0.0000017846829864 0.0005371819182389
v 0.0933639872441136 0.0356829394016969 0.1101584032021469 0.439216 0.517647 0.490196
vn -0.0003422901336102 -0.0006542538916533 -0.0000015480409020
v -0.0570355235530196 -0.1457073467543208 0.0251602144821710 0.247059 0.298039 0.282353
vn -0.0001033923747603 0.0004385285281932 0.0000682806155926
v 0.0288863284575712 -0.1503798891220392 0.0078581306683826 0.317647 0.325490 0.282353
vn -0.0001675968841290 0.0008361511724627 0.0000563115072657
v 0.0400053787082365 -0.1483349951318500 0.0158463488188706 0.368627 0.400000 0.364706
vn 0.0000529786541739 -0.0001130491161232 -0.0006731491835939
v 0.0228028673858144 -0.0841924176504141 0.1008619365879440 0.462745 0.549020 0.525490
vn -0.0000793624751941 0.0000849623512814 0.0006266803471464
v -0.0983372740560752 0.0961461041368850 0.1036157658225377 0.435294 0.517647 0.490196
vn -0.0005489439950534 -0.0006383260081964 0.0000300377247521
v 0.0774496092815645 0.1264985408592040 0.0854216249526515 0.239216 0.278431 0.262745
vn 0.0007423662510550 -0.0003746985069703 0.0000080385373705
v 0.1442319149852640 -0.0635906486198865 0.0237392695647190 0.325490 0.372549 0.349020
vn 0.0005737154364695 -0.0002454568622152 0.0000540029705865
v 0.1461207859378368 -0.0566801198309443 0.0188866232037102 0.247059 0.286275 0.258824
vn -0.0000145109178283 0.0005261140539172 0.0001090698248589
v -0.0050354603873150 0.1581004539701155 0.0218029807999358 0.368627 0.443137 0.427451
vn 0.0000261330042174 0.0000304976985350 -0.0005449090344210
v 0.1007567591768468 0.0224258869214823 0.1060529023659617 0.450980 0.521569 0.494118
vn -0.0000551636442792 -0.0006854273222596 -0.0000136720951456
v -0.0192408973613309 -0.1577747056000532 0.0315587263983393 0.258824 0.329412 0.321569
vn -0.0000492605376453 0.0007935792246562 0.0000744815812419
v -0.0062546119359318 0.1537002617777970 0.0670088376008289 0.360784 0.439216 0.423529
vn 0.0001180010025869 0.0000762626113848 0.0005843719924285
v -0.0670217183258642 -0.0342691440303253 0.1017024213003207 0.388235 0.474510 0.462745
vn -0.0000460081567717 0.0000421116598973 0.0008014220371477
v -0.0712594974035068 0.1174936430638562 0.1033235293673756 0.400000 0.478431 0.458824
vn -0.0007286088974414 -0.0000207628846739 -0.0001396735216065
v 0.1480219929911990 -0.0154964769517271 0.0583057949432915 0.239216 0.282353 0.266667
vn 0.0000159998893423 -0.0000212497147538 0.0006448608952265
v -0.0966268868955189 0.0600175819329768 0.1084512713369125 0.450980 0.525490 0.501961
vn 0.0007691559621558 -0.0004612604321633 -0.0000364725969131
v 0.0491709701714764 -0.0280152553669037 0.0164354034331743 0.078431 0.094118 0.094118
vn 0.0003729496734035 -0.0002782793639949 -0.0000638826331814
v 0.0447589501216348 -0.0334806900556207 0.0068161572559512 0.219608 0.219608 0.196078
vn -0.0003939444447745 -0.0000432887815693 0.0000554784144107
v 0.1400085925032074 0.0432932721753266 0.0009992187294938 0.101961 0.105882 0.086275
vn -0.0000488358120082 0.0009168263688072 0.0000657903348099
v -0.0029123285623892 0.1614502651322217 0.0100029872727836 0.478431 0.474510 0.403922
vn 0.0004556047717318 -0.0001352910783911 -0.0000131052890147
v -0.1452944450056335 0.0441070430871184 0.0520500493997722 0.349020 0.419608 0.407843
vn 0.0005233631448666 -0.0001934066496027 -0.0000215137395534
v -0.1427557639035157 0.0525079193840948 0.0507754461834546 0.407843 0.490196 0.474510
vn 0.0000436963938433 -0.0000342791049005 0.0004660537612965
v 0.0901774239516156 -0.0804891120423881 0.1098643059182313 0.439216 0.513725 0.482353
vn 0.0001491120525772 0.0008337067768445 -0.0000545833565726
v 0.0231629015159234 0.1519888594940247 0.0797527995709983 0.254902 0.305882 0.290196
vn 0.0000724832542653 0.0001949631797765 0.0002750719921881
v -0.0239411410447511 -0.0565136920119084 0.0962803938810538 0.317647 0.384314 0.376471
vn -0.0002562501326621 0.0001396029666967 0.0000606658051822
v 0.1483921910627760 -0.0230609274525894 0.0542792607919548 0.258824 0.309804 0.294118
vn -0.0001335038602750 0.0002553804309002 -0.0005240820072896
v 0.1233622150635540 -0.0420758071119147 0.0944025918881698 0.098039 0.137255 0.145098
vn -0.0002540203311415 -0.0006867269213004 0.0000127509218101
v -0.0476011591489482 -0.1500861467009719 0.0545934984571817 0.266667 0.325490 0.309804
vn 0.0001250212226414 0.0001522677562268 -0.0005011739978839
v 0.0073704001764709 -0.1142943636592167 0.1040043782751618 0.400000 0.478431 0.450980
vn -0.0002415091242938 -0.0000127014431303 -0.0007579870497202
v 0.1344217081711179 -0.0004825745643847 0.1010154214688835 0.407843 0.490196 0.462745
vn -0.0000736771615806 -0.0006573394461213 -0.0000377350941788
v 0.0158972148103674 0.1506123416848722 0.0401856745300009 0.313725 0.384314 0.368627
vn 0.0005412015665336 -0.0000115074231260 0.0001091758489115
v -0.1527479693494936 0.0170978136221112 0.0104245121300048 0.266667 0.298039 0.266667
vn 0.0000121009889481 0.0004846381537933 0.0000699601789966
v 0.0118550275009926 -0.1520816655056940 0.0058139633881311 0.215686 0.243137 0.223529
vn 0.0000150704811574 0.0006177504287168 0.0000470301086300
v 0.0010468469262081 -0.0505539264727658 0.0548419800091829 0.098039 0.113725 0.105882
vn -0.0000616202121127 -0.0000539294877214 0.0006653732468790
v -0.1182886255100959 -0.0850494405867117 0.1030676339748645 0.392157 0.466667 0.450980
vn -0.0005284964677730 0.0001425000645920 0.0000252935834773
v -0.1566025728047588 -0.0051354657383579 0.0522644045978642 0.368627 0.423529 0.407843
vn -0.0000885170816592 0.0003097287910382 0.0007340588526163
v 0.0055362900044281 -0.0663149595939322 0.0997954544828594 0.388235 0.466667 0.454902
vn -0.0000370638164505 -0.0000982123578640 0.0004643898280128
v -0.0287359148183359 -0.1245083883526187 0.1072238700716222 0.372549 0.447059 0.427451
vn -0.0001287933215951 0.0001949514235854 -0.0004952941136565
v 0.1261443295453134 -0.0337203143695517 0.1020865739633695 0.403922 0.482353 0.462745
vn -0.0000975595876124 0.0002007960861929 -0.0006289373353993
v 0.1161087856528937 -0.0319223474418698 0.1042446440073505 0.435294 0.521569 0.494118
vn 0.0000755878908444 -0.0001371420348232 0.0007151837219526
v -0.0216918303405419 0.0752996181233288 0.1045622484978033 0.443137 0.529412 0.505882
vn 0.0001620655240181 0.0002682822679103 0.0001053103788097
v 0.0623004542212705 0.1455443070159074 0.0300844464184168 0.364706 0.427451 0.400000
vn -0.0004115543951758 0.0002965087142406 0.0000820477877642
v -0.1388773703246704 0.0813351002162141 0.0215753903870422 0.490196 0.560784 0.537255
vn -0.0004954195735302 0.0002933941987900 0.0000819526529225
v -0.1430641638884579 0.0727532903582522 0.0291570182591249 0.419608 0.490196 0.470588
vn 0.0000459377410810 -0.0007341052282609 -0.0001540309924974
v -0.0271559655026631 0.1468014727422802 0.0655087641538837 0.376471 0.458824 0.447059
vn -0.0000004133074223 -0.0000506701203303 0.0003898142573390
v 0.0187098427274155 -0.1143486978552746 0.1085018696243721 0.431373 0.501961 0.466667
vn 0.0001880879752991 -0.0003092541682263 -0.0000343822067324
v -0.0763394069469836 0.1314333837575746 0.0015848148778091 0.352941 0.384314 0.349020
vn -0.0001235742329944 -0.0008060946037066 -0.0000720629969791
v 0.0232182698603479 0.1494522564830206 0.0334626383960408 0.223529 0.270588 0.250980
vn -0.0001069671207776 -0.0000201878161530 -0.0004984066336560
v 0.1196991082316514 0.0162701099837703 0.1034789901046498 0.415686 0.486275 0.462745
vn 0.0004061537574947 0.0001322406009598 -0.0000429098574613
v 0.1513619804734105 0.0432397698397124 0.0083970965129808 0.278431 0.270588 0.215686
vn 0.0000285480208079 0.0001017619976669 -0.0006458225144156
v -0.0560553646066460 0.0806602647077796 0.1010928199866098 0.227451 0.282353 0.274510
vn 0.0006676636724645 -0.0002633360017039 -0.0000657797442251
v 0.1410309157186685 -0.0644167300531821 0.0692301440427144 0.235294 0.282353 0.274510
vn 0.0000199686850018 -0.0000802798787556 0.0007462148572009
v -0.0023481896017240 0.0932348185649440 0.1060041861786227 0.403922 0.470588 0.454902
vn -0.0000751009488826 -0.0001456682403233 0.0007832065953176
v 0.0222173898903611 0.0768025000925073 0.1057859324550857 0.411765 0.490196 0.466667
vn -0.0004610433941829 0.0003045577339921 0.0000416721743179
v -0.1298906420392039 0.0906295793585383 0.0314582993849437 0.376471 0.454902 0.439216
vn 0.0000336051603341 -0.0000948816061192 0.0006782030496676
v 0.0460926981569907 -0.1242446524167428 0.1058712867500650 0.403922 0.482353 0.454902
vn -0.0001719424603131 0.0000448881074620 -0.0006629871325230
v -0.0751025662401010 0.0064587291889086 0.0982815739165379 0.407843 0.498039 0.486275
vn 0.0000477927039223 0.0001593970877858 0.0007064657184139
v -0.0218351157363413 -0.0756835444311697 0.1028050955629327 0.384314 0.470588 0.462745
vn -0.0003066920993777 0.0003186304884257 -0.0000056531247633
v -0.0373531632486655 0.0389661907885506 0.0686681112076674 0.200000 0.219608 0.203922
vn -0.0004634889953876 0.0003569031169070 -0.0000085657753403
v -0.0430722423226407 0.0327923262440833 0.0669218465414543 0.160784 0.172549 0.160784
vn -0.0002714047400875 0.0006342457149710 -0.0000237820025701
v 0.0578567533461905 -0.1405295385265500 0.0413037194161640 0.298039 0.372549 0.360784
vn 0.0004972951522448 -0.0004196220648813 -0.0000067337767995
v -0.0355870074906891 0.0342768685486498 0.0430212664959242 0.113725 0.121569 0.117647
vn -0.0000604923239546 -0.0000915443050356 0.0005254189254846
v -0.0830454996573439 -0.1031826055558497 0.1049843017044453 0.368627 0.443137 0.427451
vn -0.0000333096662695 -0.0000653698527463 0.0006484551333999
v -0.0678037917074948 -0.1010333677518117 0.1069134493479203 0.419608 0.498039 0.474510
vn -0.0000327940692130 -0.0000546695756652 0.0004148610328762
v -0.0763130103549123 -0.0953137042173591 0.1069733517785120 0.407843 0.482353 0.458824
vn 0.0002783969100778 -0.0004184128821868 -0.0000059869220195
v -0.0843698134200213 0.1241679584746846 0.0674403037411537 0.309804 0.384314 0.380392
vn -0.0001346684775325 -0.0002950805184923 -0.0000324758842090
v 0.0574721134895485 0.1394966997419303 0.0421531922272254 0.231373 0.282353 0.262745
vn 0.0001389000553774 0.0004623475155596 0.0000144664463847
v 0.0427370476729314 0.1475869683040947 0.0712392298560793 0.333333 0.392157 0.360784
vn 0.0002662705379991 -0.0002399048271446 0.0000599850784733
v -0.1259101985321665 0.0856557715335737 0.0203339738892632 0.176471 0.211765 0.180392
vn 0.0000957761332562 0.0000044546759845 -0.0008579722584461
v -0.1157122652203897 -0.0129284710195536 0.1046895647095708 0.423529 0.505882 0.478431
vn -0.0000199491059481 -0.0000119127917403 -0.0004344146002800
v -0.1072549237673650 -0.0091082319891000 0.1050545427263429 0.478431 0.556863 0.529412
vn -0.0004930724711133 -0.0000712945174056 -0.0001728692663092
v 0.1481386582800349 0.0107414063603443 0.0912111841443684 0.282353 0.317647 0.298039
vn -0.0004183361154453 0.0004811700599859 0.0000012285695786
v -0.1033104590663063 0.1156553261342384 0.0640931032138706 0.392157 0.474510 0.462745
vn -0.0004267470338876 0.0005584641969094 0.0000450519664442
v -0.1058669939805499 0.1198631967588866 0.0252126539865715 0.407843 0.470588 0.447059
vn -0.0009024617015283 -0.0001195714894164 -0.0000406743765553
v -0.0540978844830378 -0.0076980645054580 0.0609001087979821 0.168627 0.180392 0.168627
vn 0.0008598976118735 -0.0004675460477305 0.0000240054077677
v 0.1369233021692085 -0.0756025297672984 0.0303604423878740 0.215686 0.262745 0.258824
vn 0.0003457310485609 -0.0001682617146307 0.0000202462207015
v 0.1380889880654387 -0.0713279720543856 0.0216016514322677 0.207843 0.243137 0.231373
vn -0.0000197311862250 0.0000359853382083 0.0004879324889464
v 0.1022107825871444 -0.0101585101054729 0.1096023388738519 0.403922 0.474510 0.454902
vn 0.0000281931787394 0.0001738359574424 -0.0001579915831384
v 0.0165301929092249 0.1587849517834054 0.0004620539422978 0.305882 0.301961 0.243137
vn -0.0000587406148201 0.0000223661384497 0.0005398550247413
v 0.0978896576867639 -0.0189724998435337 0.1096420933652450 0.470588 0.549020 0.525490
vn -0.0003907865398104 -0.0000421815450467 -0.0007461298488260
v 0.1383475275080515 0.0096486972513837 0.1000441207832505 0.403922 0.486275 0.462745
vn 0.0000118456671395 0.0000070971330796 0.0004787830231597
v 0.0385727939260658 0.1013651607359527 0.1100275938892765 0.458824 0.521569 0.482353
vn 0.0005063886237823 -0.0003800261044519 -0.0000301734345540
v 0.1083566383217186 -0.1112011411005936 0.0643180563856149 0.290196 0.345098 0.329412
vn -0.0004765308605880 -0.0000429133756645 -0.0000880676780637
v -0.1561546034999902 0.0229435212454486 0.0910428852783098 0.529412 0.549020 0.486275
vn 0.0003221100356557 0.0002475260894812 -0.0000208215789390
v -0.1236835975880053 -0.0880839816813694 0.0406434352030577 0.184314 0.227451 0.219608
vn 0.0006285972896060 0.0005061416860212 -0.0000357866334964
v -0.1199734530665665 -0.0932217868340646 0.0473738078422892 0.125490 0.156863 0.152941
vn -0.0000243271890994 0.0001628988445812 0.0008328368978764
v 0.0129713832842927 -0.0939256574603785 0.1078923851664314 0.443137 0.521569 0.498039
vn 0.0002627426536921 0.0000318309896189 -0.0003757950987974
v -0.1444052244786663 -0.0126086159687626 0.0997623592104716 0.400000 0.482353 0.462745
vn 0.0008946400914638 0.0000808452646756 -0.0003598570465558
v -0.1508869321756122 -0.0133205818208090 0.0889919840296942 0.101961 0.125490 0.117647
vn 0.0003535016754053 -0.0005077853450296 0.0000241735914168
v -0.0248620742508492 0.0429352285339324 0.0783483692578930 0.200000 0.223529 0.211765
vn -0.0004530173870217 0.0002285289501378 0.0000898269460732
v -0.1417467968649915 0.0674595147374648 0.0422004953824651 0.321569 0.388235 0.376471
vn -0.0000634860934198 0.0000690491696984 0.0006029343505081
v 0.0409286305353952 -0.0823247096480309 0.1068791539460116 0.400000 0.478431 0.458824
vn -0.0000636164819301 -0.0001074938979716 -0.0006125335010228
v 0.0671103243133332 0.1061384690656352 0.1024265920064076 0.411765 0.478431 0.450980
vn -0.0001157923441388 0.0006446371463339 0.0000321870993009
v -0.0055936030888356 0.0554974017277692 0.0294158900046946 0.113725 0.125490 0.133333
vn 0.0005405649389496 -0.0000777899721796 0.0000189339225455
v -0.0498284377448559 0.0035094604378052 0.0658131827412210 0.172549 0.180392 0.168627
vn 0.0000715648213536 0.0000765397747049 -0.0005790086210283
v 0.0852230081892213 0.0709119606057786 0.1012887948849395 0.203922 0.250980 0.247059
vn 0.0000426861297721 -0.0001090923240248 -0.0004895571719449
v 0.0831077994732008 0.0658744849842929 0.1005682100904444 0.109804 0.152941 0.164706
vn 0.0008130786874541 0.0003183518914419 0.0000277751779744
v -0.0451574033933250 -0.0182522984007212 0.0138326340030462 0.098039 0.117647 0.113725
vn 0.0004534143260303 -0.0003145029572108 -0.0000524069525128
v -0.1201106209813953 0.0949594909105369 0.0409837116996345 0.490196 0.572549 0.556863
vn -0.0009043397696668 0.0004321506535143 0.0000314534996217
v 0.0466182250009942 -0.0224861480283670 0.0547978200560957 0.098039 0.101961 0.101961
vn 0.0003262442766666 -0.0003885891299754 0.0000056834554049
v -0.0315784383854416 0.0382661982971227 0.0822578591795407 0.239216 0.266667 0.247059
vn 0.0003272746791574 -0.0005427321370881 0.0000786771266247
v -0.0233281462972630 0.0440763927825653 0.0878228076315497 0.247059 0.274510 0.258824
vn -0.0006753539025186 -0.0002579674169778 0.0000271244047813
v 0.0508373019708493 0.0161156592099655 0.0418571971766125 0.090196 0.098039 0.101961
vn -0.0002232373168304 0.0000128604148902 0.0000128479509397
v 0.1517834919294144 0.0070795077761058 0.0016483545513831 0.149020 0.156863 0.125490
vn 0.0000449949061324 -0.0000436581180700 0.0008877990934107
v 0.1418503923647479 -0.0294255053011911 0.1032788938190056 0.356863 0.427451 0.419608
vn -0.0006972513084731 -0.0001891722410999 0.0000816117787879
v -0.1571835451864914 -0.0341045343025803 0.0230650495525540 0.388235 0.392157 0.337255
vn 0.0001043674589936 0.0005715635565161 -0.0000217908710103
v 0.0125396475456271 0.0558349828105835 0.0770212225255061 0.184314 0.203922 0.200000
vn -0.0004804270143902 0.0000209718703600 -0.0000596616712385
v 0.1514774958405476 0.0022895548707859 0.0448124405522567 0.227451 0.270588 0.262745
vn 0.0000618866991739 0.0003147339075083 -0.0006885849257468
v 0.0188189056991451 0.0711929719260047 0.0995803063495563 0.400000 0.482353 0.466667
vn -0.0004213783064461 -0.0000373206815893 -0.0006206101709862
v -0.0643927520315419 -0.0122538167013509 0.0937332425490991 0.423529 0.505882 0.494118
vn -0.0005443665694169 0.0004772854154660 0.0000158189498985
v 0.0408632148234885 -0.0318634686706182 0.0585824380305247 0.082353 0.082353 0.082353
vn -0.0002118530498812 0.0005290340399350 -0.0000084401605470
v -0.0160702262970418 0.0527065577224506 0.0557284056241725 0.203922 0.200000 0.188235
vn -0.0000712135040495 0.0003101320156124 0.0000053455984833
v -0.0091593535726442 0.0548952125578185 0.0604793287742675 0.223529 0.227451 0.211765
vn 0.0003653530408737 0.0000057341549038 -0.0001048641320524
v 0.1597958711054211 0.0098316729013857 0.0045390918791292 0.270588 0.262745 0.203922
vn 0.0006347147552327 0.0003058351545939 -0.0000581641225728
v 0.1378278163607292 0.0697721909181347 0.0794376011252591 0.270588 0.298039 0.278431
vn -0.0007245114346711 -0.0004764300211320 0.0001141703782446
v -0.1243303933640453 -0.1004988821763370 0.0492291124694384 0.356863 0.388235 0.352941
vn -0.0004384859038148 -0.0002869684044330 0.0000853736401819
v -0.1197239262863720 -0.0991190077783796 0.0608761563581757 0.227451 0.274510 0.262745
vn -0.0001870445464718 -0.0001299211653896 -0.0000438398005017
v 0.0843184429075363 0.1221614864830328 0.0893144503450513 0.247059 0.290196 0.262745
vn -0.0001266394057225 0.0001478340653070 0.0005509349369016
v 0.0432220379179938 -0.0593549019508437 0.1040084318970969 0.419608 0.505882 0.486275
vn -0.0004792549291393 -0.0000374080874976 -0.0002579366049676
v 0.1383321721958546 -0.0614739790867580 0.0895035427310539 0.203922 0.235294 0.219608
vn 0.0001634614495734 0.0002872744668051 0.0000259138045498
v -0.0419442994233129 -0.1508709551914431 0.0223485121434271 0.270588 0.325490 0.309804
vn 0.0001198022228350 -0.0000363067840769 -0.0007811612968735
v 0.0913144254821778 -0.0150993116284812 0.1038626446294881 0.450980 0.533333 0.513725
vn 0.0001165748982422 -0.0000062887936931 -0.0007569822883543
v 0.0884810956896038 -0.0312564748151312 0.1040697500541471 0.427451 0.505882 0.482353
vn -0.0003544927440573 0.0002259134494834 0.0000402418344978
v -0.1254781481372268 0.0943152124370148 0.0477511734767473 0.415686 0.494118 0.482353
vn -0.0000431948428629 0.0000682327169279 0.0004942460469371
v 0.0440947386239824 -0.0914341211410765 0.1081837302451469 0.380392 0.443137 0.427451
vn 0.0004013372456905 -0.0004100722017552 -0.0000089023936108
v -0.0367195821747634 0.0329872503001023 0.0536983874246778 0.145098 0.149020 0.145098
vn -0.0004637597727130 0.0003525682332300 0.0000158932208428
v -0.1233914184355690 0.0946593812911375 0.0908143613243395 0.439216 0.521569 0.501961
vn -0.0001254645878140 -0.0000302209993218 -0.0001444064462434
v -0.1426581869287230 -0.0662360388130986 -0.0014519907953419 0.294118 0.317647 0.282353
vn -0.0000435611664129 0.0000685396214486 0.0006546241560734
v 0.0593633861453848 -0.0658628048053520 0.1067920507978726 0.427451 0.505882 0.486275
vn -0.0000461197670758 0.0000520661982931 0.0005436195336847
v 0.0498770800134693 -0.0708819600551591 0.1066136982826223 0.439216 0.517647 0.501961
vn -0.0004344763850602 -0.0005671169048244 0.0001115449900969
v -0.0989037337336845 -0.1220768061913089 0.0471848296492825 0.211765 0.254902 0.250980
vn 0.0000979761835965 0.0000239967667162 0.0004953534061745
v 0.1317462659718595 0.0146167379932341 0.1055822337655698 0.392157 0.470588 0.447059
vn 0.0001346505428997 0.0000201610915817 0.0006036750697600
v 0.1272942759017409 0.0052679780382620 0.1072346422984113 0.419608 0.494118 0.466667
vn 0.0005518662826814 -0.0000162373885990 -0.0003612550605871
v -0.1492171604868011 0.0241501458362053 0.0903850075164402 0.301961 0.360784 0.337255
vn 0.0000944961210973 0.0009550353352464 0.0000689399199332
v -0.0036993066354447 -0.0505097098336360 0.0651169405817714 0.137255 0.149020 0.145098
vn 0.0003542163018475 0.0003985548811678 0.0000699628426992
v 0.1069792720831132 0.1170002497459618 0.0284619400983378 0.447059 0.400000 0.309804
vn 0.0005556217370565 0.0005444248727913 0.0000194163249555
v 0.1091588099513439 0.1129699191465664 0.0179415538364536 0.282353 0.301961 0.262745
vn -0.0004922111359277 0.0004407242396005 0.0000848535477631
v 0.0406675895665111 -0.0340989305635159 0.0865262619931717 0.243137 0.250980 0.223529
vn 0.0000232470832397 -0.0001093392519076 0.0006620820755166
v -0.0211478307900787 -0.1188078412891349 0.1088385649219166 0.368627 0.439216 0.423529
vn 0.0001043687014227 0.0000979899636026 0.0003761076730307
v -0.0507217688849216 -0.0483648269780960 0.1010928743877605 0.380392 0.458824 0.450980
vn 0.0004803253768731 -0.0003280536248564 0.0000017158546107
v 0.1307845066106754 -0.0883936347083906 0.0297914337191831 0.321569 0.368627 0.345098
vn -0.0000492674490554 -0.0000523205602639 -0.0006454855213096
v -0.1003675701204073 0.0307725998992773 0.1015940984442392 0.188235 0.239216 0.243137
vn -0.0001150056025878 -0.0005802317553575 0.0000137030364415
v -0.0315203891992655 -0.1560619567787887 0.0373108477249764 0.192157 0.239216 0.235294
vn 0.0000797163828927 0.0000750455133900 -0.0007649851919318
v -0.0902885961924383 -0.0805891928942834 0.1030727664427803 0.443137 0.517647 0.490196
vn 0.0000802838144792 0.0000867546832070 -0.0005900476193656
v -0.0923625277527530 -0.0909232971521805 0.1013798178376444 0.388235 0.466667 0.443137
vn -0.0000307709905067 0.0000377249306383 0.0005892524454167
v -0.0947300073060567 0.0711018229845002 0.1080687403371535 0.439216 0.513725 0.490196
vn 0.0000748271419502 -0.0001306433997042 0.0004172762580097
v -0.0327457982248786 0.0506083889592824 0.0997986481365192 0.368627 0.435294 0.423529
vn -0.0000772860225065 0.0008042386867120 0.0000852874836958
v -0.0123380083716126 0.1544669006263166 0.0580805072417950 0.333333 0.411765 0.400000
vn -0.0000898333909792 0.0006139971867169 0.0000617273211290
v 0.0083853700225090 -0.0509133653401930 0.0731655012049490 0.105882 0.129412 0.117647
vn 0.0000605377690055 0.0000055321447911 -0.0005714525394779
v 0.0946201227173340 0.0307425132691308 0.1058499927062266 0.454902 0.537255 0.509804
vn 0.0007492601719834 0.0003411521762479 0.0000409241691284
v 0.1416833213169250 0.0606006020968643 0.0643597100723534 0.286275 0.317647 0.301961
vn -0.0000076776126415 0.0000303932723932 -0.0002805298370990
v 0.0437888942423525 -0.1076818393849162 0.1047449325111372 0.470588 0.521569 0.490196
vn 0.0000781441114097 0.0004880843587794 0.0000091212327532
v 0.0138109674646578 0.0550347606134974 0.0358999842538939 0.133333 0.145098 0.149020
vn 0.0005574454081236 -0.0007134825361163 0.0001411078221458
v 0.1052313703760388 -0.1139582184456215 0.0330847717538549 0.274510 0.333333 0.317647
vn 0.0005091267761462 -0.0006440550045946 -0.0000434188593250
v 0.0961616451409552 -0.1222182176202045 0.0386543344483712 0.266667 0.333333 0.321569
vn -0.0003916498704830 -0.0004049722494002 0.0000677116618578
v -0.1076432888329762 -0.1204471059352602 0.0284717331612539 0.223529 0.266667 0.250980
vn -0.0001008214291011 -0.0000286521297459 -0.0005565562462325
v -0.0783984971735666 -0.0353047844134079 0.0989927232038222 0.443137 0.529412 0.513725
vn 0.0005516098715670 0.0000004175503685 0.0000374949261943
v 0.1614021606026773 -0.0130438480047380 0.0232659933558097 0.294118 0.317647 0.282353
vn -0.0005917825649141 -0.0008201781624687 -0.0001613387491461
v 0.0793617410940248 0.1228528227880649 0.0593073214153005 0.031373 0.047059 0.047059
vn -0.0000319213906638 0.0000500175033832 -0.0006037940275685
v -0.0075795425421094 0.0995811283399472 0.1001907627041493 0.105882 0.137255 0.137255
vn -0.0000612345412446 0.0000272478800215 -0.0005913570099330
v -0.0156450184287022 0.1070986144806316 0.1033155284481894 0.443137 0.505882 0.478431
vn -0.0002663779960822 0.0001553657400986 -0.0000381169512804
v -0.1405959173663944 0.0683197329642766 0.0777645224798975 0.458824 0.501961 0.478431
vn 0.0000649362067130 0.0001750828700149 -0.0001526316900482
v 0.0413456801518160 0.1507989213831986 -0.0014458336360946 0.321569 0.325490 0.278431
vn 0.0000088089552136 0.0002661173847702 0.0005976175435804
v 0.0041237905012318 -0.1451072515581798 0.1074150105291976 0.392157 0.458824 0.435294
vn -0.0000113568293487 -0.0002190206238720 -0.0003992358124595
v -0.0087566418508202 -0.0702151411656287 0.0964407176454779 0.329412 0.400000 0.392157
vn -0.0001873992829031 -0.0004533440142548 0.0000008121449305
v -0.0610216645353025 -0.1450777185842332 0.0744912864914176 0.243137 0.290196 0.274510
vn -0.0003134535397778 -0.0006517498645656 0.0000143234528939
v -0.0684011666115209 -0.1416506215976346 0.0717973551025517 0.254902 0.305882 0.294118
vn -0.0003083867609306 -0.0004072126973444 -0.0000169134112921
v -0.0323567800323971 -0.0438644682731453 0.0495154306584384 0.090196 0.101961 0.098039
vn 0.0000009825181518 0.0000013047919602 -0.0004975625760391
v -0.0033235468137531 0.0907408037932466 0.1012220766766445 0.380392 0.443137 0.431373
vn 0.0002923787874711 -0.0003695068603435 -0.0000075831384797
v 0.0380882395684910 -0.0417731212368588 0.0288943713450684 0.082353 0.098039 0.094118
vn 0.0006749852962733 -0.0005617752765240 -0.0000107719979346
v 0.0443132868271493 -0.0357019805492033 0.0253171543433721 0.070588 0.086275 0.082353
vn 0.0000996280681378 0.0002076568120875 0.0005644886567576
v 0.1266341986149483 0.0818861825883455 0.1029640490312043 0.411765 0.470588 0.439216
vn -0.0004206199577404 -0.0001964692099082 0.0000325718575822
v -0.1268195938466430 -0.0901748838818984 0.0525680523447166 0.121569 0.152941 0.152941
vn -0.0001794432293688 -0.0003638217489915 -0.0000466696609675
v 0.0723100794579014 0.1342905407117738 0.0018842321291436 0.184314 0.180392 0.149020
vn -0.0002996116486886 0.0003935177637151 0.0000813816568021
v -0.0974747796654818 0.1236044989835476 0.0347991492332433 0.372549 0.423529 0.392157
vn 0.0006661770815343 -0.0002351119485258 0.0000446713557473
v 0.1487336717410540 -0.0523421157847338 0.0255071213134759 0.262745 0.309804 0.294118
vn 0.0001308454035413 -0.0003445661132829 0.0000029521626268
v -0.0138311026437276 0.0486611348960760 0.0136906820257518 0.192157 0.184314 0.176471
vn 0.0002767834647793 -0.0008193343876895 0.0000081833531695
v 0.0440547755702551 -0.1500187802911740 0.0666866181479765 0.321569 0.400000 0.396078
vn 0.0003835733632796 0.0002074347484233 -0.0002798277614258
v -0.1209544073098829 -0.0907091412764835 0.0931572959264600 0.207843 0.247059 0.235294
vn -0.0002766303718395 0.0006546195869416 0.0000178293584237
v -0.0626986358439830 0.1409564771882932 0.0719817581736394 0.447059 0.525490 0.517647
vn -0.0003117920063215 0.0006459023180818 0.0000314060118602
v -0.0677512831201714 0.1391337633370619 0.0608973168079790 0.333333 0.411765 0.403922
vn -0.0004109458737827 0.0008071955681055 0.0000117659494123
v -0.0726777906903216 0.1364750592863683 0.0746853725990031 0.349020 0.423529 0.419608
vn -0.0005884020755174 -0.0001811733299253 0.0000301932249822
v -0.1491107862290939 -0.0471537387984989 0.0515367509047350 0.333333 0.403922 0.380392
vn 0.0003065158236355 -0.0001692888208489 -0.0005260058772735
v -0.1224812732911385 0.0728417254644367 0.0979942100626949 0.396078 0.474510 0.454902
vn 0.0000491838741588 -0.0000535280845220 -0.0004447518805781
v 0.0315642740951388 -0.0820591615577042 0.1013775839694383 0.454902 0.533333 0.521569
vn 0.0000904754943842 -0.0003412945800743 -0.0002246970884100
v -0.0079920319957178 0.1488613612657405 0.0896915342743868 0.305882 0.372549 0.356863
vn -0.0002430995790590 0.0001709220783901 0.0001005747410024
v 0.0438261787201065 -0.0299636262472706 0.0918595570251360 0.301961 0.305882 0.278431
vn -0.0007363878176559 0.0002443168180390 0.0001095681596172
v -0.1465889622024850 0.0566346660676612 0.0410330455288739 0.392157 0.462745 0.458824
vn 0.0006469064359117 0.0001243199163865 0.0000784473834712
v -0.0485636492474626 -0.0084068321214027 0.0077198754383361 0.105882 0.125490 0.117647
vn -0.0004346373112921 -0.0001589605707516 0.0001669503848255
v -0.1548320107422150 -0.0177834790536305 0.0943943449251601 0.635294 0.635294 0.560784
vn -0.0004785897524803 -0.0002916127140259 -0.0004618628802251
v 0.1271050551195934 0.0745150693807565 0.0902828140780690 0.074510 0.082353 0.058824
vn -0.0001299198252907 -0.0004530124912606 0.0000714071566814
v -0.0515547562711256 -0.1483761464009274 0.1000612816987208 0.301961 0.345098 0.329412
vn -0.0005995116638430 -0.0001969605045946 0.0001083407283239
v -0.1530396612322903 -0.0367865578238792 0.0332658458367092 0.270588 0.333333 0.321569
vn -0.0000297312854055 0.0000480979677147 -0.0004022399883386
v 0.0942897969539938 0.0756148898805601 0.1031778743350502 0.411765 0.486275 0.458824
vn -0.0001270021022804 0.0000462391437340 0.0007692297814544
v 0.0865758152377859 -0.0120421763017830 0.1072634667544321 0.380392 0.458824 0.443137
vn -0.0000574131449014 0.0000302079735548 0.0004200355505438
v 0.0940975228010414 -0.0073967307183213 0.1083339564432593 0.403922 0.478431 0.458824
vn -0.0001760376259943 0.0000051050283025 -0.0006484594808744
v -0.0872568162451773 -0.0191171593480598 0.1009809277564444 0.388235 0.462745 0.439216
vn 0.0005942720025917 0.0001558473734742 -0.0000511543461464
v -0.1484013246814724 -0.0239185364892719 0.0826597218060435 0.160784 0.203922 0.196078
vn 0.0003369897544305 -0.0003559210377801 0.0001332344667940
v 0.1122305302951976 -0.1082107296214880 0.0341944614523015 0.247059 0.298039 0.282353
vn 0.0000296446978382 -0.0000465750303714 0.0003205440608093
v -0.0631141228207915 0.0463120538309907 0.1041144563361288 0.407843 0.498039 0.482353
vn -0.0005443636920960 0.0005777465501290 -0.0000023130319401
v -0.1090824942478331 0.1108710060525655 0.0873831075095790 0.356863 0.431373 0.427451
vn 0.0000671924111924 0.0001039902617833 -0.0005312553982983
v -0.0779202244104794 -0.1012655877144979 0.1015260982019393 0.392157 0.462745 0.443137
vn 0.0000548250540673 0.0000748556440940 -0.0004646367772878
v -0.0858923270798128 -0.0962593320579530 0.1014413799197480 0.392157 0.470588 0.447059
vn 0.0001046719829323 0.0000187617766709 0.0004786221713248
v 0.1235895429754642 0.0127707448345341 0.1075100767329421 0.427451 0.498039 0.470588
vn 0.0008187791353896 -0.0000774722998384 0.0000855451263953
v -0.0504139354888015 0.0065064179553052 0.0099891023443640 0.113725 0.133333 0.125490
vn -0.0000653818574147 0.0000357941311393 -0.0005744649621766
v -0.0150229927862595 0.0938491061701244 0.1027291837608455 0.419608 0.490196 0.458824
vn 0.0004840872220111 0.0000183527271111 -0.0000189040505660
v 0.1602018796468841 0.0059573920584688 0.0118456030433399 0.301961 0.301961 0.247059
vn 0.0001853368865352 0.0005343415062444 0.0000214942625957
v -0.0159774592795525 -0.1503953332210981 0.0801499715222114 0.160784 0.207843 0.192157
vn -0.0000070898615260 0.0001952098936362 -0.0003306596452159
v 0.0342135915897596 -0.1260382102378786 0.0986660953795484 0.113725 0.156863 0.164706
vn -0.0004001994555195 0.0005487474368008 -0.0001828957570489
v 0.0770459286410593 -0.1292130682703757 0.0239115324680091 0.152941 0.200000 0.184314
vn 0.0004240974249582 0.0000323592771050 0.0000681532474296
v 0.1614257545357861 -0.0043099605843919 0.0237961177323923 0.349020 0.368627 0.341176
vn 0.0004508893459735 0.0006892095283292 -0.0000181545879460
v 0.0316123719353118 0.0477082269980365 0.0618139860102471 0.145098 0.152941 0.149020
vn -0.0001788246144542 0.0001422201344366 0.0002362947859455
v -0.1446004736351252 0.0565520426909208 0.0993357300164846 0.415686 0.458824 0.435294
vn 0.0003340564392187 -0.0000617562933467 -0.0000521089393503
v 0.1431951935074866 -0.0578011150615338 0.0737712990733942 0.258824 0.309804 0.298039
vn -0.0002121361211419 -0.0005335541211529 -0.0000121917234635
v 0.0520245956820824 0.1392953696839704 0.0750431127791356 0.192157 0.227451 0.207843
vn 0.0000272581847088 -0.0003212742536209 -0.0000026635613428
v 0.0133052157323802 -0.1566806910884097 0.0797271261764493 0.282353 0.356863 0.349020
vn 0.0000530077269296 0.0004892592921885 0.0000011458806532
v -0.0159043011975754 -0.1536206481814956 0.0438331188879346 0.290196 0.360784 0.352941
vn 0.0005172344646400 -0.0002240771004063 -0.0000087844206526
v -0.0457350570689710 0.0195045191564398 0.0824609504953422 0.200000 0.215686 0.200000
vn 0.0000497879793036 0.0000246405696277 0.0004542460088669
v -0.1026300744585663 -0.0073234640915349 0.1089681498915945 0.411765 0.494118 0.466667
vn -0.0005095548712020 0.0000317385948939 0.0001604367239087
v 0.1390602011191264 -0.0566698966676499 0.0719864655929312 0.227451 0.270588 0.258824
vn -0.0006153526722856 0.0001150161577756 -0.0001571636774733
v 0.1394138343787140 -0.0566905788779650 0.0810806163553719 0.192157 0.227451 0.219608
vn 0.0002255774567385 -0.0006088388817196 0.0002220786128754
v -0.0121524299548368 0.0494840809976747 0.0910873440056874 0.247059 0.290196 0.286275
vn 0.0000503538942443 -0.0002462001905647 0.0002946122131036
v -0.0087887413452088 0.0554619930110746 0.0973054586655874 0.474510 0.541176 0.525490
vn 0.0001228411122604 0.0005174906066543 0.0000564426045949
v -0.0107416618773580 -0.0502308857196949 0.0735978828095298 0.141176 0.156863 0.149020
vn -0.0005889665974611 -0.0002823751494765 -0.0000094265345627
v 0.0460090191375585 0.0219883771075042 0.0190507216271841 0.137255 0.156863 0.152941
vn -0.0005936392362584 -0.0003886659101784 0.0000628162857296
v 0.0437073673697657 0.0280988949274022 0.0112291087766569 0.176471 0.172549 0.164706
vn -0.0002900319158080 -0.0002586154618865 -0.0000393730434619
v 0.1048781282695208 0.1065295669171888 0.0390631564332547 0.223529 0.254902 0.231373
vn 0.0000922688998519 0.0000585827460540 -0.0005909599046422
v 0.0925166818676862 0.0134191389577639 0.1039064286946116 0.384314 0.466667 0.443137
vn 0.0000703022806653 0.0000295682024429 -0.0003481567062466
v 0.0916419711905193 0.0222385278591152 0.1049866131867116 0.435294 0.517647 0.494118
vn -0.0000017030156752 -0.0000173154872428 -0.0001026018658023
v 0.0171696986925129 -0.1525485703027475 -0.0017029466333804 0.243137 0.270588 0.243137
vn -0.0001939073504381 -0.0006807638922406 0.0000224387503791
v 0.0157297282584618 0.0500266485361270 0.0765818075972883 0.215686 0.239216 0.231373
vn -0.0000988580185770 0.0000817733867208 0.0008635443140052
v 0.0704120849853619 -0.0622203900014566 0.1068307386064720 0.403922 0.478431 0.462745
vn -0.0006413528538758 -0.0003287832523704 0.0000585994695727
v 0.0489874496972120 0.0219418407033065 0.0776712161136222 0.188235 0.203922 0.196078
vn 0.0000913372610810 -0.0002158875861318 -0.0002112848965354
v -0.0494188831935628 0.1413917341129535 0.0880483802653041 0.207843 0.266667 0.250980
vn 0.0000639233321861 -0.0004695671054873 -0.0000455888755941
v -0.0481544747290479 0.1414808223786202 0.0772454613534202 0.439216 0.525490 0.505882
vn 0.0004739835562864 0.0004924858896841 -0.0000278658964481
v -0.1125028970419869 -0.1006986907838594 0.0596910657534296 0.145098 0.180392 0.172549
vn -0.0000290783276629 0.0000835126263018 0.0003806419921529
v 0.0032997160827328 -0.0926119547498462 0.1071404688530761 0.439216 0.517647 0.498039
vn 0.0001126328744215 -0.0001978713223495 0.0006785323866625
v -0.0335613443279627 0.0598081071337499 0.1027942512439137 0.360784 0.439216 0.427451
vn 0.0000370303361496 0.0001000036107318 0.0005388420753337
v 0.0459325207087003 0.1226697382980514 0.1058342352975625 0.372549 0.431373 0.403922
vn 0.0000230299371881 -0.0001604280836058 -0.0005147943022631
v -0.0406683523331296 -0.0835631222972630 0.1005548601320437 0.211765 0.270588 0.266667
vn -0.0005945650482993 0.0005981292174030 -0.0000212272453885
v -0.1095879276034276 0.1101872847476339 0.0713293268177113 0.345098 0.423529 0.423529
vn -0.0001907130481315 -0.0007188968510939 0.0000119704104713
v -0.0342942853246290 -0.1548457666805953 0.0484348240725383 0.227451 0.282353 0.282353
vn 0.0007170804057768 -0.0000618239295327 0.0000000908139225
v 0.0569065302089555 -0.0051762128030053 0.0308926971938576 0.133333 0.156863 0.156863
vn 0.0000020836435497 -0.0000021364030412 -0.0001769626350198
v -0.0859334531427253 -0.1298311501589086 -0.0017660245429706 0.223529 0.227451 0.188235
vn 0.0000313285432869 -0.0000821732162150 0.0005394631302268
v 0.0708574596642925 -0.1008316954996016 0.1089176687574427 0.466667 0.525490 0.490196
vn 0.0004425075334424 -0.0004449018410484 -0.0000113311442507
v 0.0414199277318290 -0.0375638619336443 0.0144677021293220 0.074510 0.090196 0.086275
vn 0.0004873058458012 0.0000118664866721 0.0000115047537516
v 0.0573089576506243 0.0040968358671823 0.0289108375886134 0.109804 0.129412 0.133333
vn 0.0003171502279758 -0.0004481198328413 -0.0000235547827147
v -0.0294325585905942 0.0392309818340315 0.0464081845704752 0.125490 0.129412 0.129412
vn -0.0000990845196635 -0.0002137314429659 0.0003261346862182
v -0.0309267245525438 -0.1516826562176629 0.1089362837434484 0.435294 0.470588 0.439216
vn -0.0001381531145580 0.0003638829028143 0.0000170424021551
v -0.0191854379601254 0.0516286379510565 0.0304771140501485 0.101961 0.117647 0.117647
vn -0.0002051505167306 0.0006984171287943 0.0000562803911659
v -0.0130594036440331 0.0534177966886420 0.0245110228575937 0.125490 0.141176 0.145098
vn -0.0005849499578017 -0.0002369620317626 -0.0000407665892644
v 0.1410586483524757 0.0502244839173659 0.0572071192392634 0.223529 0.258824 0.247059
vn -0.0003986012211457 -0.0003410125503796 -0.0000310901775985
v 0.1177870034793501 0.0923660755326910 0.0395799930468289 0.262745 0.294118 0.262745
vn -0.0004512002244929 -0.0002223276989201 0.0000466822358111
v -0.1397537013191115 -0.0711644218816580 0.0376577376448578 0.227451 0.286275 0.278431
vn -0.0003708268559854 -0.0002098788887650 0.0000278819105002
v -0.1375833574124679 -0.0762256939998406 0.0320229676477537 0.180392 0.231373 0.219608
vn 0.0002311140201387 0.0004759863571040 0.0000489617057767
v 0.0637441573133030 0.1408537943786103 0.0488679568036388 0.266667 0.313725 0.294118
vn -0.0003035701839321 0.0006817595800510 -0.0000229116857242
v -0.0218643132512850 0.0503424667444030 0.0466926131210756 0.152941 0.152941 0.152941
vn -0.0003521016932383 -0.0001607247179678 -0.0001147737993362
v -0.1531063123110198 -0.0439068734242506 0.0042885535660240 0.223529 0.247059 0.219608
vn -0.0002109494942206 0.0005718421612170 -0.0002731531334322
v 0.0414914237076541 -0.1462239948532063 0.0881882694339115 0.301961 0.376471 0.372549
vn 0.0003126540742464 -0.0001409458285681 -0.0000956092693174
v 0.1527053528049999 -0.0304713377334632 0.0847508869308280 0.329412 0.356863 0.313725
vn -0.0001546007142885 0.0005775796589424 -0.0000126947441429
v -0.0337082112712120 0.1553534263297719 0.0137502146146037 0.384314 0.415686 0.384314
vn 0.0000535983891599 -0.0002066544803880 -0.0000800536593531
v -0.0495920148732657 0.1430691109042591 -0.0004104652419427 0.517647 0.517647 0.454902
vn -0.0000022680848636 0.0000339215360839 -0.0001011664675622
v -0.0507650268120884 0.1457151265017187 -0.0016615609081329 0.462745 0.458824 0.400000
vn 0.0005254578120386 0.0000410549065496 0.0000089534719926
v -0.1517895147318036 -0.0163388670137215 0.0798189051472620 0.105882 0.117647 0.101961
vn 0.0000114849170744 -0.0000787556301041 0.0004766087005677
v 0.0274358000329037 -0.1174696874497500 0.1077483925719190 0.431373 0.505882 0.470588
vn -0.0000184681209317 -0.0000281549010082 0.0002576839813124
v -0.0813417617413861 -0.0891540559186710 0.1073500247097474 0.400000 0.478431 0.450980
vn -0.0001426835873622 0.0000325287310505 -0.0008501316475989
v -0.0985597994878736 -0.0266591549096603 0.1038231899631520 0.427451 0.509804 0.482353
vn 0.0004063798623339 0.0003854079791541 -0.0002189649915882
v -0.0857553721487585 -0.1267319222414862 0.0861136745432810 0.086275 0.113725 0.109804
vn 0.0002515368672344 0.0005063878198240 -0.0000626170365475
v 0.0533153345817758 0.1431848547762085 0.0886284492651616 0.266667 0.298039 0.278431
vn 0.0005261161763015 -0.0002434802892893 0.0000269559345277
v -0.1369883835848675 0.0758034285837056 0.0199096222205604 0.435294 0.501961 0.482353
vn 0.0004574239779786 0.0001573189242213 0.0000119278118907
v -0.1471813424531695 -0.0481904963584640 0.0107628676800734 0.270588 0.301961 0.278431
vn 0.0000093436019363 -0.0000213117455174 -0.0005178968270319
v -0.0615146853056186 -0.0973649608667633 0.1031291912407008 0.415686 0.490196 0.470588
vn 0.0000695033382771 0.0000991486821472 -0.0006819023189615
v -0.0659371456744111 -0.1055423861485376 0.1021579716346278 0.423529 0.498039 0.470588
vn 0.0000675743083552 -0.0001117079705774 0.0005651613045056
v 0.0880854974983499 -0.1095253829625439 0.1049948459234391 0.396078 0.474510 0.454902
vn -0.0001613150494748 -0.0000281188961954 0.0004572834149706
v 0.0665683163767163 0.0149709992985727 0.1016772752673954 0.345098 0.415686 0.407843
vn -0.0000423598315984 0.0000721104390934 -0.0008277595159533
v 0.0743042666886408 0.0730359435325001 0.0985912796219016 0.145098 0.188235 0.192157
vn -0.0008577490264773 0.0001194256522958 0.0001460723669522
v -0.1552512198887794 0.0182996875647804 0.0466250067218094 0.337255 0.403922 0.392157
vn -0.0002460251252900 -0.0003617220939707 -0.0003289130167802
v 0.1021180079902307 0.1049174290208595 0.0977633173068125 0.380392 0.454902 0.427451
vn 0.0000598574189987 0.0000708272709020 -0.0003129197899441
v -0.0751053127824721 -0.1092722726249044 0.1003288340654463 0.368627 0.447059 0.427451
vn -0.0001466820858315 0.0000271902622961 0.0006331306528960
v 0.0696900114895942 -0.0318269561043397 0.1052211477942968 0.458824 0.545098 0.525490
vn -0.0001516810759360 0.0000328094875299 0.0007434290410507
v 0.0778195618252638 -0.0235715263133457 0.1065874535529932 0.458824 0.545098 0.521569
vn 0.0000742069504389 0.0000745705176740 0.0005775717528228
v -0.0883598064328930 -0.0541446717150400 0.1062015871056362 0.388235 0.466667 0.450980
vn 0.0007641000329543 -0.0004764800012465 -0.0000109115328025
v 0.0477760315042244 -0.0294303879897300 0.0375776491151238 0.082353 0.094118 0.090196
vn -0.0000177257213547 -0.0001161158563267 0.0005430553839002
v 0.0027518899304624 0.0751662265834930 0.1041957313131460 0.407843 0.486275 0.466667
vn -0.0005600732756397 0.0002369816313971 -0.0000342590614312
v -0.1428754896053175 0.0617978910680390 0.0739163882589439 0.329412 0.396078 0.388235
vn -0.0003026958602382 0.0004607173303819 -0.0000197071981529
v -0.0868326259295555 0.1284736381729678 0.0855708364163228 0.388235 0.462745 0.450980
vn -0.0002648892165405 0.0004316656025650 -0.0000109604657524
v -0.0832304048881596 0.1304385654721731 0.0752605958705257 0.388235 0.462745 0.450980
vn -0.0000379868739464 -0.0000415588475249 0.0006777534138004
v -0.0854299512765551 -0.0823350968740164 0.1077380040339793 0.415686 0.490196 0.462745
vn 0.0002807482389848 -0.0004386478270293 0.0000002231043932
v 0.0343799376010901 -0.0442336969665587 0.0367007793337820 0.082353 0.090196 0.086275
vn -0.0000786597217251 0.0000896435978411 0.0004751830723825
v -0.0897471436027587 0.0953065409341764 0.1053500220545564 0.403922 0.482353 0.458824
vn -0.0000564148274741 0.0000906208634279 0.0004505758215159
v -0.0632145750481196 0.1116285076942033 0.1056137678300769 0.427451 0.505882 0.486275
vn 0.0006483867529895 0.0001118690546158 -0.0002738535774111
v -0.1470382508917852 -0.0266928267751270 0.0921999059554175 0.215686 0.258824 0.247059
vn 0.0001536987422244 -0.0002143113352526 -0.0002190012101871
v 0.0405911448851532 -0.0450300515538011 0.0917497532667404 0.235294 0.274510 0.254902
vn -0.0000234341308921 -0.0000907482539405 0.0002479207433971
v 0.0197009431572362 0.0696595420800767 0.1037861119023350 0.407843 0.494118 0.474510
vn -0.0004403966075898 -0.0003309462814220 0.0000137324919029
v 0.0436645359522408 0.0311003176720655 0.0884309869319330 0.203922 0.223529 0.215686
vn 0.0000776498431343 0.0000019195085310 0.0005652095565875
v 0.1151775182744837 0.0106961366580224 0.1091465064369764 0.435294 0.501961 0.474510
vn 0.0004962775742207 -0.0005871871832172 0.0000942619586085
v -0.0780198810510671 0.1320438076847287 0.0294349294161639 0.356863 0.396078 0.360784
vn 0.0000697796964704 -0.0003492687937677 -0.0000595760046614
v 0.0146581785429317 -0.1568367546073892 0.0967385919875566 0.231373 0.278431 0.266667
vn 0.0005038657838253 -0.0004593900143199 -0.0000875045899466
v -0.1142941925920260 0.0990793291497196 0.0829403455221034 0.411765 0.494118 0.482353
vn 0.0000650331832022 -0.0000410446118026 -0.0004390752564031
v -0.1084902455080749 -0.0583216737836669 0.1026151732470491 0.396078 0.470588 0.450980
vn -0.0000452045406945 0.0000864223790238 -0.0004660980270728
v -0.0651627156511472 0.0525991727650553 0.1008892504132737 0.407843 0.494118 0.482353
vn 0.0005937203985458 -0.0000121114530182 -0.0000063170288994
v 0.0575081118224952 0.0005969974729810 0.0626709834273292 0.149020 0.149020 0.145098
vn 0.0005286781579797 0.0002149971348761 0.0000035155077992
v -0.1400084700359297 -0.0559708092344664 0.0735827236209120 0.223529 0.274510 0.262745
vn -0.0000109075742110 -0.0000213026051066 -0.0000798905457657
v 0.0469333548014815 0.1472582870960855 -0.0016726395358139 0.298039 0.309804 0.266667
vn -0.0003784385232026 0.0000408605953529 -0.0001750362086376
v 0.1447502963965492 -0.0332091859794219 0.0460094160537073 0.180392 0.223529 0.211765
vn 0.0000822051107104 -0.0001429694486679 0.0007185121398760
v -0.0301316342027739 0.0693108506444103 0.1043559631912037 0.415686 0.498039 0.478431
vn 0.0001364978573137 0.0001626322919396 -0.0002548386178401
v 0.1062378711750331 0.1132722800769993 -0.0009428155538185 0.172549 0.188235 0.152941
vn 0.0001003626115932 0.0003904702865596 0.0001800659832849
v -0.0630695457170506 -0.1369207653200397 0.0252331801896980 0.062745 0.082353 0.070588
vn -0.0002452876566910 0.0004380018509251 -0.0001326893028988
v 0.0765996340317275 -0.1298364872783340 0.0824087690599076 0.270588 0.349020 0.341176
vn 0.0001073119809053 0.0000276403797173 -0.0004888067103546
v 0.0815196818687686 0.0115086049504862 0.1018268628996007 0.427451 0.513725 0.494118
vn 0.0002720663154696 -0.0004593755023706 0.0000257387045637
v 0.0790416803298515 -0.1339635203525199 0.0455239874227747 0.321569 0.396078 0.388235
vn -0.0002066150960331 0.0004083649803031 -0.0000227570063979
v 0.0600386803114113 -0.1388578205884496 0.0498634918418085 0.345098 0.415686 0.407843
vn -0.0002291186528721 0.0004138936590328 -0.0000210430373813
v 0.0709646565319309 -0.1333630888511337 0.0486854358960042 0.317647 0.392157 0.392157
vn -0.0001064621124942 -0.0000013894951255 -0.0004292236997058
v -0.0851653585749477 -0.0268993331436240 0.1003663123411489 0.403922 0.482353 0.470588
vn -0.0000399526781799 0.0000449752082966 0.0006779035350920
v -0.1364314901806715 0.0415476757171483 0.1032034409039672 0.407843 0.490196 0.474510
vn 0.0003814249222030 -0.0003609351336273 0.0000278650908263
v -0.1124540958733304 0.1084644547216447 0.0102279722404228 0.400000 0.450980 0.427451
vn -0.0002424868930669 0.0008444173739882 -0.0000046322110910
v -0.0122567427241287 0.0530367693804240 0.0385522202192294 0.117647 0.129412 0.125490
vn -0.0008422963822294 -0.0002048019627190 -0.0000048832617142
v -0.1478243326953825 -0.0472415667137720 0.0899869116774761 0.243137 0.294118 0.286275
vn 0.0000881832431099 0.0002021114797718 -0.0000124687698685
v -0.0451111283791373 -0.1427066245622031 0.0396187960103113 0.047059 0.078431 0.074510
vn 0.0003976585413445 -0.0003011320164842 0.0000431471330720
v 0.1247047598680948 -0.0948518022534122 0.0336504171896704 0.211765 0.258824 0.247059
vn -0.0006363588543878 -0.0000523589963043 -0.0000632718861321
v 0.1554654837856286 0.0186032895438131 0.0114349054573014 0.286275 0.282353 0.231373
vn -0.0004654934380874 -0.0001918974826099 0.0000822807735029
v 0.1532671533868234 0.0293890784068629 0.0117312316840148 0.325490 0.321569 0.262745
vn -0.0001313930040865 0.0000328584502438 0.0004574813978452
v 0.0681169635326824 0.0060271060612267 0.1018304769432557 0.376471 0.450980 0.435294
vn -0.0001840437766062 -0.0004252190682666 -0.0000532487230653
v -0.0735014871035881 -0.1392457432279341 0.0786556538524510 0.219608 0.250980 0.243137
vn 0.0004593394710938 -0.0004497285127857 0.0000258694008113
v -0.0369058174787872 0.0335801704134086 0.0762687406315316 0.211765 0.235294 0.223529
vn 0.0003294812768812 -0.0003841383210059 0.0000246199117340
v -0.0987775711344986 0.1131036152394319 0.0738860594635151 0.329412 0.411765 0.392157
vn -0.0004375987306483 0.0000489144486361 -0.0005657167604991
v 0.1277466948633792 -0.0653331691387048 0.0994947233261121 0.392157 0.470588 0.454902
vn 0.0001445167697371 -0.0004690834198897 -0.0003474630276276
v -0.0385753861821825 0.1353223726265250 0.0974644784781528 0.372549 0.439216 0.419608
vn 0.0001998735254396 0.0006607837692773 -0.0001458844460970
v 0.0311465653990042 0.1501065967703086 0.0855670831485216 0.254902 0.298039 0.282353
vn -0.0002609808310381 -0.0005309332166311 -0.0000283726685700
v 0.0624783686281023 0.1353919516573560 0.0640059725195615 0.215686 0.258824 0.239216
vn 0.0007624713111913 -0.0002359095744315 -0.0000160130600098
v 0.0557229376298831 -0.0152491206460399 0.0209656881528666 0.078431 0.098039 0.098039
vn 0.0002916641123318 0.0002535578082699 0.0001173301025885
v 0.1299028803419845 0.0841059168650871 0.0384918014678939 0.258824 0.274510 0.247059
vn -0.0003795825277156 0.0003468764087734 0.0000017922620341
v -0.1148281444098296 0.1050364203176450 0.0841014345965794 0.341176 0.415686 0.411765
vn 0.0003746351773819 -0.0005314963275294 -0.0000204947860185
v 0.0343992820919867 -0.0433698801149776 0.0191675420164017 0.086275 0.105882 0.101961
vn 0.0000439624930060 -0.0007009530213463 -0.0000172410125733
v 0.0024538967981343 -0.0548639540382721 0.0133827156904337 0.094118 0.113725 0.109804
vn 0.0002962687371866 0.0001317666422237 0.0000040719071113
v -0.1307934536368489 -0.0740370898714416 0.0161863293731167 0.156863 0.160784 0.117647
vn -0.0001700054735087 -0.0000245661976850 -0.0007162933369912
v 0.1186852235700718 0.0355500668498539 0.1036714363145216 0.392157 0.466667 0.439216
vn -0.0000918841807517 0.0000145441581885 0.0006525489825252
v 0.0903348283841063 -0.0245796539897996 0.1090149184687922 0.403922 0.482353 0.454902
vn -0.0001733349571418 0.0000470463952011 0.0006767329505731
v 0.0748945223468137 -0.0125434650331722 0.1054624571434807 0.431373 0.513725 0.494118
vn -0.0002281502699980 -0.0006847111468321 -0.0000355242685382
v 0.0189182638664450 0.0481758118990169 0.0472916381842173 0.137255 0.141176 0.137255
vn -0.0000387265527193 -0.0006363357240178 -0.0000015670182964
v 0.0044575294314256 0.0509433532158300 0.0514775382233184 0.141176 0.141176 0.141176
vn 0.0004643990045753 0.0002395802463941 -0.0000210682718856
v 0.1372006811495424 0.0686379157884856 0.0704019377436981 0.239216 0.262745 0.247059
vn 0.0000066825185379 0.0001553525141040 0.0006666901010148
v -0.0113973286199227 -0.0780714957265502 0.1029380278812926 0.388235 0.470588 0.462745
vn 0.0000337312028251 0.0000592500903568 0.0004023691408395
v -0.0767036236644545 -0.0510835126004147 0.1047138833855197 0.439216 0.529412 0.513725
vn -0.0000812116580980 0.0001290220157431 0.0002990472348083
v 0.0450492420547993 -0.0442290688301686 0.0971353749992172 0.262745 0.309804 0.309804
vn 0.0006810644478327 0.0006726647245135 -0.0000792099338765
v -0.0899812038299829 -0.1234046229637340 0.0726785443999638 0.266667 0.317647 0.298039
vn -0.0001203661338588 0.0004464245204784 -0.0000344137063256
v 0.0430781490046914 -0.1478270652492130 0.0236942109024429 0.290196 0.337255 0.317647
vn -0.0001684738734939 0.0000249307349273 0.0006223009053120
v 0.0715099240804444 -0.0021607290655032 0.1035513773943950 0.419608 0.501961 0.486275
vn -0.0000632870630278 -0.0000901647926897 0.0005403328113596
v -0.0698511277623374 -0.1090247276696004 0.1055396831623655 0.356863 0.431373 0.407843
vn 0.0000696954945595 0.0000592489953642 0.0003500095210082
v 0.1124063682494893 0.0600177735766989 0.1069528033724976 0.376471 0.450980 0.431373
vn -0.0001894356034586 0.0006429259363982 -0.0005170670690311
v 0.0692204356622685 -0.1282733933522816 0.0906627934857189 0.168627 0.215686 0.219608
vn 0.0001754514807834 -0.0006501828234705 0.0000139940398562
v 0.0327032477287725 -0.1533919613967601 0.0631789490489558 0.305882 0.380392 0.380392
vn 0.0003613429174452 0.0003756445613685 -0.0000116527307857
v -0.1108966888582358 -0.1125514363268674 0.0182604955663579 0.188235 0.215686 0.200000
vn -0.0004497994234557 -0.0001909017811118 0.0000437018865775
v -0.1560082297035078 -0.0188211659416928 0.0848031696078914 0.356863 0.333333 0.274510
vn 0.0000027723388405 0.0000750425381561 -0.0004901252068264
v 0.0604358079066417 0.0824627967792882 0.1032018695695532 0.282353 0.333333 0.321569
vn -0.0000399934001054 -0.0000654581260114 -0.0004239704484158
v 0.0693583294511386 0.0975884781089530 0.1039167712006432 0.411765 0.474510 0.443137
vn -0.0001923459292773 -0.0005245056027133 -0.0000230519403228
v 0.0453832776283045 0.1421247381534139 0.0672749202323818 0.192157 0.235294 0.219608
vn 0.0000347560802992 -0.0006435765475353 -0.0000636035849546
v -0.0094218557118465 0.1515590175834562 0.0370217635376229 0.415686 0.498039 0.490196
vn -0.0002848883557299 0.0007387632458136 0.0000534319853295
v -0.0556836702426626 0.1446583746588070 0.0633703793998081 0.392157 0.474510 0.466667
vn -0.0001872259132262 0.0007078142877863 0.0000563340170413
v -0.0457517095667938 0.1474464578123732 0.0665059656571064 0.356863 0.435294 0.435294
vn 0.0001320588113684 0.0000395891200249 -0.0005735620111692
v 0.0846240424113255 0.0269753501051941 0.1032172693195716 0.431373 0.509804 0.494118
vn 0.0004035592270006 0.0001656713441118 0.0000407989568787
v -0.1446170590566938 -0.0560714401248538 0.0071747438388967 0.203922 0.231373 0.200000
vn -0.0000239067954527 -0.0000283072813339 -0.0005512192055726
v -0.1009887193219619 0.0167802858757809 0.1027374280164325 0.392157 0.470588 0.454902
vn -0.0006093358534108 0.0002885794704003 0.0000017518136953
v 0.0481436009584850 -0.0198182466374805 0.0441906026509106 0.082353 0.094118 0.086275
vn 0.0005410825594493 0.0000380401637074 0.0000431125319848
v -0.0499661937089681 -0.0044343015936614 0.0600849396674348 0.168627 0.176471 0.164706
vn -0.0000277188128202 -0.0003649827636502 -0.0001420290012744
v -0.0224748890021630 0.1471100167292802 0.0734189608860392 0.309804 0.380392 0.376471
vn 0.0003393681366809 -0.0003249452184457 -0.0000016126069602
v 0.0424054715030636 -0.0372092195046028 0.0595384583334027 0.090196 0.098039 0.090196
vn 0.0004370238787867 -0.0005043103389695 -0.0000254649353488
v 0.0369666449754966 -0.0424695422800975 0.0658515192850072 0.109804 0.117647 0.109804
vn -0.0005108468892966 0.0004056685102521 0.0000962367671863
v -0.1315095415782640 0.0887764601172784 0.0216998552078904 0.443137 0.509804 0.486275
vn -0.0004690741113926 0.0001299173543571 -0.0003158424004785
v 0.1386869638467380 -0.0487269304877822 0.0926883128391849 0.231373 0.278431 0.286275
vn -0.0000510530909673 -0.0000548317694967 0.0005478794382084
v -0.0615060115298647 -0.1078677335585315 0.1067369037628783 0.407843 0.482353 0.458824
vn -0.0001617348134843 0.0002161348021954 -0.0003571289788195
v 0.0993090213256273 -0.1018533310429224 0.1011434228904343 0.396078 0.470588 0.447059
vn 0.0000454981781735 -0.0000884628198365 -0.0004292030675774
v 0.0099258548185731 -0.1343229705481458 0.1015472312026746 0.360784 0.439216 0.419608
vn -0.0000624645465340 0.0000042657733747 -0.0004230121912349
v -0.0920150236576083 0.0161054375621373 0.1014183023028329 0.450980 0.537255 0.517647
vn 0.0000095455500338 -0.0000313398538252 -0.0002366136999139
v 0.0858559746585986 -0.1314899196452014 -0.0017919305034525 0.207843 0.215686 0.172549
vn 0.0005105994264989 0.0000211797536116 0.0001575896004834
v -0.0518893586383785 -0.0039798353730274 0.0915951250915075 0.211765 0.231373 0.211765
vn -0.0001101715061238 0.0000853331754676 0.0006749941560967
v -0.1045246478861056 0.0692536628762250 0.1072154657734474 0.427451 0.501961 0.482353
vn -0.0000551496769532 -0.0004310863907940 -0.0001149823684333
v -0.0136823323190104 -0.1587103850082216 0.1024776537766855 0.305882 0.274510 0.215686
vn 0.0000732524981980 -0.0001216681498803 0.0005941498021866
v -0.0434873825525832 0.0608099429618140 0.1043874858551138 0.407843 0.494118 0.474510
vn 0.0001596320004777 0.0005463689043202 0.0000053468529847
v -0.0480054631261111 -0.1452492099465717 0.0679155846932620 0.278431 0.333333 0.325490
vn -0.0002156946527268 -0.0000635363281529 0.0007766221901503
v 0.0746343801259660 0.0206869911778070 0.1051168056824706 0.411765 0.494118 0.478431
vn -0.0002079966984429 -0.0005103328047517 0.0000113418737839
v 0.0208354202121478 0.0486245273035278 0.0378183105125174 0.125490 0.137255 0.137255
vn 0.0003746031131640 0.0005840560736108 -0.0000141668682885
v -0.0796686509628348 -0.1304539972932220 0.0649884264845852 0.219608 0.262745 0.250980
vn 0.0001460633445188 -0.0003103851435589 0.0000419726546483
v 0.0609418745074658 -0.1444045448031369 0.0346174049835856 0.290196 0.356863 0.352941
vn -0.0000815209247466 -0.0002909486640788 -0.0000479375284187
v 0.0931122436670378 0.1106458124038277 0.0847471456007328 0.062745 0.082353 0.078431
vn -0.0000692980042924 0.0000838648986811 -0.0006148241982601
v 0.0653983296961374 0.0746363232562097 0.1021699034483265 0.360784 0.435294 0.407843
vn -0.0001526529992863 -0.0005049607993919 -0.0000544659746959
v 0.0317498431562488 0.1462232454854037 0.0354757541764068 0.082353 0.105882 0.094118
vn -0.0004422065196440 -0.0002638382042820 0.0000030854581973
v -0.1352687144201984 -0.0761134296901746 0.0829068269659304 0.266667 0.313725 0.298039
vn -0.0000381119838703 0.0000509413508284 0.0004414130836256
v 0.0499127771396493 -0.0799253336126020 0.1074208998751381 0.439216 0.517647 0.498039
vn -0.0001266261261466 0.0000150682035207 -0.0003787301143485
v 0.1310645725047901 -0.0447921661913184 0.0933524263292420 0.266667 0.337255 0.333333
vn -0.0004714856034260 0.0001439207564241 -0.0000066092510521
v -0.1568381817263295 -0.0084329482298901 0.0669864711978925 0.450980 0.513725 0.486275
vn 0.0001557219077689 -0.0001176730463722 -0.0002837593677799
v -0.0417398791757735 0.1271456709035548 0.0994163143403476 0.388235 0.458824 0.439216
vn 0.0000858736084819 -0.0002349103083943 0.0001434294661031
v 0.0483849645669464 -0.1501230345105991 0.1045643743908244 0.560784 0.552941 0.490196
vn -0.0000862493786483 -0.0001228310860968 -0.0004869851083896
v -0.0160377191131905 -0.0907854597566960 0.0999972050428507 0.101961 0.141176 0.156863
vn 0.0002255353001155 0.0003128705725652 -0.0000715069035737
v -0.0809540033956365 -0.1248938184643464 0.0140208794775531 0.062745 0.078431 0.074510
vn 0.0003476637127667 -0.0004390081720339 0.0000217631141741
v 0.0899937400976300 -0.1265161179005996 0.0348287190483997 0.278431 0.341176 0.325490
vn -0.0000426639940837 0.0000490732546068 0.0003661132746681
v 0.0515551220216279 -0.0624321059817108 0.1059277974829050 0.423529 0.501961 0.490196
vn -0.0001022849041778 0.0001020918063782 0.0006090221330362
v 0.0418119301834728 -0.0678298620516027 0.1053335101535332 0.435294 0.521569 0.501961
vn 0.0002393274918464 -0.0001329277348551 0.0000252479204120
v 0.1334699978296622 -0.0816232735715539 0.0345035699614460 0.239216 0.298039 0.286275
vn 0.0000403712340752 0.0000216209629428 0.0003557044624404
v 0.0490636945478492 -0.1450466135490550 0.1057308529454972 0.450980 0.498039 0.466667
vn 0.0000927521154378 0.0003200866091209 -0.0001875299089397
v 0.0120545955381251 -0.1525930257621011 0.0973677363280686 0.219608 0.266667 0.250980
vn -0.0000181978130038 0.0006128943379493 -0.0000510606637154
v -0.0037449329099221 0.1540110718956000 0.0902237274935461 0.176471 0.227451 0.219608
vn 0.0000574695025252 0.0000220637664062 -0.0004822035199054
v 0.0875094623242839 -0.0396834825379976 0.1036886599651966 0.427451 0.509804 0.490196
vn -0.0000066997920567 -0.0000410964692719 0.0005887023135732
v -0.0657034739604690 0.0784490649581434 0.1066542751305331 0.407843 0.490196 0.462745
vn 0.0000885375918325 0.0000249840961454 -0.0003855423018951
v 0.0849304703921300 0.0189592623169869 0.1027146943041446 0.411765 0.498039 0.474510
vn 0.0000013458245571 -0.0001122701592615 0.0005210858689800
v 0.0434322521823029 0.1311157239616474 0.1043756371522528 0.376471 0.443137 0.415686
vn 0.0000817107197914 -0.0000620478487055 -0.0003552292172400
v -0.1124578016348680 0.0733376752720463 0.1002659265821054 0.396078 0.478431 0.450980
vn -0.0004555122765981 0.0003566274589750 0.0000045854191867
v -0.0414302419456010 0.0344415403691514 0.0549165280168304 0.149020 0.149020 0.137255
vn -0.0002241873591990 0.0004486009193829 -0.0000013949738899
v -0.0218973497927778 0.0503954788701350 0.0621440909699362 0.196078 0.203922 0.192157
vn -0.0002783946195767 0.0002691737020878 0.0000150563056739
v 0.1076856467500608 -0.1048761581352942 0.0736943016427199 0.294118 0.349020 0.337255
vn -0.0002086284212620 -0.0005340418789899 -0.0000321695911381
v 0.0537998583028875 0.1386956549509082 0.0648827983870741 0.223529 0.266667 0.247059
vn 0.0004124605208241 -0.0003363189524691 0.0000585608588008
v -0.0956149663288602 0.1130050751420456 0.0446935529095272 0.129412 0.141176 0.117647
vn 0.0000576197775274 -0.0000241967956927 0.0002877110672866
v 0.1203515578734840 -0.0335264487448949 0.1078056649867805 0.427451 0.513725 0.490196
vn -0.0000809414041114 -0.0000004186239582 -0.0001283232756376
v 0.1519848735673308 -0.0141207474473545 -0.0013970862162050 0.117647 0.129412 0.101961
# 3645 vertices, 0 vertices normals

f 1//1 2//2 3//3
f 4//4 5//5 6//6
f 7//7 8//8 9//9
f 10//10 11//11 12//12
f 13//13 12//12 11//11
f 14//14 15//15 16//16
f 17//17 18//18 19//19
f 20//20 17//17 19//19
f 21//21 22//22 23//23
f 24//24 25//25 26//26
f 27//27 28//28 29//29
f 30//30 31//31 32//32
f 33//33 34//34 35//35
f 33//33 35//35 36//36
f 37//37 38//38 39//39
f 40//40 41//41 42//42
f 43//43 44//44 45//45
f 43//43 45//45 46//46
f 47//47 48//48 49//49
f 50//50 51//51 52//52
f 53//53 54//54 55//55
f 56//56 57//57 58//58
f 59//59 60//60 61//61
f 62//62 63//63 64//64
f 65//65 66//66 67//67
f 68//68 69//69 70//70
f 71//71 72//72 73//73
f 74//74 75//75 76//76
f 74//74 76//76 77//77
f 78//78 79//79 80//80
f 81//81 82//82 83//83
f 84//84 85//85 86//86
f 87//87 88//88 89//89
f 90//90 91//91 92//92
f 93//93 94//94 95//95
f 96//96 97//97 98//98
f 96//96 98//98 99//99
f 100//100 72//72 71//71
f 101//101 102//102 103//103
f 104//104 105//105 106//106
f 107//107 108//108 109//109
f 110//110 111//111 112//112
f 113//113 114//114 115//115
f 116//116 115//115 114//114
f 117//117 118//118 119//119
f 120//120 121//121 122//122
f 123//123 124//124 125//125
f 126//126 127//127 128//128
f 126//126 128//128 129//129
f 87//87 130//130 131//131
f 132//132 133//133 134//134
f 135//135 136//136 75//75
f 137//137 138//138 139//139
f 140//140 141//141 142//142
f 143//143 144//144 145//145
f 67//67 66//66 1//1
f 146//146 147//147 148//148
f 148//148 149//149 146//146
f 150//150 151//151 83//83
f 152//152 153//153 154//154
f 155//155 156//156 157//157
f 158//158 157//157 156//156
f 159//159 160//160 161//161
f 162//162 90//90 92//92
f 163//163 164//164 165//165
f 166//166 167//167 168//168
f 169//169 170//170 171//171
f 172//172 173//173 174//174
f 175//175 176//176 177//177
f 178//178 179//179 180//180
f 181//181 182//182 183//183
f 184//184 67//67 1//1
f 38//38 185//185 186//186
f 38//38 37//37 185//185
f 187//187 188//188 189//189
f 190//190 191//191 192//192
f 193//193 194//194 195//195
f 70//70 196//196 68//68
f 197//197 68//68 196//196
f 198//198 199//199 200//200
f 201//201 202//202 53//53
f 55//55 201//201 53//53
f 203//203 204//204 205//205
f 206//206 207//207 203//203
f 208//208 209//209 210//210
f 211//211 212//212 213//213
f 10//10 12//12 214//214
f 215//215 216//216 217//217
f 218//218 219//219 220//220
f 221//221 222//222 223//223
f 224//224 225//225 226//226
f 227//227 228//228 229//229
f 166//166 168//168 230//230
f 166//166 230//230 231//231
f 232//232 233//233 234//234
f 235//235 236//236 237//237
f 238//238 239//239 240//240
f 241//241 242//242 243//243
f 244//244 245//245 246//246
f 247//247 248//248 249//249
f 250//250 251//251 252//252
f 253//253 254//254 255//255
f 256//256 257//257 258//258
f 259//259 260//260 261//261
f 132//132 134//134 167//167
f 262//262 263//263 264//264
f 265//265 266//266 267//267
f 268//268 183//183 269//269
f 270//270 271//271 272//272
f 273//273 274//274 275//275
f 276//276 277//277 61//61
f 278//278 279//279 280//280
f 281//281 282//282 283//283
f 284//284 285//285 139//139
f 286//286 287//287 288//288
f 289//289 290//290 281//281
f 291//291 292//292 293//293
f 294//294 295//295 296//296
f 297//297 298//298 299//299
f 300//300 301//301 302//302
f 303//303 304//304 305//305
f 306//306 307//307 308//308
f 309//309 310//310 311//311
f 312//312 313//313 314//314
f 23//23 22//22 315//315
f 316//316 317//317 318//318
f 319//319 316//316 318//318
f 261//261 320//320 321//321
f 322//322 323//323 324//324
f 325//325 326//326 327//327
f 328//328 19//19 329//329
f 330//330 331//331 332//332
f 333//333 148//148 147//147
f 334//334 335//335 336//336
f 337//337 338//338 339//339
f 340//340 341//341 342//342
f 343//343 344//344 345//345
f 346//346 347//347 348//348
f 349//349 350//350 351//351
f 352//352 353//353 354//354
f 355//355 356//356 357//357
f 358//358 359//359 360//360
f 361//361 362//362 363//363
f 364//364 365//365 242//242
f 366//366 367//367 368//368
f 369//369 370//370 371//371
f 372//372 373//373 374//374
f 375//375 374//374 373//373
f 376//376 377//377 378//378
f 379//379 377//377 376//376
f 380//380 381//381 382//382
f 380//380 382//382 383//383
f 384//384 385//385 386//386
f 387//387 388//388 389//389
f 390//390 391//391 392//392
f 4//4 393//393 394//394
f 395//395 396//396 397//397
f 398//398 399//399 400//400
f 104//104 401//401 105//105
f 105//105 401//401 402//402
f 403//403 404//404 405//405
f 406//406 407//407 408//408
f 409//409 410//410 411//411
f 409//409 411//411 412//412
f 413//413 115//115 397//397
f 414//414 415//415 416//416
f 417//417 418//418 419//419
f 420//420 421//421 422//422
f 423//423 424//424 425//425
f 426//426 427//427 428//428
f 429//429 430//430 431//431
f 432//432 433//433 434//434
f 435//435 436//436 437//437
f 438//438 439//439 440//440
f 441//441 442//442 443//443
f 444//444 445//445 446//446
f 444//444 446//446 447//447
f 448//448 449//449 311//311
f 450//450 451//451 452//452
f 139//139 453//453 284//284
f 1//1 66//66 2//2
f 454//454 455//455 456//456
f 457//457 458//458 459//459
f 49//49 460//460 461//461
f 462//462 463//463 464//464
f 231//231 465//465 466//466
f 467//467 468//468 469//469
f 470//470 469//469 468//468
f 471//471 472//472 473//473
f 474//474 475//475 476//476
f 40//40 477//477 478//478
f 40//40 478//478 479//479
f 480//480 73//73 72//72
f 481//481 482//482 483//483
f 484//484 485//485 486//486
f 487//487 266//266 488//488
f 489//489 490//490 491//491
f 492//492 493//493 494//494
f 495//495 494//494 493//493
f 496//496 497//497 498//498
f 499//499 498//498 497//497
f 500//500 501//501 502//502
f 503//503 504//504 505//505
f 506//506 507//507 508//508
f 509//509 510//510 511//511
f 512//512 513//513 514//514
f 515//515 516//516 517//517
f 378//378 518//518 519//519
f 520//520 521//521 522//522
f 523//523 524//524 525//525
f 526//526 525//525 524//524
f 527//527 528//528 529//529
f 527//527 529//529 530//530
f 531//531 532//532 533//533
f 534//534 535//535 536//536
f 537//537 538//538 539//539
f 537//537 539//539 540//540
f 541//541 268//268 269//269
f 542//542 543//543 544//544
f 545//545 115//115 413//413
f 546//546 547//547 548//548
f 549//549 550//550 551//551
f 552//552 553//553 554//554
f 555//555 556//556 557//557
f 558//558 559//559 560//560
f 561//561 562//562 563//563
f 564//564 565//565 99//99
f 566//566 567//567 568//568
f 569//569 570//570 571//571
f 176//176 572//572 177//177
f 573//573 574//574 575//575
f 576//576 62//62 577//577
f 578//578 579//579 580//580
f 581//581 192//192 191//191
f 581//581 582//582 192//192
f 583//583 584//584 585//585
f 135//135 440//440 136//136
f 586//586 587//587 588//588
f 146//146 589//589 590//590
f 591//591 592//592 593//593
f 594//594 595//595 596//596
f 184//184 597//597 598//598
f 599//599 600//600 601//601
f 602//602 536//536 535//535
f 201//201 55//55 603//603
f 604//604 605//605 606//606
f 266//266 265//265 607//607
f 608//608 609//609 30//30
f 610//610 611//611 612//612
f 613//613 614//614 615//615
f 593//593 592//592 616//616
f 617//617 450//450 618//618
f 619//619 620//620 621//621
f 392//392 622//622 623//623
f 624//624 625//625 626//626
f 627//627 628//628 606//606
f 629//629 630//630 631//631
f 632//632 633//633 634//634
f 635//635 636//636 637//637
f 638//638 639//639 640//640
f 137//137 641//641 138//138
f 642//642 643//643 644//644
f 645//645 646//646 647//647
f 121//121 648//648 649//649
f 650//650 651//651 652//652
f 653//653 654//654 655//655
f 421//421 656//656 518//518
f 657//657 658//658 659//659
f 37//37 660//660 661//661
f 37//37 661//661 185//185
f 662//662 663//663 664//664
f 662//662 664//664 665//665
f 666//666 667//667 668//668
f 669//669 670//670 671//671
f 669//669 672//672 670//670
f 673//673 674//674 675//675
f 676//676 123//123 677//677
f 150//150 678//678 679//679
f 679//679 680//680 681//681
f 678//678 680//680 679//679
f 682//682 683//683 684//684
f 64//64 577//577 62//62
f 685//685 686//686 687//687
f 582//582 688//688 689//689
f 690//690 689//689 688//688
f 691//691 692//692 693//693
f 694//694 693//693 692//692
f 695//695 696//696 697//697
f 698//698 699//699 700//700
f 701//701 702//702 703//703
f 704//704 705//705 706//706
f 707//707 580//580 579//579
f 708//708 709//709 710//710
f 711//711 708//708 710//710
f 712//712 713//713 714//714
f 715//715 236//236 716//716
f 717//717 718//718 719//719
f 720//720 721//721 722//722
f 723//723 724//724 222//222
f 288//288 725//725 726//726
f 727//727 728//728 729//729
f 730//730 731//731 732//732
f 733//733 734//734 735//735
f 736//736 737//737 738//738
f 739//739 740//740 741//741
f 742//742 743//743 744//744
f 742//742 744//744 745//745
f 746//746 708//708 747//747
f 571//571 570//570 748//748
f 749//749 750//750 751//751
f 752//752 753//753 754//754
f 610//610 612//612 755//755
f 756//756 757//757 758//758
f 759//759 760//760 761//761
f 497//497 496//496 762//762
f 763//763 764//764 765//765
f 485//485 766//766 767//767
f 768//768 769//769 621//621
f 770//770 771//771 772//772
f 116//116 397//397 115//115
f 129//129 773//773 774//774
f 775//775 659//659 776//776
f 355//355 357//357 777//777
f 778//778 779//779 780//780
f 781//781 779//779 778//778
f 782//782 783//783 784//784
f 785//785 786//786 787//787
f 785//785 787//787 788//788
f 789//789 790//790 791//791
f 792//792 793//793 794//794
f 795//795 247//247 796//796
f 797//797 798//798 799//799
f 800//800 801//801 802//802
f 121//121 649//649 122//122
f 423//423 122//122 649//649
f 803//803 804//804 805//805
f 806//806 807//807 808//808
f 806//806 808//808 809//809
f 810//810 811//811 812//812
f 813//813 814//814 815//815
f 816//816 817//817 818//818
f 819//819 820//820 821//821
f 574//574 822//822 823//823
f 824//824 825//825 826//826
f 827//827 828//828 829//829
f 827//827 829//829 830//830
f 831//831 832//832 833//833
f 834//834 5//5 528//528
f 835//835 836//836 501//501
f 835//835 501//501 500//500
f 837//837 838//838 839//839
f 837//837 839//839 840//840
f 841//841 842//842 843//843
f 844//844 845//845 444//444
f 846//846 845//845 844//844
f 847//847 848//848 849//849
f 850//850 851//851 573//573
f 118//118 117//117 852//852
f 853//853 854//854 855//855
f 469//469 856//856 857//857
f 858//858 859//859 860//860
f 861//861 859//859 858//858
f 862//862 630//630 863//863
f 864//864 865//865 866//866
f 867//867 868//868 869//869
f 870//870 871//871 872//872
f 873//873 874//874 875//875
f 651//651 149//149 148//148
f 876//876 877//877 878//878
f 879//879 880//880 573//573
f 881//881 882//882 883//883
f 157//157 884//884 155//155
f 885//885 886//886 887//887
f 888//888 886//886 885//885
f 889//889 890//890 891//891
f 892//892 893//893 894//894
f 895//895 896//896 897//897
f 898//898 899//899 900//900
f 901//901 225//225 902//902
f 709//709 708//708 903//903
f 904//904 905//905 638//638
f 906//906 907//907 908//908
f 909//909 910//910 911//911
f 912//912 913//913 914//914
f 915//915 916//916 219//219
f 694//694 917//917 918//918
f 919//919 746//746 655//655
f 920//920 921//921 922//922
f 697//697 923//923 924//924
f 925//925 926//926 290//290
f 927//927 928//928 929//929
f 930//930 931//931 932//932
f 930//930 933//933 931//931
f 934//934 935//935 802//802
f 936//936 937//937 938//938
f 939//939 940//940 195//195
f 941//941 942//942 943//943
f 944//944 945//945 946//946
f 947//947 948//948 949//949
f 950//950 951//951 952//952
f 953//953 954//954 955//955
f 169//169 956//956 957//957
f 854//854 853//853 958//958
f 959//959 404//404 960//960
f 961//961 962//962 963//963
f 964//964 965//965 966//966
f 964//964 966//966 967//967
f 968//968 969//969 970//970
f 971//971 912//912 914//914
f 972//972 973//973 974//974
f 975//975 973//973 972//972
f 976//976 977//977 978//978
f 979//979 198//198 200//200
f 980//980 600//600 599//599
f 981//981 982//982 246//246
f 983//983 984//984 985//985
f 986//986 987//987 222//222
f 988//988 989//989 796//796
f 990//990 991//991 992//992
f 993//993 994//994 995//995
f 996//996 997//997 998//998
f 999//999 997//997 996//996
f 389//389 1000//1000 1001//1001
f 389//389 1001//1001 387//387
f 1002//1002 533//533 532//532
f 1003//1003 1004//1004 162//162
f 1005//1005 615//615 614//614
f 1006//1006 1007//1007 1008//1008
f 874//874 977//977 875//875
f 1009//1009 164//164 632//632
f 1010//1010 26//26 1011//1011
f 1010//1010 1011//1011 1012//1012
f 1013//1013 1014//1014 1015//1015
f 1016//1016 1017//1017 38//38
f 1018//1018 651//651 1019//1019
f 1020//1020 621//621 1021//1021
f 792//792 420//420 793//793
f 1022//1022 1023//1023 1024//1024
f 1025//1025 1026//1026 1027//1027
f 1025//1025 542//542 1026//1026
f 1028//1028 1029//1029 1030//1030
f 1031//1031 29//29 359//359
f 1032//1032 1033//1033 1034//1034
f 1035//1035 1036//1036 1037//1037
f 1034//1034 1038//1038 1039//1039
f 1040//1040 1041//1041 86//86
f 1042//1042 1043//1043 1044//1044
f 1045//1045 371//371 1046//1046
f 1047//1047 1048//1048 1049//1049
f 536//536 1050//1050 390//390
f 1051//1051 1052//1052 1053//1053
f 1054//1054 1052//1052 1051//1051
f 1055//1055 1056//1056 1057//1057
f 957//957 692//692 169//169
f 1058//1058 1059//1059 1060//1060
f 1061//1061 1062//1062 1063//1063
f 1064//1064 1065//1065 1066//1066
f 1067//1067 1068//1068 1069//1069
f 1070//1070 1071//1071 1072//1072
f 120//120 1073//1073 1074//1074
f 1075//1075 1076//1076 1077//1077
f 1078//1078 1079//1079 1080//1080
f 335//335 374//374 375//375
f 1081//1081 1082//1082 1083//1083
f 600//600 1084//1084 1085//1085
f 1086//1086 1087//1087 1088//1088
f 1089//1089 1088//1088 1087//1087
f 1090//1090 60//60 1091//1091
f 59//59 1091//1091 60//60
f 1092//1092 1093//1093 565//565
f 99//99 565//565 1093//1093
f 1094//1094 869//869 1095//1095
f 1094//1094 1095//1095 1096//1096
f 466//466 465//465 755//755
f 610//610 755//755 465//465
f 818//818 1097//1097 1098//1098
f 591//591 1099//1099 592//592
f 603//603 1100//1100 1101//1101
f 55//55 1100//1100 603//603
f 1102//1102 1103//1103 1104//1104
f 1105//1105 627//627 1106//1106
f 579//579 578//578 512//512
f 1107//1107 1108//1108 1109//1109
f 1110//1110 1111//1111 1112//1112
f 1113//1113 1114//1114 1115//1115
f 1113//1113 1115//1115 1116//1116
f 186//186 185//185 1117//1117
f 1118//1118 1119//1119 971//971
f 1118//1118 971//971 914//914
f 1120//1120 1121//1121 1122//1122
f 1123//1123 1124//1124 1125//1125
f 1126//1126 1127//1127 1128//1128
f 1129//1129 1130//1130 1131//1131
f 1132//1132 625//625 1133//1133
f 1134//1134 1135//1135 1136//1136
f 1134//1134 1136//1136 1137//1137
f 774//774 1138//1138 129//129
f 40//40 1139//1139 1140//1140
f 1141//1141 1142//1142 1143//1143
f 1144//1144 1145//1145 1108//1108
f 1146//1146 1147//1147 629//629
f 1148//1148 1149//1149 1150//1150
f 680//680 593//593 681//681
f 1151//1151 1152//1152 1153//1153
f 233//233 232//232 1154//1154
f 946//946 945//945 1155//1155
f 164//164 163//163 1156//1156
f 150//150 1157//1157 678//678
f 1158//1158 1159//1159 1160//1160
f 1161//1161 1162//1162 1163//1163
f 1164//1164 1165//1165 1166//1166
f 1167//1167 1168//1168 1169//1169
f 1170//1170 1171//1171 1172//1172
f 1173//1173 1174//1174 1175//1175
f 1176//1176 1177//1177 1178//1178
f 1179//1179 1180//1180 1181//1181
f 1182//1182 741//741 1183//1183
f 505//505 1184//1184 1185//1185
f 246//246 1186//1186 244//244
f 1187//1187 1188//1188 1189//1189
f 850//850 1190//1190 181//181
f 822//822 1191//1191 1192//1192
f 1193//1193 1192//1192 1191//1191
f 1194//1194 597//597 1195//1195
f 1196//1196 601//601 1197//1197
f 1198//1198 1199//1199 1200//1200
f 482//482 1201//1201 483//483
f 979//979 1202//1202 198//198
f 1203//1203 1128//1128 1127//1127
f 1123//1123 1204//1204 1205//1205
f 1206//1206 1207//1207 1208//1208
f 1209//1209 1208//1208 1207//1207
f 1210//1210 1211//1211 1212//1212
f 1213//1213 1214//1214 1215//1215
f 1216//1216 1217//1217 1218//1218
f 820//820 1219//1219 1220//1220
f 1221//1221 1222//1222 1223//1223
f 1224//1224 1225//1225 1226//1226
f 1227//1227 1228//1228 1229//1229
f 518//518 1230//1230 1231//1231
f 1091//1091 59//59 1232//1232
f 1233//1233 1199//1199 1234//1234
f 1235//1235 1236//1236 1237//1237
f 1238//1238 1239//1239 1240//1240
f 1241//1241 1242//1242 62//62
f 8//8 1243//1243 1244//1244
f 1244//1244 1245//1245 1246//1246
f 1026//1026 542//542 1247//1247
f 1248//1248 1249//1249 1250//1250
f 621//621 620//620 1021//1021
f 685//685 1251//1251 863//863
f 225//225 739//739 902//902
f 1252//1252 585//585 1253//1253
f 328//328 1254//1254 1163//1163
f 1163//1163 1254//1254 1255//1255
f 1256//1256 1257//1257 1258//1258
f 1259//1259 1260//1260 1261//1261
f 1262//1262 1263//1263 1264//1264
f 1262//1262 1264//1264 1265//1265
f 218//218 841//841 1266//1266
f 969//969 1267//1267 1268//1268
f 1269//1269 1270//1270 1271//1271
f 1272//1272 1273//1273 1274//1274
f 1275//1275 1276//1276 1277//1277
f 1278//1278 1276//1276 1275//1275
f 1279//1279 954//954 1280//1280
f 466//466 1281//1281 231//231
f 555//555 1282//1282 556//556
f 1283//1283 782//782 1284//1284
f 1203//1203 1285//1285 1286//1286
f 1026//1026 1287//1287 1288//1288
f 1289//1289 1290//1290 1291//1291
f 673//673 233//233 341//341
f 1292//1292 1293//1293 583//583
f 438//438 1294//1294 736//736
f 1295//1295 125//125 124//124
f 1296//1296 1297//1297 1298//1298
f 1299//1299 930//930 1300//1300
f 1299//1299 1300//1300 1301//1301
f 616//616 592//592 1099//1099
f 1077//1077 1302//1302 1303//1303
f 1304//1304 1305//1305 1306//1306
f 1307//1307 1308//1308 1309//1309
f 318//318 317//317 1310//1310
f 1311//1311 1310//1310 317//317
f 1312//1312 1313//1313 1314//1314
f 933//933 1304//1304 1306//1306
f 232//232 1315//1315 1316//1316
f 1178//1178 1078//1078 1317//1317
f 1318//1318 1319//1319 1320//1320
f 1321//1321 1322//1322 1323//1323
f 366//366 32//32 723//723
f 1324//1324 1325//1325 1326//1326
f 986//986 384//384 1327//1327
f 1328//1328 824//824 1015//1015
f 555//555 1329//1329 1330//1330
f 1185//1185 1331//1331 503//503
f 883//883 1332//1332 881//881
f 1333//1333 881//881 1332//1332
f 1329//1329 1334//1334 1330//1330
f 466//466 377//377 1281//1281
f 1335//1335 1336//1336 1337//1337
f 836//836 1337//1337 1336//1336
f 605//605 1120//1120 1106//1106
f 694//694 692//692 957//957
f 1229//1229 1338//1338 1227//1227
f 494//494 1339//1339 1340//1340
f 1341//1341 633//633 1342//1342
f 1343//1343 561//561 1344//1344
f 1345//1345 916//916 915//915
f 1346//1346 1347//1347 1016//1016
f 501//501 1336//1336 1348//1348
f 1349//1349 1350//1350 1351//1351
f 1352//1352 472//472 1353//1353
f 1354//1354 1355//1355 1356//1356
f 1009//1009 966//966 965//965
f 1357//1357 966//966 1009//1009
f 451//451 617//617 1358//1358
f 1359//1359 1360//1360 1361//1361
f 1362//1362 980//980 1363//1363
f 1364//1364 1365//1365 1366//1366
f 1364//1364 1366//1366 1367//1367
f 1368//1368 1369//1369 1370//1370
f 1371//1371 1372//1372 564//564
f 1373//1373 1374//1374 1375//1375
f 1376//1376 1377//1377 1378//1378
f 464//464 1127//1127 1379//1379
f 1380//1380 1381//1381 1382//1382
f 646//646 1383//1383 913//913
f 1384//1384 1385//1385 713//713
f 1386//1386 1387//1387 933//933
f 1388//1388 1389//1389 1390//1390
f 1391//1391 964//964 967//967
f 1392//1392 1393//1393 1394//1394
f 1126//1126 1379//1379 1127//1127
f 817//817 1395//1395 1396//1396
f 1397//1397 21//21 1398//1398
f 1399//1399 1400//1400 1401//1401
f 1399//1399 1401//1401 1402//1402
f 1403//1403 457//457 1404//1404
f 448//448 311//311 1405//1405
f 1406//1406 1193//1193 1191//1191
f 1407//1407 1408//1408 1409//1409
f 1410//1410 1411//1411 1412//1412
f 1413//1413 1414//1414 1415//1415
f 189//189 568//568 187//187
f 1416//1416 158//158 1417//1417
f 1141//1141 1418//1418 1142//1142
f 1419//1419 1420//1420 1421//1421
f 1422//1422 1423//1423 1424//1424
f 1425//1425 1426//1426 1427//1427
f 582//582 581//581 1428//1428
f 1429//1429 1430//1430 1431//1431
f 1432//1432 1433//1433 1434//1434
f 1435//1435 1436//1436 1437//1437
f 1438//1438 1439//1439 1440//1440
f 1441//1441 1439//1439 1438//1438
f 1179//1179 1181//1181 1442//1442
f 120//120 122//122 425//425
f 1443//1443 1444//1444 970//970
f 1443//1443 970//970 969//969
f 1445//1445 1446//1446 1447//1447
f 202//202 1448//1448 53//53
f 616//616 681//681 593//593
f 438//438 736//736 1449//1449
f 1325//1325 810//810 1450//1450
f 1451//1451 1452//1452 1453//1453
f 1454//1454 612//612 611//611
f 1455//1455 1456//1456 1457//1457
f 1458//1458 1459//1459 1254//1254
f 1460//1460 1461//1461 1462//1462
f 1463//1463 1326//1326 1464//1464
f 1465//1465 1466//1466 1467//1467
f 1265//1265 1468//1468 1469//1469
f 1470//1470 1471//1471 1472//1472
f 1143//1143 1473//1473 1474//1474
f 1059//1059 1475//1475 1476//1476
f 842//842 841//841 1477//1477
f 866//866 1478//1478 864//864
f 1479//1479 1480//1480 1481//1481
f 1482//1482 1483//1483 1484//1484
f 1482//1482 1484//1484 293//293
f 1485//1485 1486//1486 1487//1487
f 1488//1488 1489//1489 1154//1154
f 172//172 1490//1490 1491//1491
f 967//967 1492//1492 1391//1391
f 1493//1493 1494//1494 1495//1495
f 1082//1082 720//720 1083//1083
f 632//632 164//164 1156//1156
f 1496//1496 1497//1497 1498//1498
f 1499//1499 1500//1500 1501//1501
f 1231//1231 1501//1501 1500//1500
f 1502//1502 1503//1503 1504//1504
f 1505//1505 1506//1506 1323//1323
f 1507//1507 1508//1508 665//665
f 1509//1509 750//750 1510//1510
f 1511//1511 1512//1512 1513//1513
f 1319//1319 1514//1514 1515//1515
f 573//573 851//851 574//574
f 1516//1516 1517//1517 1518//1518
f 1519//1519 1350//1350 1520//1520
f 7//7 1243//1243 8//8
f 1521//1521 1276//1276 1522//1522
f 1523//1523 1524//1524 569//569
f 1525//1525 1526//1526 1527//1527
f 1528//1528 740//740 739//739
f 995//995 1529//1529 993//993
f 1024//1024 1239//1239 1530//1530
f 1341//1341 634//634 633//633
f 1341//1341 1150//1150 634//634
f 1531//1531 1532//1532 1533//1533
f 1534//1534 1532//1532 1531//1531
f 74//74 77//77 677//677
f 74//74 677//677 123//123
f 1535//1535 1536//1536 1537//1537
f 1538//1538 1539//1539 1540//1540
f 1541//1541 1542//1542 765//765
f 1541//1541 765//765 1543//1543
f 1544//1544 1545//1545 948//948
f 716//716 1546//1546 1547//1547
f 1548//1548 1549//1549 1550//1550
f 1551//1551 1552//1552 1553//1553
f 1551//1551 1554//1554 1552//1552
f 588//588 769//769 768//768
f 1555//1555 1556//1556 1557//1557
f 1555//1555 1557//1557 910//910
f 1558//1558 1559//1559 1560//1560
f 1561//1561 1562//1562 268//268
f 1563//1563 268//268 1562//1562
f 1564//1564 1565//1565 1566//1566
f 1567//1567 451//451 1568//1568
f 1569//1569 1570//1570 1571//1571
f 1572//1572 1573//1573 1574//1574
f 1575//1575 546//546 548//548
f 1576//1576 639//639 1577//1577
f 1578//1578 1579//1579 1580//1580
f 538//538 1581//1581 1582//1582
f 1583//1583 720//720 1082//1082
f 780//780 779//779 1584//1584
f 1585//1585 1586//1586 1587//1587
f 1588//1588 1589//1589 1113//1113
f 1590//1590 1591//1591 1592//1592
f 1590//1590 1430//1430 1591//1591
f 1593//1593 72//72 1594//1594
f 1595//1595 1596//1596 1597//1597
f 1598//1598 998//998 997//997
f 1599//1599 1600//1600 1601//1601
f 56//56 58//58 1602//1602
f 1603//1603 1604//1604 1605//1605
f 1606//1606 1607//1607 1608//1608
f 1609//1609 949//949 1610//1610
f 381//381 380//380 650//650
f 720//720 722//722 1611//1611
f 1612//1612 1613//1613 142//142
f 165//165 1403//1403 163//163
f 638//638 640//640 154//154
f 1614//1614 599//599 601//601
f 550//550 1615//1615 1616//1616
f 1617//1617 1618//1618 1619//1619
f 1620//1620 1030//1030 1621//1621
f 1622//1622 1623//1623 1624//1624
f 1625//1625 1624//1624 1623//1623
f 1626//1626 1627//1627 1628//1628
f 1629//1629 1630//1630 1631//1631
f 1629//1629 1631//1631 1632//1632
f 860//860 545//545 413//413
f 860//860 413//413 1633//1633
f 1634//1634 1635//1635 1112//1112
f 1636//1636 614//614 1637//1637
f 1638//1638 1639//1639 1640//1640
f 1641//1641 1535//1535 1642//1642
f 1549//1549 1643//1643 1550//1550
f 1644//1644 1645//1645 1551//1551
f 1483//1483 1646//1646 1647//1647
f 165//165 457//457 1403//1403
f 1648//1648 1649//1649 1650//1650
f 1651//1651 581//581 1652//1652
f 1653//1653 1654//1654 1655//1655
f 1169//1169 1656//1656 264//264
f 1657//1657 1658//1658 1659//1659
f 1660//1660 1661//1661 1662//1662
f 113//113 545//545 1663//1663
f 545//545 113//113 115//115
f 299//299 298//298 1664//1664
f 1665//1665 870//870 872//872
f 1665//1665 872//872 874//874
f 1666//1666 1667//1667 781//781
f 1668//1668 1669//1669 274//274
f 1670//1670 1671//1671 1672//1672
f 1049//1049 1673//1673 1674//1674
f 1049//1049 1674//1674 1047//1047
f 155//155 1675//1675 1676//1676
f 303//303 1677//1677 1678//1678
f 1679//1679 302//302 301//301
f 1644//1644 1680//1680 1645//1645
f 1681//1681 1682//1682 1396//1396
f 1214//1214 1683//1683 1684//1684
f 1685//1685 1686//1686 1687//1687
f 1688//1688 1689//1689 1139//1139
f 1690//1690 513//513 1691//1691
f 1692//1692 1693//1693 1284//1284
f 438//438 1694//1694 439//439
f 1695//1695 609//609 1319//1319
f 204//204 1696//1696 1697//1697
f 1481//1481 922//922 1479//1479
f 1698//1698 1699//1699 1700//1700
f 1701//1701 1702//1702 1703//1703
f 1073//1073 1309//1309 1308//1308
f 1121//1121 1120//1120 605//605
f 1331//1331 1704//1704 1705//1705
f 1706//1706 702//702 701//701
f 1707//1707 1708//1708 1151//1151
f 1709//1709 656//656 421//421
f 1710//1710 1711//1711 1177//1177
f 374//374 1712//1712 93//93
f 1261//1261 1713//1713 991//991
f 312//312 1714//1714 313//313
f 1715//1715 1716//1716 1717//1717
f 441//441 1718//1718 1719//1719
f 283//283 1720//1720 281//281
f 46//46 1721//1721 1722//1722
f 1107//1107 1723//1723 294//294
f 1541//1541 1543//1543 1701//1701
f 1724//1724 1725//1725 1726//1726
f 147//147 590//590 1727//1727
f 1728//1728 1729//1729 1730//1730
f 1731//1731 1732//1732 174//174
f 1733//1733 1520//1520 1734//1734
f 1735//1735 1736//1736 1180//1180
f 1737//1737 1738//1738 77//77
f 466//466 1739//1739 377//377
f 476//476 1740//1740 1741//1741
f 959//959 1742//1742 1743//1743
f 1744//1744 1745//1745 1746//1746
f 67//67 1086//1086 1088//1088
f 1747//1747 1748//1748 1749//1749
f 1750//1750 1751//1751 1752//1752
f 1108//1108 1145//1145 1753//1753
f 1065//1065 1064//1064 1754//1754
f 1065//1065 1754//1754 1755//1755
f 1248//1248 1250//1250 1756//1756
f 820//820 1757//1757 821//821
f 400//400 399//399 1758//1758
f 1759//1759 1758//1758 399//399
f 1760//1760 1761//1761 1762//1762
f 1763//1763 1764//1764 1765//1765
f 1763//1763 1766//1766 1764//1764
f 1767//1767 1093//1093 1092//1092
f 514//514 1690//1690 1768//1768
f 1769//1769 1770//1770 1771//1771
f 1772//1772 1773//1773 859//859
f 1774//1774 1775//1775 1776//1776
f 1777//1777 1778//1778 1218//1218
f 1779//1779 1778//1778 1777//1777
f 672//672 1780//1780 1781//1781
f 330//330 1782//1782 1783//1783
f 365//365 1599//1599 1784//1784
f 365//365 1784//1784 1785//1785
f 1786//1786 1787//1787 1788//1788
f 483//483 1201//1201 1789//1789
f 1790//1790 1791//1791 1792//1792
f 1793//1793 1729//1729 1794//1794
f 1795//1795 636//636 1796//1796
f 635//635 1796//1796 636//636
f 1797//1797 968//968 1368//1368
f 715//715 1798//1798 1673//1673
f 161//161 160//160 428//428
f 1799//1799 1800//1800 1801//1801
f 101//101 479//479 478//478
f 1802//1802 1803//1803 1804//1804
f 640//640 639//639 1741//1741
f 640//640 1741//1741 1740//1740
f 768//768 1805//1805 588//588
f 990//990 1806//1806 991//991
f 1807//1807 1806//1806 990//990
f 1808//1808 1809//1809 870//870
f 1810//1810 1811//1811 1445//1445
f 1812//1812 1445//1445 1811//1811
f 80//80 79//79 1813//1813
f 1476//1476 1814//1814 1815//1815
f 879//879 45//45 44//44
f 1610//1610 949//949 1816//1816
f 948//948 1816//1816 949//949
f 330//330 1783//1783 1817//1817
f 1818//1818 1228//1228 1227//1227
f 1819//1819 1820//1820 1821//1821
f 1822//1822 1823//1823 1824//1824
f 738//738 737//737 1825//1825
f 1826//1826 1827//1827 916//916
f 1828//1828 1829//1829 1830//1830
f 1831//1831 239//239 238//238
f 1831//1831 1622//1622 239//239
f 1832//1832 1833//1833 1834//1834
f 467//467 1835//1835 1279//1279
f 954//954 1279//1279 1835//1835
f 322//322 1836//1836 435//435
f 1837//1837 1021//1021 1838//1838
f 1839//1839 1840//1840 297//297
f 1119//1119 1841//1841 351//351
f 1842//1842 1843//1843 1844//1844
f 1734//1734 1845//1845 1733//1733
f 494//494 1340//1340 492//492
f 1846//1846 1847//1847 1848//1848
f 1846//1846 1848//1848 1615//1615
f 455//455 1849//1849 1850//1850
f 1851//1851 1393//1393 1852//1852
f 1853//1853 356//356 1566//1566
f 1854//1854 1855//1855 1856//1856
f 31//31 1857//1857 1858//1858
f 1859//1859 1860//1860 1580//1580
f 1861//1861 1862//1862 224//224
f 1863//1863 1864//1864 1865//1865
f 727//727 1866//1866 728//728
f 1867//1867 1868//1868 1869//1869
f 1870//1870 1871//1871 1872//1872
f 1873//1873 1874//1874 878//878
f 1875//1875 1027//1027 1288//1288
f 1483//1483 1482//1482 1646//1646
f 379//379 1876//1876 892//892
f 1877//1877 1620//1620 883//883
f 1878//1878 1879//1879 1880//1880
f 1881//1881 1882//1882 1883//1883
f 1884//1884 1885//1885 1886//1886
f 1887//1887 288//288 287//287
f 1042//1042 1888//1888 1584//1584
f 600//600 1085//1085 601//601
f 733//733 18//18 17//17
f 1107//1107 294//294 1889//1889
f 1381//1381 1890//1890 1382//1382
f 1891//1891 1892//1892 1893//1893
f 1247//1247 542//542 544//544
f 1894//1894 77//77 76//76
f 184//184 1086//1086 67//67
f 1895//1895 1896//1896 716//716
f 981//981 1897//1897 567//567
f 1898//1898 133//133 1516//1516
f 19//19 1162//1162 20//20
f 1899//1899 1496//1496 1900//1900
f 867//867 869//869 1094//1094
f 1901//1901 1691//1691 513//513
f 1901//1901 513//513 1902//1902
f 923//923 697//697 696//696
f 454//454 690//690 13//13
f 1609//1609 1903//1903 949//949
f 1904//1904 1665//1665 1905//1905
f 1906//1906 1907//1907 130//130
f 1908//1908 1340//1340 1909//1909
f 1611//1611 1083//1083 720//720
f 1910//1910 1911//1911 1912//1912
f 1913//1913 1334//1334 1914//1914
f 1915//1915 1381//1381 1916//1916
f 1917//1917 1918//1918 1157//1157
f 852//852 117//117 908//908
f 1758//1758 1919//1919 400//400
f 295//295 1920//1920 1921//1921
f 1309//1309 1922//1922 1307//1307
f 1923//1923 1924//1924 119//119
f 1925//1925 918//918 1926//1926
f 1269//1269 1926//1926 918//918
f 2//2 1481//1481 1927//1927
f 905//905 1577//1577 638//638
f 639//639 638//638 1577//1577
f 1928//1928 1929//1929 1930//1930
f 1931//1931 1932//1932 149//149
f 1682//1682 1933//1933 1837//1837
f 1212//1212 1934//1934 1935//1935
f 1936//1936 1218//1218 1937//1937
f 1938//1938 1939//1939 1675//1675
f 1335//1335 1940//1940 1348//1348
f 1333//1333 1941//1941 1942//1942
f 1943//1943 1944//1944 1945//1945
f 177//177 1946//1946 1405//1405
f 1910//1910 1912//1912 1807//1807
f 1947//1947 1238//1238 1948//1948
f 1126//1126 1949//1949 1379//1379
f 1257//1257 1950//1950 1951//1951
f 1952//1952 105//105 1953//1953
f 1510//1510 750//750 1954//1954
f 1955//1955 200//200 199//199
f 1881//1881 526//526 1956//1956
f 1957//1957 1384//1384 1537//1537
f 1958//1958 1722//1722 1721//1721
f 1015//1015 1014//1014 1328//1328
f 1124//1124 1123//1123 1959//1959
f 1960//1960 1961//1961 1962//1962
f 1344//1344 1963//1963 1076//1076
f 1964//1964 1965//1965 1966//1966
f 1967//1967 206//206 1968//1968
f 438//438 1449//1449 1694//1694
f 36//36 1969//1969 956//956
f 957//957 956//956 1969//1969
f 1970//1970 1971//1971 1972//1972
f 1973//1973 1974//1974 1975//1975
f 1976//1976 1977//1977 1978//1978
f 1572//1572 1979//1979 1573//1573
f 1980//1980 1981//1981 1982//1982
f 1983//1983 1637//1637 1984//1984
f 1985//1985 1986//1986 850//850
f 1367//1367 1366//1366 1419//1419
f 1987//1987 1433//1433 1988//1988
f 1989//1989 1990//1990 611//611
f 148//148 1991//1991 1720//1720
f 1992//1992 1993//1993 1994//1994
f 1015//1015 1995//1995 1454//1454
f 1140//1140 477//477 40//40
f 1335//1335 1996//1996 1940//1940
f 1997//1997 1998//1998 1999//1999
f 2000//2000 1820//1820 1256//1256
f 2001//2001 895//895 252//252
f 1459//1459 1458//1458 458//458
f 2002//2002 1683//1683 1783//1783
f 2003//2003 2004//2004 662//662
f 2005//2005 293//293 1484//1484
f 2005//2005 1484//1484 1271//1271
f 937//937 2006//2006 2007//2007
f 2008//2008 2009//2009 2010//2010
f 2011//2011 2012//2012 864//864
f 734//734 2013//2013 2014//2014
f 1974//1974 2015//2015 2016//2016
f 1728//1728 481//481 717//717
f 1150//1150 1149//1149 1357//1357
f 973//973 2017//2017 2018//2018
f 2019//2019 2020//2020 2021//2021
f 2022//2022 2021//2021 2020//2020
f 2023//2023 2024//2024 2025//2025
f 230//230 2026//2026 2027//2027
f 230//230 2027//2027 2028//2028
f 969//969 1268//1268 1443//1443
f 843//843 842//842 2029//2029
f 970//970 1369//1369 968//968
f 236//236 1546//1546 716//716
f 236//236 235//235 1546//1546
f 714//714 1028//1028 2030//2030
f 1548//1548 2031//2031 1105//1105
f 1956//1956 1034//1034 1039//1039
f 14//14 1875//1875 2032//2032
f 2033//2033 1164//1164 419//419
f 2034//2034 1074//1074 1073//1073
f 552//552 1697//1697 1696//1696
f 1441//1441 1375//1375 1439//1439
f 2035//2035 2036//2036 1355//1355
f 1153//1153 153//153 152//152
f 765//765 2037//2037 1543//1543
f 1804//1804 2038//2038 1802//1802
f 2039//2039 2040//2040 1718//1718
f 2041//2041 1474//1474 1513//1513
f 2041//2041 1513//1513 1512//1512
f 2042//2042 2043//2043 2044//2044
f 676//676 2045//2045 123//123
f 2046//2046 1255//1255 1459//1459
f 1241//1241 412//412 411//411
f 1235//1235 1915//1915 1916//1916
f 547//547 2047//2047 676//676
f 777//777 2048//2048 2049//2049
f 2050//2050 1594//1594 100//100
f 2050//2050 100//100 2051//2051
f 2052//2052 2053//2053 789//789
f 2054//2054 1450//1450 810//810
f 812//812 2054//2054 810//810
f 1574//1574 1573//1573 2055//2055
f 432//432 435//435 2056//2056
f 348//348 1818//1818 1227//1227
f 1505//1505 2057//2057 2058//2058
f 235//235 2059//2059 2060//2060
f 24//24 26//26 2061//2061
f 2062//2062 1243//1243 495//495
f 2021//2021 2063//2063 1706//1706
f 2064//2064 1706//1706 2063//2063
f 2065//2065 2066//2066 1962//1962
f 2067//2067 2068//2068 1525//1525
f 1435//1435 1437//1437 1426//1426
f 2069//2069 2070//2070 2071//2071
f 1052//1052 2072//2072 1053//1053
f 2073//2073 2074//2074 2075//2075
f 2076//2076 2077//2077 2078//2078
f 915//915 218//218 1266//1266
f 2079//2079 2080//2080 2081//2081
f 2082//2082 2083//2083 308//308
f 2084//2084 2085//2085 2086//2086
f 2087//2087 2088//2088 2089//2089
f 1673//1673 2090//2090 715//715
f 333//333 1196//1196 1197//1197
f 1107//1107 2091//2091 1723//1723
f 177//177 572//572 2092//2092
f 1426//1426 760//760 759//759
f 2093//2093 2094//2094 2095//2095
f 2093//2093 1383//1383 2094//2094
f 2096//2096 2097//2097 2098//2098
f 1284//1284 782//782 784//784
f 1428//1428 12//12 13//13
f 693//693 2099//2099 2100//2100
f 694//694 2099//2099 693//693
f 434//434 433//433 2101//2101
f 2102//2102 1349//1349 1440//1440
f 1348//1348 1336//1336 1335//1335
f 2103//2103 521//521 943//943
f 2104//2104 2105//2105 395//395
f 1797//1797 2105//2105 2104//2104
f 2106//2106 1431//1431 1430//1430
f 1434//1434 1433//1433 2107//2107
f 1088//1088 1834//1834 2108//2108
f 2109//2109 2108//2108 1834//1834
f 1583//1583 2110//2110 2111//2111
f 64//64 2112//2112 2113//2113
f 2114//2114 2054//2054 2115//2115
f 1291//1291 2116//2116 401//401
f 2117//2117 690//690 456//456
f 968//968 1797//1797 2118//2118
f 2119//2119 568//568 189//189
f 2078//2078 2120//2120 2121//2121
f 396//396 1633//1633 413//413
f 2122//2122 2123//2123 1640//1640
f 522//522 2124//2124 2125//2125
f 1159//1159 574//574 851//851
f 606//606 2126//2126 604//604
f 1047//1047 2127//2127 2128//2128
f 2129//2129 735//735 734//734
f 2130//2130 2131//2131 2132//2132
f 2133//2133 1650//1650 2134//2134
f 1361//1361 2135//2135 2136//2136
f 2137//2137 91//91 2138//2138
f 2139//2139 2115//2115 812//812
f 2140//2140 2141//2141 2142//2142
f 1877//1877 2143//2143 1030//1030
f 565//565 2144//2144 2145//2145
f 2146//2146 2147//2147 2148//2148
f 2149//2149 1931//1931 1018//1018
f 149//149 1018//1018 1931//1931
f 2150//2150 2151//2151 2152//2152
f 39//39 2150//2150 2152//2152
f 2153//2153 2154//2154 1355//1355
f 482//482 1285//1285 2155//2155
f 2156//2156 1811//1811 1810//1810
f 1355//1355 2036//2036 1453//1453
f 2157//2157 2036//2036 2035//2035
f 334//334 2158//2158 94//94
f 7//7 494//494 495//495
f 156//156 155//155 2159//2159
f 2160//2160 2161//2161 2162//2162
f 834//834 1793//1793 5//5
f 2076//2076 2163//2163 2164//2164
f 142//142 141//141 2165//2165
f 142//142 2165//2165 1612//1612
f 1571//1571 1719//1719 1718//1718
f 1571//1571 1718//1718 2040//2040
f 2166//2166 2167//2167 2168//2168
f 275//275 1669//1669 766//766
f 1406//1406 1191//1191 2169//2169
f 2170//2170 2171//2171 2172//2172
f 2079//2079 1267//1267 2080//2080
f 1522//1522 303//303 305//305
f 2173//2173 2174//2174 1736//1736
f 497//497 762//762 2175//2175
f 1408//1408 1407//1407 411//411
f 1817//1817 1783//1783 1683//1683
f 508//508 510//510 509//509
f 2176//2176 510//510 508//508
f 689//689 1399//1399 2177//2177
f 582//582 689//689 2177//2177
f 2178//2178 2179//2179 2180//2180
f 2181//2181 1389//1389 2182//2182
f 707//707 984//984 983//983
f 1498//1498 2183//2183 2184//2184
f 1909//1909 2185//2185 2186//2186
f 2187//2187 2188//2188 978//978
f 2189//2189 2190//2190 1061//1061
f 634//634 1150//1150 1357//1357
f 2191//2191 555//555 1330//1330
f 1686//1686 2192//2192 1687//1687
f 1807//1807 1912//1912 1806//1806
f 2193//2193 2194//2194 214//214
f 2195//2195 956//956 2196//2196
f 1649//1649 2197//2197 2198//2198
f 1649//1649 2198//2198 1650//1650
f 2199//2199 2200//2200 789//789
f 2201//2201 2202//2202 1799//1799
f 1161//1161 20//20 1162//1162
f 251//251 2203//2203 826//826
f 2204//2204 2205//2205 1902//1902
f 102//102 477//477 2206//2206
f 956//956 2207//2207 36//36
f 1641//1641 2146//2146 2208//2208
f 1593//1593 480//480 72//72
f 2209//2209 2210//2210 2191//2191
f 1023//1023 1239//1239 1024//1024
f 824//824 2211//2211 2212//2212
f 935//935 102//102 2213//2213
f 1610//1610 2214//2214 666//666
f 1714//1714 2215//2215 2216//2216
f 1076//1076 1963//1963 2217//2217
f 2218//2218 2209//2209 2219//2219
f 1203//1203 1286//1286 1128//1128
f 1506//1506 2058//2058 2096//2096
f 2003//2003 2220//2220 430//430
f 1575//1575 548//548 1099//1099
f 2221//2221 2222//2222 1223//1223
f 2223//2223 2224//2224 2225//2225
f 2226//2226 244//244 2227//2227
f 2228//2228 2229//2229 2230//2230
f 1035//1035 1756//1756 1250//1250
f 1092//1092 2231//2231 1767//1767
f 2232//2232 256//256 258//258
f 2233//2233 2234//2234 2235//2235
f 2236//2236 2087//2087 2119//2119
f 250//250 2203//2203 251//251
f 2237//2237 2238//2238 1858//1858
f 2239//2239 1491//1491 1490//1490
f 2240//2240 2241//2241 2242//2242
f 1820//1820 2243//2243 1256//1256
f 694//694 957//957 1969//1969
f 917//917 694//694 1969//1969
f 2244//2244 635//635 1240//1240
f 1887//1887 287//287 34//34
f 1664//1664 298//298 2245//2245
f 2246//2246 2245//2245 298//298
f 587//587 769//769 588//588
f 2181//2181 2247//2247 2248//2248
f 1876//1876 519//519 2249//2249
f 376//376 519//519 1876//1876
f 2250//2250 982//982 566//566
f 2251//2251 456//456 455//455
f 1010//1010 1564//1564 2061//2061
f 2252//2252 2061//2061 1564//1564
f 2253//2253 1635//1635 2254//2254
f 2255//2255 2254//2254 1635//1635
f 323//323 2009//2009 2256//2256
f 1538//1538 2257//2257 2218//2218
f 542//542 2258//2258 543//543
f 2046//2046 2258//2258 542//542
f 1150//1150 2259//2259 1148//1148
f 2260//2260 1091//1091 1232//1232
f 1217//1217 2261//2261 2262//2262
f 2263//2263 2264//2264 2265//2265
f 121//121 1746//1746 2266//2266
f 1819//1819 2267//2267 2243//2243
f 2268//2268 61//61 2269//2269
f 2270//2270 1768//1768 1690//1690
f 1460//1460 2271//2271 1461//1461
f 2272//2272 1784//1784 2273//2273
f 2274//2274 1917//1917 1157//1157
f 2106//2106 2275//2275 2276//2276
f 2277//2277 2276//2276 2275//2275
f 2278//2278 2279//2279 637//637
f 2280//2280 2281//2281 2282//2282
f 2283//2283 2284//2284 2285//2285
f 537//537 2286//2286 538//538
f 345//345 1033//1033 2287//2287
f 2288//2288 2289//2289 2290//2290
f 1025//1025 1255//1255 2046//2046
f 1025//1025 2046//2046 542//542
f 2291//2291 2292//2292 2293//2293
f 1353//1353 2294//2294 1352//1352
f 505//505 1601//1601 1685//1685
f 1272//1272 2295//2295 2296//2296
f 1274//1274 2295//2295 1272//1272
f 2181//2181 2297//2297 1390//1390
f 443//443 2039//2039 1718//1718
f 2285//2285 2298//2298 2283//2283
f 2299//2299 2300//2300 1065//1065
f 2003//2003 2301//2301 2220//2220
f 2302//2302 784//784 783//783
f 9//9 811//811 2303//2303
f 2304//2304 2262//2262 1525//1525
f 2304//2304 1525//1525 2068//2068
f 1682//1682 1681//1681 1933//1933
f 398//398 400//400 2189//2189
f 1452//1452 1451//1451 1341//1341
f 1515//1515 1452//1452 1341//1341
f 2014//2014 2013//2013 2078//2078
f 830//830 829//829 1391//1391
f 2038//2038 2305//2305 2306//2306
f 2307//2307 487//487 2308//2308
f 2309//2309 337//337 2310//2310
f 1403//1403 1878//1878 163//163
f 253//253 2311//2311 254//254
f 1954//1954 750//750 749//749
f 2136//2136 2312//2312 1122//1122
f 2313//2313 1158//1158 1160//1160
f 172//172 1491//1491 2314//2314
f 2315//2315 1549//1549 2316//2316
f 819//819 1219//1219 820//820
f 2056//2056 2317//2317 2318//2318
f 2056//2056 2318//2318 432//432
f 2211//2211 824//824 2319//2319
f 501//501 836//836 1336//1336
f 700//700 2320//2320 2321//2321
f 2322//2322 2323//2323 981//981
f 1804//1804 2305//2305 2038//2038
f 2283//2283 2298//2298 861//861
f 2324//2324 2283//2283 861//861
f 2325//2325 2326//2326 2327//2327
f 2019//2019 2328//2328 2020//2020
f 2329//2329 1533//1533 1532//1532
f 2330//2330 1200//1200 2331//2331
f 2330//2330 2331//2331 2053//2053
f 1981//1981 1980//1980 2265//2265
f 2332//2332 1108//1108 1753//1753
f 2333//2333 2334//2334 2335//2335
f 1006//1006 2336//2336 2337//2337
f 547//547 1351//1351 2047//2047
f 2075//2075 2338//2338 2339//2339
f 2340//2340 1411//1411 1618//1618
f 2340//2340 1618//1618 1617//1617
f 574//574 2341//2341 822//822
f 2342//2342 1112//1112 1111//1111
f 2343//2343 2344//2344 2345//2345
f 855//855 2346//2346 2347//2347
f 2348//2348 1946//1946 2092//2092
f 2349//2349 1410//1410 2350//2350
f 28//28 2351//2351 2352//2352
f 2353//2353 343//343 2354//2354
f 2355//2355 932//932 2091//2091
f 2356//2356 932//932 2355//2355
f 2022//2022 2020//2020 2357//2357
f 30//30 2358//2358 608//608
f 2359//2359 2360//2360 2361//2361
f 817//817 2361//2361 2360//2360
f 1559//1559 2194//2194 1560//1560
f 1389//1389 2181//2181 1390//1390
f 2362//2362 2363//2363 2364//2364
f 2365//2365 2366//2366 1947//1947
f 2365//2365 1947//1947 1948//1948
f 2367//2367 2368//2368 2369//2369
f 1269//1269 2370//2370 2371//2371
f 34//34 2371//2371 2370//2370
f 548//548 616//616 1099//1099
f 607//607 265//265 2372//2372
f 1632//1632 1631//1631 873//873
f 1020//1020 1021//1021 1837//1837
f 2373//2373 2374//2374 2361//2361
f 2249//2249 656//656 2375//2375
f 1326//1326 1463//1463 2293//2293
f 2376//2376 2377//2377 208//208
f 919//919 2378//2378 1779//1779
f 2379//2379 1949//1949 2380//2380
f 286//286 2268//2268 2269//2269
f 2381//2381 2322//2322 981//981
f 240//240 2382//2382 1029//1029
f 1523//1523 569//569 571//571
f 1947//1947 1239//1239 1238//1238
f 2383//2383 756//756 758//758
f 887//887 1529//1529 2384//2384
f 2385//2385 2386//2386 2387//2387
f 813//813 1937//1937 814//814
f 2388//2388 2389//2389 2390//2390
f 2391//2391 2392//2392 2393//2393
f 2394//2394 2392//2392 2391//2391
f 214//214 1626//1626 10//10
f 2395//2395 2396//2396 2397//2397
f 2128//2128 1315//1315 232//232
f 646//646 913//913 912//912
f 2398//2398 658//658 657//657
f 2399//2399 2400//2400 2192//2192
f 2129//2129 734//734 1653//1653
f 2401//2401 2402//2402 2403//2403
f 1527//1527 1526//1526 2404//2404
f 2114//2114 2405//2405 2054//2054
f 897//897 2405//2405 2114//2114
f 390//390 392//392 534//534
f 901//901 2277//2277 225//225
f 403//403 891//891 404//404
f 492//492 1340//1340 1908//1908
f 1964//1964 2406//2406 1965//1965
f 524//524 1972//1972 1971//1971
f 524//524 1971//1971 1956//1956
f 40//40 42//42 1139//1139
f 2407//2407 979//979 2408//2408
f 1499//1499 1899//1899 1500//1500
f 794//794 1500//1500 1899//1899
f 2409//2409 2410//2410 2411//2411
f 2100//2100 946//946 1155//1155
f 2100//2100 1155//1155 693//693
f 1266//1266 2412//2412 1345//1345
f 1199//1199 1198//1198 107//107
f 1672//1672 108//108 107//107
f 1959//1959 2413//2413 2414//2414
f 384//384 2415//2415 1327//1327
f 539//539 2416//2416 540//540
f 1857//1857 2417//2417 1342//1342
f 1167//1167 1169//1169 2418//2418
f 2419//2419 1678//1678 1677//1677
f 334//334 336//336 1174//1174
f 1507//1507 664//664 1939//1939
f 343//343 2420//2420 2421//2421
f 2422//2422 2357//2357 1790//1790
f 1296//1296 721//721 24//24
f 1101//1101 1716//1716 2423//2423
f 598//598 2349//2349 2350//2350
f 476//476 1741//1741 2424//2424
f 2425//2425 2426//2426 2427//2427
f 127//127 2426//2426 2425//2425
f 1942//1942 2428//2428 2429//2429
f 1853//1853 2430//2430 1579//1579
f 420//420 2431//2431 1709//1709
f 420//420 1709//1709 421//421
f 2432//2432 2433//2433 1221//1221
f 2434//2434 2435//2435 2281//2281
f 2436//2436 2437//2437 2438//2438
f 2439//2439 2440//2440 2441//2441
f 2439//2439 2441//2441 1129//1129
f 1199//1199 2442//2442 1200//1200
f 1549//1549 2315//2315 2443//2443
f 1248//1248 1307//1307 1922//1922
f 1556//1556 1555//1555 2444//2444
f 358//358 1031//1031 359//359
f 2445//2445 2064//2064 2063//2063
f 2060//2060 2446//2446 235//235
f 2447//2447 2448//2448 1800//1800
f 1686//1686 1601//1601 2449//2449
f 1686//1686 2449//2449 2450//2450
f 2451//2451 2452//2452 448//448
f 2451//2451 448//448 1405//1405
f 1612//1612 2453//2453 57//57
f 2295//2295 1274//1274 2454//2454
f 2455//2455 2456//2456 1822//1822
f 2457//2457 1822//1822 2456//2456
f 2458//2458 2459//2459 2460//2460
f 1872//1872 2461//2461 1563//1563
f 2462//2462 1314//1314 2284//2284
f 2283//2283 2462//2462 2284//2284
f 975//975 1036//1036 1035//1035
f 144//144 143//143 885//885
f 2463//2463 2464//2464 2465//2465
f 1593//1593 1938//1938 2466//2466
f 1593//1593 2466//2466 480//480
f 2467//2467 2468//2468 2469//2469
f 2470//2470 1624//1624 1625//1625
f 272//272 271//271 1457//1457
f 2471//2471 2472//2472 2473//2473
f 901//901 902//902 2474//2474
f 1608//1608 2475//2475 1606//1606
f 456//456 690//690 454//454
f 263//263 262//262 2476//2476
f 1608//1608 1607//1607 2477//2477
f 2478//2478 2479//2479 2376//2376
f 831//831 591//591 2228//2228
f 591//591 831//831 1099//1099
f 92//92 2480//2480 162//162
f 2481//2481 2482//2482 2483//2483
f 808//808 2484//2484 809//809
f 1185//1185 1184//1184 1272//1272
f 2485//2485 2306//2306 381//381
f 2038//2038 2306//2306 2485//2485
f 2486//2486 2016//2016 2015//2015
f 2486//2486 1908//1908 2016//2016
f 2487//2487 2488//2488 1755//1755
f 1214//1214 1213//1213 1772//1772
f 1029//1029 2382//2382 1030//1030
f 1158//1158 2341//2341 1159//1159
f 280//280 2184//2184 2489//2489
f 2490//2490 313//313 641//641
f 314//314 313//313 2490//2490
f 2491//2491 2368//2368 2492//2492
f 2493//2493 540//540 2416//2416
f 1869//1869 2494//2494 643//643
f 236//236 2495//2495 237//237
f 2496//2496 2497//2497 2498//2498
f 2231//2231 2499//2499 2402//2402
f 2500//2500 2501//2501 2502//2502
f 2503//2503 2504//2504 2505//2505
f 2506//2506 2507//2507 2508//2508
f 1059//1059 1476//1476 2509//2509
f 2510//2510 2511//2511 2512//2512
f 117//117 119//119 1924//1924
f 1905//1905 1631//1631 1630//1630
f 2513//2513 39//39 1017//1017
f 640//640 1740//1740 2514//2514
f 2513//2513 1017//1017 2515//2515
f 2516//2516 774//774 773//773
f 2517//2517 2518//2518 2519//2519
f 21//21 2520//2520 1398//1398
f 1350//1350 2521//2521 1520//1520
f 1734//1734 1520//1520 2521//2521
f 2137//2137 92//92 91//91
f 1518//1518 2522//2522 2523//2523
f 1144//1144 1108//1108 1889//1889
f 1187//1187 2524//2524 1188//1188
f 338//338 2309//2309 2525//2525
f 1241//1241 411//411 1407//1407
f 1085//1085 1084//1084 925//925
f 838//838 2526//2526 1486//1486
f 2527//2527 517//517 1775//1775
f 2334//2334 2528//2528 763//763
f 867//867 2529//2529 868//868
f 2530//2530 1758//1758 1759//1759
f 924//924 2531//2531 2532//2532
f 2533//2533 2534//2534 2190//2190
f 2535//2535 927//927 2536//2536
f 56//56 2535//2535 2536//2536
f 730//730 173//173 2314//2314
f 690//690 688//688 13//13
f 2537//2537 175//175 177//177
f 2537//2537 177//177 1405//1405
f 2040//2040 2538//2538 1569//1569
f 1575//1575 833//833 2539//2539
f 2540//2540 2541//2541 2542//2542
f 2404//2404 2543//2543 1527//1527
f 2544//2544 1002//1002 2545//2545
f 2391//2391 2393//2393 2546//2546
f 2536//2536 2547//2547 2548//2548
f 2549//2549 3//3 2550//2550
f 2505//2505 2504//2504 2551//2551
f 1548//1548 1550//1550 2031//2031
f 2552//2552 2214//2214 920//920
f 1667//1667 2553//2553 1998//1998
f 2554//2554 2555//2555 2432//2432
f 1923//1923 2556//2556 1924//1924
f 2557//2557 528//528 527//527
f 562//562 1851//1851 1852//1852
f 2379//2379 2464//2464 2463//2463
f 367//367 2558//2558 2437//2437
f 196//196 855//855 1081//1081
f 196//196 1081//1081 197//197
f 631//631 2559//2559 1700//1700
f 1943//1943 2560//2560 1944//1944
f 714//714 2561//2561 1028//1028
f 2562//2562 1462//1462 2563//2563
f 1303//1303 2564//2564 2565//2565
f 680//680 728//728 591//591
f 2001//2001 2101//2101 433//433
f 1291//1291 401//401 104//104
f 2010//2010 437//437 1989//1989
f 1736//1736 1735//1735 2173//2173
f 2394//2394 775//775 2392//2392
f 604//604 402//402 2116//2116
f 294//294 2566//2566 2567//2567
f 2568//2568 522//522 2103//2103
f 2569//2569 743//743 742//742
f 2278//2278 743//743 2569//2569
f 2162//2162 2161//2161 1045//1045
f 1863//1863 1865//1865 2570//2570
f 2222//2222 2571//2571 2572//2572
f 65//65 2573//2573 2574//2574
f 2108//2108 2574//2574 2573//2573
f 906//906 2575//2575 2144//2144
f 726//726 725//725 2363//2363
f 2576//2576 2363//2363 725//725
f 598//598 597//597 2349//2349
f 2577//2577 2578//2578 2515//2515
f 250//250 595//595 2457//2457
f 1689//1689 1140//1140 1139//1139
f 2469//2469 2579//2579 1219//1219
f 1614//1614 2580//2580 2581//2581
f 2582//2582 1251//1251 2583//2583
f 2373//2373 498//498 2374//2374
f 920//920 922//922 2552//2552
f 2584//2584 2585//2585 684//684
f 1082//1082 2110//2110 1583//1583
f 2364//2364 23//23 315//315
f 1564//1564 1566//1566 356//356
f 2586//2586 2587//2587 2588//2588
f 2589//2589 2590//2590 2591//2591
f 379//379 2592//2592 1281//1281
f 2593//2593 2592//2592 379//379
f 697//697 2594//2594 1283//1283
f 1625//1625 371//371 370//370
f 1625//1625 370//370 2470//2470
f 2330//2330 2595//2595 1200//1200
f 2596//2596 1845//1845 1734//1734
f 2597//2597 2598//2598 2091//2091
f 1209//1209 450//450 1208//1208
f 2449//2449 364//364 2599//2599
f 1468//1468 655//655 747//747
f 2600//2600 1182//1182 2601//2601
f 1804//1804 1041//1041 1040//1040
f 680//680 729//729 728//728
f 2450//2450 2602//2602 2603//2603
f 2604//2604 2605//2605 1985//1985
f 2604//2604 1985//1985 850//850
f 2606//2606 2096//2096 2204//2204
f 146//146 590//590 147//147
f 2607//2607 2608//2608 1259//1259
f 2607//2607 2609//2609 2608//2608
f 1780//1780 2610//2610 1781//1781
f 1650//1650 2198//2198 2134//2134
f 2611//2611 2134//2134 2198//2198
f 520//520 2612//2612 2613//2613
f 838//838 2614//2614 839//839
f 2615//2615 840//840 839//839
f 1846//1846 2616//2616 1847//1847
f 2617//2617 1260//1260 1259//1259
f 31//31 724//724 723//723
f 1680//1680 2618//2618 1645//1645
f 2619//2619 2620//2620 2621//2621
f 1761//1761 2622//2622 2623//2623
f 417//417 2596//2596 418//418
f 2624//2624 2625//2625 2626//2626
f 2627//2627 1361//1361 1360//1360
f 2391//2391 1801//1801 2394//2394
f 2280//2280 2628//2628 2563//2563
f 602//602 2629//2629 429//429
f 2630//2630 2631//2631 2632//2632
f 412//412 1134//1134 2633//2633
f 1633//1633 858//858 860//860
f 1773//1773 545//545 860//860
f 2634//2634 1580//1580 1860//1860
f 2440//2440 2635//2635 2636//2636
f 2637//2637 1288//1288 828//828
f 2301//2301 2638//2638 2639//2639
f 2301//2301 2639//2639 2220//2220
f 2640//2640 2641//2641 1657//1657
f 68//68 2641//2641 2640//2640
f 2642//2642 1542//1542 1541//1541
f 1285//1285 2643//2643 527//527
f 1019//1019 2644//2644 2645//2645
f 1015//1015 2212//2212 1995//1995
f 824//824 2212//2212 1015//1015
f 487//487 210//210 209//209
f 2646//2646 1039//1039 1038//1038
f 824//824 1328//1328 825//825
f 2647//2647 2648//2648 616//616
f 1667//1667 2411//2411 2167//2167
f 2649//2649 2650//2650 1413//1413
f 898//898 900//900 2651//2651
f 2385//2385 2652//2652 2386//2386
f 105//105 402//402 1953//1953
f 2653//2653 2212//2212 2211//2211
f 566//566 982//982 567//567
f 535//535 155//155 1676//1676
f 63//63 2109//2109 2112//2112
f 63//63 2112//2112 64//64
f 736//736 738//738 470//470
f 2262//2262 2304//2304 1217//1217
f 1085//1085 289//289 1197//1197
f 2654//2654 1008//1008 2655//2655
f 1569//1569 2543//2543 2656//2656
f 1354//1354 1647//1647 2657//2657
f 1646//1646 2657//2657 1647//1647
f 2127//2127 2658//2658 2372//2372
f 994//994 2659//2659 1935//1935
f 2660//2660 2661//2661 1427//1427
f 2662//2662 2663//2663 620//620
f 2662//2662 620//620 619//619
f 1728//1728 1730//1730 481//481
f 2664//2664 2665//2665 2446//2446
f 2617//2617 1259//1259 2666//2666
f 920//920 1816//1816 2667//2667
f 1259//1259 2608//2608 2666//2666
f 768//768 2668//2668 1805//1805
f 1196//1196 333//333 147//147
f 698//698 2669//2669 1125//1125
f 2091//2091 932//932 2597//2597
f 88//88 87//87 131//131
f 367//367 2436//2436 489//489
f 2506//2506 1786//1786 2507//2507
f 2670//2670 2671//2671 2672//2672
f 2348//2348 2672//2672 2671//2671
f 2673//2673 2364//2364 315//315
f 2362//2362 2364//2364 2673//2673
f 97//97 2674//2674 1371//1371
f 2587//2587 847//847 2588//2588
f 1410//1410 1412//1412 2350//2350
f 899//899 2675//2675 2427//2427
f 2676//2676 2677//2677 2678//2678
f 1791//1791 1790//1790 2357//2357
f 32//32 366//366 2358//2358
f 2679//2679 2451//2451 2671//2671
f 137//137 2680//2680 2681//2681
f 2682//2682 2683//2683 1318//1318
f 2164//2164 2163//2163 1597//1597
f 819//819 821//821 2684//2684
f 1601//1601 505//505 1599//1599
f 2685//2685 2686//2686 2687//2687
f 908//908 117//117 1924//1924
f 2688//2688 291//291 1060//1060
f 734//734 1654//1654 1653//1653
f 1013//1013 436//436 2689//2689
f 2581//2581 2690//2690 1614//1614
f 1528//1528 2581//2581 740//740
f 506//506 2326//2326 2691//2691
f 2692//2692 720//720 1583//1583
f 1732//1732 213//213 1220//1220
f 2693//2693 1606//1606 2571//2571
f 2694//2694 1809//1809 2396//2396
f 2108//2108 2109//2109 2695//2695
f 2696//2696 2697//2697 2698//2698
f 2699//2699 2698//2698 2700//2700
f 1540//1540 327//327 2701//2701
f 2420//2420 2702//2702 2421//2421
f 84//84 2703//2703 2704//2704
f 2705//2705 2706//2706 1803//1803
f 1004//1004 2707//2707 90//90
f 2708//2708 90//90 2707//2707
f 657//657 659//659 2394//2394
f 2709//2709 2110//2110 2710//2710
f 854//854 2709//2709 2710//2710
f 2615//2615 839//839 2614//2614
f 710//710 2711//2711 711//711
f 927//927 2547//2547 2536//2536
f 2100//2100 1647//1647 1354//1354
f 2712//2712 1647//1647 2100//2100
f 2086//2086 1192//1192 1193//1193
f 1685//1685 1687//1687 1273//1273
f 1820//1820 1819//1819 2243//2243
f 114//114 1402//1402 1401//1401
f 2713//2713 369//369 2714//2714
f 2713//2713 2714//2714 2715//2715
f 2716//2716 2717//2717 2682//2682
f 840//840 1572//1572 837//837
f 1953//1953 89//89 1952//1952
f 2474//2474 2070//2070 901//901
f 1383//1383 2093//2093 913//913
f 2718//2718 1636//1636 1860//1860
f 838//838 1861//1861 2614//2614
f 2719//2719 1358//1358 617//617
f 976//976 875//875 977//977
f 2720//2720 2653//2653 2211//2211
f 2153//2153 1355//1355 1453//1453
f 1263//1263 1262//1262 1859//1859
f 1603//1603 1445//1445 1447//1447
f 1633//1633 396//396 759//759
f 1535//1535 1641//1641 2721//2721
f 1438//1438 1575//1575 2539//2539
f 2722//2722 1911//1911 2723//2723
f 1876//1876 1293//1293 1292//1292
f 1876//1876 2249//2249 1293//1293
f 446//446 2413//2413 447//447
f 548//548 547//547 2647//2647
f 1714//1714 312//312 2215//2215
f 426//426 2215//2215 312//312
f 1324//1324 1326//1326 2293//2293
f 337//337 2724//2724 2725//2725
f 9//9 2726//2726 812//812
f 1853//1853 2727//2727 356//356
f 1578//1578 2727//2727 1853//1853
f 2575//2575 2728//2728 2729//2729
f 744//744 2730//2730 2731//2731
f 2732//2732 434//434 2101//2101
f 403//403 2733//2733 891//891
f 1660//1660 1662//1662 2734//2734
f 1782//1782 958//958 2002//2002
f 2371//2371 277//277 1270//1270
f 2735//2735 2736//2736 888//888
f 1028//1028 1030//1030 2030//2030
f 2319//2319 2455//2455 2737//2737
f 1521//1521 2738//2738 2739//2739
f 1167//1167 2740//2740 1168//1168
f 2190//2190 1062//1062 1061//1061
f 74//74 125//125 2247//2247
f 549//549 1615//1615 550//550
f 1568//1568 2741//2741 2140//2140
f 377//377 379//379 1281//1281
f 2742//2742 2508//2508 2743//2743
f 2744//2744 1871//1871 1870//1870
f 2662//2662 1715//1715 2745//2745
f 2662//2662 2745//2745 2746//2746
f 2339//2339 2338//2338 1305//1305
f 1947//1947 1587//1587 1586//1586
f 232//232 234//234 2128//2128
f 2747//2747 2748//2748 2742//2742
f 2749//2749 1625//1625 1623//1623
f 380//380 1236//1236 2750//2750
f 2566//2566 1723//1723 1814//1814
f 2739//2739 1833//1833 321//321
f 2751//2751 2483//2483 2752//2752
f 2753//2753 1757//1757 212//212
f 2754//2754 1664//1664 2245//2245
f 436//436 1990//1990 1989//1989
f 1289//1289 2033//2033 2755//2755
f 1289//1289 2755//2755 1290//1290
f 26//26 2756//2756 2111//2111
f 2757//2757 2758//2758 2759//2759
f 2760//2760 1830//1830 1829//1829
f 2757//2757 2759//2759 2560//2560
f 1837//1837 1933//1933 1020//1020
f 1388//1388 2734//2734 2761//2761
f 1535//1535 2762//2762 2633//2633
f 412//412 2633//2633 2762//2762
f 556//556 490//490 2487//2487
f 333//333 1197//1197 289//289
f 537//537 2763//2763 2764//2764
f 2765//2765 2766//2766 2582//2582
f 2767//2767 2697//2697 603//603
f 2768//2768 2769//2769 1663//1663
f 2695//2695 2109//2109 63//63
f 2695//2695 63//63 1242//1242
f 2463//2463 1520//1520 1733//1733
f 2195//2195 2196//2196 2770//2770
f 2463//2463 1519//1519 1520//1520
f 2771//2771 1414//1414 995//995
f 903//903 2068//2068 709//709
f 2772//2772 2509//2509 2773//2773
f 2774//2774 2772//2772 2773//2773
f 270//270 272//272 2775//2775
f 1965//1965 340//340 2776//2776
f 865//865 2012//2012 168//168
f 2777//2777 684//684 683//683
f 286//286 726//726 2268//2268
f 2075//2075 2339//2339 531//531
f 2280//2280 2563//2563 1461//1461
f 2279//2279 1238//1238 1240//1240
f 2778//2778 27//27 29//29
f 1218//1218 1936//1936 1216//1216
f 1553//1553 2779//2779 1551//1551
f 661//661 2042//2042 185//185
f 2263//2263 2780//2780 2264//2264
f 953//953 955//955 140//140
f 1529//1529 1414//1414 2781//2781
f 1181//1181 1736//1736 2311//2311
f 1181//1181 2311//2311 2782//2782
f 2783//2783 1178//1178 1317//1317
f 2491//2491 2492//2492 1179//1179
f 1217//1217 2304//2304 1218//1218
f 2784//2784 2532//2532 1592//1592
f 778//778 780//780 2616//2616
f 655//655 654//654 919//919
f 573//573 1190//1190 850//850
f 1434//1434 44//44 1432//1432
f 2785//2785 346//346 1258//1258
f 2786//2786 1446//1446 2787//2787
f 2757//2757 1148//1148 2758//2758
f 2788//2788 2789//2789 2375//2375
f 1709//1709 2788//2788 2375//2375
f 681//681 999//999 151//151
f 2116//2116 402//402 401//401
f 2367//2367 2790//2790 2492//2492
f 1124//1124 2414//2414 699//699
f 2540//2540 736//736 1294//1294
f 2683//2683 2154//2154 1318//1318
f 583//583 2791//2791 2792//2792
f 583//583 2407//2407 2791//2791
f 2793//2793 2209//2209 2257//2257
f 2525//2525 2794//2794 1509//1509
f 2795//2795 2796//2796 1295//1295
f 2797//2797 2584//2584 2427//2427
f 19//19 328//328 1162//1162
f 2195//2195 1972//1972 2207//2207
f 1972//1972 33//33 2207//2207
f 358//358 1962//1962 1031//1031
f 137//137 2798//2798 641//641
f 2799//2799 2798//2798 137//137
f 1255//1255 1254//1254 1459//1459
f 1502//1502 1117//1117 1503//1503
f 1313//1313 1312//1312 2094//2094
f 2498//2498 2800//2800 2496//2496
f 2134//2134 2611//2611 201//201
f 1684//1684 1683//1683 2002//2002
f 514//514 513//513 1690//1690
f 841//841 218//218 1477//1477
f 1376//1376 1981//1981 2265//2265
f 384//384 221//221 385//385
f 1923//1923 119//119 2630//2630
f 2782//2782 2493//2493 2491//2491
f 24//24 2061//2061 2252//2252
f 2252//2252 2801//2801 24//24
f 917//917 1269//1269 918//918
f 357//357 2048//2048 777//777
f 1981//1981 2802//2802 1982//1982
f 2803//2803 2804//2804 2123//2123
f 678//678 1157//1157 1918//1918
f 1572//1572 2805//2805 1979//1979
f 2139//2139 594//594 2115//2115
f 590//590 1080//1080 2806//2806
f 182//182 770//770 269//269
f 1547//1547 1546//1546 2807//2807
f 2808//2808 1113//1113 2809//2809
f 182//182 269//269 183//183
f 2810//2810 2811//2811 2812//2812
f 1588//1588 2811//2811 2810//2810
f 1164//1164 1289//1289 1165//1165
f 78//78 1204//1204 1123//1123
f 2693//2693 2222//2222 2221//2221
f 2693//2693 2221//2221 1511//1511
f 2734//2734 1390//1390 2297//2297
f 2813//2813 1724//1724 2814//2814
f 1975//1975 1226//1226 2815//2815
f 2816//2816 2817//2817 336//336
f 2816//2816 336//336 335//335
f 2091//2091 2598//2598 1723//1723
f 2806//2806 2818//2818 1196//1196
f 1614//1614 1196//1196 2818//2818
f 611//611 2819//2819 1989//1989
f 2191//2191 1330//1330 2201//2201
f 2820//2820 1944//1944 2821//2821
f 276//276 61//61 60//60
f 2822//2822 2338//2338 2075//2075
f 714//714 2823//2823 2458//2458
f 218//218 220//220 2445//2445
f 2064//2064 2445//2445 220//220
f 1416//1416 2618//2618 2025//2025
f 863//863 2824//2824 2825//2825
f 2825//2825 2824//2824 1147//1147
f 2237//2237 1880//1880 1879//1879
f 1709//1709 2375//2375 656//656
f 2826//2826 1114//1114 1589//1589
f 2479//2479 2827//2827 342//342
f 14//14 2828//2828 1875//1875
f 16//16 2828//2828 14//14
f 2829//2829 1460//1460 1462//1462
f 114//114 2830//2830 1402//1402
f 102//102 935//935 103//103
f 2831//2831 2832//2832 2833//2833
f 1072//1072 2834//2834 1210//1210
f 1841//1841 2835//2835 349//349
f 2176//2176 2357//2357 2020//2020
f 877//877 876//876 1392//1392
f 1666//1666 2553//2553 1667//1667
f 2071//2071 2836//2836 2286//2286
f 2704//2704 85//85 84//84
f 736//736 2542//2542 737//737
f 1821//1821 1820//1820 2000//2000
f 158//158 1416//1416 2024//2024
f 9//9 2303//2303 7//7
f 2829//2829 2837//2837 1657//1657
f 1244//1244 1243//1243 2062//2062
f 700//700 2838//2838 2320//2320
f 2839//2839 2006//2006 2840//2840
f 2841//2841 1563//1563 1562//1562
f 2841//2841 1562//1562 2842//2842
f 2843//2843 950//950 560//560
f 2844//2844 2845//2845 631//631
f 2846//2846 2847//2847 1576//1576
f 1153//1153 904//904 153//153
f 1839//1839 297//297 2848//2848
f 2505//2505 2015//2015 1974//1974
f 1144//1144 2433//2433 1145//1145
f 2849//2849 897//897 896//896
f 2490//2490 641//641 2810//2810
f 2388//2388 2618//2618 1680//1680
f 2669//2669 2850//2850 2518//2518
f 2851//2851 2852//2852 2084//2084
f 1399//1399 690//690 2117//2117
f 1399//1399 2117//2117 1400//1400
f 2072//2072 2847//2847 1053//1053
f 2853//2853 388//388 387//387
f 1751//1751 1567//1567 2142//2142
f 1751//1751 2142//2142 2854//2854
f 640//640 2514//2514 2855//2855
f 2856//2856 1762//1762 2519//2519
f 2233//2233 2857//2857 2858//2858
f 260//260 2859//2859 320//320
f 2859//2859 2739//2739 320//320
f 1979//1979 924//924 923//923
f 2276//2276 2277//2277 2069//2069
f 1094//1094 188//188 187//187
f 1000//1000 1524//1524 2860//2860
f 2696//2696 2698//2698 2861//2861
f 2244//2244 1240//1240 1023//1023
f 638//638 154//154 153//153
f 1477//1477 218//218 2445//2445
f 1166//1166 2862//2862 2863//2863
f 505//505 504//504 1599//1599
f 2273//2273 1599//1599 504//504
f 2864//2864 2740//2740 1167//1167
f 2133//2133 2134//2134 2865//2865
f 1196//1196 1614//1614 601//601
f 1614//1614 2818//2818 2580//2580
f 2806//2806 2580//2580 2818//2818
f 2402//2402 2278//2278 2866//2866
f 1384//1384 2867//2867 1537//1537
f 2817//2817 1174//1174 336//336
f 1157//1157 2868//2868 2274//2274
f 1420//1420 2869//2869 2489//2489
f 2870//2870 2871//2871 2872//2872
f 1569//1569 2538//2538 1527//1527
f 2873//2873 777//777 2049//2049
f 2511//2511 790//790 2512//2512
f 1102//1102 1104//1104 2874//2874
f 2457//2457 1823//1823 1822//1822
f 2640//2640 2550//2550 69//69
f 2778//2778 1031//1031 1961//1961
f 471//471 2721//2721 2875//2875
f 1927//1927 2876//2876 2//2
f 2640//2640 69//69 68//68
f 1521//1521 1277//1277 1276//1276
f 165//165 164//164 2877//2877
f 2745//2745 2878//2878 2879//2879
f 999//999 2648//2648 1737//1737
f 1101//1101 2880//2880 2767//2767
f 1101//1101 2767//2767 603//603
f 2881//2881 868//868 2882//2882
f 2829//2829 2502//2502 1460//1460
f 155//155 535//535 534//534
f 518//518 656//656 519//519
f 2584//2584 684//684 2883//2883
f 2395//2395 556//556 2487//2487
f 2884//2884 1781//1781 2610//2610
f 1129//1129 1131//1131 551//551
f 2733//2733 2885//2885 891//891
f 2886//2886 2885//2885 2733//2733
f 1018//1018 149//149 651//651
f 1531//1531 1570//1570 2656//2656
f 1735//1735 1180//1180 2887//2887
f 2888//2888 2889//2889 2890//2890
f 1314//1314 1313//1313 1131//1131
f 1314//1314 1131//1131 2284//2284
f 797//797 2891//2891 1324//1324
f 947//947 2527//2527 2768//2768
f 1903//1903 2527//2527 947//947
f 996//996 2043//2043 81//81
f 38//38 186//186 2892//2892
f 102//102 2206//2206 2213//2213
f 2441//2441 2893//2893 2894//2894
f 550//550 2895//2895 2439//2439
f 2896//2896 2775//2775 1055//1055
f 2098//2098 1506//1506 2096//2096
f 2897//2897 1634//1634 2342//2342
f 1377//1377 2765//2765 2898//2898
f 1763//1763 2899//2899 1766//1766
f 1993//1993 1992//1992 2900//2900
f 1993//1993 2900//2900 2069//2069
f 2587//2587 2901//2901 2568//2568
f 2902//2902 1744//1744 2903//2903
f 2130//2130 772//772 2904//2904
f 2905//2905 2741//2741 2906//2906
f 1518//1518 1517//1517 2907//2907
f 2615//2615 2805//2805 840//840
f 1713//1713 2019//2019 992//992
f 2908//2908 500//500 1147//1147
f 2909//2909 2910//2910 2911//2911
f 467//467 2910//2910 2909//2909
f 2912//2912 2913//2913 2914//2914
f 361//361 515//515 362//362
f 2915//2915 362//362 515//515
f 38//38 1017//1017 39//39
f 250//250 252//252 596//596
f 2343//2343 2916//2916 2344//2344
f 2917//2917 2434//2434 1297//1297
f 2918//2918 2919//2919 1222//1222
f 725//725 288//288 2920//2920
f 725//725 2920//2920 525//525
f 1667//1667 2166//2166 781//781
f 1938//1938 2921//2921 1939//1939
f 1539//1539 2922//2922 1540//1540
f 631//631 630//630 2559//2559
f 2031//2031 1098//1098 2923//2923
f 2924//2924 1929//1929 1928//1928
f 937//937 936//936 1847//1847
f 660//660 2925//2925 661//661
f 613//613 442//442 441//441
f 994//994 993//993 2926//2926
f 2627//2627 2927//2927 2443//2443
f 1953//1953 87//87 89//89
f 499//499 2928//2928 2929//2929
f 2521//2521 2102//2102 2930//2930
f 2521//2521 2930//2930 1734//1734
f 416//416 2931//2931 2932//2932
f 1457//1457 271//271 2933//2933
f 2934//2934 2628//2628 2935//2935
f 666//666 2552//2552 2936//2936
f 1611//1611 722//722 2937//2937
f 1241//1241 1407//1407 1242//1242
f 165//165 2877//2877 543//543
f 1161//1161 1597//1597 2163//2163
f 379//379 376//376 1876//1876
f 1313//1313 2094//2094 1131//1131
f 1170//1170 1172//1172 1152//1152
f 2938//2938 2939//2939 2815//2815
f 121//121 120//120 1074//1074
f 121//121 1074//1074 1746//1746
f 2770//2770 1970//1970 2195//2195
f 1970//1970 1972//1972 2195//2195
f 2478//2478 2779//2779 2479//2479
f 2940//2940 906//906 2144//2144
f 1385//1385 1384//1384 2941//2941
f 1957//1957 2941//2941 1384//1384
f 2942//2942 1776//1776 2943//2943
f 1525//1525 2944//2944 2067//2067
f 466//466 2945//2945 1739//1739
f 2946//2946 1804//1804 1803//1803
f 2947//2947 2948//2948 2178//2178
f 1850//1850 2321//2321 2251//2251
f 2079//2079 2251//2251 2321//2321
f 1288//1288 1287//1287 828//828
f 2949//2949 2950//2950 2928//2928
f 895//895 2001//2001 2318//2318
f 126//126 129//129 1138//1138
f 2458//2458 2823//2823 2459//2459
f 2359//2359 2361//2361 2374//2374
f 958//958 2951//2951 2002//2002
f 8//8 1244//1244 1246//1246
f 2737//2737 2952//2952 2953//2953
f 2937//2937 722//722 1298//1298
f 721//721 1298//1298 722//722
f 1194//1194 1658//1658 1619//1619
f 1159//1159 851//851 1986//1986
f 1581//1581 902//902 739//739
f 2143//2143 1877//1877 2954//2954
f 2955//2955 275//275 766//766
f 708//708 746//746 903//903
f 1646//1646 2956//2956 2657//2657
f 2957//2957 2958//2958 2959//2959
f 73//73 2025//2025 2390//2390
f 1552//1552 1416//1416 1417//1417
f 1552//1552 1554//1554 1416//1416
f 2050//2050 1577//1577 905//905
f 876//876 2960//2960 2961//2961
f 235//235 237//237 2059//2059
f 2565//2565 1662//1662 1075//1075
f 2437//2437 2962//2962 985//985
f 607//607 2963//2963 266//266
f 1096//1096 1187//1187 1189//1189
f 332//332 2440//2440 2636//2636
f 2100//2100 1354//1354 946//946
f 1356//1356 946//946 1354//1354
f 2054//2054 2964//2964 1464//1464
f 944//944 946//946 1356//1356
f 2054//2054 1464//1464 1450//1450
f 2965//2965 2966//2966 2967//2967
f 959//959 960//960 745//745
f 2137//2137 2138//2138 2740//2740
f 2440//2440 2439//2439 2895//2895
f 193//193 2968//2968 194//194
f 1427//1427 1437//1437 2660//2660
f 1317//1317 1932//1932 1931//1931
f 2969//2969 2970//2970 1429//1429
f 20//20 1161//1161 2163//2163
f 2971//2971 1732//1732 1220//1220
f 2070//2070 2836//2836 2071//2071
f 2972//2972 1954//1954 749//749
f 2473//2473 2472//2472 1499//1499
f 2712//2712 1483//1483 1647//1647
f 986//986 1327//1327 2973//2973
f 1583//1583 2756//2756 25//25
f 376//376 378//378 519//519
f 2122//2122 2974//2974 2123//2123
f 911//911 910//910 2387//2387
f 1909//1909 2186//2186 2975//2975
f 43//43 2976//2976 44//44
f 698//698 2850//2850 2669//2669
f 2977//2977 2585//2585 352//352
f 650//650 652//652 283//283
f 2216//2216 2215//2215 2978//2978
f 2216//2216 2978//2978 449//449
f 1909//1909 2979//2979 1908//1908
f 562//562 1852//1852 563//563
f 2980//2980 2981//2981 1830//1830
f 2982//2982 936//936 2983//2983
f 2120//2120 2077//2077 2164//2164
f 88//88 131//131 2787//2787
f 88//88 2787//2787 1812//1812
f 2813//2813 2984//2984 2626//2626
f 1350//1350 2047//2047 1351//1351
f 2774//2774 2773//2773 2985//2985
f 390//390 1050//1050 2986//2986
f 876//876 878//878 2960//2960
f 1774//1774 1776//1776 2942//2942
f 632//632 634//634 1357//1357
f 632//632 1357//1357 1009//1009
f 2489//2489 2987//2987 1420//1420
f 2137//2137 2988//2988 92//92
f 1198//1198 764//764 1670//1670
f 2149//2149 2783//2783 1931//1931
f 2704//2704 2989//2989 2990//2990
f 2242//2242 2704//2704 2990//2990
f 1115//1115 52//52 51//51
f 1115//1115 51//51 1116//1116
f 2991//2991 658//658 144//144
f 1368//1368 968//968 1369//1369
f 1176//1176 1178//1178 2783//2783
f 728//728 2992//2992 591//591
f 858//858 761//761 2324//2324
f 2324//2324 861//861 858//858
f 889//889 2993//2993 2994//2994
f 2995//2995 1377//1377 1376//1376
f 2996//2996 510//510 2328//2328
f 227//227 2996//2996 2997//2997
f 315//315 572//572 2673//2673
f 2092//2092 572//572 315//315
f 2204//2204 2096//2096 2058//2058
f 650//650 2750//2750 2998//2998
f 1080//1080 590//590 2999//2999
f 1080//1080 2999//2999 1078//1078
f 2667//2667 1816//1816 2888//2888
f 651//651 2998//2998 1019//1019
f 1345//1345 3000//3000 916//916
f 1509//1509 1510//1510 3001//3001
f 2508//2508 1704//1704 2296//2296
f 2016//2016 1226//1226 1975//1975
f 1027//1027 2828//2828 1470//1470
f 2351//2351 586//586 1805//1805
f 1834//1834 2738//2738 2112//2112
f 3002//3002 3003//3003 79//79
f 3004//3004 1143//1143 1474//1474
f 1873//1873 1070//1070 3005//3005
f 2253//2253 2254//2254 71//71
f 1536//1536 3006//3006 1957//1957
f 2596//2596 1379//1379 1845//1845
f 1541//1541 1703//1703 3007//3007
f 1590//1590 3008//3008 1430//1430
f 2104//2104 395//395 3009//3009
f 1673//1673 2658//2658 1674//1674
f 2127//2127 1674//1674 2658//2658
f 3010//3010 732//732 731//731
f 2942//2942 2943//2943 2830//2830
f 1527//1527 2944//2944 1525//1525
f 2039//2039 2067//2067 2944//2944
f 2039//2039 2944//2944 2040//2040
f 2586//2586 2901//2901 2587//2587
f 2260//2260 1921//1921 3011//3011
f 1290//1290 3012//3012 1291//1291
f 2526//2526 3013//3013 3014//3014
f 1679//1679 301//301 3015//3015
f 852//852 907//907 306//306
f 929//929 1502//1502 1504//1504
f 2535//2535 475//475 474//474
f 815//815 2378//2378 3016//3016
f 3017//3017 1448//1448 202//202
f 3018//3018 212//212 211//211
f 3018//3018 211//211 730//730
f 2949//2949 2963//2963 1798//1798
f 2773//2773 2509//2509 1815//1815
f 1476//1476 1815//1815 2509//2509
f 3019//3019 2621//2621 3020//3020
f 399//399 398//398 3021//3021
f 3022//3022 2412//2412 1266//1266
f 3023//3023 2855//2855 47//47
f 2826//2826 2799//2799 2484//2484
f 205//205 1968//1968 203//203
f 841//841 843//843 1266//1266
f 2407//2407 583//583 3024//3024
f 2455//2455 1822//1822 3025//3025
f 262//262 2749//2749 3026//3026
f 262//262 3026//3026 2476//2476
f 2844//2844 1722//1722 1958//1958
f 3027//3027 1402//1402 2943//2943
f 3028//3028 3029//3029 171//171
f 2271//2271 2280//2280 1461//1461
f 2314//2314 173//173 172//172
f 1590//1590 2532//2532 2531//2531
f 1989//1989 2819//2819 2010//2010
f 2327//2327 2010//2010 2819//2819
f 3005//3005 1070//1070 1072//1072
f 558//558 3030//3030 559//559
f 2784//2784 1592//1592 2605//2605
f 2348//2348 2092//2092 22//22
f 2721//2721 1641//1641 3031//3031
f 1135//1135 577//577 3032//3032
f 670//670 3033//3033 671//671
f 1839//1839 493//493 492//492
f 3034//3034 3035//3035 2569//2569
f 2866//2866 2569//2569 3035//3035
f 1673//1673 1798//1798 607//607
f 44//44 2780//2780 1432//1432
f 1590//1590 2531//2531 2805//2805
f 2393//2393 2392//2392 2649//2649
f 2228//2228 591//591 2992//2992
f 1126//1126 2380//2380 1949//1949
f 1867//1867 1869//1869 3036//3036
f 757//757 3037//3037 758//758
f 3038//3038 2724//2724 339//339
f 955//955 954//954 3039//3039
f 833//833 1099//1099 831//831
f 1099//1099 833//833 1575//1575
f 2391//2391 2218//2218 2219//2219
f 2391//2391 2219//2219 1801//1801
f 2605//2605 3040//3040 2784//2784
f 2529//2529 2882//2882 868//868
f 2928//2928 3041//3041 3042//3042
f 1713//1713 992//992 991//991
f 2365//2365 1749//1749 2366//2366
f 642//642 2511//2511 2510//2510
f 2708//2708 3043//3043 2138//2138
f 1111//1111 1110//1110 3044//3044
f 889//889 1061//1061 2993//2993
f 2051//2051 2846//2846 1576//1576
f 3045//3045 1929//1929 2924//2924
f 1611//1611 2501//2501 2500//2500
f 1699//1699 3046//3046 46//46
f 2935//2935 2282//2282 2435//2435
f 2737//2737 2455//2455 3025//3025
f 2870//2870 2005//2005 1271//1271
f 238//238 3047//3047 1831//1831
f 2533//2533 1188//1188 3048//3048
f 3049//3049 929//929 1280//1280
f 3049//3049 1280//1280 954//954
f 1750//1750 3050//3050 208//208
f 3051//3051 3052//3052 484//484
f 2788//2788 406//406 2322//2322
f 3053//3053 3054//3054 3055//3055
f 1094//1094 1096//1096 188//188
f 2944//2944 2538//2538 2040//2040
f 306//306 1371//1371 307//307
f 1177//1177 2835//2835 1841//1841
f 1749//1749 3028//3028 2366//2366
f 3042//3042 488//488 2928//2928
f 2949//2949 2928//2928 488//488
f 3056//3056 2246//2246 2504//2504
f 275//275 274//274 1669//1669
f 3057//3057 1817//1817 3058//3058
f 3057//3057 3058//3058 3059//3059
f 32//32 2358//2358 30//30
f 2279//2279 2278//2278 2401//2401
f 714//714 2458//2458 712//712
f 2452//2452 3060//3060 3061//3061
f 2435//2435 3062//3062 1638//1638
f 2705//2705 1803//1803 1802//1802
f 536//536 602//602 1050//1050
f 3063//3063 2255//2255 1634//1634
f 1337//1337 3064//3064 3065//3065
f 2322//2322 2381//2381 1252//1252
f 276//276 1090//1090 2871//2871
f 819//819 2684//2684 2029//2029
f 843//843 2029//2029 2684//2684
f 1112//1112 2253//2253 2388//2388
f 1361//1361 2136//2136 1359//1359
f 3066//3066 3067//3067 3068//3068
f 2090//2090 2495//2495 236//236
f 3069//3069 243//243 1084//1084
f 600//600 3069//3069 1084//1084
f 483//483 2088//2088 718//718
f 2895//2895 1616//1616 2982//2982
f 550//550 1616//1616 2895//2895
f 2719//2719 617//617 618//618
f 2240//2240 2242//2242 3070//3070
f 2487//2487 490//490 2436//2436
f 2583//2583 1251//1251 685//685
f 1013//1013 1990//1990 436//436
f 952//952 2148//2148 2147//2147
f 951//951 2148//2148 952//952
f 709//709 2068//2068 2067//2067
f 709//709 2067//2067 710//710
f 471//471 473//473 410//410
f 2260//2260 295//295 1921//1921
f 3071//3071 2821//2821 2560//2560
f 278//278 1095//1095 279//279
f 300//300 1421//1421 2948//2948
f 3042//3042 3041//3041 3072//3072
f 1206//1206 3072//3072 3041//3041
f 2312//2312 2315//2315 2316//2316
f 2312//2312 2316//2316 1120//1120
f 488//488 2963//2963 2949//2949
f 1873//1873 877//877 1070//1070
f 2087//2087 719//719 718//718
f 1342//1342 3073//3073 1857//1857
f 2634//2634 3074//3074 1580//1580
f 3075//3075 1871//1871 2744//2744
f 3076//3076 2553//2553 1666//1666
f 963//963 962//962 695//695
f 2529//2529 792//792 2882//2882
f 2620//2620 3020//3020 2621//2621
f 2406//2406 3077//3077 3078//3078
f 1117//1117 185//185 2042//2042
f 294//294 1920//1920 295//295
f 820//820 1220//1220 213//213
f 2352//2352 1886//1886 28//28
f 603//603 2697//2697 3079//3079
f 286//286 2269//2269 2371//2371
f 277//277 2371//2371 2269//2269
f 140//140 142//142 953//953
f 2624//2624 1789//1789 1201//1201
f 1180//1180 1179//1179 3080//3080
f 980//980 3069//3069 600//600
f 1204//1204 80//80 3081//3081
f 3082//3082 3083//3083 1982//1982
f 2114//2114 594//594 596//596
f 505//505 1685//1685 1184//1184
f 514//514 1768//1768 3051//3051
f 1551//1551 1645//1645 1554//1554
f 2737//2737 3025//3025 3084//3084
f 823//823 822//822 1192//1192
f 2271//2271 1460//1460 2501//2501
f 64//64 304//304 577//577
f 3032//3032 577//577 304//304
f 715//715 2090//2090 236//236
f 2897//2897 1051//1051 3063//3063
f 2256//2256 372//372 3085//3085
f 2395//2395 1755//1755 1754//1754
f 1175//1175 2990//2990 1173//1173
f 637//637 636//636 744//744
f 92//92 3086//3086 2480//2480
f 639//639 2424//2424 1741//1741
f 1265//1265 1264//1264 3087//3087
f 619//619 2423//2423 2662//2662
f 1715//1715 2662//2662 2423//2423
f 2682//2682 2717//2717 3088//3088
f 1713//1713 2996//2996 2328//2328
f 1488//1488 1154//1154 1316//1316
f 2446//2446 2060//2060 2664//2664
f 2945//2945 466//466 755//755
f 324//324 1836//1836 322//322
f 3089//3089 476//476 2424//2424
f 3090//3090 1043//1043 3091//3091
f 2076//2076 20//20 2163//2163
f 926//926 1785//1785 2272//2272
f 3092//3092 2422//2422 1478//1478
f 2609//2609 3093//3093 2608//2608
f 151//151 3094//3094 83//83
f 1258//1258 2000//2000 1256//1256
f 1226//1226 1908//1908 2979//2979
f 1226//1226 2979//2979 1224//1224
f 3095//3095 290//290 926//926
f 281//281 290//290 3095//3095
f 1181//1181 1180//1180 1736//1736
f 3096//3096 2428//2428 1628//1628
f 3097//3097 3098//3098 317//317
f 2597//2597 932//932 931//931
f 2273//2273 3099//3099 2272//2272
f 282//282 2272//2272 3099//3099
f 266//266 487//487 209//209
f 429//429 2004//2004 430//430
f 2003//2003 430//430 2004//2004
f 429//429 663//663 2004//2004
f 2571//2571 2475//2475 3100//3100
f 1862//1862 1485//1485 3101//3101
f 2798//2798 2810//2810 641//641
f 1178//1178 1711//1711 1078//1078
f 3102//3102 1078//1078 1711//1711
f 573//573 575//575 879//879
f 904//904 3103//3103 905//905
f 2299//2299 984//984 486//486
f 3092//3092 1478//1478 866//866
f 2797//2797 2427//2427 2675//2675
f 728//728 1866//1866 2992//2992
f 3104//3104 2992//2992 1866//1866
f 2073//2073 531//531 3105//3105
f 2761//2761 2734//2734 1662//1662
f 1498//1498 1497//1497 2183//2183
f 1928//1928 2574//2574 3106//3106
f 2812//2812 1983//1983 3107//3107
f 1182//1182 1183//1183 2601//2601
f 2371//2371 34//34 287//287
f 2537//2537 3108//3108 3109//3109
f 2026//2026 3110//3110 2027//2027
f 2793//2793 2257//2257 3111//3111
f 1538//1538 3111//3111 2257//2257
f 1279//1279 1280//1280 1504//1504
f 1303//1303 2686//2686 2564//2564
f 2669//2669 2518//2518 2517//2517
f 2515//2515 2578//2578 2513//2513
f 2776//2776 3112//3112 3113//3113
f 3114//3114 2065//2065 3115//3115
f 359//359 29//29 28//28
f 1279//1279 2910//2910 467//467
f 2905//2905 2578//2578 2577//2577
f 99//99 1093//1093 3116//3116
f 1235//1235 1916//1916 3117//3117
f 2014//2014 1654//1654 734//734
f 2905//2905 3118//3118 2741//2741
f 2193//2193 1560//1560 2194//2194
f 797//797 799//799 2975//2975
f 2696//2696 3079//3079 2697//2697
f 1051//1051 1053//1053 3119//3119
f 1737//1737 77//77 1894//1894
f 435//435 437//437 322//322
f 3120//3120 1022//1022 1024//1024
f 504//504 503//503 2705//2705
f 504//504 2705//2705 1802//1802
f 405//405 1743//1743 1934//1934
f 405//405 1934//1934 3121//3121
f 2300//2300 767//767 3122//3122
f 3122//3122 767//767 766//766
f 2632//2632 2842//2842 2630//2630
f 1325//1325 2891//2891 3123//3123
f 2317//2317 2056//2056 2747//2747
f 2748//2748 2747//2747 2056//2056
f 1463//1463 2603//2603 2602//2602
f 3124//3124 2094//2094 1383//1383
f 3125//3125 3106//3106 2108//2108
f 2700//2700 2880//2880 3126//3126
f 2700//2700 3126//3126 2699//2699
f 1561//1561 2842//2842 1562//1562
f 1873//1873 3005//3005 1874//1874
f 1057//1057 1056//1056 2879//2879
f 1879//1879 1878//1878 3127//3127
f 1439//1439 1375//1375 1374//1374
f 1667//1667 1998//1998 1997//1997
f 1434//1434 3128//3128 44//44
f 1193//1193 1406//1406 2764//2764
f 1945//1945 2820//2820 1763//1763
f 847//847 849//849 2588//2588
f 2429//2429 3129//3129 1333//1333
f 1813//1813 3130//3130 80//80
f 3131//3131 3132//3132 1505//1505
f 2090//2090 1673//1673 1049//1049
f 2090//2090 1049//1049 3133//3133
f 2701//2701 327//327 3134//3134
f 2701//2701 3134//3134 1103//1103
f 3135//3135 3136//3136 3137//3137
f 1059//1059 1058//1058 1475//1475
f 3096//3096 2194//2194 1465//1465
f 31//31 3138//3138 1857//1857
f 31//31 30//30 3138//3138
f 3139//3139 2802//2802 447//447
f 823//823 1192//1192 1958//1958
f 2086//2086 1958//1958 1192//1192
f 2710//2710 2110//2110 1082//1082
f 1610//1610 1816//1816 920//920
f 3140//3140 3141//3141 2232//2232
f 1578//1578 1853//1853 1579//1579
f 759//759 396//396 3142//3142
f 395//395 3142//3142 396//396
f 2409//2409 1176//1176 2410//2410
f 3143//3143 3026//3026 2749//2749
f 3014//3014 3013//3013 3144//3144
f 3145//3145 3146//3146 2985//2985
f 1331//1331 3147//3147 503//503
f 943//943 3000//3000 941//941
f 1397//1397 3148//3148 2670//2670
f 3149//3149 3150//3150 3151//3151
f 1685//1685 1601//1601 1686//1686
f 936//936 938//938 2983//2983
f 803//803 18//18 3152//3152
f 2820//2820 1945//1945 1944//1944
f 2987//2987 2178//2178 3153//3153
f 3154//3154 3155//3155 3140//3140
f 2815//2815 2939//2939 963//963
f 2959//2959 2958//2958 318//318
f 2143//2143 2030//2030 1030//1030
f 2290//2290 431//431 2288//2288
f 2049//2049 3062//3062 2873//2873
f 2186//2186 2891//2891 797//797
f 2839//2839 2007//2007 2006//2006
f 904//904 3156//3156 3103//3103
f 2302//2302 3157//3157 3158//3158
f 3159//3159 1770//1770 3160//3160
f 1538//1538 2546//2546 1539//1539
f 2791//2791 2407//2407 2408//2408
f 3001//3001 338//338 1509//1509
f 337//337 2725//2725 2310//2310
f 972//972 3161//3161 2234//2234
f 2013//2013 734//734 733//733
f 250//250 2457//2457 2456//2456
f 2598//2598 3162//3162 1815//1815
f 23//23 2363//2363 3163//3163
f 1535//1535 2721//2721 2762//2762
f 3039//3039 954//954 3164//3164
f 3039//3039 3164//3164 1233//1233
f 177//177 2092//2092 1946//1946
f 1332//1332 3165//3165 1333//1333
f 3166//3166 3167//3167 2164//2164
f 238//238 47//47 3047//3047
f 3168//3168 1316//1316 1315//1315
f 101//101 2754//2754 97//97
f 1397//1397 1398//1398 3038//3038
f 1397//1397 3038//3038 339//339
f 3169//3169 3170//3170 1930//1930
f 1359//1359 1441//1441 2539//2539
f 1438//1438 2539//2539 1441//1441
f 1801//1801 2219//2219 1799//1799
f 2158//2158 1787//1787 94//94
f 711//711 1469//1469 708//708
f 248//248 274//274 3171//3171
f 1224//1224 1909//1909 2975//2975
f 2640//2640 1659//1659 2550//2550
f 3051//3051 940//940 3052//3052
f 1119//1119 2790//2790 1710//1710
f 1240//1240 1239//1239 1023//1023
f 1960//1960 2699//2699 1961//1961
f 454//454 11//11 1132//1132
f 13//13 11//11 454//454
f 2876//2876 3//3 2//2
f 2550//2550 3//3 2876//2876
f 2108//2108 2695//2695 3125//3125
f 2375//2375 2789//2789 2249//2249
f 356//356 355//355 1564//1564
f 413//413 397//397 396//396
f 1214//1214 1817//1817 1683//1683
f 2116//2116 1291//1291 3012//3012
f 571//571 748//748 2947//2947
f 2147//2147 3172//3172 952//952
f 2911//2911 3173//3173 2042//2042
f 126//126 1138//1138 2545//2545
f 3174//3174 48//48 1029//1029
f 3175//3175 1582//1582 1581//1581
f 3176//3176 2066//2066 3114//3114
f 1854//1854 51//51 50//50
f 541//541 269//269 2132//2132
f 2861//2861 3177//3177 2696//2696
f 1356//1356 2683//2683 2682//2682
f 944//944 1356//1356 2682//2682
f 1355//1355 2683//2683 1356//1356
f 732//732 3178//3178 3179//3179
f 54//54 3179//3179 3178//3178
f 732//732 1717//1717 3178//3178
f 1212//1212 394//394 3121//3121
f 1571//1571 1570//1570 2831//2831
f 1323//1323 3131//3131 1505//1505
f 1834//1834 1833//1833 2738//2738
f 1454//1454 611//611 1990//1990
f 2732//2732 825//825 1328//1328
f 2732//2732 1328//1328 1014//1014
f 2821//2821 1944//1944 2560//2560
f 1519//1519 124//124 123//123
f 3180//3180 1208//1208 450//450
f 1838//1838 1456//1456 1837//1837
f 2287//2287 1032//1032 3181//3181
f 2329//2329 1532//1532 1534//1534
f 1731//1731 730//730 211//211
f 1790//1790 1792//1792 864//864
f 1404//1404 3141//3141 3140//3140
f 2445//2445 2022//2022 3182//3182
f 586//586 27//27 2778//2778
f 2924//2924 1928//1928 3183//3183
f 945//945 944//944 3184//3184
f 1408//1408 3125//3125 1409//1409
f 1040//1040 111//111 110//110
f 1301//1301 3185//3185 3186//3186
f 831//831 2230//2230 832//832
f 2545//2545 3187//3187 126//126
f 127//127 126//126 3187//3187
f 1408//1408 3183//3183 3125//3125
f 3144//3144 3188//3188 911//911
f 1206//1206 1208//1208 3072//3072
f 231//231 2592//2592 166//166
f 132//132 166//166 2592//2592
f 1901//1901 1902//1902 2205//2205
f 2858//2858 3189//3189 1307//1307
f 1290//1290 2755//2755 1373//1373
f 1373//1373 1121//1121 1290//1290
f 2850//2850 698//698 700//700
f 2358//2358 2589//2589 608//608
f 2218//2218 2546//2546 1538//1538
f 1032//1032 2287//2287 1033//1033
f 2736//2736 2735//2735 2217//2217
f 575//575 46//46 45//45
f 575//575 45//45 879//879
f 3190//3190 158//158 3191//3191
f 1053//1053 2847//2847 2846//2846
f 2191//2191 2201//2201 2209//2209
f 2219//2219 2209//2209 2201//2201
f 2219//2219 2201//2201 1799//1799
f 44//44 2976//2976 2780//2780
f 1993//1993 3192//3192 1994//1994
f 1952//1952 3193//3193 1955//1955
f 139//139 3194//3194 453//453
f 2422//2422 3092//3092 1477//1477
f 1419//1419 300//300 302//302
f 2728//2728 2353//2353 3195//3195
f 1998//1998 647//647 1999//1999
f 2892//2892 1346//1346 1016//1016
f 38//38 2892//2892 1016//1016
f 2380//2380 1851//1851 3196//3196
f 2380//2380 3196//3196 2379//2379
f 1655//1655 2014//2014 2702//2702
f 803//803 329//329 19//19
f 1925//1925 2099//2099 694//694
f 450//450 1209//1209 618//618
f 495//495 1243//1243 7//7
f 108//108 3197//3197 3198//3198
f 140//140 3198//3198 3197//3197
f 110//110 383//383 382//382
f 1684//1684 2888//2888 2890//2890
f 3177//3177 3199//3199 2696//2696
f 3121//3121 403//403 405//405
f 2386//2386 3200//3200 2387//2387
f 1994//1994 2313//2313 1992//1992
f 1846//1846 778//778 2616//2616
f 1846//1846 3076//3076 778//778
f 3201//3201 905//905 3103//3103
f 1903//1903 517//517 2527//2527
f 988//988 796//796 247//247
f 423//423 649//649 3202//3202
f 648//648 3202//3202 649//649
f 1111//1111 3044//3044 2141//2141
f 3149//3149 2977//2977 3150//3150
f 2216//2216 3194//3194 1714//1714
f 1227//1227 1338//1338 348//348
f 2498//2498 3203//3203 756//756
f 262//262 264//264 3204//3204
f 2125//2125 520//520 522//522
f 2125//2125 2612//2612 520//520
f 3098//3098 1311//1311 317//317
f 1817//1817 3057//3057 330//330
f 3205//3205 373//373 372//372
f 3206//3206 373//373 3205//3205
f 3034//3034 2569//2569 3207//3207
f 2569//2569 2866//2866 2278//2278
f 1163//1163 1255//1255 3208//3208
f 1255//1255 1472//1472 3208//3208
f 1278//1278 2419//2419 1677//1677
f 2240//2240 3070//3070 3209//3209
f 1175//1175 3209//3209 3070//3070
f 1568//1568 2140//2140 2142//2142
f 3210//3210 2905//2905 3211//3211
f 2706//2706 2946//2946 1803//1803
f 2437//2437 2436//2436 367//367
f 138//138 3194//3194 139//139
f 3116//3116 3035//3035 3034//3034
f 1206//1206 499//499 497//497
f 627//627 1105//1105 628//628
f 1908//1908 2486//2486 3212//3212
f 1353//1353 3213//3213 2294//2294
f 2843//2843 2294//2294 3213//3213
f 242//242 3214//3214 364//364
f 772//772 771//771 2107//2107
f 566//566 2119//2119 2089//2089
f 3090//3090 3091//3091 1263//1263
f 1610//1610 920//920 2214//2214
f 650//650 380//380 2750//2750
f 3215//3215 2034//2034 3216//3216
f 832//832 1359//1359 2539//2539
f 832//832 2539//2539 833//833
f 3004//3004 1474//1474 3217//3217
f 3004//3004 3217//3217 176//176
f 1354//1354 2657//2657 1355//1355
f 3218//3218 2044//2044 3219//3219
f 2043//2043 3219//3219 2044//2044
f 2798//2798 1588//1588 2810//2810
f 647//647 349//349 1999//1999
f 2932//2932 414//414 416//416
f 2994//2994 3220//3220 3221//3221
f 3222//3222 2333//2333 3223//3223
f 2218//2218 2257//2257 2209//2209
f 157//157 480//480 2466//2466
f 1340//1340 2185//2185 1909//1909
f 2381//2381 198//198 1202//1202
f 3224//3224 3225//3225 491//491
f 162//162 1004//1004 90//90
f 6//6 393//393 4//4
f 1295//1295 124//124 2795//2795
f 1247//1247 1009//1009 965//965
f 467//467 469//469 857//857
f 1005//1005 2718//2718 1262//1262
f 2496//2496 1914//1914 1334//1334
f 344//344 3226//3226 2646//2646
f 228//228 2997//2997 1260//1260
f 305//305 64//64 2113//2113
f 305//305 2113//2113 1522//1522
f 776//776 2781//2781 2650//2650
f 776//776 2650//2650 775//775
f 3066//3066 3032//3032 3067//3067
f 41//41 99//99 3116//3116
f 3124//3124 1131//1131 2094//2094
f 955//955 3039//3039 3198//3198
f 2544//2544 2545//2545 1138//1138
f 2544//2544 1138//1138 774//774
f 3227//3227 86//86 85//85
f 2172//2172 3228//3228 2199//2199
f 1230//1230 378//378 3229//3229
f 1470//1470 2828//2828 16//16
f 2171//2171 2512//2512 2200//2200
f 2171//2171 2200//2200 3228//3228
f 613//613 1637//1637 614//614
f 3065//3065 3064//3064 2462//2462
f 319//319 3230//3230 3231//3231
f 2965//2965 849//849 848//848
f 352//352 2797//2797 353//353
f 2204//2204 2058//2058 2131//2131
f 67//67 2573//2573 65//65
f 67//67 1088//1088 2573//2573
f 2592//2592 3232//3232 132//132
f 104//104 3233//3233 3234//3234
f 2831//2831 1531//1531 1533//1533
f 1396//1396 818//818 817//817
f 1742//1742 2730//2730 2771//2771
f 1742//1742 2771//2771 3235//3235
f 2727//2727 3236//3236 357//357
f 3237//3237 796//796 989//989
f 3238//3238 1917//1917 3239//3239
f 1558//1558 560//560 950//950
f 1633//1633 761//761 858//858
f 855//855 2710//2710 1081//1081
f 7//7 2303//2303 1339//1339
f 1085//1085 1197//1197 601//601
f 1872//1872 2841//2841 1870//1870
f 3240//3240 1213//1213 1215//1215
f 1968//1968 206//206 203//203
f 2481//2481 2074//2074 2073//2073
f 3143//3143 2749//2749 1623//1623
f 3143//3143 1623//1623 1622//1622
f 3053//3053 3055//3055 3241//3241
f 2830//2830 2943//2943 1402//1402
f 2916//2916 1380//1380 414//414
f 1529//1529 995//995 1414//1414
f 2523//2523 3242//3242 1518//1518
f 99//99 479//479 96//96
f 386//386 2415//2415 384//384
f 2347//2347 2346//2346 3243//3243
f 895//895 2318//2318 2317//2317
f 2914//2914 2235//2235 3244//3244
f 795//795 796//796 3237//3237
f 2881//2881 2882//2882 1900//1900
f 2201//2201 1330//1330 2202//2202
f 1976//1976 3045//3045 1977//1977
f 1269//1269 1271//1271 1926//1926
f 2252//2252 3245//3245 2801//2801
f 19//19 18//18 803//803
f 856//856 469//469 3246//3246
f 3247//3247 1983//1983 2808//2808
f 3248//3248 3249//3249 945//945
f 3250//3250 2165//2165 3143//3143
f 141//141 3143//3143 2165//2165
f 3251//3251 3240//3240 1544//1544
f 3251//3251 1544//1544 2768//2768
f 97//97 2245//2245 2674//2674
f 2838//2838 699//699 445//445
f 1838//1838 1457//1457 1456//1456
f 2512//2512 2171//2171 2510//2510
f 3252//3252 3253//3253 1862//1862
f 1048//1048 3254//3254 1256//1256
f 1885//1885 1048//1048 1256//1256
f 1838//1838 1021//1021 2663//2663
f 2825//2825 686//686 685//685
f 3023//3023 154//154 2855//2855
f 994//994 2926//2926 2659//2659
f 2028//2028 465//465 231//231
f 3255//3255 2936//2936 2552//2552
f 512//512 2606//2606 1902//1902
f 133//133 1898//1898 134//134
f 2735//2735 1302//1302 1077//1077
f 2445//2445 3182//3182 1477//1477
f 2981//2981 3256//3256 3004//3004
f 3246//3246 3257//3257 738//738
f 470//470 738//738 3257//3257
f 1178//1178 1177//1177 1711//1711
f 2144//2144 565//565 2940//2940
f 564//564 2940//2940 565//565
f 2785//2785 1257//1257 1951//1951
f 2785//2785 1951//1951 347//347
f 160//160 3189//3189 2858//2858
f 2602//2602 180//180 2291//2291
f 2602//2602 2291//2291 2293//2293
f 1501//1501 2952//2952 2737//2737
f 3084//3084 1501//1501 2737//2737
f 1025//1025 1027//1027 1470//1470
f 1624//1624 2470//2470 2382//2382
f 1029//1029 48//48 240//240
f 238//238 240//240 48//48
f 2382//2382 240//240 1624//1624
f 1891//1891 3036//3036 3258//3258
f 1028//1028 2561//2561 3174//3174
f 2261//2261 1526//1526 2262//2262
f 468//468 467//467 2909//2909
f 1657//1657 1659//1659 2640//2640
f 2225//2225 1584//1584 779//779
f 2906//2906 3211//3211 2905//2905
f 1413//1413 1795//1795 1796//1796
f 3149//3149 3151//3151 391//391
f 2468//2468 134//134 3259//3259
f 1039//1039 1864//1864 1863//1863
f 1039//1039 1863//1863 1956//1956
f 894//894 893//893 2907//2907
f 2733//2733 3260//3260 393//393
f 1835//1835 467//467 857//857
f 2685//2685 2564//2564 2686//2686
f 1573//1573 962//962 2055//2055
f 1098//1098 1097//1097 2923//2923
f 1455//1455 2923//2923 1097//1097
f 2324//2324 1996//1996 1335//1335
f 1599//1599 2273//2273 1784//1784
f 911//911 3014//3014 3144//3144
f 1572//1572 840//840 2805//2805
f 1509//1509 338//338 2525//2525
f 1411//1411 1410//1410 1618//1618
f 870//870 1904//1904 1808//1808
f 1038//1038 345//345 344//344
f 16//16 1471//1471 1470//1470
f 3261//3261 2511//2511 758//758
f 193//193 195//195 940//940
f 1524//1524 3160//3160 2860//2860
f 1864//1864 2646//2646 3167//3167
f 1864//1864 1039//1039 2646//2646
f 2081//2081 2080//2080 3262//3262
f 2870//2870 1271//1271 1270//1270
f 2813//2813 2250//2250 2984//2984
f 2371//2371 1270//1270 1269//1269
f 925//925 1084//1084 3263//3263
f 925//925 3263//3263 926//926
f 2226//2226 3264//3264 245//245
f 2719//2719 618//618 3238//3238
f 1445//1445 1812//1812 1446//1446
f 1105//1105 1106//1106 1548//1548
f 667//667 666//666 2936//2936
f 61//61 3265//3265 59//59
f 1662//1662 1661//1661 1075//1075
f 2310//2310 1471//1471 15//15
f 16//16 15//15 1471//1471
f 2801//2801 3245//3245 2917//2917
f 2113//2113 2112//2112 2738//2738
f 991//991 3266//3266 1261//1261
f 2607//2607 1261//1261 3266//3266
f 2587//2587 2568//2568 2103//2103
f 86//86 3227//3227 3267//3267
f 3023//3023 49//49 461//461
f 84//84 86//86 2946//2946
f 367//367 489//489 368//368
f 926//926 3263//3263 1785//1785
f 770//770 772//772 2130//2130
f 1511//1511 3268//3268 2693//2693
f 2183//2183 2489//2489 2184//2184
f 3000//3000 3269//3269 941//941
f 642//642 3270//3270 3271//3271
f 3258//3258 3271//3271 3270//3270
f 2601//2601 1183//1183 2580//2580
f 2750//2750 1236//1236 1235//1235
f 3272//3272 786//786 2803//2803
f 2315//2315 2312//2312 2135//2135
f 2136//2136 2135//2135 2312//2312
f 2351//2351 1805//1805 2059//2059
f 2059//2059 1805//1805 2668//2668
f 3215//3215 159//159 2903//2903
f 1744//1744 3215//3215 2903//2903
f 1526//1526 2266//2266 2404//2404
f 1544//1544 3240//3240 1545//1545
f 143//143 1302//1302 2735//2735
f 1443//1443 845//845 846//846
f 2929//2929 2928//2928 2950//2950
f 2794//2794 751//751 1509//1509
f 875//875 976//976 2988//2988
f 361//361 3273//3273 559//559
f 1724//1724 2227//2227 244//244
f 3274//3274 3275//3275 2345//2345
f 674//674 673//673 3078//3078
f 2406//2406 3078//3078 673//673
f 1199//1199 107//107 109//109
f 2121//2121 2120//2120 3226//3226
f 435//435 2689//2689 436//436
f 1670//1670 107//107 1198//1198
f 464//464 1203//1203 1127//1127
f 3063//3063 1634//1634 2897//2897
f 1576//1576 1577//1577 2051//2051
f 2050//2050 2051//2051 1577//1577
f 2087//2087 2089//2089 2119//2119
f 1370//1370 1444//1444 3276//3276
f 1370//1370 3276//3276 2583//2583
f 1306//1306 3146//3146 3145//3145
f 2966//2966 3277//3277 3176//3176
f 1735//1735 2095//2095 3278//3278
f 1735//1735 3278//3278 2173//2173
f 3279//3279 3262//3262 2104//2104
f 1366//1366 1365//1365 2869//2869
f 3280//3280 3054//3054 1703//1703
f 1740//1740 1602//1602 3281//3281
f 1740//1740 3281//3281 2514//2514
f 89//89 3193//3193 1952//1952
f 3282//3282 182//182 1190//1190
f 3283//3283 2307//2307 3180//3180
f 210//210 2307//2307 3283//3283
f 785//785 788//788 3284//3284
f 1392//1392 1071//1071 1070//1070
f 530//530 1071//1071 1392//1392
f 1394//1394 1393//1393 1851//1851
f 1656//1656 3204//3204 264//264
f 712//712 2867//2867 1384//1384
f 1671//1671 1670//1670 763//763
f 2646//2646 1038//1038 344//344
f 533//533 2544//2544 3285//3285
f 1042//1042 1044//1044 1888//1888
f 2742//2742 2506//2506 2508//2508
f 1494//1494 3006//3006 1137//1137
f 629//629 2845//2845 1146//1146
f 3286//3286 2168//2168 2167//2167
f 140//140 3197//3197 141//141
f 2924//2924 473//473 3045//3045
f 870//870 1665//1665 1904//1904
f 3287//3287 3126//3126 587//587
f 2744//2744 2631//2631 3288//3288
f 2699//2699 3126//3126 3287//3287
f 2980//2980 1830//1830 3289//3289
f 2111//2111 2110//2110 2709//2709
f 881//881 1842//1842 2954//2954
f 2823//2823 2143//2143 1844//1844
f 1842//1842 1844//1844 2954//2954
f 2337//2337 3290//3290 3291//3291
f 1392//1392 1070//1070 877//877
f 1863//1863 1881//1881 1956//1956
f 2402//2402 2499//2499 2403//2403
f 660//660 2274//2274 2868//2868
f 1667//1667 2167//2167 2166//2166
f 1120//1120 1122//1122 2312//2312
f 608//608 2591//2591 1320//1320
f 1979//1979 2531//2531 924//924
f 2444//2444 1555//1555 909//909
f 3250//3250 2453//2453 1612//1612
f 533//533 1002//1002 2544//2544
f 1566//1566 1565//1565 2839//2839
f 1263//1263 3091//3091 1264//1264
f 3087//3087 1264//1264 3091//3091
f 2169//2169 2341//2341 1158//1158
f 1524//1524 1000//1000 569//569
f 171//171 3029//3029 169//169
f 2825//2825 685//685 863//863
f 254//254 1147//1147 255//255
f 42//42 41//41 3034//3034
f 2230//2230 2229//2229 2927//2927
f 199//199 3264//3264 106//106
f 241//241 3214//3214 242//242
f 838//838 837//837 2526//2526
f 2863//2863 2862//2862 3292//3292
f 2114//2114 2115//2115 594//594
f 14//14 3293//3293 2525//2525
f 2491//2491 2369//2369 2368//2368
f 450//450 617//617 451//451
f 897//897 2849//2849 2964//2964
f 3294//3294 3295//3295 3296//3296
f 1417//1417 3112//3112 1552//1552
f 2333//2333 2528//2528 2334//2334
f 2418//2418 1671//1671 2528//2528
f 2687//2687 145//145 144//144
f 3296//3296 702//702 3294//3294
f 3297//3297 1146//1146 2845//2845
f 132//132 167//167 166//166
f 305//305 304//304 64//64
f 360//360 1819//1819 1821//1821
f 454//454 3298//3298 455//455
f 1564//1564 355//355 2252//2252
f 3169//3169 1930//1930 3299//3299
f 1791//1791 2357//2357 2176//2176
f 3292//3292 2625//2625 462//462
f 3300//3300 2600//2600 2601//2601
f 1568//1568 2906//2906 2741//2741
f 2451//2451 1946//1946 2348//2348
f 2509//2509 2772//2772 1060//1060
f 736//736 470//470 1449//1449
f 2314//2314 731//731 730//730
f 791//791 790//790 3261//3261
f 46//46 3046//3046 43//43
f 3285//3285 2516//2516 3137//3137
f 1973//1973 3301//3301 3302//3302
f 1973//1973 3302//3302 1693//1693
f 3280//3280 1703//1703 1702//1702
f 1533//1533 2329//2329 314//314
f 2490//2490 1533//1533 314//314
f 2119//2119 189//189 2236//2236
f 1255//1255 1470//1470 1472//1472
f 2647//2647 1738//1738 1737//1737
f 339//339 2724//2724 337//337
f 2395//2395 2397//2397 556//556
f 557//557 556//556 2397//2397
f 1458//1458 1254//1254 328//328
f 2052//2052 3303//3303 2037//2037
f 3304//3304 2616//2616 780//780
f 1232//1232 1512//1512 2919//2919
f 1569//1569 1527//1527 2543//2543
f 2379//2379 2463//2463 1733//1733
f 1551//1551 2779//2779 1644//1644
f 3305//3305 1998//1998 2553//2553
f 1018//1018 1019//1019 2645//2645
f 2565//2565 2564//2564 1893//1893
f 3305//3305 2553//2553 3076//3076
f 2129//2129 1653//1653 3306//3306
f 3113//3113 1966//1966 1965//1965
f 1067//1067 1069//1069 2655//2655
f 998//998 136//136 440//440
f 3307//3307 1918//1918 3308//3308
f 3307//3307 3308//3308 3238//3238
f 714//714 713//713 2561//2561
f 1220//1220 1219//1219 2579//2579
f 1220//1220 2579//2579 2971//2971
f 674//674 3078//3078 1818//1818
f 548//548 2647//2647 616//616
f 344//344 343//343 2421//2421
f 1851//1851 2380//2380 1394//1394
f 733//733 3152//3152 18//18
f 86//86 1041//1041 2946//2946
f 752//752 754//754 3309//3309
f 2246//2246 1840//1840 2551//2551
f 113//113 1663//1663 3310//3310
f 3311//3311 3078//3078 3077//3077
f 1976//1976 3299//3299 1930//1930
f 2804//2804 2935//2935 2435//2435
f 3312//3312 1543//1543 3303//3303
f 1765//1765 1968//1968 205//205
f 1137//1137 1495//1495 1494//1494
f 1392//1392 876//876 1393//1393
f 996//996 998//998 3219//3219
f 2064//2064 3294//3294 1706//1706
f 2742//2742 324//324 2506//2506
f 1363//1363 3252//3252 3101//3101
f 3313//3313 1412//1412 1411//1411
f 2929//2929 3314//3314 499//499
f 345//345 2287//2287 2354//2354
f 919//919 3315//3315 903//903
f 3144//3144 3013//3013 2676//2676
f 2457//2457 3316//3316 3317//3317
f 2139//2139 3317//3317 3316//3316
f 2359//2359 2807//2807 2360//2360
f 2181//2181 2248//2248 2297//2297
f 1912//1912 1911//1911 2722//2722
f 2563//2563 1462//1462 1461//1461
f 1284//1284 784//784 1692//1692
f 2256//2256 3085//3085 323//323
f 302//302 1063//1063 1419//1419
f 1913//1913 1914//1914 2447//2447
f 2679//2679 3060//3060 2452//2452
f 1262//1262 2718//2718 1859//1859
f 1608//1608 3318//3318 2475//2475
f 281//281 1720//1720 289//289
f 3195//3195 2231//2231 1092//1092
f 2677//2677 961//961 3319//3319
f 2677//2677 3319//3319 3320//3320
f 1511//1511 2919//2919 1512//1512
f 104//104 106//106 3233//3233
f 806//806 809//809 285//285
f 1981//1981 1376//1376 1378//1378
f 846//846 844//844 2765//2765
f 1590//1590 1592//1592 2532//2532
f 1473//1473 1513//1513 1474//1474
f 2622//2622 1004//1004 1003//1003
f 883//883 1620//1620 370//370
f 2176//2176 2020//2020 2328//2328
f 94//94 93//93 1712//1712
f 1458//1458 805//805 459//459
f 553//553 3321//3321 554//554
f 2287//2287 3181//3181 1423//1423
f 3181//3181 1424//1424 1423//1423
f 425//425 122//122 423//423
f 1089//1089 1832//1832 1088//1088
f 321//321 1832//1832 1089//1089
f 2644//2644 3322//3322 2343//2343
f 123//123 125//125 74//74
f 24//24 721//721 2692//2692
f 2572//2572 3115//3115 3323//3323
f 2607//2607 2722//2722 2609//2609
f 3142//3142 1426//1426 759//759
f 1435//1435 1426//1426 3142//3142
f 2484//2484 2681//2681 809//809
f 1705//1705 2507//2507 1788//1788
f 1124//1124 1959//1959 2414//2414
f 247//247 3324//3324 248//248
f 3325//3325 3127//3127 1878//1878
f 2940//2940 907//907 906//906
f 1982//1982 2802//2802 3139//3139
f 3060//3060 2679//2679 3326//3326
f 2348//2348 2671//2671 2451//2451
f 1510//1510 1954//1954 3326//3326
f 1510//1510 3326//3326 3001//3001
f 1088//1088 2108//2108 2573//2573
f 3327//3327 871//871 3328//3328
f 3327//3327 977//977 871//871
f 559//559 1352//1352 2294//2294
f 559//559 2294//2294 2843//2843
f 2570//2570 3166//3166 3329//3329
f 2401//2401 2278//2278 2402//2402
f 3064//3064 1314//1314 2462//2462
f 1312//1312 1314//1314 3064//3064
f 85//85 2704//2704 2242//2242
f 85//85 2242//2242 3227//3227
f 3330//3330 2369//2369 2416//2416
f 2501//2501 1460//1460 2502//2502
f 1365//1365 278//278 280//280
f 1185//1185 503//503 505//505
f 860//860 859//859 1773//1773
f 1425//1425 760//760 1426//1426
f 1058//1058 3331//3331 1475//1475
f 359//359 2267//2267 360//360
f 2244//2244 1796//1796 635//635
f 2880//2880 2700//2700 2767//2767
f 3332//3332 3321//3321 3333//3333
f 3312//3312 3303//3303 791//791
f 2052//2052 791//791 3303//3303
f 3068//3068 3067//3067 303//303
f 2011//2011 2026//2026 2012//2012
f 538//538 2836//2836 2474//2474
f 1060//1060 2772//2772 3334//3334
f 2043//2043 2042//2042 81//81
f 2010//2010 2327//2327 2008//2008
f 927//927 3335//3335 2547//2547
f 929//929 3335//3335 927//927
f 1132//1132 1133//1133 1849//1849
f 3161//3161 3244//3244 2234//2234
f 2827//2827 1553//1553 3336//3336
f 2827//2827 3336//3336 342//342
f 1891//1891 1893//1893 2564//2564
f 214//214 2194//2194 3096//3096
f 282//282 2485//2485 283//283
f 2072//2072 3089//3089 2424//2424
f 1331//1331 3337//3337 3147//3147
f 2286//2286 2836//2836 538//538
f 2511//2511 642//642 644//644
f 1416//1416 2025//2025 2024//2024
f 2097//2097 578//578 3338//3338
f 1335//1335 1337//1337 3065//3065
f 3215//3215 3216//3216 159//159
f 2442//2442 3339//3339 856//856
f 3051//3051 484//484 3340//3340
f 3208//3208 1161//1161 1163//1163
f 1595//1595 1161//1161 3208//3208
f 1597//1597 1161//1161 1595//1595
f 852//852 306//306 3341//3341
f 3342//3342 2872//2872 2871//2871
f 386//386 3343//3343 3344//3344
f 1940//1940 1427//1427 2661//2661
f 2079//2079 2321//2321 2320//2320
f 518//518 378//378 1230//1230
f 2237//2237 1879//1879 2238//2238
f 927//927 3345//3345 1346//1346
f 2535//2535 3345//3345 927//927
f 1831//1831 3047//3047 58//58
f 2638//2638 2301//2301 3346//3346
f 346//346 2785//2785 347//347
f 3347//3347 3348//3348 3205//3205
f 431//431 602//602 429//429
f 515//515 361//361 516//516
f 253//253 2852//2852 2851//2851
f 289//289 1085//1085 925//925
f 76//76 1598//1598 1894//1894
f 371//371 1625//1625 2749//2749
f 540//540 2763//2763 537//537
f 2022//2022 2063//2063 2021//2021
f 2445//2445 2063//2063 2022//2022
f 2917//2917 1297//1297 1296//1296
f 2642//2642 1541//1541 3007//3007
f 3117//3117 1019//1019 2998//2998
f 1188//1188 1919//1919 1758//1758
f 1772//1772 3058//3058 1214//1214
f 2944//2944 1527//1527 2538//2538
f 2623//2623 3349//3349 3237//3237
f 795//795 3237//3237 3349//3349
f 795//795 3349//3349 2623//2623
f 2432//2432 1221//1221 3350//3350
f 2761//2761 3351//3351 1388//1388
f 2233//2233 2235//2235 2857//2857
f 1147//1147 254//254 2908//2908
f 2371//2371 287//287 286//286
f 1709//1709 2431//2431 3352//3352
f 1709//1709 3352//3352 2788//2788
f 2053//2053 2199//2199 789//789
f 2447//2447 3353//3353 3354//3354
f 2225//2225 3355//3355 2223//2223
f 3323//3323 3115//3115 3356//3356
f 2065//2065 3356//3356 3115//3115
f 3100//3100 3115//3115 2572//2572
f 2893//2893 3059//3059 2285//2285
f 2520//2520 3163//3163 2576//2576
f 554//554 3357//3357 552//552
f 1579//1579 2430//2430 3358//3358
f 2747//2747 3359//3359 2317//2317
f 1579//1579 3358//3358 1580//1580
f 2789//2789 1253//1253 585//585
f 3360//3360 3361//3361 1821//1821
f 2121//2121 2421//2421 2702//2702
f 2011//2011 3362//3362 2026//2026
f 3110//3110 2026//2026 3362//3362
f 2691//2691 3362//3362 2011//2011
f 878//878 887//887 886//886
f 3332//3332 3333//3333 806//806
f 3191//3191 3363//3363 3364//3364
f 3243//3243 921//921 2667//2667
f 3365//3365 3013//3013 2526//2526
f 1749//1749 2365//2365 1747//1747
f 3366//3366 2362//2362 2673//2673
f 3367//3367 3368//3368 2147//2147
f 393//393 398//398 2733//2733
f 3243//3243 1479//1479 921//921
f 624//624 1133//1133 625//625
f 163//163 1878//1878 1156//1156
f 2114//2114 596//596 897//897
f 2260//2260 3369//3369 295//295
f 2133//2133 3370//3370 1650//1650
f 848//848 3370//3370 2133//2133
f 765//765 764//764 2037//2037
f 749//749 751//751 554//554
f 1958//1958 1721//1721 823//823
f 341//341 233//233 1489//1489
f 563//563 1963//1963 1344//1344
f 563//563 1344//1344 561//561
f 972//972 3371//3371 3161//3161
f 3301//3301 695//695 1283//1283
f 1000//1000 2860//2860 2062//2062
f 2173//2173 3278//3278 3064//3064
f 1184//1184 1685//1685 1273//1273
f 1184//1184 1273//1273 1272//1272
f 1986//1986 1160//1160 1159//1159
f 2588//2588 849//849 2967//2967
f 727//727 3372//3372 1866//1866
f 145//145 1302//1302 143//143
f 1429//1429 2970//2970 1591//1591
f 3075//3075 3373//3373 1871//1871
f 2784//2784 1871//1871 3373//3373
f 2716//2716 1320//1320 2591//2591
f 549//549 645//645 3305//3305
f 3020//3020 215//215 217//217
f 3231//3231 2977//2977 352//352
f 2691//2691 2326//2326 3362//3362
f 998//998 439//439 3219//3219
f 2325//2325 3362//3362 2326//2326
f 2728//2728 1655//1655 2702//2702
f 919//919 903//903 746//746
f 1811//1811 89//89 1812//1812
f 2908//2908 835//835 500//500
f 2174//2174 836//836 835//835
f 1898//1898 1516//1516 3374//3374
f 94//94 1712//1712 334//334
f 3237//3237 1762//1762 1761//1761
f 3237//3237 1761//1761 2623//2623
f 410//410 473//473 2924//2924
f 3074//3074 1856//1856 1855//1855
f 1491//1491 2239//2239 1057//1057
f 1055//1055 1057//1057 2239//2239
f 2411//2411 3286//3286 2167//2167
f 2069//2069 2071//2071 1993//1993
f 3375//3375 801//801 3376//3376
f 3375//3375 3376//3376 388//388
f 2062//2062 2860//2860 1244//1244
f 1116//1116 51//51 1854//1854
f 3377//3377 1116//1116 1854//1854
f 1525//1525 2262//2262 1526//1526
f 3313//3313 773//773 129//129
f 278//278 1187//1187 1095//1095
f 517//517 1903//1903 515//515
f 2016//2016 1975//1975 1974//1974
f 11//11 10//10 1132//1132
f 808//808 807//807 3378//3378
f 3243//3243 3379//3379 2347//2347
f 1512//1512 3380//3380 2041//2041
f 3241//3241 3381//3381 3053//3053
f 2014//2014 2121//2121 2702//2702
f 3140//3140 3155//3155 1404//1404
f 247//247 249//249 988//988
f 675//675 347//347 234//234
f 1507//1507 3103//3103 3382//3382
f 1559//1559 950//950 952//952
f 1559//1559 1558//1558 950//950
f 2260//2260 3011//3011 1091//1091
f 1072//1072 3383//3383 3005//3005
f 412//412 576//576 1134//1134
f 2858//2858 2857//2857 160//160
f 1163//1163 1162//1162 328//328
f 1294//1294 440//440 2182//2182
f 332//332 331//331 2440//2440
f 3202//3202 648//648 3209//3209
f 3202//3202 3209//3209 1175//1175
f 2391//2391 2546//2546 2218//2218
f 385//385 221//221 3384//3384
f 2234//2234 1036//1036 972//972
f 975//975 972//972 1036//1036
f 3385//3385 2373//2373 3386//3386
f 1568//1568 2142//2142 1567//1567
f 1892//1892 1891//1891 3258//3258
f 623//623 3363//3363 2159//2159
f 1563//1563 2841//2841 1872//1872
f 1574//1574 2055//2055 2676//2676
f 1877//1877 882//882 2954//2954
f 883//883 882//882 1877//1877
f 3110//3110 2325//2325 3387//3387
f 3110//3110 3387//3387 610//610
f 2739//2739 321//321 320//320
f 307//307 3388//3388 2082//2082
f 822//822 2341//2341 2169//2169
f 2515//2515 1017//1017 3389//3389
f 2637//2637 2032//2032 1288//1288
f 1875//1875 1288//1288 2032//2032
f 1547//1547 2929//2929 1895//1895
f 1344//1344 1076//1076 1661//1661
f 1619//1619 1658//1658 2837//2837
f 1760//1760 3390//3390 1761//1761
f 2373//2373 496//496 498//498
f 2143//2143 2954//2954 1844//1844
f 2441//2441 331//331 2893//2893
f 2448//2448 2398//2398 657//657
f 1980//1980 3391//3391 3392//3392
f 1980//1980 3392//3392 2265//2265
f 583//583 2792//2792 1292//1292
f 3087//3087 416//416 3393//3393
f 2160//2160 2740//2740 2138//2138
f 1776//1776 190//190 3394//3394
f 685//685 687//687 2583//2583
f 717//717 481//481 718//718
f 2517//2517 988//988 3003//3003
f 1172//1172 3382//3382 1152//1152
f 1113//1113 1589//1589 1114//1114
f 2097//2097 1327//1327 2415//2415
f 3395//3395 603//603 3079//3079
f 3207//3207 742//742 3396//3396
f 1688//1688 3396//3396 960//960
f 3207//3207 3396//3396 1688//1688
f 864//864 1478//1478 1790//1790
f 2469//2469 3397//3397 3398//3398
f 2499//2499 3399//3399 1422//1422
f 2496//2496 2800//2800 3353//3353
f 2540//2540 1294//1294 1389//1389
f 1691//1691 3400//3400 1690//1690
f 3084//3084 2473//2473 1499//1499
f 2932//2932 1042//1042 2224//2224
f 1726//1726 2862//2862 1166//1166
f 3120//3120 3401//3401 3402//3402
f 1386//1386 898//898 1387//1387
f 3068//3068 2288//2288 3403//3403
f 431//431 3403//3403 2288//2288
f 2524//2524 3048//3048 1188//1188
f 899//899 898//898 3186//3186
f 1386//1386 3186//3186 898//898
f 101//101 96//96 479//479
f 733//733 17//17 2013//2013
f 66//66 65//65 3170//3170
f 194//194 2968//2968 1205//1205
f 358//358 360//360 3356//3356
f 975//975 1035//1035 2612//2612
f 2175//2175 1206//1206 497//497
f 741//741 1581//1581 739//739
f 157//157 2466//2466 884//884
f 1938//1938 884//884 2466//2466
f 1598//1598 136//136 998//998
f 2008//2008 3347//3347 3404//3404
f 2008//2008 3404//3404 2256//2256
f 2716//2716 2682//2682 1318//1318
f 12//12 1428//1428 3405//3405
f 12//12 3405//3405 214//214
f 1443//1443 1268//1268 445//445
f 1615//1615 3406//3406 1846//1846
f 3076//3076 1846//1846 3406//3406
f 549//549 3406//3406 1615//1615
f 581//581 191//191 3030//3030
f 1767//1767 2231//2231 2866//2866
f 719//719 2087//2087 2236//2236
f 2231//2231 2402//2402 2866//2866
f 2719//2719 3238//3238 3407//3407
f 914//914 913//913 2093//2093
f 1924//1924 1008//1008 2654//2654
f 1020//1020 2060//2060 2668//2668
f 1020//1020 2668//2668 768//768
f 3031//3031 2875//2875 2721//2721
f 1493//1493 1172//1172 1171//1171
f 333//333 1991//1991 148//148
f 3082//3082 3391//3391 3083//3083
f 2436//2436 490//490 489//489
f 2182//2182 1389//1389 1294//1294
f 2590//2590 2589//2589 1104//1104
f 637//637 743//743 2278//2278
f 2854//2854 2142//2142 2141//2141
f 822//822 2169//2169 1191//1191
f 2590//2590 1104//1104 1103//1103
f 3020//3020 217//217 3019//3019
f 2220//2220 3066//3066 3403//3403
f 2220//2220 3403//3403 430//430
f 1287//1287 1026//1026 3408//3408
f 1287//1287 3408//3408 965//965
f 1457//1457 3409//3409 272//272
f 387//387 3410//3410 2853//2853
f 632//632 1156//1156 1880//1880
f 1976//1976 668//668 667//667
f 632//632 1880//1880 633//633
f 2017//2017 975//975 2612//2612
f 2017//2017 2612//2612 2125//2125
f 2084//2084 2763//2763 2851//2851
f 235//235 2446//2446 1546//1546
f 2612//2612 1035//1035 2613//2613
f 1493//1493 2638//2638 1172//1172
f 515//515 1903//1903 1609//1609
f 515//515 1609//1609 2915//2915
f 3411//3411 3412//3412 3413//3413
f 1318//1318 1320//1320 2716//2716
f 3414//3414 2158//2158 1173//1173
f 2106//2106 2276//2276 3415//3415
f 2365//2365 1424//1424 1747//1747
f 995//995 3416//3416 2771//2771
f 994//994 3416//3416 995//995
f 2160//2160 2162//2162 1168//1168
f 230//230 2028//2028 231//231
f 2353//2353 2354//2354 1422//1422
f 1378//1378 3417//3417 447//447
f 1593//1593 2921//2921 1938//1938
f 2002//2002 3379//3379 1684//1684
f 2128//2128 1950//1950 1047//1047
f 1325//1325 1450//1450 1326//1326
f 3235//3235 1935//1935 1934//1934
f 3235//3235 1934//1934 1743//1743
f 1222//1222 3418//3418 3369//3369
f 1222//1222 1144//1144 3418//3418
f 1202//1202 1252//1252 2381//2381
f 2441//2441 2894//2894 1129//1129
f 2408//2408 2523//2523 2791//2791
f 2252//2252 355//355 3245//3245
f 777//777 3245//3245 355//355
f 1349//1349 2102//2102 2521//2521
f 1349//1349 2521//2521 1350//1350
f 1304//1304 2339//2339 1305//1305
f 1438//1438 546//546 1575//1575
f 1440//1440 546//546 1438//1438
f 547//547 546//546 1351//1351
f 1440//1440 1351//1351 546//546
f 1242//1242 1407//1407 1409//1409
f 1019//1019 3419//3419 2644//2644
f 1772//1772 1213//1213 1773//1773
f 3251//3251 1773//1773 1213//1213
f 2725//2725 3329//3329 3420//3420
f 1468//1468 1382//1382 1890//1890
f 1216//1216 3421//3421 1217//1217
f 1915//1915 1890//1890 1381//1381
f 875//875 3422//3422 1632//1632
f 875//875 1632//1632 873//873
f 1266//1266 843//843 3423//3423
f 2684//2684 3423//3423 843//843
f 1266//1266 3423//3423 3022//3022
f 2769//2769 2942//2942 3310//3310
f 2052//2052 2330//2330 2053//2053
f 2363//2363 23//23 2364//2364
f 559//559 3273//3273 1352//1352
f 3218//3218 3219//3219 1694//1694
f 1504//1504 2910//2910 1279//1279
f 59//59 3380//3380 1232//1232
f 1214//1214 3058//3058 1817//1817
f 2590//2590 1103//1103 3134//3134
f 3424//3424 2703//2703 84//84
f 2649//2649 1413//1413 1796//1796
f 2649//2649 1796//1796 2244//2244
f 2880//2880 2423//2423 619//619
f 1101//1101 2423//2423 2880//2880
f 977//977 3425//3425 978//978
f 3327//3327 3425//3425 977//977
f 694//694 918//918 1925//1925
f 1515//1515 1695//1695 1319//1319
f 3426//3426 3427//3427 1311//1311
f 2285//2285 3059//3059 2298//2298
f 3234//3234 3233//3233 2227//2227
f 2235//2235 2913//2913 2857//2857
f 428//428 160//160 2913//2913
f 78//78 2669//2669 3002//3002
f 3358//3358 1043//1043 3090//3090
f 2376//2376 3050//3050 2478//2478
f 208//208 3050//3050 2376//2376
f 1029//1029 1028//1028 3174//3174
f 979//979 1955//1955 2156//2156
f 121//121 2266//2266 2261//2261
f 121//121 2261//2261 648//648
f 6//6 1793//1793 1794//1794
f 178//178 180//180 2602//2602
f 1463//1463 2602//2602 2293//2293
f 1692//1692 2083//2083 3428//3428
f 2975//2975 799//799 3429//3429
f 1306//1306 1305//1305 3146//3146
f 3337//3337 3424//3424 84//84
f 84//84 2706//2706 3337//3337
f 2434//2434 2281//2281 1297//1297
f 2937//2937 1297//1297 2281//2281
f 1298//1298 1297//1297 2937//2937
f 1058//1058 1060//1060 291//291
f 1058//1058 291//291 293//293
f 681//681 2648//2648 999//999
f 3118//3118 2140//2140 2741//2741
f 681//681 616//616 2648//2648
f 2125//2125 2124//2124 2017//2017
f 1913//1913 1799//1799 2202//2202
f 2676//2676 3013//3013 3365//3365
f 2229//2229 3104//3104 3430//3430
f 2798//2798 3431//3431 1588//1588
f 1589//1589 1588//1588 3431//3431
f 788//788 2482//2482 2481//2481
f 1419//1419 1421//1421 300//300
f 2329//2329 426//426 312//312
f 1265//1265 1469//1469 1262//1262
f 651//651 650//650 2998//2998
f 1481//1481 2//2 3255//3255
f 2300//2300 2299//2299 767//767
f 131//131 270//270 2896//2896
f 1487//1487 3014//3014 3200//3200
f 2901//2901 3289//3289 2760//2760
f 44//44 3128//3128 879//879
f 1466//1466 1465//1465 2194//2194
f 169//169 3029//3029 956//956
f 2008//2008 2256//2256 2009//2009
f 323//323 322//322 2009//2009
f 2839//2839 2840//2840 3432//3432
f 2839//2839 3432//3432 1853//1853
f 1853//1853 3432//3432 2430//2430
f 3433//3433 748//748 3434//3434
f 1503//1503 1117//1117 3173//3173
f 2404//2404 1745//1745 2543//2543
f 3343//3343 2098//2098 3344//3344
f 3435//3435 623//623 2957//2957
f 299//299 3375//3375 297//297
f 2189//2189 400//400 2533//2533
f 2533//2533 2190//2190 2189//2189
f 2890//2890 1214//1214 1684//1684
f 261//261 260//260 320//320
f 2460//2460 2147//2147 3368//3368
f 2078//2078 17//17 2076//2076
f 2076//2076 17//17 20//20
f 2725//2725 3436//3436 2310//2310
f 1988//1988 3437//3437 1987//1987
f 209//209 208//208 267//267
f 208//208 2377//2377 267//267
f 209//209 267//267 266//266
f 1964//1964 1966//1966 752//752
f 2239//2239 2786//2786 1055//1055
f 1379//1379 1949//1949 1845//1845
f 1660//1660 1343//1343 1661//1661
f 2173//2173 836//836 2174//2174
f 2173//2173 3064//3064 836//836
f 753//753 752//752 1966//1966
f 2059//2059 2668//2668 2060//2060
f 704//704 706//706 1136//1136
f 3066//3066 705//705 704//704
f 342//342 1489//1489 2479//2479
f 2376//2376 2479//2479 1489//1489
f 3438//3438 3089//3089 1347//1347
f 1867//1867 3036//3036 2685//2685
f 3439//3439 1189//1189 1188//1188
f 3000//3000 1648//1648 3269//3269
f 3076//3076 3406//3406 3305//3305
f 1046//1046 262//262 3204//3204
f 2601//2601 1079//1079 3300//3300
f 3440//3440 5//5 4//4
f 2525//2525 3293//3293 2794//2794
f 2111//2111 2709//2709 3411//3411
f 1680//1680 3044//3044 1110//1110
f 1374//1374 2755//2755 2033//2033
f 1374//1374 2033//2033 3441//3441
f 1373//1373 2755//2755 1374//1374
f 1854//1854 1856//1856 3377//3377
f 2159//2159 155//155 534//534
f 2159//2159 534//534 392//392
f 3442//3442 1347//1347 3089//3089
f 3370//3370 941//941 3269//3269
f 3443//3443 986//986 2973//2973
f 2290//2290 1050//1050 602//602
f 2711//2711 1005//1005 3444//3444
f 1469//1469 711//711 3444//3444
f 1469//1469 3444//3444 1262//1262
f 2711//2711 3444//3444 711//711
f 41//41 3116//3116 3034//3034
f 1068//1068 256//256 2232//2232
f 1567//1567 3445//3445 3283//3283
f 2987//2987 3153//3153 1421//1421
f 1553//1553 1552//1552 3336//3336
f 2821//2821 2772//2772 2774//2774
f 3268//3268 1142//1142 1418//1418
f 1116//1116 2809//2809 1113//1113
f 3446//3446 2518//2518 2850//2850
f 2037//2037 2330//2330 2052//2052
f 1663//1663 2769//2769 3310//3310
f 1107//1107 1109//1109 2091//2091
f 2132//2132 269//269 770//770
f 361//361 363//363 3273//3273
f 1678//1678 3068//3068 303//303
f 2878//2878 3447//3447 3010//3010
f 1812//1812 2787//2787 1446//1446
f 567//567 3448//3448 568//568
f 1606//1606 2475//2475 2571//2571
f 1366//1366 2869//2869 1420//1420
f 389//389 3376//3376 570//570
f 389//389 388//388 3376//3376
f 2360//2360 2807//2807 2665//2665
f 198//198 2381//2381 245//245
f 864//864 2012//2012 865//865
f 441//441 3107//3107 1984//1984
f 246//246 245//245 2381//2381
f 2527//2527 1774//1774 2769//2769
f 2527//2527 2769//2769 2768//2768
f 1035//1035 1037//1037 1756//1756
f 695//695 962//962 696//696
f 2277//2277 901//901 2069//2069
f 2656//2656 2543//2543 2902//2902
f 3175//3175 741//741 1182//1182
f 110//110 382//382 2305//2305
f 458//458 2258//2258 1459//1459
f 2258//2258 2046//2046 1459//1459
f 543//543 2258//2258 458//458
f 2170//2170 2510//2510 2171//2171
f 1247//1247 544//544 1009//1009
f 1009//1009 544//544 164//164
f 409//409 412//412 2762//2762
f 409//409 2762//2762 2721//2721
f 1996//1996 760//760 1425//1425
f 2346//2346 1480//1480 3243//3243
f 276//276 2871//2871 2870//2870
f 732//732 3179//3179 730//730
f 444//444 845//845 445//445
f 2382//2382 1621//1621 1030//1030
f 3061//3061 3449//3449 284//284
f 988//988 249//249 3003//3003
f 2631//2631 1870//1870 2632//2632
f 583//583 585//585 3024//3024
f 1828//1828 1830//1830 2981//2981
f 1371//1371 306//306 1372//1372
f 2407//2407 3024//3024 979//979
f 979//979 3024//3024 1202//1202
f 3415//3415 2900//2900 1992//1992
f 1170//1170 1151//1151 1708//1708
f 1152//1152 1151//1151 1170//1170
f 398//398 2886//2886 2733//2733
f 2189//2189 2886//2886 398//398
f 525//525 1883//1883 725//725
f 2576//2576 725//725 1883//1883
f 2189//2189 1061//1061 2886//2886
f 351//351 350//350 912//912
f 1869//1869 3271//3271 3036//3036
f 1891//1891 2685//2685 3036//3036
f 2656//2656 2902//2902 3450//3450
f 3169//3169 2936//2936 3255//3255
f 805//805 804//804 2232//2232
f 3177//3177 3277//3277 2966//2966
f 3181//3181 1747//1747 1424//1424
f 719//719 2236//2236 2530//2530
f 745//745 744//744 2731//2731
f 2356//2356 1300//1300 930//930
f 3312//3312 3261//3261 3037//3037
f 3312//3312 3037//3037 1702//1702
f 2541//2541 3451//3451 3452//3452
f 2540//2540 3451//3451 2541//2541
f 3287//3287 2778//2778 1961//1961
f 2419//2419 1278//1278 2777//2777
f 2744//2744 3288//3288 783//783
f 410//410 2924//2924 1408//1408
f 2672//2672 22//22 21//21
f 3004//3004 3256//3256 1143//1143
f 3453//3453 2751//2751 807//807
f 3454//3454 2751//2751 3453//3453
f 3366//3366 2673//2673 3455//3455
f 3366//3366 3455//3455 2041//2041
f 1022//1022 3120//3120 2922//2922
f 367//367 366//366 2558//2558
f 2193//2193 214//214 3405//3405
f 3456//3456 2759//2759 3457//3457
f 2758//2758 3457//3457 2759//2759
f 3165//3165 3458//3458 1941//1941
f 2150//2150 39//39 2513//2513
f 2150//2150 2513//2513 3210//3210
f 2399//2399 1464//1464 2400//2400
f 1810//1810 1445//1445 1603//1603
f 3459//3459 3460//3460 3241//3241
f 1952//1952 199//199 3461//3461
f 1952//1952 1955//1955 199//199
f 106//106 105//105 3461//3461
f 106//106 3461//3461 199//199
f 105//105 1952//1952 3461//3461
f 1648//1648 3000//3000 1345//1345
f 1453//1453 1514//1514 2153//2153
f 1305//1305 2338//2338 3462//3462
f 1967//1967 3462//3462 2338//2338
f 144//144 885//885 2991//2991
f 2554//2554 3463//3463 346//346
f 2554//2554 2432//2432 3463//3463
f 294//294 296//296 1889//1889
f 943//943 1826//1826 916//916
f 1639//1639 2049//2049 52//52
f 805//805 2232//2232 3141//3141
f 2679//2679 2452//2452 2451//2451
f 979//979 2156//2156 2408//2408
f 1970//1970 2770//2770 1032//1032
f 3154//3154 258//258 257//257
f 1040//1040 86//86 111//111
f 2672//2672 2348//2348 22//22
f 2560//2560 1943//1943 2757//2757
f 2526//2526 837//837 3365//3365
f 1572//1572 3365//3365 837//837
f 1327//1327 3338//3338 2973//2973
f 2494//2494 1869//1869 1868//1868
f 56//56 1602//1602 475//475
f 56//56 475//475 2535//2535
f 2758//2758 1148//1148 2259//2259
f 2758//2758 2259//2259 1451//1451
f 887//887 1874//1874 1529//1529
f 887//887 878//878 1874//1874
f 993//993 1529//1529 1874//1874
f 1341//1341 2259//2259 1150//1150
f 1451//1451 2259//2259 1341//1341
f 1359//1359 832//832 1360//1360
f 2251//2251 2079//2079 2081//2081
f 3392//3392 2263//2263 2265//2265
f 931//931 3162//3162 2597//2597
f 2598//2598 2597//2597 3162//3162
f 1815//1815 3162//3162 3464//3464
f 435//435 1836//1836 2748//2748
f 2742//2742 2748//2748 1836//1836
f 487//487 488//488 3042//3042
f 3266//3266 1806//1806 1912//1912
f 991//991 1806//1806 3266//3266
f 537//537 2764//2764 2286//2286
f 3465//3465 2559//2559 3466//3466
f 3309//3309 1964//1964 752//752
f 1638//1638 2804//2804 2435//2435
f 395//395 397//397 116//116
f 1638//1638 3062//3062 1639//1639
f 776//776 2991//2991 2384//2384
f 2781//2781 2384//2384 1529//1529
f 1112//1112 1635//1635 2253//2253
f 3317//3317 1245//1245 3467//3467
f 3317//3317 3467//3467 1823//1823
f 2589//2589 2358//2358 2874//2874
f 3261//3261 790//790 2511//2511
f 3463//3463 2432//2432 3360//3360
f 417//417 419//419 2863//2863
f 555//555 2191//2191 491//491
f 3224//3224 491//491 2191//2191
f 1423//1423 1422//1422 2354//2354
f 1423//1423 2354//2354 2287//2287
f 1588//1588 1113//1113 2811//2811
f 535//535 2629//2629 602//602
f 2635//2635 2983//2983 3412//3412
f 3010//3010 1057//1057 2878//2878
f 1729//1729 1793//1793 834//834
f 1729//1729 834//834 1730//1730
f 2833//2833 2812//2812 3107//3107
f 2967//2967 3318//3318 3468//3468
f 1742//1742 959//959 745//745
f 2995//2995 2264//2264 2976//2976
f 2833//2833 1719//1719 2831//2831
f 2664//2664 1681//1681 1395//1395
f 1439//1439 3441//3441 2102//2102
f 2033//2033 419//419 3441//3441
f 418//418 2102//2102 3441//3441
f 418//418 3441//3441 419//419
f 3211//3211 1358//1358 2719//2719
f 2751//2751 2752//2752 3469//3469
f 894//894 1517//1517 133//133
f 691//691 170//170 692//692
f 169//169 692//692 170//170
f 2960//2960 888//888 2736//2736
f 2491//2491 2416//2416 2369//2369
f 3282//3282 880//880 3128//3128
f 3470//3470 259//259 261//261
f 2206//2206 3471//3471 3220//3220
f 3139//3139 2413//2413 1959//1959
f 1248//1248 1922//1922 1249//1249
f 947//947 949//949 1903//1903
f 2035//2035 2956//2956 2157//2157
f 1612//1612 2165//2165 3250//3250
f 3071//3071 2157//2157 2688//2688
f 1417//1417 158//158 3190//3190
f 1498//1498 1900//1900 1496//1496
f 2773//2773 3464//3464 3145//3145
f 2663//2663 1021//1021 620//620
f 2861//2861 3277//3277 3177//3177
f 276//276 60//60 1090//1090
f 2589//2589 2874//2874 1104//1104
f 3414//3414 1788//1788 1787//1787
f 641//641 313//313 138//138
f 3376//3376 3434//3434 570//570
f 1808//1808 2396//2396 1809//1809
f 3102//3102 1710//1710 2790//2790
f 1463//1463 1464//1464 2399//2399
f 1323//1323 1322//1322 3290//3290
f 1617//1617 2562//2562 3284//3284
f 785//785 3284//3284 2562//2562
f 2598//2598 1814//1814 1723//1723
f 1815//1815 1814//1814 2598//2598
f 2469//2469 2468//2468 2579//2579
f 2971//2971 2579//2579 3259//3259
f 2414//2414 2413//2413 446//446
f 477//477 3471//3471 2206//2206
f 2131//2131 2205//2205 2204//2204
f 1535//1535 2633//2633 1536//1536
f 3332//3332 806//806 285//285
f 498//498 499//499 3314//3314
f 346//346 1338//1338 2554//2554
f 1229//1229 2554//2554 1338//1338
f 552//552 1696//1696 553//553
f 496//496 2373//2373 3385//3385
f 1565//1565 1564//1564 1010//1010
f 2342//2342 1634//1634 1112//1112
f 2342//2342 3118//3118 2897//2897
f 508//508 1791//1791 2176//2176
f 591//591 593//593 680//680
f 2226//2226 245//245 244//244
f 1546//1546 2446//2446 2807//2807
f 491//491 1282//1282 555//555
f 3472//3472 3432//3432 2840//2840
f 1237//1237 653//653 1915//1915
f 137//137 2681//2681 2799//2799
f 1782//1782 2002//2002 1783//1783
f 915//915 219//219 218//218
f 2367//2367 2492//2492 2368//2368
f 2774//2774 2820//2820 2821//2821
f 2494//2494 2383//2383 643//643
f 2221//2221 1223//1223 2919//2919
f 3203//3203 3241//3241 3055//3055
f 368//368 489//489 3225//3225
f 1186//1186 246//246 982//982
f 1186//1186 982//982 2250//2250
f 1804//1804 2946//2946 1041//1041
f 175//175 2981//2981 3004//3004
f 479//479 99//99 41//41
f 1043//1043 2932//2932 2931//2931
f 2537//2537 3109//3109 175//175
f 470//470 3257//3257 469//469
f 3246//3246 469//469 3257//3257
f 417//417 2863//2863 3292//3292
f 2981//2981 175//175 3109//3109
f 495//495 2853//2853 3410//3410
f 867//867 1094//1094 187//187
f 1267//1267 2079//2079 2320//2320
f 174//174 2971//2971 3473//3473
f 174//174 3473//3473 1605//1605
f 3033//3033 3165//3165 1332//1332
f 3134//3134 326//326 3474//3474
f 1856//1856 3074//3074 2634//2634
f 1670//1670 764//764 763//763
f 2878//2878 1057//1057 2879//2879
f 3274//3274 2149//2149 3275//3275
f 3229//3229 3475//3475 2653//2653
f 3475//3475 2945//2945 2653//2653
f 377//377 3475//3475 3229//3229
f 377//377 1739//1739 3475//3475
f 2945//2945 3475//3475 1739//1739
f 378//378 377//377 3229//3229
f 113//113 2830//2830 114//114
f 2730//2730 744//744 1795//1795
f 1595//1595 3208//3208 3436//3436
f 2111//2111 2756//2756 1583//1583
f 2395//2395 2487//2487 1755//1755
f 3476//3476 359//359 28//28
f 1365//1365 280//280 2869//2869
f 1269//1269 917//917 2370//2370
f 990//990 701//701 1807//1807
f 3459//3459 2498//2498 2497//2497
f 1404//1404 457//457 459//459
f 3402//3402 3477//3477 3248//3248
f 3474//3474 3478//3478 2590//2590
f 3199//3199 3177//3177 2965//2965
f 402//402 604//604 2126//2126
f 402//402 2126//2126 1953//1953
f 552//552 3479//3479 1697//1697
f 2129//2129 2655//2655 1069//1069
f 87//87 2126//2126 130//130
f 2782//2782 1442//1442 1181//1181
f 2544//2544 774//774 3285//3285
f 3160//3160 1524//1524 3159//3159
f 394//394 393//393 3260//3260
f 394//394 3260//3260 3121//3121
f 176//176 175//175 3004//3004
f 3022//3022 3480//3480 2412//2412
f 1404//1404 3481//3481 3482//3482
f 1404//1404 3482//3482 1403//1403
f 657//657 1800//1800 2448//2448
f 665//665 1508//1508 3346//3346
f 3043//3043 2708//2708 669//669
f 1576//1576 2424//2424 639//639
f 906//906 908//908 3306//3306
f 1169//1169 3483//3483 2418//2418
f 3071//3071 2560//2560 2759//2759
f 3071//3071 2759//2759 3456//3456
f 671//671 3033//3033 3484//3484
f 3485//3485 3486//3486 3085//3085
f 2533//2533 3048//3048 2534//2534
f 2197//2197 2611//2611 2198//2198
f 293//293 292//292 1482//1482
f 3487//3487 1352//1352 363//363
f 1941//1941 3458//3458 1781//1781
f 1737//1737 1894//1894 999//999
f 1321//1321 3343//3343 3488//3488
f 1272//1272 3489//3489 1185//1185
f 232//232 1316//1316 1154//1154
f 1020//1020 768//768 621//621
f 1583//1583 25//25 2692//2692
f 3388//3388 3056//3056 2503//2503
f 2503//2503 3056//3056 2504//2504
f 1444//1444 1443//1443 846//846
f 1399//1399 3027//3027 2177//2177
f 3102//3102 1711//1711 1710//1710
f 174//174 173//173 1731//1731
f 730//730 1731//1731 173//173
f 246//246 2381//2381 981//981
f 482//482 3490//3490 1285//1285
f 482//482 1730//1730 3490//3490
f 149//149 1932//1932 146//146
f 275//275 2955//2955 273//273
f 351//351 912//912 971//971
f 1047//1047 1674//1674 2127//2127
f 979//979 200//200 1955//1955
f 3017//3017 2753//2753 212//212
f 414//414 1380//1380 415//415
f 2509//2509 1060//1060 1059//1059
f 2152//2152 2151//2151 660//660
f 2377//2377 1488//1488 1316//1316
f 2377//2377 2376//2376 1488//1488
f 210//210 1750//1750 208//208
f 3452//3452 1388//1388 3351//3351
f 3452//3452 3351//3351 1892//1892
f 852//852 3341//3341 118//118
f 3491//3491 2854//2854 2141//2141
f 1763//1763 2820//2820 2899//2899
f 859//859 3492//3492 1772//1772
f 92//92 2988//2988 976//976
f 3248//3248 945//945 3184//3184
f 251//251 2732//2732 2101//2101
f 251//251 2101//2101 252//252
f 1930//1930 1929//1929 1976//1976
f 776//776 659//659 2991//2991
f 867//867 187//187 408//408
f 775//775 2394//2394 659//659
f 3493//3493 2462//2462 3494//3494
f 3493//3493 3494//3494 2324//2324
f 3491//3491 2141//2141 3044//3044
f 544//544 543//543 2877//2877
f 544//544 2877//2877 164//164
f 2678//2678 3495//3495 909//909
f 1473//1473 1142//1142 3268//3268
f 2698//2698 3496//3496 2861//2861
f 2698//2698 2699//2699 3496//3496
f 3301//3301 963//963 695//695
f 1272//1272 2296//2296 3489//3489
f 2131//2131 2058//2058 2057//2057
f 1706//1706 701//701 990//990
f 3096//3096 2429//2429 2428//2428
f 3096//3096 1465//1465 2429//2429
f 1467//1467 2429//2429 1465//1465
f 910//910 180//180 2385//2385
f 910//910 2385//2385 2387//2387
f 2837//2837 1617//1617 1619//1619
f 2245//2245 97//97 2754//2754
f 1031//1031 1962//1962 1961//1961
f 3296//3296 3497//3497 702//702
f 1622//1622 3250//3250 3143//3143
f 1831//1831 3250//3250 1622//1622
f 148//148 652//652 651//651
f 1973//1973 3498//3498 1974//1974
f 1746//1746 3215//3215 1744//1744
f 2180//2180 3499//3499 2178//2178
f 2947//2947 2178//2178 3499//3499
f 2947//2947 3499//3499 1523//1523
f 2302//2302 3288//3288 3157//3157
f 380//380 383//383 1236//1236
f 1121//1121 3012//3012 1290//1290
f 605//605 3012//3012 1121//1121
f 568//568 3448//3448 187//187
f 567//567 1897//1897 3448//3448
f 1343//1343 2796//2796 561//561
f 1668//1668 274//274 3324//3324
f 2186//2186 797//797 2975//2975
f 101//101 97//97 96//96
f 65//65 3500//3500 3170//3170
f 3390//3390 2610//2610 1780//1780
f 1079//1079 3501//3501 1080//1080
f 2740//2740 2864//2864 2137//2137
f 2626//2626 2625//2625 1725//1725
f 2813//2813 1725//1725 1724//1724
f 1177//1177 1841//1841 1710//1710
f 1119//1119 1710//1710 1841//1841
f 1841//1841 349//349 351//351
f 345//345 1038//1038 1033//1033
f 1034//1034 1033//1033 1038//1038
f 2034//2034 1073//1073 1308//1308
f 1559//1559 1466//1466 2194//2194
f 3442//3442 3389//3389 1347//1347
f 3319//3319 2939//2939 2938//2938
f 1284//1284 3302//3302 1283//1283
f 2120//2120 2078//2078 2077//2077
f 2934//2934 2935//2935 786//786
f 1839//1839 2848//2848 2853//2853
f 2229//2229 2992//2992 3104//3104
f 2228//2228 2992//2992 2229//2229
f 1144//1144 1889//1889 3418//3418
f 807//807 806//806 3333//3333
f 807//807 3333//3333 3453//3453
f 1175//1175 3070//3070 2990//2990
f 2990//2990 3070//3070 2242//2242
f 2232//2232 804//804 1068//1068
f 2912//2912 428//428 2913//2913
f 2378//2378 1778//1778 1779//1779
f 3037//3037 3280//3280 1702//1702
f 1273//1273 3502//3502 1274//1274
f 2229//2229 3385//3385 2927//2927
f 1810//1810 3242//3242 2523//2523
f 1066//1066 1065//1065 2300//2300
f 800//800 2213//2213 3503//3503
f 800//800 3503//3503 3504//3504
f 3503//3503 2206//2206 3015//3015
f 1261//1261 1260//1260 2997//2997
f 3452//3452 3451//3451 1388//1388
f 889//889 891//891 2885//2885
f 889//889 2885//2885 1061//1061
f 1707//1707 152//152 3023//3023
f 154//154 3023//3023 152//152
f 2499//2499 1422//1422 1424//1424
f 2849//2849 2400//2400 2964//2964
f 159//159 3189//3189 160//160
f 964//964 828//828 1287//1287
f 965//965 964//964 1287//1287
f 1385//1385 2561//2561 713//713
f 3314//3314 2359//2359 2374//2374
f 3314//3314 2374//2374 498//498
f 1580//1580 3074//3074 1578//1578
f 3133//3133 2495//2495 2090//2090
f 3505//3505 2495//2495 3133//3133
f 3505//3505 237//237 2495//2495
f 2356//2356 3506//3506 1300//1300
f 1320//1320 1319//1319 609//609
f 1320//1320 609//609 608//608
f 3369//3369 296//296 295//295
f 1432//1432 1988//1988 1433//1433
f 3295//3295 520//520 2613//2613
f 3123//3123 2303//2303 811//811
f 3312//3312 791//791 3261//3261
f 3430//3430 3104//3104 762//762
f 3430//3430 762//762 496//496
f 2187//2187 3327//3327 3507//3507
f 3507//3507 216//216 2187//2187
f 1237//1237 1236//1236 3508//3508
f 215//215 2187//2187 216//216
f 383//383 3508//3508 1236//1236
f 2788//2788 2322//2322 1253//1253
f 1200//1200 2442//2442 856//856
f 3005//3005 3383//3383 2659//2659
f 386//386 3344//3344 2415//2415
f 3454//3454 2822//2822 2074//2074
f 299//299 1664//1664 935//935
f 758//758 644//644 2383//2383
f 2693//2693 2571//2571 2222//2222
f 1470//1470 1255//1255 1025//1025
f 2619//2619 3509//3509 2620//2620
f 2948//2948 2947//2947 3510//3510
f 3511//3511 1228//1228 3512//3512
f 1229//1229 1228//1228 3511//3511
f 1074//1074 3215//3215 1746//1746
f 58//58 3281//3281 1602//1602
f 1248//1248 3513//3513 2858//2858
f 3514//3514 1540//1540 2922//2922
f 585//585 1252//1252 3024//3024
f 1202//1202 3024//3024 1252//1252
f 490//490 1282//1282 491//491
f 202//202 2611//2611 2197//2197
f 201//201 2611//2611 202//202
f 1610//1610 666//666 1609//1609
f 2915//2915 1609//1609 666//666
f 1641//1641 1642//1642 2146//2146
f 3367//3367 2146//2146 1642//1642
f 3105//3105 3137//3137 3515//3515
f 2153//2153 1514//1514 1319//1319
f 1405//1405 1946//1946 2451//2451
f 2417//2417 1857//1857 3138//3138
f 1695//1695 2417//2417 3138//3138
f 1468//1468 1265//1265 3516//3516
f 1468//1468 3516//3516 1382//1382
f 2098//2098 2097//2097 2415//2415
f 2907//2907 2522//2522 1518//1518
f 3045//3045 1976//1976 1929//1929
f 1531//1531 2656//2656 1534//1534
f 2666//2666 2608//2608 424//424
f 425//425 424//424 2608//2608
f 1261//1261 2607//2607 1259//1259
f 2255//2255 1635//1635 1634//1634
f 3238//3238 618//618 3307//3307
f 2660//2660 687//687 686//686
f 2628//2628 2280//2280 2282//2282
f 2007//2007 3517//3517 3518//3518
f 1706//1706 3294//3294 702//702
f 1980//1980 1982//1982 3083//3083
f 432//432 2689//2689 435//435
f 1250//1250 3519//3519 1035//1035
f 2613//2613 1035//1035 3519//3519
f 3120//3120 1024//1024 3520//3520
f 247//247 3019//3019 3324//3324
f 3026//3026 3197//3197 2476//2476
f 3026//3026 141//141 3197//3197
f 2476//2476 3197//3197 108//108
f 746//746 747//747 655//655
f 50//50 3521//3521 1854//1854
f 3210//3210 3407//3407 2150//2150
f 1640//1640 2123//2123 1638//1638
f 2804//2804 1638//1638 2123//2123
f 1777//1777 3315//3315 1779//1779
f 3127//3127 385//385 3384//3384
f 786//786 2804//2804 2803//2803
f 607//607 1798//1798 2963//2963
f 1842//1842 3129//3129 1467//1467
f 490//490 556//556 1282//1282
f 1826//1826 943//943 521//521
f 1321//1321 257//257 1322//1322
f 2562//2562 2837//2837 1462//1462
f 2575//2575 1653//1653 1655//1655
f 2728//2728 2575//2575 1655//1655
f 3245//3245 3522//3522 2917//2917
f 1561//1561 541//541 3132//3132
f 1505//1505 3132//3132 541//541
f 509//509 3348//3348 506//506
f 2265//2265 2264//2264 1376//1376
f 2023//2023 157//157 2024//2024
f 157//157 158//158 2024//2024
f 2512//2512 789//789 2200//2200
f 157//157 2023//2023 480//480
f 3149//3149 391//391 2986//2986
f 2290//2290 2986//2986 1050//1050
f 50//50 52//52 2049//2049
f 513//513 512//512 1902//1902
f 2975//2975 3523//3523 1224//1224
f 2999//2999 1317//1317 1078//1078
f 2605//2605 1591//1591 2970//2970
f 1043//1043 1042//1042 2932//2932
f 1222//1222 3369//3369 2918//2918
f 775//775 3524//3524 2392//2392
f 2260//2260 2918//2918 3369//3369
f 84//84 2946//2946 2706//2706
f 1428//1428 581//581 1651//1651
f 2283//2283 3494//3494 2462//2462
f 1318//1318 2154//2154 1319//1319
f 1355//1355 2154//2154 2683//2683
f 134//134 2468//2468 167//167
f 1319//1319 2154//2154 2153//2153
f 1705//1705 2508//2508 2507//2507
f 233//233 673//673 675//675
f 533//533 3525//3525 531//531
f 1477//1477 3092//3092 842//842
f 1620//1620 1877//1877 1030//1030
f 1306//1306 3526//3526 933//933
f 1395//1395 2360//2360 2665//2665
f 311//311 310//310 2537//2537
f 3161//3161 310//310 309//309
f 2360//2360 1395//1395 817//817
f 697//697 1283//1283 695//695
f 2563//2563 2628//2628 2934//2934
f 2157//2157 3456//3456 2036//2036
f 2606//2606 512//512 578//578
f 2606//2606 578//578 2097//2097
f 909//909 1555//1555 910//910
f 2806//2806 1727//1727 590//590
f 2893//2893 3057//3057 3059//3059
f 1693//1693 3498//3498 1973//1973
f 3223//3223 1632//1632 3422//3422
f 3223//3223 3422//3422 2864//2864
f 753//753 3527//3527 2959//2959
f 1966//1966 3527//3527 753//753
f 2105//2105 3142//3142 395//395
f 2582//2582 2583//2583 3276//3276
f 2582//2582 3276//3276 2765//2765
f 2311//2311 3528//3528 254//254
f 1736//1736 3528//3528 2311//2311
f 2427//2427 2584//2584 2883//2883
f 2427//2427 2883//2883 2425//2425
f 1200//1200 856//856 2331//2331
f 2652//2652 179//179 241//241
f 3285//3285 3525//3525 533//533
f 2435//2435 2434//2434 3062//3062
f 2825//2825 1147//1147 500//500
f 1458//1458 459//459 458//458
f 2929//2929 1547//1547 3314//3314
f 2359//2359 3314//3314 1547//1547
f 3010//3010 1491//1491 1057//1057
f 3060//3060 3326//3326 1954//1954
f 108//108 1672//1672 263//263
f 2454//2454 895//895 2317//2317
f 3236//3236 1578//1578 3074//3074
f 1512//1512 1232//1232 3380//3380
f 1941//1941 2428//2428 1942//1942
f 2624//2624 1201//1201 2155//2155
f 294//294 1723//1723 2566//2566
f 2751//2751 3469//3469 3378//3378
f 2510//2510 3270//3270 642//642
f 375//375 373//373 3206//3206
f 62//62 1242//1242 63//63
f 1569//1569 1571//1571 2040//2040
f 345//345 2354//2354 343//343
f 637//637 744//744 743//743
f 2289//2289 683//683 682//682
f 2677//2677 2676//2676 2055//2055
f 2677//2677 2055//2055 962//962
f 2792//2792 2791//2791 2522//2522
f 2792//2792 2522//2522 2907//2907
f 2947//2947 3433//3433 3510//3510
f 1831//1831 2453//2453 3250//3250
f 54//54 3529//3529 1100//1100
f 1716//1716 1100//1100 3529//3529
f 672//672 1781//1781 670//670
f 813//813 815//815 112//112
f 2652//2652 241//241 3069//3069
f 2652//2652 3069//3069 980//980
f 2764//2764 3530//3530 2286//2286
f 2286//2286 3530//3530 2071//2071
f 1948//1948 2403//2403 2365//2365
f 2365//2365 2403//2403 1424//1424
f 531//531 2073//2073 2075//2075
f 1840//1840 3531//3531 2551//2551
f 1744//1744 2902//2902 1745//1745
f 2404//2404 1746//1746 1745//1745
f 2457//2457 3317//3317 1823//1823
f 1553//1553 2827//2827 2779//2779
f 2479//2479 2779//2779 2827//2827
f 1920//1920 3342//3342 1921//1921
f 961//961 2677//2677 962//962
f 1924//1924 2654//2654 908//908
f 715//715 1896//1896 1798//1798
f 1308//1308 3216//3216 2034//2034
f 1895//1895 2949//2949 1896//1896
f 3105//3105 3515//3515 2073//2073
f 2481//2481 2073//2073 3515//3515
f 381//381 650//650 283//283
f 2720//2720 2211//2211 2319//2319
f 1489//1489 342//342 341//341
f 1434//1434 2107//2107 771//771
f 3457//3457 1453//1453 2036//2036
f 3457//3457 2036//2036 3456//3456
f 1936//1936 2241//2241 2240//2240
f 1216//1216 1936//1936 2240//2240
f 964//964 1391//1391 829//829
f 964//964 829//829 828//828
f 1815//1815 3464//3464 2773//2773
f 2412//2412 1649//1649 1648//1648
f 613//613 615//615 442//442
f 100//100 1594//1594 72//72
f 479//479 41//41 40//40
f 545//545 3251//3251 1663//1663
f 1773//1773 3251//3251 545//545
f 627//627 606//606 605//605
f 1210//1210 2834//2834 1211//1211
f 3440//3440 1211//1211 2834//2834
f 1663//1663 3251//3251 2768//2768
f 2414//2414 445//445 699//699
f 1124//1124 699//699 698//698
f 1013//1013 2689//2689 1014//1014
f 428//428 427//427 161//161
f 1563//1563 2461//2461 3532//3532
f 2440//2440 331//331 2441//2441
f 1005//1005 2711//2711 615//615
f 2121//2121 3226//3226 344//344
f 2697//2697 2767//2767 2700//2700
f 1103//1103 3533//3533 3111//3111
f 2187//2187 215//215 2188//2188
f 669//669 671//671 3043//3043
f 2793//2793 3111//3111 3533//3533
f 2701//2701 3111//3111 1538//1538
f 2033//2033 1289//1289 1164//1164
f 3032//3032 704//704 1135//1135
f 1278//1278 1677//1677 1522//1522
f 2491//2491 1442//1442 2782//2782
f 1179//1179 1442//1442 2491//2491
f 1561//1561 3132//3132 2337//2337
f 3123//3123 810//810 1325//1325
f 2157//2157 2956//2956 292//292
f 2157//2157 292//292 2688//2688
f 2247//2247 125//125 2248//2248
f 2444//2444 3495//3495 3429//3429
f 2516//2516 1411//1411 2340//2340
f 2817//2817 2816//2816 424//424
f 2666//2666 424//424 2816//2816
f 3354//3354 1868//1868 1867//1867
f 3285//3285 774//774 2516//2516
f 1964//1964 3077//3077 2406//2406
f 2666//2666 2816//2816 2617//2617
f 2525//2525 2309//2309 15//15
f 667//667 3299//3299 1976//1976
f 2808//2808 1983//1983 2812//2812
f 2185//2185 1339//1339 3534//3534
f 983//983 2973//2973 580//580
f 983//983 580//580 707//707
f 1728//1728 717//717 1759//1759
f 2995//2995 1376//1376 2264//2264
f 277//277 2269//2269 61//61
f 3394//3394 192//192 3535//3535
f 2177//2177 3535//3535 582//582
f 3394//3394 3535//3535 2177//2177
f 3198//3198 3039//3039 109//109
f 582//582 3535//3535 192//192
f 140//140 955//955 3198//3198
f 1237//1237 3508//3508 3016//3016
f 3228//3228 2172//2172 2171//2171
f 1090//1090 3011//3011 1921//1921
f 47//47 238//238 48//48
f 468//468 3536//3536 470//470
f 3218//3218 3536//3536 468//468
f 1742//1742 745//745 2731//2731
f 2789//2789 585//585 584//584
f 758//758 3037//3037 3261//3261
f 910//910 1557//1557 180//180
f 2831//2831 1570//1570 1531//1531
f 862//862 3466//3466 2559//2559
f 3537//3537 2752//2752 3272//3272
f 3066//3066 704//704 3032//3032
f 968//968 2118//2118 969//969
f 2388//2388 1110//1110 1112//1112
f 1248//1248 1756//1756 3513//3513
f 2388//2388 1680//1680 1110//1110
f 2823//2823 1844//1844 2459//2459
f 3538//3538 2460//2460 2459//2459
f 2435//2435 2282//2282 2281//2281
f 3234//3234 1165//1165 1291//1291
f 3234//3234 1291//1291 104//104
f 2499//2499 1424//1424 2403//2403
f 2279//2279 635//635 637//637
f 365//365 1600//1600 1599//1599
f 1340//1340 1339//1339 2185//2185
f 2021//2021 992//992 2019//2019
f 2021//2021 990//990 992//992
f 252//252 2101//2101 2001//2001
f 3222//3222 3223//3223 2864//2864
f 1989//1989 437//437 436//436
f 2651//2651 1387//1387 898//898
f 787//787 2482//2482 788//788
f 1073//1073 3093//3093 1309//1309
f 1231//1231 422//422 518//518
f 1231//1231 3539//3539 422//422
f 421//421 518//518 422//422
f 28//28 27//27 2351//2351
f 1128//1128 3540//3540 1126//1126
f 2886//2886 1061//1061 2885//2885
f 557//557 3541//3541 1329//1329
f 557//557 1329//1329 555//555
f 1573//1573 1979//1979 923//923
f 3082//3082 1690//1690 3400//3400
f 43//43 3046//3046 2976//2976
f 1698//1698 2976//2976 3046//3046
f 3258//3258 3270//3270 2170//2170
f 2510//2510 2170//2170 3270//3270
f 3143//3143 141//141 3026//3026
f 818//818 1098//1098 3542//3542
f 2329//2329 312//312 314//314
f 315//315 22//22 2092//2092
f 495//495 493//493 2853//2853
f 1839//1839 2853//2853 493//493
f 1523//1523 571//571 2947//2947
f 2041//2041 3380//3380 3366//3366
f 3366//3366 3380//3380 59//59
f 1135//1135 576//576 577//577
f 1188//1188 400//400 1919//1919
f 3543//3543 3544//3544 417//417
f 1779//1779 3315//3315 919//919
f 2503//2503 3545//3545 3388//3388
f 3530//3530 1994//1994 3192//3192
f 130//130 2126//2126 606//606
f 2007//2007 3518//3518 937//937
f 2052//2052 789//789 791//791
f 3328//3328 3507//3507 3327//3327
f 2569//2569 742//742 3207//3207
f 3328//3328 1064//1064 3507//3507
f 1519//1519 123//123 2045//2045
f 1519//1519 2045//2045 1350//1350
f 819//819 2029//2029 3397//3397
f 2746//2746 2663//2663 2662//2662
f 1286//1286 1285//1285 527//527
f 1286//1286 527//527 530//530
f 823//823 1721//1721 575//575
f 46//46 575//575 1721//1721
f 1453//1453 3457//3457 1451//1451
f 1451//1451 3457//3457 2758//2758
f 3546//3546 442//442 615//615
f 3546//3546 443//443 442//442
f 3336//3336 2776//2776 340//340
f 3336//3336 340//340 342//342
f 823//823 575//575 574//574
f 844//844 2898//2898 2765//2765
f 1561//1561 268//268 541//541
f 1476//1476 2566//2566 1814//1814
f 3379//3379 2667//2667 2888//2888
f 3379//3379 2888//2888 1684//1684
f 530//530 529//529 1071//1071
f 1119//1119 1118//1118 3547//3547
f 721//721 1296//1296 1298//1298
f 966//966 1357//1357 1149//1149
f 966//966 1149//1149 967//967
f 488//488 266//266 2963//2963
f 3325//3325 3548//3548 385//385
f 386//386 385//385 3548//3548
f 551//551 550//550 2439//2439
f 2624//2624 2626//2626 1789//1789
f 3202//3202 1175//1175 3549//3549
f 3202//3202 3549//3549 423//423
f 420//420 3550//3550 2431//2431
f 792//792 3550//3550 420//420
f 2352//2352 237//237 3505//3505
f 710//710 2067//2067 2039//2039
f 2134//2134 201//201 3395//3395
f 2134//2134 3395//3395 2865//2865
f 3395//3395 201//201 603//603
f 1587//1587 2366//2366 3028//3028
f 1947//1947 2366//2366 1587//1587
f 1207//1207 2175//2175 3551//3551
f 1898//1898 3259//3259 134//134
f 1378//1378 2898//2898 844//844
f 1377//1377 2898//2898 1378//1378
f 3131//3131 2337//2337 3132//3132
f 1720//1720 283//283 652//652
f 1208//1208 3180//3180 3072//3072
f 74//74 2247//2247 75//75
f 996//996 3094//3094 999//999
f 81//81 3094//3094 996//996
f 2523//2523 2408//2408 1810//1810
f 75//75 2247//2247 2181//2181
f 599//599 1614//1614 2690//2690
f 741//741 740//740 1183//1183
f 3279//3279 1400//1400 2117//2117
f 1137//1137 2633//2633 1134//1134
f 576//576 1135//1135 1134//1134
f 2103//2103 942//942 2587//2587
f 2516//2516 2340//2340 3135//3135
f 723//723 987//987 3443//3443
f 3443//3443 987//987 986//986
f 273//273 1813//1813 3171//3171
f 3259//3259 2579//2579 2468//2468
f 878//878 886//886 2960//2960
f 2792//2792 2907//2907 893//893
f 3504//3504 300//300 2948//2948
f 227//227 2997//2997 228//228
f 3552//3552 953//953 3553//3553
f 2547//2547 3552//3552 3553//3553
f 3236//3236 3074//3074 1855//1855
f 707//707 484//484 486//486
f 2486//2486 3531//3531 3212//3212
f 1839//1839 3212//3212 3531//3531
f 2395//2395 1754//1754 2396//2396
f 1064//1064 2396//2396 1754//1754
f 2860//2860 1245//1245 1244//1244
f 2437//2437 3443//3443 2962//2962
f 2160//2160 3043//3043 2161//2161
f 1558//1558 1560//1560 1651//1651
f 3105//3105 3525//3525 3285//3285
f 2408//2408 2156//2156 1810//1810
f 1624//1624 239//239 1622//1622
f 1624//1624 240//240 239//239
f 2349//2349 597//597 1194//1194
f 3465//3465 3466//3466 2766//2766
f 2346//2346 855//855 196//196
f 1382//1382 415//415 1380//1380
f 289//289 1991//1991 333//333
f 2355//2355 3554//3554 2356//2356
f 3506//3506 2356//2356 3554//3554
f 2713//2713 1332//1332 883//883
f 369//369 2713//2713 883//883
f 1217//1217 3421//3421 2261//2261
f 2393//2393 1539//1539 2546//2546
f 3398//3398 3555//3555 866//866
f 2490//2490 2810//2810 2812//2812
f 222//222 987//987 723//723
f 540//540 2851//2851 2763//2763
f 502//502 2661//2661 686//686
f 1346//1346 2892//2892 928//928
f 1346//1346 928//928 927//927
f 1148//1148 2757//2757 1492//1492
f 3027//3027 3394//3394 2177//2177
f 2676//2676 3365//3365 1574//1574
f 2130//2130 2904//2904 1901//1901
f 1530//1530 1239//1239 1947//1947
f 1717//1717 2878//2878 2745//2745
f 1715//1715 1717//1717 2745//2745
f 55//55 54//54 1100//1100
f 3376//3376 801//801 3434//3434
f 748//748 570//570 3434//3434
f 864//864 1792//1792 2011//2011
f 1980//1980 3083//3083 3391//3391
f 3556//3556 554//554 3321//3321
f 2086//2086 1193//1193 3557//3557
f 1494//1494 1957//1957 3006//3006
f 1873//1873 878//878 877//877
f 181//181 1190//1190 182//182
f 2917//2917 1296//1296 2801//2801
f 24//24 2801//2801 1296//1296
f 1347//1347 3389//3389 1016//1016
f 1566//1566 2839//2839 1853//1853
f 1537//1537 1642//1642 1535//1535
f 2735//2735 888//888 143//143
f 885//885 143//143 888//888
f 2916//2916 3322//3322 1380//1380
f 3304//3304 1847//1847 2616//2616
f 2461//2461 2604//2604 181//181
f 850//850 181//181 2604//2604
f 1195//1195 2549//2549 2550//2550
f 2899//2899 2985//2985 3146//3146
f 1766//1766 2899//2899 3146//3146
f 3151//3151 3150//3150 3230//3230
f 863//863 1251//1251 862//862
f 1429//1429 1591//1591 1430//1430
f 3558//3558 2565//2565 1893//1893
f 3558//3558 1893//1893 1892//1892
f 1692//1692 3428//3428 1693//1693
f 3428//3428 3498//3498 1693//1693
f 1010//1010 2061//2061 26//26
f 1472//1472 3436//3436 3208//3208
f 3244//3244 2235//2235 2234//2234
f 2967//2967 2477//2477 2588//2588
f 2766//2766 3559//3559 1698//1698
f 1377//1377 3559//3559 2766//2766
f 2727//2727 357//357 356//356
f 1176//1176 2835//2835 1177//1177
f 602//602 431//431 2290//2290
f 516//516 191//191 190//190
f 516//516 190//190 517//517
f 349//349 2835//2835 2409//2409
f 596//596 595//595 250//250
f 3170//3170 3169//3169 3560//3560
f 3170//3170 3560//3560 66//66
f 2//2 3560//3560 3255//3255
f 3169//3169 3255//3255 3560//3560
f 2//2 66//66 3560//3560
f 805//805 329//329 803//803
f 730//730 3179//3179 3018//3018
f 374//374 335//335 1712//1712
f 1473//1473 1511//1511 1513//1513
f 2622//2622 1003//1003 2623//2623
f 508//508 509//509 506//506
f 3130//3130 3081//3081 80//80
f 1457//1457 1838//1838 3409//3409
f 430//430 3403//3403 431//431
f 3068//3068 3403//3403 3066//3066
f 3311//3311 3427//3427 3426//3426
f 3309//3309 3427//3427 3311//3311
f 2781//2781 1414//1414 2650//2650
f 1413//1413 2650//2650 1414//1414
f 1447//1447 1446//1446 2786//2786
f 2409//2409 2835//2835 1176//1176
f 950//950 2843//2843 951//951
f 2995//2995 3559//3559 1377//1377
f 3358//3358 1044//1044 1043//1043
f 2031//2031 1550//1550 3542//3542
f 2031//2031 3542//3542 1098//1098
f 714//714 2030//2030 2823//2823
f 2856//2856 3561//3561 1760//1760
f 2519//2519 2518//2518 3446//3446
f 3248//3248 3562//3562 325//325
f 1485//1485 1862//1862 1861//1861
f 2865//2865 3199//3199 2133//2133
f 2133//2133 3199//3199 848//848
f 1434//1434 771//771 3128//3128
f 3282//3282 3128//3128 771//771
f 1170//1170 3563//3563 2941//2941
f 1708//1708 3563//3563 1170//1170
f 3282//3282 771//771 182//182
f 770//770 182//182 771//771
f 1224//1224 2979//2979 1909//1909
f 800//800 802//802 2213//2213
f 2766//2766 2765//2765 1377//1377
f 2665//2665 2807//2807 2446//2446
f 3001//3001 3148//3148 338//338
f 53//53 3179//3179 54//54
f 2425//2425 1275//1275 127//127
f 1498//1498 2184//2184 2881//2881
f 31//31 1858//1858 724//724
f 1511//1511 1473//1473 3268//3268
f 3395//3395 3079//3079 2865//2865
f 2865//2865 3079//3079 2696//2696
f 2454//2454 896//896 895//895
f 976//976 3086//3086 92//92
f 978//978 3086//3086 976//976
f 2890//2890 1215//1215 1214//1214
f 1044//1044 3564//3564 1888//1888
f 2489//2489 2869//2869 280//280
f 961//961 963//963 2939//2939
f 3504//3504 3433//3433 800//800
f 937//937 3518//3518 938//938
f 879//879 3128//3128 880//880
f 2158//2158 3414//3414 1787//1787
f 2403//2403 1948//1948 2401//2401
f 534//534 536//536 390//390
f 2223//2223 2344//2344 2916//2916
f 1327//1327 2097//2097 3338//3338
f 2390//2390 2025//2025 2618//2618
f 2625//2625 2862//2862 1725//1725
f 847//847 942//942 941//941
f 2121//2121 344//344 2421//2421
f 2478//2478 1752//1752 2779//2779
f 3289//3289 1830//1830 2760//2760
f 2854//2854 2779//2779 1752//1752
f 2852//2852 253//253 255//255
f 2852//2852 255//255 1146//1146
f 1146//1146 255//255 1147//1147
f 3565//3565 3477//3477 3402//3402
f 1840//1840 1839//1839 3531//3531
f 1226//1226 2016//2016 1908//1908
f 766//766 485//485 2955//2955
f 1922//1922 2723//2723 1911//1911
f 1309//1309 2723//2723 1922//1922
f 1901//1901 2904//2904 1987//1987
f 1901//1901 1987//1987 1691//1691
f 215//215 3020//3020 2188//2188
f 3565//3565 171//171 170//170
f 2783//2783 2410//2410 1176//1176
f 3028//3028 171//171 1587//1587
f 3272//3272 2803//2803 3537//3537
f 3537//3537 3469//3469 2752//2752
f 642//642 3271//3271 643//643
f 3474//3474 3562//3562 2717//2717
f 2093//2093 2887//2887 914//914
f 2095//2095 2887//2887 2093//2093
f 2095//2095 1735//1735 2887//2887
f 1871//1871 3040//3040 1872//1872
f 1871//1871 2784//2784 3040//3040
f 2303//2303 3534//3534 1339//1339
f 3123//3123 3534//3534 2303//2303
f 2891//2891 2186//2186 3534//3534
f 2604//2604 2461//2461 3040//3040
f 2604//2604 3040//3040 2605//2605
f 2891//2891 3534//3534 3123//3123
f 908//908 2654//2654 3306//3306
f 2575//2575 3306//3306 1653//1653
f 285//285 809//809 2680//2680
f 285//285 2680//2680 139//139
f 906//906 3306//3306 2575//2575
f 551//551 3124//3124 549//549
f 551//551 1131//1131 3124//3124
f 645//645 549//549 3124//3124
f 2467//2467 168//168 167//167
f 2468//2468 2467//2467 167//167
f 2777//2777 2425//2425 2883//2883
f 1455//1455 1097//1097 1396//1396
f 971//971 1119//1119 351//351
f 1345//1345 915//915 1266//1266
f 474//474 3438//3438 3345//3345
f 2069//2069 2900//2900 2276//2276
f 3415//3415 2276//2276 2900//2900
f 605//605 604//604 3012//3012
f 1749//1749 3566//3566 3028//3028
f 2412//2412 1648//1648 1345//1345
f 3071//3071 3456//3456 2157//2157
f 3165//3165 3033//3033 3458//3458
f 838//838 1485//1485 1861//1861
f 3224//3224 3533//3533 1102//1102
f 1103//1103 1102//1102 3533//3533
f 1145//1145 2555//2555 3511//3511
f 2432//2432 2555//2555 2433//2433
f 1145//1145 2433//2433 2555//2555
f 716//716 1547//1547 1895//1895
f 14//14 2032//2032 3293//3293
f 2242//2242 2241//2241 3227//3227
f 3474//3474 2590//2590 3134//3134
f 895//895 897//897 3567//3567
f 2013//2013 17//17 2078//2078
f 2208//2208 3031//3031 1641//1641
f 3568//3568 3053//3053 1904//1904
f 2370//2370 35//35 34//34
f 1771//1771 1770//1770 3159//3159
f 623//623 622//622 2957//2957
f 2610//2610 3390//3390 624//624
f 2610//2610 624//624 626//626
f 1822//1822 1824//1824 1769//1769
f 2223//2223 2916//2916 414//414
f 2821//2821 3071//3071 3334//3334
f 812//812 2115//2115 2054//2054
f 472//472 1977//1977 473//473
f 472//472 3487//3487 1977//1977
f 881//881 3129//3129 1842//1842
f 2943//2943 1776//1776 3394//3394
f 3394//3394 3027//3027 2943//2943
f 73//73 2023//2023 2025//2025
f 3426//3426 3512//3512 3569//3569
f 3426//3426 3570//3570 3512//3512
f 2656//2656 3450//3450 1534//1534
f 3051//3051 3340//3340 514//514
f 3571//3571 3572//3572 830//830
f 830//830 3572//3572 827//827
f 3019//3019 795//795 2621//2621
f 2623//2623 2621//2621 795//795
f 247//247 795//795 3019//3019
f 3573//3573 3346//3346 1508//1508
f 3573//3573 1508//1508 3382//3382
f 179//179 178//178 3214//3214
f 3347//3347 2326//2326 506//506
f 3347//3347 2327//2327 2326//2326
f 241//241 179//179 3214//3214
f 2524//2524 1187//1187 278//278
f 2505//2505 3498//3498 2503//2503
f 3105//3105 3285//3285 3137//3137
f 349//349 2409//2409 1999//1999
f 2246//2246 3056//3056 2245//2245
f 459//459 3141//3141 1404//1404
f 3332//3332 285//285 3556//3556
f 2972//2972 3556//3556 285//285
f 144//144 2398//2398 2687//2687
f 144//144 658//658 2398//2398
f 2528//2528 1671//1671 763//763
f 2506//2506 3485//3485 1786//1786
f 647//647 350//350 349//349
f 3574//3574 1607//1607 1418//1418
f 2477//2477 1607//1607 3574//3574
f 2233//2233 3575//3575 2234//2234
f 459//459 805//805 3141//3141
f 1144//1144 1222//1222 3576//3576
f 1144//1144 3576//3576 2433//2433
f 2344//2344 3355//3355 2168//2168
f 2223//2223 3355//3355 2344//2344
f 3159//3159 1524//1524 3577//3577
f 3159//3159 3577//3577 2471//2471
f 1524//1524 1523//1523 3577//3577
f 1559//1559 3172//3172 1466//1466
f 3538//3538 3172//3172 2460//2460
f 1737//1737 2648//2648 2647//2647
f 1848//1848 1847//1847 936//936
f 1165//1165 3234//3234 3578//3578
f 1165//1165 3578//3578 1166//1166
f 712//712 1384//1384 713//713
f 3033//3033 1332//1332 2713//2713
f 3065//3065 3493//3493 1335//1335
f 3570//3570 3579//3579 2332//2332
f 2355//2355 2332//2332 3579//3579
f 2347//2347 853//853 855//855
f 2239//2239 1447//1447 2786//2786
f 2935//2935 2628//2628 2282//2282
f 1000//1000 2062//2062 1001//1001
f 3113//3113 3190//3190 3364//3364
f 131//131 1907//1907 270//270
f 1026//1026 1288//1288 1027//1027
f 1720//1720 1991//1991 289//289
f 3571//3571 1763//1763 1765//1765
f 3294//3294 2064//2064 3580//3580
f 1608//1608 3468//3468 3318//3318
f 2226//2226 3233//3233 106//106
f 682//682 3581//3581 2289//2289
f 2634//2634 1860//1860 1636//1636
f 3236//3236 2727//2727 1578//1578
f 3472//3472 1584//1584 1888//1888
f 530//530 3582//3582 1286//1286
f 1128//1128 1286//1286 3582//3582
f 2718//2718 1860//1860 1859//1859
f 1394//1394 3582//3582 1392//1392
f 530//530 1392//1392 3582//3582
f 2349//2349 1618//1618 1410//1410
f 2147//2147 2460//2460 3172//3172
f 1567//1567 3283//3283 451//451
f 2849//2849 3502//3502 2192//2192
f 3248//3248 325//325 3402//3402
f 3514//3514 325//325 327//327
f 1540//1540 3514//3514 327//327
f 187//187 3448//3448 408//408
f 1897//1897 408//408 3448//3448
f 3514//3514 3402//3402 325//325
f 2183//2183 2179//2179 2489//2489
f 1708//1708 1707//1707 461//461
f 564//564 1372//1372 2940//2940
f 1561//1561 2336//2336 2842//2842
f 2337//2337 2336//2336 1561//1561
f 1153//1153 1152//1152 3156//3156
f 3583//3583 2775//2775 272//272
f 270//270 2775//2775 2896//2896
f 2372//2372 267//267 3168//3168
f 610//610 3387//3387 611//611
f 1521//1521 2739//2739 1277//1277
f 1986//1986 2969//2969 1160//1160
f 3306//3306 2654//2654 2129//2129
f 1628//1628 1627//1627 3096//3096
f 1706//1706 990//990 2021//2021
f 2782//2782 540//540 2493//2493
f 2721//2721 471//471 409//409
f 410//410 409//409 471//471
f 679//679 151//151 150//150
f 679//679 681//681 151//151
f 2687//2687 2686//2686 145//145
f 2319//2319 3584//3584 2455//2455
f 36//36 2207//2207 33//33
f 956//956 2195//2195 2207//2207
f 3307//3307 618//618 1209//1209
f 460//460 1385//1385 1708//1708
f 49//49 3174//3174 460//460
f 3007//3007 1630//1630 2642//2642
f 3320//3320 2678//2678 2677//2677
f 1042//1042 1584//1584 2225//2225
f 928//928 2892//2892 929//929
f 1477//1477 3182//3182 2422//2422
f 3547//3547 2790//2790 1119//1119
f 985//985 2438//2438 2437//2437
f 1351//1351 1440//1440 1349//1349
f 598//598 2350//2350 259//259
f 1651//1651 1560//1560 3405//3405
f 626//626 1626//1626 2884//2884
f 1628//1628 2884//2884 1626//1626
f 2975//2975 3429//3429 3523//3523
f 3102//3102 2790//2790 2367//2367
f 2904//2904 2107//2107 1433//1433
f 382//382 2306//2306 2305//2305
f 302//302 2993//2993 1063//1063
f 2994//2994 2993//2993 302//302
f 1063//1063 2993//2993 1061//1061
f 3502//3502 1273//1273 1687//1687
f 3502//3502 1687//1687 2192//2192
f 2470//2470 1621//1621 2382//2382
f 3064//3064 3278//3278 1312//1312
f 2095//2095 1312//1312 3278//3278
f 3175//3175 3330//3330 1582//1582
f 1371//1371 98//98 97//97
f 3098//3098 3426//3426 1311//1311
f 453//453 3194//3194 2216//2216
f 3570//3570 3098//3098 3579//3579
f 3097//3097 3579//3579 3098//3098
f 2274//2274 2151//2151 3239//3239
f 2915//2915 666//666 668//668
f 2606//2606 2204//2204 1902//1902
f 2423//2423 1716//1716 1715//1715
f 3585//3585 648//648 3421//3421
f 3585//3585 3421//3421 1216//1216
f 2261//2261 3421//3421 648//648
f 1970//1970 1032//1032 1034//1034
f 1972//1972 523//523 33//33
f 34//34 33//33 1887//1887
f 523//523 1887//1887 33//33
f 2116//2116 3012//3012 604//604
f 2792//2792 893//893 1292//1292
f 2748//2748 2056//2056 435//435
f 168//168 2467//2467 865//865
f 595//595 594//594 3316//3316
f 595//595 3316//3316 2457//2457
f 216//216 3586//3586 1668//1668
f 216//216 1668//1668 3587//3587
f 1090//1090 3342//3342 2871//2871
f 1601//1601 1600//1600 2449//2449
f 2191//2191 2210//2210 3224//3224
f 1305//1305 3462//3462 1766//1766
f 1305//1305 1766//1766 3146//3146
f 1967//1967 1968//1968 3462//3462
f 1886//1886 3476//3476 28//28
f 3069//3069 241//241 243//243
f 2351//2351 2059//2059 2352//2352
f 2059//2059 237//237 2352//2352
f 1388//1388 1390//1390 2734//2734
f 827//827 3572//3572 204//204
f 468//468 2909//2909 3218//3218
f 1174//1174 2817//2817 3549//3549
f 1174//1174 3549//3549 1175//1175
f 2582//2582 862//862 1251//1251
f 3530//3530 1406//1406 1994//1994
f 2169//2169 1994//1994 1406//1406
f 3530//3530 2764//2764 1406//1406
f 2332//2332 1109//1109 1108//1108
f 2355//2355 1109//1109 2332//2332
f 2837//2837 2562//2562 1617//1617
f 2146//2146 2148//2148 2208//2208
f 2752//2752 2483//2483 2482//2482
f 4//4 1211//1211 3440//3440
f 2321//2321 3588//3588 700//700
f 2850//2850 3588//3588 3446//3446
f 2321//2321 1850//1850 3588//3588
f 643//643 2383//2383 644//644
f 1145//1145 3511//3511 1753//1753
f 2037//2037 3303//3303 1543//1543
f 1468//1468 1890//1890 655//655
f 1075//1075 1661//1661 1076//1076
f 1344//1344 1661//1661 1343//1343
f 1797//1797 1368//1368 3589//3589
f 3390//3390 1760//1760 1133//1133
f 3561//3561 1133//1133 1760//1760
f 3174//3174 49//49 48//48
f 2730//2730 1742//1742 2731//2731
f 132//132 3232//3232 133//133
f 2957//2957 3151//3151 3230//3230
f 3590//3590 332//332 2636//2636
f 1380//1380 3419//3419 1381//1381
f 3590//3590 3591//3591 332//332
f 1827//1827 219//219 916//916
f 1019//1019 3117//3117 3419//3419
f 1082//1082 1081//1081 2710//2710
f 2290//2290 3581//3581 2986//2986
f 2396//2396 1808//1808 2397//2397
f 1808//1808 3592//3592 2397//2397
f 2630//2630 3288//3288 2631//2631
f 827//827 1697//1697 828//828
f 2637//2637 828//828 1697//1697
f 386//386 3548//3548 3488//3488
f 1697//1697 827//827 204//204
f 3468//3468 1608//1608 2477//2477
f 2379//2379 1733//1733 1949//1949
f 1274//1274 3593//3593 2454//2454
f 689//689 690//690 1399//1399
f 1212//1212 1935//1935 2659//2659
f 1212//1212 2659//2659 1210//1210
f 2864//2864 1167//1167 3222//3222
f 1167//1167 2418//2418 3222//3222
f 2172//2172 2542//2542 2541//2541
f 737//737 2542//2542 2172//2172
f 2567//2567 1475//1475 3331//3331
f 2362//2362 2268//2268 2363//2363
f 1352//1352 3273//3273 363//363
f 1767//1767 3116//3116 1093//1093
f 3201//3201 3103//3103 1507//1507
f 2001//2001 433//433 432//432
f 2732//2732 1014//1014 434//434
f 1014//1014 2689//2689 434//434
f 2689//2689 432//432 434//434
f 1212//1212 3121//3121 1934//1934
f 2729//2729 2144//2144 2575//2575
f 977//977 872//872 871//871
f 874//874 872//872 977//977
f 2858//2858 1307//1307 1248//1248
f 1591//1591 2605//2605 1592//1592
f 2196//2196 3566//3566 2770//2770
f 1365//1365 1364//1364 278//278
f 567//567 982//982 981//981
f 3017//3017 3480//3480 2753//2753
f 3022//3022 2753//2753 3480//3480
f 2197//2197 3480//3480 3017//3017
f 202//202 2197//2197 3017//3017
f 1655//1655 1654//1654 2014//2014
f 2339//2339 1304//1304 1387//1387
f 933//933 1387//1387 1304//1304
f 2954//2954 882//882 881//881
f 1092//1092 565//565 2145//2145
f 2826//2826 2974//2974 2122//2122
f 2826//2826 2122//2122 1114//1114
f 2777//2777 1278//1278 2425//2425
f 2343//2343 3322//3322 2916//2916
f 2215//2215 2912//2912 2978//2978
f 2914//2914 2978//2978 2912//2912
f 3130//3130 195//195 3081//3081
f 538//538 1582//1582 539//539
f 2199//2199 3228//3228 2200//2200
f 428//428 2912//2912 426//426
f 2815//2815 963//963 3301//3301
f 288//288 726//726 286//286
f 371//371 2714//2714 369//369
f 3016//3016 653//653 1237//1237
f 47//47 2855//2855 2514//2514
f 3205//3205 511//511 3206//3206
f 3594//3594 2594//2594 924//924
f 782//782 2594//2594 3594//3594
f 1499//1499 2472//2472 1899//1899
f 2515//2515 1054//1054 1051//1051
f 2667//2667 921//921 920//920
f 1016//1016 3389//3389 1017//1017
f 3144//3144 2676//2676 2678//2678
f 1394//1394 3540//3540 3582//3582
f 1370//1370 1369//1369 1444//1444
f 1629//1629 1632//1632 3223//3223
f 1629//1629 3223//3223 2333//2333
f 704//704 1136//1136 1135//1135
f 3583//3583 3409//3409 2746//2746
f 3583//3583 272//272 3409//3409
f 2830//2830 113//113 3310//3310
f 2830//2830 3310//3310 2942//2942
f 2082//2082 308//308 307//307
f 2113//2113 1521//1521 1522//1522
f 212//212 1757//1757 213//213
f 820//820 213//213 1757//1757
f 1352//1352 3487//3487 472//472
f 2478//2478 3050//3050 1750//1750
f 821//821 1757//1757 3022//3022
f 2753//2753 3022//3022 1757//1757
f 1676//1676 2629//2629 535//535
f 1920//1920 294//294 2567//2567
f 2299//2299 1065//1065 1755//1755
f 1920//1920 2567//2567 3331//3331
f 2333//2333 2335//2335 1629//1629
f 1630//1630 1629//1629 2335//2335
f 1079//1079 1078//1078 3102//3102
f 1079//1079 3102//3102 2367//2367
f 3205//3205 3348//3348 511//511
f 2808//2808 2811//2811 1113//1113
f 2812//2812 2811//2811 2808//2808
f 3114//3114 3318//3318 2966//2966
f 1137//1137 3006//3006 2633//2633
f 3463//3463 1258//1258 346//346
f 2966//2966 3318//3318 2967//2967
f 358//358 3356//3356 2065//2065
f 3176//3176 3114//3114 2966//2966
f 2821//2821 3334//3334 2772//2772
f 2005//2005 2872//2872 3595//3595
f 2005//2005 2870//2870 2872//2872
f 293//293 3595//3595 1058//1058
f 2005//2005 3595//3595 293//293
f 3331//3331 3595//3595 2872//2872
f 1058//1058 3595//3595 3331//3331
f 2756//2756 26//26 25//25
f 1699//1699 46//46 1722//1722
f 1699//1699 1722//1722 631//631
f 631//631 1722//1722 2844//2844
f 2813//2813 2814//2814 2250//2250
f 1760//1760 1762//1762 2856//2856
f 412//412 1241//1241 576//576
f 2660//2660 1437//1437 1436//1436
f 2515//2515 3389//3389 1054//1054
f 3442//3442 1054//1054 3389//3389
f 3001//3001 3596//3596 3148//3148
f 2805//2805 2531//2531 1979//1979
f 1974//1974 3498//3498 2505//2505
f 3276//3276 1444//1444 3597//3597
f 3276//3276 3597//3597 2765//2765
f 846//846 3597//3597 1444//1444
f 1720//1720 652//652 148//148
f 1022//1022 3598//3598 3599//3599
f 1173//1173 334//334 1174//1174
f 2568//2568 2901//2901 2760//2760
f 3289//3289 2901//2901 2586//2586
f 815//815 814//814 2378//2378
f 408//408 407//407 867//867
f 2529//2529 867//867 407//407
f 929//929 1504//1504 1280//1280
f 1742//1742 3235//3235 1743//1743
f 2739//2739 2738//2738 1833//1833
f 1060//1060 3334//3334 2688//2688
f 3071//3071 2688//2688 3334//3334
f 2438//2438 984//984 2488//2488
f 3600//3600 3286//3286 2411//2411
f 484//484 3052//3052 2955//2955
f 58//58 3047//3047 3281//3281
f 2174//2174 3528//3528 1736//1736
f 1613//1613 2548//2548 2547//2547
f 2172//2172 2541//2541 3601//3601
f 2541//2541 3452//3452 3601//3601
f 751//751 750//750 1509//1509
f 2614//2614 2275//2275 2615//2615
f 3485//3485 95//95 1786//1786
f 2106//2106 2615//2615 2275//2275
f 2277//2277 2275//2275 2614//2614
f 2438//2438 985//985 984//984
f 647//647 3305//3305 645//645
f 1998//1998 3305//3305 647//647
f 2923//2923 2933//2933 2031//2031
f 2630//2630 2842//2842 1923//1923
f 2356//2356 930//930 932//932
f 3602//3602 3580//3580 1827//1827
f 2547//2547 3335//3335 3049//3049
f 3309//3309 3077//3077 1964//1964
f 3313//3313 1411//1411 773//773
f 417//417 3292//3292 3543//3543
f 1458//1458 329//329 805//805
f 1316//1316 3168//3168 2377//2377
f 1458//1458 328//328 329//329
f 3230//3230 2958//2958 2957//2957
f 2664//2664 1933//1933 1681//1681
f 1397//1397 2670//2670 2672//2672
f 1397//1397 2672//2672 21//21
f 179//179 2652//2652 2385//2385
f 179//179 2385//2385 180//180
f 2627//2627 2135//2135 1361//1361
f 2728//2728 3195//3195 2729//2729
f 2135//2135 2627//2627 2443//2443
f 1440//1440 1439//1439 2102//2102
f 2443//2443 2315//2315 2135//2135
f 3318//3318 3114//3114 3100//3100
f 108//108 263//263 2476//2476
f 2410//2410 3600//3600 2411//2411
f 252//252 3567//3567 596//596
f 2708//2708 2707//2707 669//669
f 3169//3169 3299//3299 2936//2936
f 1892//1892 3351//3351 3558//3558
f 2761//2761 3558//3558 3351//3351
f 2410//2410 2783//2783 3600//3600
f 1802//1802 2038//2038 2273//2273
f 504//504 1802//1802 2273//2273
f 283//283 2485//2485 381//381
f 2240//2240 3209//3209 3585//3585
f 1605//1605 1604//1604 174//174
f 1205//1205 3081//3081 194//194
f 1204//1204 3081//3081 1205//1205
f 599//599 1363//1363 980//980
f 81//81 83//83 3094//3094
f 1069//1069 1068//1068 3152//3152
f 885//885 2384//2384 2991//2991
f 1069//1069 3152//3152 733//733
f 1046//1046 371//371 2749//2749
f 885//885 887//887 2384//2384
f 665//665 3346//3346 662//662
f 776//776 2384//2384 2781//2781
f 2967//2967 3468//3468 2477//2477
f 1945//1945 1763//1763 3571//3571
f 757//757 756//756 3203//3203
f 3472//3472 780//780 1584//1584
f 2440//2440 2895//2895 2635//2635
f 3515//3515 788//788 2481//2481
f 1962//1962 2066//2066 1960//1960
f 3176//3176 1960//1960 2066//2066
f 1231//1231 1500//1500 3539//3539
f 3539//3539 1500//1500 794//794
f 1852//1852 2961//2961 3603//3603
f 1852//1852 3603//3603 563//563
f 947//947 1544//1544 948//948
f 875//875 2988//2988 3422//3422
f 947//947 2768//2768 1544//1544
f 1106//1106 627//627 605//605
f 2456//2456 826//826 2203//2203
f 2456//2456 2203//2203 250//250
f 2663//2663 3409//3409 1838//1838
f 2663//2663 2746//2746 3409//3409
f 1540//1540 2701//2701 1538//1538
f 1237//1237 1915//1915 1235//1235
f 1235//1235 3117//3117 2750//2750
f 6//6 1794//1794 3604//3604
f 3038//3038 1398//1398 1882//1882
f 1398//1398 1883//1883 1882//1882
f 3075//3075 2744//2744 3605//3605
f 3329//3329 3038//3038 1882//1882
f 424//424 423//423 3549//3549
f 424//424 3549//3549 2817//2817
f 2725//2725 2724//2724 3329//3329
f 3329//3329 2724//2724 3038//3038
f 761//761 1996//1996 2324//2324
f 458//458 457//457 543//543
f 165//165 543//543 457//457
f 1572//1572 1574//1574 3365//3365
f 2233//2233 2858//2858 3513//3513
f 3292//3292 2862//2862 2625//2625
f 1404//1404 3155//3155 3481//3481
f 1186//1186 2250//2250 2814//2814
f 2706//2706 3147//3147 3337//3337
f 244//244 2814//2814 1724//1724
f 1186//1186 2814//2814 244//244
f 2130//2130 2132//2132 770//770
f 1359//1359 3606//3606 1441//1441
f 1359//1359 2136//2136 3606//3606
f 1375//1375 1441//1441 3606//3606
f 1375//1375 3606//3606 1373//1373
f 1122//1122 1373//1373 3606//3606
f 1122//1122 3606//3606 2136//2136
f 1122//1122 1121//1121 1373//1373
f 2458//2458 3368//3368 712//712
f 2458//2458 2460//2460 3368//3368
f 453//453 449//449 3607//3607
f 449//449 453//453 2216//2216
f 1636//1636 3608//3608 2634//2634
f 1856//1856 2634//2634 3608//3608
f 569//569 1000//1000 389//389
f 569//569 389//389 570//570
f 661//661 81//81 2042//2042
f 3134//3134 327//327 326//326
f 2000//2000 1258//1258 3463//3463
f 2961//2961 1852//1852 1393//1393
f 2961//2961 1393//1393 876//876
f 170//170 691//691 3477//3477
f 2614//2614 226//226 2277//2277
f 3565//3565 170//170 3477//3477
f 3390//3390 2622//2622 1761//1761
f 394//394 1212//1212 1211//1211
f 394//394 1211//1211 4//4
f 3609//3609 1448//1448 3017//3017
f 3609//3609 53//53 1448//1448
f 2378//2378 814//814 1778//1778
f 2318//2318 2001//2001 432//432
f 3566//3566 1749//1749 1748//1748
f 2685//2685 1891//1891 2564//2564
f 866//866 865//865 3398//3398
f 2467//2467 3398//3398 865//865
f 716//716 1896//1896 715//715
f 1270//1270 276//276 2870//2870
f 1270//1270 277//277 276//276
f 2351//2351 27//27 586//586
f 1539//1539 3598//3598 2922//2922
f 1983//1983 1984//1984 3107//3107
f 2357//2357 2422//2422 3182//3182
f 2357//2357 3182//3182 2022//2022
f 2774//2774 2985//2985 2820//2820
f 2899//2899 2820//2820 2985//2985
f 1660//1660 2734//2734 2297//2297
f 2773//2773 3145//3145 2985//2985
f 754//754 1310//1310 1311//1311
f 3343//3343 386//386 3488//3488
f 2711//2711 710//710 3546//3546
f 1136//1136 706//706 1495//1495
f 2796//2796 2795//2795 561//561
f 3546//3546 615//615 2711//2711
f 2188//2188 3020//3020 2620//2620
f 2113//2113 2738//2738 1521//1521
f 3382//3382 1508//1508 1507//1507
f 710//710 2039//2039 3546//3546
f 443//443 3546//3546 2039//2039
f 2050//2050 905//905 3201//3201
f 2050//2050 3201//3201 1594//1594
f 1064//1064 2694//2694 2396//2396
f 3328//3328 871//871 2694//2694
f 3328//3328 2694//2694 1064//1064
f 3382//3382 3103//3103 3156//3156
f 1927//1927 1481//1481 1480//1480
f 2304//2304 2068//2068 1777//1777
f 2304//2304 1777//1777 1218//1218
f 744//744 636//636 1795//1795
f 3234//3234 2227//2227 1724//1724
f 1281//1281 2592//2592 231//231
f 1051//1051 3119//3119 3063//3063
f 777//777 2873//2873 3245//3245
f 1011//1011 3413//3413 1012//1012
f 1011//1011 2111//2111 3413//3413
f 3411//3411 3413//3413 2111//2111
f 1011//1011 26//26 2111//2111
f 2096//2096 2606//2606 2097//2097
f 576//576 1241//1241 62//62
f 816//816 3386//3386 2361//2361
f 2361//2361 817//817 816//816
f 558//558 560//560 1558//1558
f 361//361 559//559 3030//3030
f 516//516 361//361 3030//3030
f 516//516 3030//3030 191//191
f 2673//2673 3217//3217 3455//3455
f 220//220 219//219 1827//1827
f 2974//2974 2826//2826 3610//3610
f 3537//3537 2974//2974 3610//3610
f 3537//3537 2803//2803 2974//2974
f 2842//2842 2336//2336 1923//1923
f 1006//1006 1923//1923 2336//2336
f 868//868 2881//2881 3611//3611
f 868//868 3611//3611 869//869
f 318//318 2958//2958 319//319
f 3230//3230 319//319 2958//2958
f 260//260 3313//3313 129//129
f 1921//1921 3342//3342 1090//1090
f 2213//2213 2206//2206 3503//3503
f 1920//1920 3331//3331 3342//3342
f 180//180 1557//1557 2291//2291
f 2859//2859 260//260 129//129
f 2965//2965 2967//2967 849//849
f 1463//1463 2399//2399 2603//2603
f 2192//2192 2603//2603 2399//2399
f 3337//3337 1331//1331 1705//1705
f 3424//3424 3337//3337 1705//1705
f 1788//1788 3424//3424 1705//1705
f 2909//2909 2044//2044 3218//3218
f 2909//2909 2911//2911 2044//2044
f 2042//2042 2044//2044 2911//2911
f 2978//2978 309//309 449//449
f 3515//3515 3137//3137 3136//3136
f 3515//3515 3136//3136 788//788
f 3473//3473 3374//3374 1605//1605
f 3506//3506 3097//3097 3612//3612
f 859//859 861//861 3492//3492
f 2298//2298 3059//3059 3492//3492
f 2298//2298 3492//3492 861//861
f 1421//1421 1420//1420 2987//2987
f 586//586 2778//2778 3287//3287
f 586//586 3287//3287 587//587
f 2228//2228 2230//2230 831//831
f 2674//2674 307//307 1371//1371
f 338//338 3148//3148 339//339
f 1397//1397 339//339 3148//3148
f 2582//2582 3466//3466 862//862
f 2679//2679 3596//3596 3326//3326
f 3596//3596 3001//3001 3326//3326
f 2582//2582 2766//2766 3466//3466
f 1123//1123 1125//1125 78//78
f 3206//3206 229//229 375//375
f 2289//2289 3581//3581 2290//2290
f 78//78 1125//1125 2669//2669
f 847//847 941//941 3370//3370
f 2948//2948 3153//3153 2178//2178
f 969//969 2118//2118 2080//2080
f 3438//3438 474//474 3089//3089
f 476//476 3089//3089 474//474
f 2843//2843 560//560 559//559
f 786//786 2935//2935 2804//2804
f 3110//3110 3362//3362 2325//2325
f 1006//1006 2337//2337 3291//3291
f 2551//2551 2486//2486 2015//2015
f 2551//2551 2015//2015 2505//2505
f 110//110 2305//2305 1040//1040
f 1533//1533 2832//2832 2831//2831
f 110//110 3508//3508 383//383
f 112//112 3508//3508 110//110
f 1053//1053 2846//2846 3119//3119
f 937//937 1847//1847 2006//2006
f 1785//1785 1784//1784 2272//2272
f 352//352 2584//2584 2797//2797
f 1943//1943 3613//3613 1391//1391
f 2448//2448 2447//2447 3354//3354
f 2434//2434 2917//2917 3522//3522
f 1788//1788 2703//2703 3424//3424
f 2152//2152 660//660 37//37
f 2307//2307 210//210 487//487
f 387//387 1001//1001 3410//3410
f 2192//2192 2400//2400 2849//2849
f 495//495 3410//3410 2062//2062
f 2664//2664 2060//2060 1933//1933
f 1010//1010 3517//3517 1565//1565
f 399//399 3021//3021 1759//1759
f 1759//1759 3021//3021 1794//1794
f 3604//3604 1794//1794 3021//3021
f 2327//2327 2819//2819 2325//2325
f 3577//3577 3614//3614 2471//2471
f 3577//3577 2180//2180 3614//3614
f 3599//3599 1023//1023 1022//1022
f 3599//3599 2244//2244 1023//1023
f 2472//2472 3614//3614 1496//1496
f 2472//2472 2471//2471 3614//3614
f 2771//2771 3416//3416 3235//3235
f 2933//2933 3615//3615 2031//2031
f 2977//2977 3149//3149 682//682
f 358//358 2065//2065 1962//1962
f 3113//3113 3364//3364 1966//1966
f 1862//1862 3101//3101 3252//3252
f 2874//2874 2358//2358 368//368
f 2358//2358 366//366 368//368
f 1325//1325 1324//1324 2891//2891
f 3201//3201 2921//2921 1594//1594
f 2454//2454 3359//3359 2295//2295
f 2314//2314 1491//1491 3010//3010
f 1172//1172 3573//3573 3382//3382
f 2317//2317 3359//3359 2454//2454
f 3014//3014 911//911 3200//3200
f 3591//3591 3590//3590 2709//2709
f 2709//2709 3590//3590 3411//3411
f 2636//2636 3412//3412 3590//3590
f 3411//3411 3590//3590 3412//3412
f 2692//2692 25//25 24//24
f 2622//2622 1780//1780 672//672
f 1004//1004 2622//2622 672//672
f 1003//1003 3616//3616 2623//2623
f 2619//2619 3616//3616 162//162
f 1003//1003 162//162 3616//3616
f 3616//3616 2621//2621 2623//2623
f 2619//2619 2621//2621 3616//3616
f 2622//2622 3390//3390 1780//1780
f 1547//1547 2807//2807 2359//2359
f 1947//1947 1586//1586 1530//1530
f 1995//1995 612//612 1454//1454
f 755//755 612//612 1995//1995
f 2945//2945 755//755 1995//1995
f 251//251 826//826 825//825
f 251//251 825//825 2732//2732
f 197//197 1611//1611 2500//2500
f 2580//2580 740//740 2581//2581
f 360//360 2267//2267 1819//1819
f 3398//3398 3397//3397 2029//2029
f 324//324 3486//3486 2506//2506
f 3085//3085 3486//3486 323//323
f 732//732 3447//3447 1717//1717
f 216//216 3617//3617 3586//3586
f 1066//1066 3617//3617 3507//3507
f 1090//1090 1091//1091 3011//3011
f 1362//1362 2386//2386 980//980
f 980//980 2386//2386 2652//2652
f 1303//1303 1075//1075 1077//1077
f 1077//1077 1076//1076 2217//2217
f 2217//2217 2735//2735 1077//1077
f 3360//3360 1821//1821 2000//2000
f 2000//2000 3463//3463 3360//3360
f 473//473 1977//1977 3045//3045
f 3527//3527 1966//1966 3364//3364
f 1960//1960 3496//3496 2699//2699
f 474//474 3345//3345 2535//2535
f 1261//1261 2997//2997 1713//1713
f 3438//3438 1346//1346 3345//3345
f 1364//1364 2534//2534 2524//2524
f 1364//1364 2524//2524 278//278
f 2442//2442 1233//1233 3339//3339
f 1367//1367 2534//2534 1364//1364
f 613//613 441//441 1984//1984
f 230//230 2012//2012 2026//2026
f 168//168 2012//2012 230//230
f 1867//1867 2685//2685 2687//2687
f 233//233 1154//1154 1489//1489
f 3222//3222 2528//2528 2333//2333
f 2864//2864 3422//3422 2137//2137
f 3057//3057 2893//2893 331//331
f 3057//3057 331//331 330//330
f 3248//3248 3184//3184 3562//3562
f 2137//2137 3422//3422 2988//2988
f 2489//2489 2179//2179 2987//2987
f 2987//2987 2179//2179 2178//2178
f 522//522 2568//2568 2124//2124
f 943//943 942//942 2103//2103
f 243//243 242//242 3263//3263
f 2516//2516 3135//3135 3137//3137
f 705//705 2220//2220 2639//2639
f 557//557 2397//2397 3592//3592
f 3612//3612 316//316 354//354
f 3097//3097 316//316 3612//3612
f 813//813 3267//3267 3227//3227
f 745//745 3396//3396 742//742
f 960//960 3396//3396 745//745
f 626//626 2884//2884 2610//2610
f 3010//3010 3447//3447 732//732
f 296//296 3369//3369 3418//3418
f 931//931 933//933 3526//3526
f 142//142 1613//1613 3553//3553
f 142//142 3553//3553 953//953
f 296//296 3418//3418 1889//1889
f 3166//3166 3420//3420 3329//3329
f 2164//2164 3167//3167 2120//2120
f 2081//2081 3618//3618 2251//2251
f 2078//2078 2121//2121 2014//2014
f 553//553 1696//1696 203//203
f 203//203 1696//1696 204//204
f 335//335 3619//3619 2816//2816
f 375//375 3619//3619 335//335
f 2682//2682 3088//3088 944//944
f 2881//2881 1900//1900 1498//1498
f 3184//3184 944//944 3088//3088
f 1015//1015 1990//1990 1013//1013
f 1454//1454 1990//1990 1015//1015
f 1959//1959 1123//1123 1205//1205
f 2091//2091 1109//1109 2355//2355
f 1205//1205 3139//3139 1959//1959
f 772//772 2107//2107 2904//2904
f 720//720 2692//2692 721//721
f 1295//1295 2248//2248 125//125
f 908//908 907//907 852//852
f 2937//2937 2281//2281 2271//2271
f 370//370 1620//1620 2470//2470
f 1195//1195 597//597 184//184
f 1045//1045 1046//1046 3204//3204
f 596//596 3567//3567 897//897
f 1156//1156 1878//1878 1880//1880
f 3022//3022 3423//3423 821//821
f 633//633 1880//1880 2237//2237
f 847//847 3370//3370 848//848
f 1335//1335 3493//3493 2324//2324
f 1603//1603 3242//3242 1810//1810
f 3246//3246 2053//2053 2331//2331
f 3246//3246 2331//2331 856//856
f 2905//2905 3210//3210 2578//2578
f 108//108 3198//3198 109//109
f 1611//1611 2937//2937 2501//2501
f 2271//2271 2501//2501 2937//2937
f 1391//1391 1492//1492 1943//1943
f 2757//2757 1943//1943 1492//1492
f 460//460 2561//2561 1385//1385
f 3174//3174 2561//2561 460//460
f 369//369 883//883 370//370
f 1910//1910 1807//1807 703//703
f 3519//3519 703//703 702//702
f 701//701 703//703 1807//1807
f 2562//2562 2563//2563 785//785
f 2866//2866 3035//3035 1767//1767
f 3116//3116 1767//1767 3035//3035
f 2532//2532 3373//3373 924//924
f 2784//2784 3373//3373 2532//2532
f 3507//3507 1064//1064 1066//1066
f 2715//2715 3484//3484 2713//2713
f 3033//3033 2713//2713 3484//3484
f 405//405 404//404 959//959
f 405//405 959//959 1743//1743
f 242//242 365//365 1785//1785
f 3291//3291 3290//3290 1322//1322
f 1323//1323 3290//3290 3131//3131
f 2337//2337 3131//3131 3290//3290
f 547//547 1738//1738 2647//2647
f 2786//2786 2896//2896 1055//1055
f 3619//3619 375//375 229//229
f 3619//3619 229//229 2617//2617
f 1659//1659 1195//1195 2550//2550
f 1659//1659 1194//1194 1195//1195
f 3199//3199 2965//2965 848//848
f 3372//3372 727//727 3307//3307
f 1918//1918 3307//3307 727//727
f 1691//1691 1987//1987 3437//3437
f 57//57 56//56 2548//2548
f 1613//1613 1612//1612 2548//2548
f 57//57 2548//2548 1612//1612
f 2565//2565 3558//3558 1662//1662
f 2761//2761 1662//1662 3558//3558
f 2377//2377 3168//3168 267//267
f 265//265 267//267 2372//2372
f 2536//2536 2548//2548 56//56
f 3066//3066 2220//2220 705//705
f 1571//1571 2831//2831 1719//1719
f 686//686 2661//2661 2660//2660
f 3620//3620 3323//3323 3356//3356
f 3620//3620 3356//3356 360//360
f 2678//2678 909//909 3188//3188
f 3049//3049 3335//3335 929//929
f 2108//2108 3106//3106 2574//2574
f 254//254 3528//3528 2908//2908
f 835//835 2908//2908 3528//3528
f 835//835 3528//3528 2174//2174
f 1750//1750 210//210 1751//1751
f 1824//1824 1823//1823 3467//3467
f 1824//1824 3467//3467 3160//3160
f 2984//2984 1789//1789 2626//2626
f 3414//3414 1173//1173 2989//2989
f 2990//2990 2989//2989 1173//1173
f 3062//3062 2434//2434 3522//3522
f 3512//3512 1228//1228 3569//3569
f 1818//1818 3569//3569 1228//1228
f 2684//2684 821//821 3423//3423
f 2922//2922 3120//3120 3514//3514
f 3514//3514 3120//3120 3402//3402
f 873//873 1631//1631 874//874
f 874//874 1631//1631 1665//1665
f 1905//1905 1665//1665 1631//1631
f 2625//2625 2624//2624 462//462
f 1649//1649 3480//3480 2197//2197
f 1649//1649 2412//2412 3480//3480
f 3386//3386 2373//2373 2361//2361
f 366//366 723//723 2558//2558
f 3443//3443 2437//2437 2558//2558
f 723//723 3443//3443 2558//2558
f 2170//2170 2172//2172 3621//3621
f 2170//2170 3621//3621 3258//3258
f 3200//3200 911//911 2387//2387
f 1044//1044 2430//2430 3564//3564
f 181//181 183//183 3532//3532
f 2166//2166 3355//3355 2225//2225
f 739//739 225//225 1528//1528
f 224//224 1528//1528 225//225
f 2922//2922 3598//3598 1022//1022
f 1832//1832 1834//1834 1088//1088
f 2696//2696 3199//3199 2865//2865
f 1534//1534 427//427 426//426
f 663//663 429//429 2629//2629
f 663//663 2629//2629 1676//1676
f 854//854 3591//3591 2709//2709
f 385//385 3127//3127 3325//3325
f 3180//3180 2307//2307 2308//2308
f 1534//1534 426//426 2329//2329
f 289//289 925//925 290//290
f 2833//2833 3107//3107 441//441
f 2833//2833 441//441 1719//1719
f 3522//3522 3245//3245 2873//2873
f 1153//1153 3156//3156 904//904
f 1152//1152 3382//3382 3156//3156
f 3604//3604 3021//3021 398//398
f 1942//1942 2429//2429 1333//1333
f 3454//3454 3453//3453 2822//2822
f 2970//2970 2969//2969 1985//1985
f 2970//2970 1985//1985 2605//2605
f 3087//3087 3393//3393 1265//1265
f 81//81 661//661 82//82
f 32//32 31//31 723//723
f 1628//1628 2428//2428 2884//2884
f 2884//2884 2428//2428 1941//1941
f 2884//2884 1941//1941 1781//1781
f 3178//3178 3529//3529 54//54
f 1716//1716 3529//3529 1717//1717
f 3178//3178 1717//1717 3529//3529
f 93//93 3085//3085 372//372
f 374//374 93//93 372//372
f 1136//1136 1495//1495 1137//1137
f 2895//2895 2982//2982 2635//2635
f 1173//1173 2158//2158 334//334
f 3412//3412 2636//2636 2635//2635
f 2638//2638 1495//1495 706//706
f 2638//2638 1493//1493 1495//1495
f 1928//1928 3500//3500 2574//2574
f 65//65 2574//2574 3500//3500
f 3357//3357 2794//2794 3293//3293
f 2794//2794 3357//3357 751//751
f 58//58 57//57 2453//2453
f 58//58 2453//2453 1831//1831
f 1937//1937 1218//1218 1778//1778
f 1937//1937 1778//1778 814//814
f 1694//1694 3219//3219 439//439
f 2649//2649 2244//2244 3599//3599
f 2393//2393 2649//2649 3599//3599
f 3117//3117 2998//2998 2750//2750
f 2029//2029 3555//3555 3398//3398
f 3092//3092 866//866 3555//3555
f 2512//2512 790//790 789//789
f 2284//2284 1131//1131 1130//1130
f 2401//2401 1948//1948 1238//1238
f 2401//2401 1238//1238 2279//2279
f 611//611 3387//3387 2819//2819
f 3387//3387 2325//2325 2819//2819
f 1103//1103 3111//3111 2701//2701
f 481//481 1730//1730 482//482
f 1205//1205 2968//2968 3139//3139
f 1593//1593 1594//1594 2921//2921
f 3622//3622 3227//3227 2241//2241
f 3622//3622 2241//2241 1936//1936
f 449//449 309//309 311//311
f 1405//1405 311//311 2537//2537
f 1107//1107 1889//1889 1108//1108
f 588//588 1805//1805 586//586
f 1106//1106 2316//2316 1548//1548
f 9//9 8//8 2726//2726
f 1075//1075 1303//1303 2565//2565
f 1106//1106 1120//1120 2316//2316
f 1295//1295 1660//1660 2297//2297
f 1343//1343 1660//1660 1295//1295
f 1256//1256 3254//3254 1257//1257
f 2742//2742 1836//1836 324//324
f 1046//1046 2749//2749 262//262
f 1447//1447 2239//2239 1490//1490
f 1651//1651 1652//1652 1558//1558
f 581//581 3030//3030 1652//1652
f 3030//3030 558//558 1652//1652
f 558//558 1558//1558 1652//1652
f 242//242 1785//1785 3263//3263
f 2747//2747 2742//2742 2743//2743
f 895//895 3567//3567 252//252
f 2103//2103 522//522 521//521
f 2279//2279 1240//1240 635//635
f 1686//1686 2450//2450 2603//2603
f 1686//1686 2603//2603 2192//2192
f 531//531 3525//3525 3105//3105
f 1388//1388 3451//3451 1389//1389
f 2540//2540 1389//1389 3451//3451
f 2914//2914 2913//2913 2235//2235
f 425//425 2608//2608 3093//3093
f 3159//3159 2471//2471 1771//1771
f 2166//2166 779//779 781//781
f 2938//2938 1225//1225 3523//3523
f 2162//2162 1045//1045 1656//1656
f 1769//1769 1771//1771 2473//2473
f 3219//3219 2043//2043 996//996
f 2471//2471 2473//2473 1771//1771
f 3353//3353 2447//2447 1914//1914
f 3533//3533 3224//3224 2210//2210
f 3353//3353 1914//1914 2496//2496
f 3533//3533 2210//2210 2793//2793
f 698//698 1125//1125 1124//1124
f 392//392 623//623 2159//2159
f 2309//2309 2310//2310 15//15
f 3227//3227 3622//3622 813//813
f 3166//3166 1596//1596 3420//3420
f 2525//2525 15//15 14//14
f 3243//3243 2667//2667 3379//3379
f 2492//2492 3547//3547 1179//1179
f 1118//1118 1179//1179 3547//3547
f 2803//2803 2123//2123 2974//2974
f 1418//1418 1607//1607 3268//3268
f 3268//3268 1607//1607 1606//1606
f 939//939 195//195 273//273
f 3508//3508 815//815 3016//3016
f 112//112 815//815 3508//3508
f 1904//1904 1905//1905 3568//3568
f 2472//2472 1496//1496 1899//1899
f 1801//1801 657//657 2394//2394
f 1670//1670 1672//1672 107//107
f 1164//1164 1166//1166 2863//2863
f 1164//1164 2863//2863 419//419
f 1585//1585 3565//3565 3401//3401
f 3565//3565 3402//3402 3401//3401
f 1199//1199 1233//1233 2442//2442
f 2238//2238 3384//3384 223//223
f 672//672 669//669 2707//2707
f 672//672 2707//2707 1004//1004
f 3347//3347 2008//2008 2327//2327
f 3565//3565 1585//1585 171//171
f 171//171 1585//1585 1587//1587
f 3336//3336 3112//3112 2776//2776
f 3336//3336 1552//1552 3112//3112
f 337//337 2309//2309 338//338
f 2411//2411 1997//1997 2409//2409
f 1069//1069 735//735 2129//2129
f 733//733 735//735 1069//1069
f 2004//2004 663//663 662//662
f 2301//2301 2003//2003 662//662
f 2301//2301 662//662 3346//3346
f 2751//2751 3378//3378 807//807
f 3164//3164 954//954 1835//1835
f 675//675 674//674 348//348
f 675//675 348//348 347//347
f 1467//1467 3129//3129 2429//2429
f 881//881 1333//1333 3129//3129
f 2088//2088 2087//2087 718//718
f 2485//2485 3099//3099 2038//2038
f 2273//2273 2038//2038 3099//3099
f 3222//3222 2418//2418 2528//2528
f 120//120 425//425 1073//1073
f 2788//2788 3352//3352 406//406
f 2431//2431 406//406 3352//3352
f 1589//1589 2799//2799 2826//2826
f 248//248 3324//3324 274//274
f 3490//3490 1730//1730 834//834
f 3490//3490 834//834 528//528
f 3587//3587 1668//1668 3324//3324
f 909//909 3495//3495 2444//2444
f 440//440 439//439 998//998
f 3559//3559 3623//3623 1698//1698
f 2880//2880 619//619 3624//3624
f 190//190 192//192 3394//3394
f 2404//2404 2266//2266 1746//1746
f 227//227 229//229 511//511
f 1816//1816 948//948 2889//2889
f 71//71 2254//2254 100//100
f 2051//2051 100//100 2254//2254
f 2846//2846 2051//2051 2254//2254
f 2846//2846 2254//2254 2255//2255
f 3557//3557 1193//1193 2764//2764
f 1957//1957 1537//1537 1536//1536
f 1848//1848 1616//1616 1615//1615
f 2982//2982 1616//1616 1848//1848
f 3512//3512 3570//3570 1753//1753
f 3512//3512 1753//1753 3511//3511
f 3570//3570 2332//2332 1753//1753
f 193//193 3082//3082 1982//1982
f 2576//2576 3163//3163 2363//2363
f 1953//1953 2126//2126 87//87
f 3113//3113 1965//1965 2776//2776
f 1067//1067 2655//2655 1008//1008
f 1374//1374 3441//3441 1439//1439
f 2780//2780 2976//2976 2264//2264
f 109//109 1234//1234 1199//1199
f 1906//1906 2933//2933 271//271
f 2193//2193 3405//3405 1560//1560
f 112//112 3267//3267 813//813
f 1166//1166 3578//3578 1726//1726
f 1906//1906 130//130 628//628
f 176//176 3217//3217 572//572
f 3464//3464 3162//3162 931//931
f 2035//2035 2657//2657 2956//2956
f 2035//2035 1355//1355 2657//2657
f 1256//1256 2243//2243 1885//1885
f 1906//1906 628//628 1105//1105
f 1581//1581 741//741 3175//3175
f 2478//2478 1750//1750 1752//1752
f 440//440 1294//1294 438//438
f 3049//3049 954//954 3552//3552
f 3049//3049 3552//3552 2547//2547
f 954//954 953//953 3552//3552
f 787//787 786//786 3272//3272
f 2919//2919 1511//1511 2221//2221
f 1334//1334 1329//1329 2496//2496
f 2261//2261 2266//2266 1526//1526
f 3240//3240 3251//3251 1213//1213
f 403//403 3121//3121 3260//3260
f 403//403 3260//3260 2733//2733
f 3477//3477 691//691 3249//3249
f 1536//1536 2633//2633 3006//3006
f 2155//2155 1201//1201 482//482
f 1049//1049 1048//1048 1884//1884
f 1049//1049 1884//1884 3133//3133
f 3439//3439 1096//1096 1189//1189
f 404//404 3625//3625 960//960
f 3523//3523 1225//1225 1224//1224
f 2206//2206 3220//3220 3015//3015
f 2780//2780 2263//2263 1432//1432
f 1988//1988 1432//1432 2263//2263
f 2593//2593 379//379 892//892
f 406//406 2431//2431 407//407
f 3338//3338 580//580 2973//2973
f 1284//1284 1693//1693 3302//3302
f 1283//1283 3302//3302 3301//3301
f 850//850 1986//1986 851//851
f 1985//1985 2969//2969 1986//1986
f 1834//1834 2112//2112 2109//2109
f 2626//2626 1725//1725 2813//2813
f 307//307 2674//2674 3388//3388
f 1362//1362 3101//3101 1487//1487
f 1363//1363 3101//3101 1362//1362
f 1485//1485 1487//1487 3101//3101
f 1957//1957 1171//1171 2941//2941
f 1494//1494 1171//1171 1957//1957
f 1493//1493 1171//1171 1494//1494
f 1170//1170 2941//2941 1171//1171
f 59//59 3265//3265 3366//3366
f 2362//2362 3366//3366 3265//3265
f 2268//2268 2362//2362 3265//3265
f 2268//2268 3265//3265 61//61
f 3419//3419 1380//1380 3322//3322
f 3419//3419 3322//3322 2644//2644
f 2240//2240 3585//3585 1216//1216
f 2777//2777 683//683 2419//2419
f 3054//3054 3568//3568 3007//3007
f 234//234 347//347 1951//1951
f 3007//3007 3568//3568 1630//1630
f 1630//1630 3568//3568 1905//1905
f 309//309 3244//3244 3161//3161
f 2914//2914 3244//3244 309//309
f 2978//2978 2914//2914 309//309
f 2230//2230 2927//2927 2627//2627
f 2443//2443 2927//2927 3385//3385
f 2443//2443 3385//3385 3386//3386
f 2213//2213 802//802 935//935
f 3319//3319 961//961 2939//2939
f 952//952 3172//3172 1559//1559
f 3538//3538 1466//1466 3172//3172
f 496//496 3385//3385 3430//3430
f 2609//2609 2723//2723 1309//1309
f 2229//2229 3430//3430 3385//3385
f 2449//2449 2599//2599 2450//2450
f 3214//3214 2599//2599 364//364
f 1822//1822 1769//1769 3025//3025
f 3084//3084 3025//3025 2473//2473
f 1769//1769 2473//2473 3025//3025
f 1637//1637 3608//3608 1636//1636
f 624//624 3390//3390 1133//1133
f 3268//3268 1606//1606 2693//2693
f 2438//2438 2488//2488 2487//2487
f 2436//2436 2438//2438 2487//2487
f 2299//2299 2488//2488 984//984
f 2143//2143 2823//2823 2030//2030
f 2023//2023 73//73 480//480
f 2874//2874 368//368 3225//3225
f 989//989 988//988 2517//2517
f 2519//2519 989//989 2517//2517
f 2874//2874 3225//3225 1102//1102
f 2455//2455 3584//3584 2456//2456
f 491//491 3225//3225 489//489
f 1102//1102 3225//3225 3224//3224
f 2506//2506 3486//3486 3485//3485
f 2526//2526 3014//3014 1487//1487
f 2117//2117 456//456 3618//3618
f 273//273 2955//2955 939//939
f 3342//3342 3331//3331 2872//2872
f 958//958 853//853 2951//2951
f 3591//3591 958//958 1782//1782
f 1827//1827 1826//1826 3602//3602
f 2642//2642 1630//1630 2335//2335
f 2642//2642 2335//2335 2334//2334
f 3203//3203 3459//3459 3241//3241
f 3459//3459 3203//3203 2498//2498
f 3195//3195 2353//2353 3399//3399
f 2426//2426 2545//2545 900//900
f 2426//2426 900//900 899//899
f 2427//2427 2426//2426 899//899
f 3420//3420 3436//3436 2725//2725
f 3313//3313 260//260 1412//1412
f 259//259 1412//1412 260//260
f 259//259 2350//2350 1412//1412
f 3420//3420 1595//1595 3436//3436
f 2728//2728 2420//2420 2353//2353
f 343//343 2353//2353 2420//2420
f 2853//2853 2848//2848 388//388
f 3375//3375 388//388 2848//2848
f 3375//3375 2848//2848 297//297
f 3104//3104 1866//1866 3551//3551
f 1231//1231 2952//2952 1501//1501
f 1501//1501 3084//3084 1499//1499
f 3229//3229 2953//2953 3626//3626
f 1230//1230 3229//3229 3626//3626
f 2973//2973 2962//2962 3443//3443
f 1230//1230 3626//3626 1231//1231
f 2952//2952 1231//1231 3626//3626
f 2953//2953 2952//2952 3626//3626
f 1940//1940 2661//2661 1348//1348
f 502//502 1348//1348 2661//2661
f 1776//1776 1775//1775 190//190
f 190//190 1775//1775 517//517
f 2729//2729 2145//2145 2144//2144
f 838//838 1486//1486 1485//1485
f 2272//2272 3095//3095 926//926
f 282//282 281//281 3095//3095
f 282//282 3095//3095 2272//2272
f 2514//2514 3047//3047 47//47
f 1337//1337 836//836 3064//3064
f 3023//3023 47//47 49//49
f 3438//3438 1347//1347 1346//1346
f 1969//1969 36//36 35//35
f 579//579 3340//3340 707//707
f 484//484 707//707 3340//3340
f 512//512 3340//3340 579//579
f 512//512 514//514 3340//3340
f 1072//1072 1071//1071 529//529
f 1713//1713 2997//2997 2996//2996
f 801//801 934//934 802//802
f 3214//3214 178//178 2599//2599
f 2825//2825 500//500 502//502
f 2825//2825 502//502 686//686
f 2600//2600 2367//2367 2369//2369
f 2369//2369 3330//3330 2600//2600
f 193//193 2270//2270 3082//3082
f 940//940 2270//2270 193//193
f 441//441 443//443 1718//1718
f 3002//3002 79//79 78//78
f 2291//2291 1557//1557 1556//1556
f 2467//2467 2469//2469 3398//3398
f 2964//2964 2400//2400 1464//1464
f 3191//3191 158//158 156//156
f 2215//2215 426//426 2912//2912
f 334//334 1712//1712 335//335
f 499//499 1206//1206 3041//3041
f 2928//2928 499//499 3041//3041
f 2572//2572 2571//2571 3100//3100
f 2345//2345 3286//3286 3600//3600
f 1012//1012 3517//3517 1010//1010
f 2488//2488 2299//2299 1755//1755
f 608//608 2589//2589 2591//2591
f 3391//3391 3437//3437 3392//3392
f 3392//3392 3437//3437 1988//1988
f 3452//3452 1892//1892 3601//3601
f 1504//1504 1503//1503 2910//2910
f 2911//2911 2910//2910 1503//1503
f 3258//3258 3621//3621 1892//1892
f 1892//1892 3621//3621 3601//3601
f 2172//2172 3601//3601 3621//3621
f 138//138 1714//1714 3194//3194
f 2349//2349 1619//1619 1618//1618
f 2414//2414 446//446 445//445
f 631//631 2845//2845 629//629
f 2715//2715 2714//2714 1045//1045
f 371//371 1045//1045 2714//2714
f 502//502 501//501 1348//1348
f 788//788 3136//3136 3284//3284
f 2249//2249 584//584 1293//1293
f 2789//2789 584//584 2249//2249
f 1293//1293 584//584 583//583
f 1378//1378 844//844 3417//3417
f 444//444 447//447 3417//3417
f 444//444 3417//3417 844//844
f 3100//3100 2475//2475 3318//3318
f 2363//2363 2268//2268 726//726
f 3539//3539 794//794 793//793
f 137//137 139//139 2680//2680
f 2897//2897 2577//2577 1051//1051
f 2515//2515 1051//1051 2577//2577
f 2904//2904 1433//1433 1987//1987
f 1854//1854 3521//3521 1855//1855
f 73//73 2389//2389 71//71
f 3312//3312 1701//1701 1543//1543
f 2854//2854 1752//1752 1751//1751
f 353//353 1301//1301 3612//3612
f 3612//3612 354//354 353//353
f 2959//2959 1310//1310 753//753
f 2959//2959 318//318 1310//1310
f 2655//2655 2129//2129 2654//2654
f 1426//1426 1437//1437 1427//1427
f 1812//1812 89//89 88//88
f 2299//2299 486//486 767//767
f 816//816 1643//1643 3627//3627
f 816//816 3627//3627 3386//3386
f 2146//2146 3367//3367 2147//2147
f 1549//1549 2443//2443 3627//3627
f 623//623 3435//3435 3363//3363
f 2577//2577 2897//2897 3118//3118
f 2577//2577 3118//3118 2905//2905
f 2996//2996 227//227 510//510
f 1895//1895 2950//2950 2949//2949
f 2929//2929 2950//2950 1895//1895
f 151//151 999//999 3094//3094
f 1922//1922 1911//1911 1249//1249
f 1910//1910 1249//1249 1911//1911
f 1249//1249 1910//1910 1250//1250
f 646//646 350//350 647//647
f 646//646 912//912 350//350
f 1190//1190 880//880 3282//3282
f 573//573 880//880 1190//1190
f 3186//3186 1386//1386 1299//1299
f 933//933 1299//1299 1386//1386
f 930//930 1299//1299 933//933
f 1299//1299 1301//1301 3186//3186
f 2388//2388 2390//2390 2618//2618
f 1554//1554 2618//2618 1416//1416
f 1645//1645 2618//2618 1554//1554
f 2470//2470 1620//1620 1621//1621
f 2334//2334 1542//1542 2642//2642
f 763//763 765//765 1542//1542
f 763//763 1542//1542 2334//2334
f 503//503 3147//3147 2705//2705
f 2706//2706 2705//2705 3147//3147
f 631//631 1700//1700 1699//1699
f 1698//1698 1700//1700 2559//2559
f 2966//2966 2965//2965 3177//3177
f 2186//2186 2185//2185 3534//3534
f 1705//1705 1704//1704 2508//2508
f 2857//2857 2913//2913 160//160
f 1786//1786 1788//1788 2507//2507
f 1708//1708 1385//1385 3563//3563
f 1688//1688 960//960 1689//1689
f 3574//3574 3289//3289 2586//2586
f 3574//3574 2586//2586 2477//2477
f 221//221 223//223 3384//3384
f 1151//1151 1153//1153 1707//1707
f 302//302 1679//1679 2994//2994
f 152//152 1707//1707 1153//1153
f 916//916 3000//3000 943//943
f 1965//1965 2406//2406 340//340
f 3211//3211 2906//2906 1358//1358
f 682//682 3149//3149 2986//2986
f 1402//1402 3027//3027 1399//1399
f 116//116 3009//3009 395//395
f 116//116 1400//1400 3009//3009
f 3009//3009 3279//3279 2104//2104
f 3009//3009 1400//1400 3279//3279
f 1317//1317 1931//1931 2783//2783
f 2822//2822 206//206 1967//1967
f 2338//2338 2822//2822 1967//1967
f 1747//1747 3181//3181 1748//1748
f 2822//2822 3453//3453 206//206
f 3453//3453 207//207 206//206
f 3453//3453 3333//3333 207//207
f 1869//1869 643//643 3271//3271
f 2842//2842 2632//2632 2841//2841
f 1870//1870 2841//2841 2632//2632
f 1289//1289 1291//1291 1165//1165
f 1072//1072 529//529 2834//2834
f 455//455 3298//3298 1849//1849
f 1132//1132 1849//1849 3298//3298
f 2053//2053 1825//1825 2199//2199
f 2459//2459 1844//1844 1843//1843
f 2459//2459 1843//1843 3538//3538
f 1467//1467 3538//3538 1843//1843
f 1467//1467 1843//1843 1842//1842
f 1467//1467 1466//1466 3538//3538
f 816//816 818//818 3542//3542
f 90//90 2708//2708 91//91
f 700//700 3588//3588 2850//2850
f 2549//2549 184//184 1//1
f 1195//1195 184//184 2549//2549
f 91//91 2708//2708 2138//2138
f 1890//1890 1915//1915 653//653
f 1890//1890 653//653 655//655
f 3628//3628 3350//3350 3629//3629
f 2816//2816 3619//3619 2617//2617
f 207//207 553//553 203//203
f 1774//1774 2942//2942 2769//2769
f 3307//3307 3630//3630 3372//3372
f 1209//1209 3630//3630 3307//3307
f 1207//1207 3372//3372 3630//3630
f 1207//1207 3630//3630 1209//1209
f 1676//1676 1675//1675 663//663
f 155//155 884//884 1675//1675
f 1938//1938 1675//1675 884//884
f 3301//3301 1975//1975 2815//2815
f 270//270 1907//1907 271//271
f 3201//3201 1507//1507 2921//2921
f 1939//1939 2921//2921 1507//1507
f 3304//3304 780//780 3472//3472
f 2006//2006 1847//1847 3304//3304
f 2840//2840 2006//2006 3304//3304
f 1790//1790 1478//1478 2422//2422
f 2840//2840 3304//3304 3472//3472
f 551//551 2439//2439 1129//1129
f 3072//3072 2308//2308 3042//3042
f 3072//3072 3180//3180 2308//2308
f 2484//2484 3469//3469 3610//3610
f 2826//2826 2484//2484 3610//3610
f 3537//3537 3610//3610 3469//3469
f 2619//2619 162//162 3509//3509
f 162//162 2480//2480 3509//3509
f 2620//2620 3509//3509 3086//3086
f 2480//2480 3086//3086 3509//3509
f 2104//2104 3262//3262 1797//1797
f 1782//1782 332//332 3591//3591
f 330//330 332//332 1782//1782
f 470//470 3536//3536 1449//1449
f 1694//1694 1449//1449 3536//3536
f 3218//3218 1694//1694 3536//3536
f 528//528 2643//2643 3490//3490
f 1285//1285 3490//3490 2643//2643
f 2557//2557 2643//2643 528//528
f 2557//2557 527//527 2643//2643
f 1808//1808 3381//3381 3592//3592
f 1808//1808 1904//1904 3381//3381
f 3571//3571 3613//3613 1945//1945
f 3571//3571 830//830 3613//3613
f 1943//1943 1945//1945 3613//3613
f 2559//2559 630//630 862//862
f 1702//1702 1701//1701 3312//3312
f 3135//3135 3284//3284 3136//3136
f 3309//3309 3311//3311 3077//3077
f 3374//3374 3473//3473 1898//1898
f 1391//1391 3613//3613 830//830
f 316//316 319//319 354//354
f 2456//2456 3584//3584 826//826
f 3190//3190 3191//3191 3364//3364
f 819//819 3397//3397 1219//1219
f 1219//1219 3397//3397 2469//2469
f 1285//1285 1203//1203 463//463
f 1285//1285 463//463 2155//2155
f 2624//2624 463//463 462//462
f 464//464 463//463 1203//1203
f 1398//1398 2520//2520 1883//1883
f 2576//2576 1883//1883 2520//2520
f 3516//3516 415//415 1382//1382
f 415//415 3516//3516 416//416
f 2430//2430 3432//3432 3564//3564
f 1829//1829 2017//2017 2124//2124
f 1232//1232 2918//2918 2260//2260
f 1232//1232 2919//2919 2918//2918
f 508//508 507//507 1791//1791
f 2989//2989 2704//2704 2703//2703
f 3414//3414 2703//2703 1788//1788
f 2989//2989 2703//2703 3414//3414
f 526//526 524//524 1956//1956
f 116//116 1401//1401 1400//1400
f 3320//3320 3523//3523 3429//3429
f 2938//2938 3523//3523 3320//3320
f 2236//2236 1096//1096 3439//3439
f 2236//2236 3439//3439 2530//2530
f 1141//1141 2980//2980 3289//3289
f 1353//1353 2875//2875 3031//3031
f 2383//2383 2800//2800 756//756
f 756//756 2800//2800 2498//2498
f 2771//2771 1415//1415 1414//1414
f 2314//2314 3010//3010 731//731
f 700//700 699//699 2838//2838
f 1534//1534 3450//3450 427//427
f 2744//2744 783//783 3605//3605
f 660//660 2151//2151 2274//2274
f 2152//2152 37//37 39//39
f 2555//2555 2554//2554 1229//1229
f 2555//2555 1229//1229 3511//3511
f 1267//1267 969//969 2080//2080
f 1740//1740 475//475 1602//1602
f 476//476 475//475 1740//1740
f 1646//1646 1482//1482 2956//2956
f 1371//1371 564//564 98//98
f 2797//2797 3185//3185 353//353
f 2675//2675 3185//3185 2797//2797
f 3487//3487 363//363 1978//1978
f 1978//1978 363//363 362//362
f 1132//1132 3298//3298 454//454
f 106//106 3264//3264 2226//2226
f 2880//2880 3624//3624 3631//3631
f 1196//1196 1727//1727 2806//2806
f 147//147 1727//1727 1196//1196
f 3042//3042 2308//2308 487//487
f 2941//2941 3563//3563 1385//1385
f 754//754 1311//1311 3427//3427
f 2463//2463 2465//2465 1519//1519
f 1157//1157 150//150 2868//2868
f 1828//1828 3109//3109 974//974
f 2981//2981 3109//3109 1828//1828
f 923//923 696//696 1573//1573
f 3437//3437 3391//3391 3400//3400
f 3437//3437 3400//3400 1691//1691
f 3246//3246 1825//1825 2053//2053
f 738//738 1825//1825 3246//3246
f 566//566 568//568 2119//2119
f 3036//3036 3271//3271 3258//3258
f 2630//2630 119//119 118//118
f 1047//1047 3254//3254 1048//1048
f 1950//1950 3254//3254 1047//1047
f 657//657 1801//1801 1800//1800
f 1708//1708 461//461 460//460
f 2372//2372 3168//3168 2127//2127
f 3023//3023 461//461 1707//1707
f 2777//2777 2883//2883 684//684
f 2514//2514 3281//3281 3047//3047
f 1731//1731 211//211 213//213
f 1096//1096 1095//1095 1187//1187
f 1881//1881 1883//1883 526//526
f 525//525 526//526 1883//1883
f 1027//1027 1875//1875 2828//2828
f 1681//1681 1396//1396 1395//1395
f 1206//1206 2175//2175 1207//1207
f 2717//2717 3478//3478 3474//3474
f 2717//2717 2716//2716 3478//3478
f 2383//2383 2494//2494 2800//2800
f 3353//3353 2800//2800 2494//2494
f 1850//1850 2251//2251 455//455
f 384//384 986//986 221//221
f 222//222 221//221 986//986
f 1856//1856 3608//3608 3377//3377
f 3247//3247 3377//3377 3608//3608
f 3247//3247 3608//3608 1637//1637
f 812//812 2726//2726 2139//2139
f 1473//1473 1143//1143 1142//1142
f 2808//2808 2809//2809 3247//3247
f 3377//3377 3247//3247 2809//2809
f 3377//3377 2809//2809 1116//1116
f 2592//2592 2593//2593 3232//3232
f 133//133 3232//3232 894//894
f 892//892 3232//3232 2593//2593
f 892//892 894//894 3232//3232
f 3392//3392 1988//1988 2263//2263
f 1926//1926 1271//1271 1484//1484
f 1926//1926 1484//1484 1483//1483
f 3407//3407 3238//3238 3239//3239
f 2274//2274 3239//3239 1917//1917
f 1859//1859 1580//1580 3090//3090
f 1859//1859 3090//3090 1263//1263
f 3358//3358 3090//3090 1580//1580
f 846//846 2765//2765 3597//3597
f 1275//1275 1277//1277 127//127
f 1278//1278 1275//1275 2425//2425
f 2799//2799 3431//3431 2798//2798
f 1589//1589 3431//3431 2799//2799
f 1233//1233 1234//1234 3039//3039
f 2225//2225 2224//2224 1042//1042
f 3520//3520 3401//3401 3120//3120
f 3145//3145 3464//3464 3526//3526
f 3526//3526 3464//3464 931//931
f 3145//3145 3526//3526 1306//1306
f 3205//3205 3404//3404 3347//3347
f 372//372 3404//3404 3205//3205
f 2256//2256 3404//3404 372//372
f 2613//2613 3296//3296 3295//3295
f 1983//1983 3247//3247 1637//1637
f 2418//2418 3483//3483 1671//1671
f 1671//1671 3483//3483 1672//1672
f 1672//1672 3483//3483 263//263
f 989//989 2519//2519 1762//1762
f 1762//1762 3237//3237 989//989
f 205//205 3572//3572 1765//1765
f 3571//3571 1765//1765 3572//3572
f 308//308 2083//2083 3158//3158
f 2082//2082 3428//3428 2083//2083
f 299//299 935//935 934//934
f 299//299 934//934 3375//3375
f 3582//3582 3540//3540 1128//1128
f 2380//2380 1126//1126 3540//3540
f 2380//2380 3540//3540 1394//1394
f 2563//2563 2934//2934 785//785
f 786//786 785//785 2934//2934
f 808//808 3378//3378 2484//2484
f 1840//1840 2246//2246 298//298
f 1840//1840 298//298 297//297
f 1668//1668 3586//3586 1669//1669
f 531//531 2339//2339 532//532
f 1387//1387 2651//2651 532//532
f 1387//1387 532//532 2339//2339
f 1002//1002 532//532 2651//2651
f 2433//2433 3576//3576 1221//1221
f 1222//1222 1221//1221 3576//3576
f 1978//1978 668//668 1976//1976
f 1626//1626 214//214 1627//1627
f 214//214 3096//3096 1627//1627
f 3018//3018 3609//3609 3017//3017
f 3018//3018 3017//3017 212//212
f 2833//2833 2832//2832 2812//2812
f 3179//3179 53//53 3609//3609
f 3179//3179 3609//3609 3018//3018
f 973//973 975//975 2017//2017
f 50//50 2049//2049 2048//2048
f 1936//1936 1937//1937 3622//3622
f 813//813 3622//3622 1937//1937
f 2984//2984 2089//2089 2088//2088
f 2534//2534 3048//3048 2524//2524
f 3465//3465 2766//2766 1698//1698
f 1519//1519 2465//2465 124//124
f 3465//3465 1698//1698 2559//2559
f 3267//3267 112//112 111//111
f 1363//1363 599//599 2690//2690
f 1363//1363 2690//2690 3252//3252
f 1824//1824 1770//1770 1769//1769
f 3381//3381 1904//1904 3053//3053
f 3568//3568 3054//3054 3053//3053
f 3379//3379 2002//2002 2951//2951
f 2347//2347 3379//3379 2951//2951
f 2253//2253 2389//2389 2388//2388
f 71//71 2389//2389 2253//2253
f 2444//2444 799//799 798//798
f 2444//2444 798//798 1556//1556
f 1930//1930 3170//3170 3500//3500
f 1928//1928 1930//1930 3500//3500
f 1884//1884 1886//1886 3505//3505
f 1884//1884 3505//3505 3133//3133
f 2352//2352 3505//3505 1886//1886
f 321//321 1833//1833 1832//1832
f 2028//2028 610//610 465//465
f 562//562 3196//3196 1851//1851
f 562//562 2464//2464 3196//3196
f 2379//2379 3196//3196 2464//2464
f 1729//1729 1728//1728 3632//3632
f 1185//1185 3489//3489 1331//1331
f 1729//1729 3632//3632 1794//1794
f 1759//1759 3632//3632 1728//1728
f 1794//1794 3632//3632 1759//1759
f 3491//3491 1644//1644 2854//2854
f 2854//2854 1644//1644 2779//2779
f 683//683 2289//2289 1678//1678
f 683//683 1678//1678 2419//2419
f 2288//2288 1678//1678 2289//2289
f 2288//2288 3068//3068 1678//1678
f 3209//3209 648//648 3585//3585
f 1925//1925 2712//2712 2099//2099
f 2100//2100 2099//2099 2712//2712
f 1582//1582 3330//3330 2416//2416
f 1582//1582 2416//2416 539//539
f 3287//3287 1961//1961 2699//2699
f 2493//2493 2416//2416 2491//2491
f 1926//1926 2712//2712 1925//1925
f 1926//1926 1483//1483 2712//2712
f 2490//2490 2832//2832 1533//1533
f 2812//2812 2832//2832 2490//2490
f 224//224 226//226 1861//1861
f 2075//2075 2074//2074 2822//2822
f 226//226 2614//2614 1861//1861
f 225//225 2277//2277 226//226
f 2984//2984 2250//2250 2089//2089
f 566//566 2089//2089 2250//2250
f 76//76 136//136 1598//1598
f 76//76 75//75 136//136
f 2042//2042 3173//3173 1117//1117
f 1503//1503 3173//3173 2911//2911
f 102//102 101//101 478//478
f 102//102 478//478 477//477
f 855//855 854//854 2710//2710
f 1522//1522 1677//1677 303//303
f 1713//1713 2328//2328 2019//2019
f 2176//2176 2328//2328 510//510
f 2697//2697 2700//2700 2698//2698
f 1194//1194 1619//1619 2349//2349
f 3587//3587 217//217 216//216
f 3361//3361 3323//3323 3620//3620
f 1821//1821 3620//3620 360//360
f 3361//3361 3620//3620 1821//1821
f 2420//2420 2728//2728 2702//2702
f 547//547 676//676 677//677
f 1370//1370 1436//1436 1368//1368
f 2660//2660 1436//1436 1370//1370
f 2680//2680 809//809 2681//2681
f 3031//3031 3213//3213 1353//1353
f 3031//3031 2208//2208 3213//3213
f 598//598 259//259 3470//3470
f 1882//1882 1881//1881 2570//2570
f 1882//1882 2570//2570 3329//3329
f 3305//3305 3406//3406 549//549
f 1881//1881 1863//1863 2570//2570
f 3167//3167 3166//3166 1865//1865
f 2570//2570 1865//1865 3166//3166
f 3167//3167 1865//1865 1864//1864
f 3204//3204 1656//1656 1045//1045
f 1457//1457 2923//2923 1455//1455
f 1682//1682 1456//1456 1455//1455
f 2933//2933 2923//2923 1457//1457
f 13//13 688//688 1428//1428
f 582//582 1428//1428 688//688
f 2041//2041 3455//3455 1474//1474
f 3217//3217 1474//1474 3455//3455
f 2673//2673 572//572 3217//3217
f 2806//2806 1080//1080 3501//3501
f 2806//2806 3501//3501 2580//2580
f 2601//2601 2580//2580 3501//3501
f 2601//2601 3501//3501 1079//1079
f 3097//3097 317//317 316//316
f 2345//2345 3600//3600 3274//3274
f 667//667 2936//2936 3299//3299
f 2068//2068 903//903 3315//3315
f 1777//1777 2068//2068 3315//3315
f 3600//3600 2783//2783 3274//3274
f 3274//3274 2783//2783 2149//2149
f 2960//2960 886//886 888//888
f 1147//1147 2824//2824 629//629
f 629//629 2824//2824 630//630
f 863//863 630//630 2824//2824
f 79//79 3003//3003 249//249
f 1731//1731 213//213 1732//1732
f 794//794 2882//2882 792//792
f 3372//3372 3551//3551 1866//1866
f 787//787 3272//3272 2482//2482
f 2752//2752 2482//2482 3272//3272
f 486//486 984//984 707//707
f 983//983 2962//2962 2973//2973
f 983//983 985//985 2962//2962
f 1464//1464 1326//1326 1450//1450
f 1443//1443 445//445 845//845
f 900//900 2545//2545 1002//1002
f 1917//1917 3308//3308 1918//1918
f 3238//3238 3308//3308 1917//1917
f 3259//3259 1898//1898 3473//3473
f 3259//3259 3473//3473 2971//2971
f 658//658 2991//2991 659//659
f 1537//1537 2867//2867 1642//1642
f 3367//3367 1642//1642 2867//2867
f 3506//3506 3554//3554 3097//3097
f 3579//3579 3097//3097 3554//3554
f 3579//3579 3554//3554 2355//2355
f 3368//3368 3367//3367 2867//2867
f 3368//3368 2867//2867 712//712
f 70//70 2876//2876 3633//3633
f 2876//2876 70//70 69//69
f 1927//1927 3633//3633 2876//2876
f 196//196 70//70 3633//3633
f 196//196 3633//3633 2346//2346
f 2344//2344 2168//2168 3286//3286
f 2344//2344 3286//3286 2345//2345
f 1867//1867 3634//3634 3354//3354
f 1867//1867 2687//2687 3634//3634
f 1932//1932 1317//1317 589//589
f 1932//1932 589//589 146//146
f 2999//2999 590//590 589//589
f 2999//2999 589//589 1317//1317
f 2330//2330 2037//2037 2595//2595
f 1089//1089 1087//1087 3470//3470
f 224//224 1862//1862 3253//3253
f 224//224 3253//3253 1528//1528
f 2151//2151 2150//2150 3239//3239
f 3407//3407 3239//3239 2150//2150
f 2527//2527 1775//1775 1774//1774
f 3294//3294 3580//3580 3295//3295
f 220//220 3580//3580 2064//2064
f 220//220 1827//1827 3580//3580
f 2947//2947 748//748 3433//3433
f 2737//2737 2720//2720 2319//2319
f 2737//2737 2953//2953 2720//2720
f 3229//3229 2653//2653 2720//2720
f 3229//3229 2720//2720 2953//2953
f 2297//2297 2248//2248 1295//1295
f 2502//2502 2641//2641 2500//2500
f 68//68 2500//2500 2641//2641
f 2500//2500 68//68 197//197
f 638//638 153//153 904//904
f 3347//3347 506//506 3348//3348
f 3242//3242 1603//1603 1605//1605
f 1333//1333 3165//3165 1941//1941
f 1250//1250 703//703 3519//3519
f 1910//1910 703//703 1250//1250
f 2181//2181 2182//2182 135//135
f 440//440 135//135 2182//2182
f 2181//2181 135//135 75//75
f 216//216 3507//3507 3617//3617
f 3275//3275 2644//2644 2343//2343
f 3407//3407 3211//3211 2719//2719
f 3407//3407 3210//3210 3211//3211
f 1469//1469 1468//1468 747//747
f 1469//1469 747//747 708//708
f 1200//1200 2595//2595 1198//1198
f 764//764 1198//1198 2595//2595
f 2037//2037 764//764 2595//2595
f 529//529 528//528 2834//2834
f 3440//3440 2834//2834 528//528
f 2678//2678 3320//3320 3495//3495
f 2695//2695 1242//1242 1409//1409
f 1954//1954 3449//3449 3061//3061
f 3060//3060 1954//1954 3061//3061
f 285//285 284//284 3449//3449
f 2972//2972 285//285 3449//3449
f 2695//2695 1409//1409 3125//3125
f 3449//3449 1954//1954 2972//2972
f 1549//1549 3627//3627 1643//1643
f 3213//3213 2208//2208 951//951
f 3213//3213 951//951 2843//2843
f 1639//1639 52//52 3635//3635
f 1639//1639 3635//3635 1640//1640
f 1978//1978 362//362 668//668
f 362//362 2915//2915 668//668
f 1143//1143 3256//3256 2980//2980
f 2981//2981 2980//2980 3256//3256
f 1207//1207 3551//3551 3372//3372
f 310//310 3108//3108 2537//2537
f 1100//1100 1716//1716 1101//1101
f 3371//3371 3108//3108 3161//3161
f 3058//3058 1772//1772 3492//3492
f 3058//3058 3492//3492 3059//3059
f 2919//2919 1223//1223 1222//1222
f 3350//3350 1223//1223 2222//2222
f 3350//3350 1221//1221 1223//1223
f 1422//1422 3399//3399 2353//2353
f 3195//3195 3399//3399 2231//2231
f 2231//2231 3399//3399 2499//2499
f 3519//3519 702//702 3497//3497
f 3055//3055 757//757 3203//3203
f 609//609 3138//3138 30//30
f 2049//2049 1639//1639 3062//3062
f 3592//3592 3636//3636 557//557
f 1487//1487 3200//3200 1362//1362
f 3200//3200 2386//2386 1362//1362
f 2054//2054 2405//2405 2964//2964
f 897//897 2964//2964 2405//2405
f 2971//2971 174//174 1732//1732
f 280//280 279//279 3611//3611
f 2166//2166 2225//2225 779//779
f 2691//2691 2011//2011 1792//1792
f 2670//2670 3148//3148 3596//3596
f 1664//1664 103//103 935//935
f 1699//1699 1698//1698 3046//3046
f 2959//2959 3527//3527 2957//2957
f 2486//2486 2551//2551 3531//3531
f 306//306 308//308 3341//3341
f 900//900 1002//1002 2651//2651
f 665//665 664//664 1507//1507
f 210//210 3283//3283 3445//3445
f 2411//2411 1667//1667 1997//1997
f 2949//2949 1798//1798 1896//1896
f 1366//1366 1420//1420 1419//1419
f 197//197 1083//1083 1611//1611
f 1081//1081 1083//1083 197//197
f 184//184 3637//3637 1086//1086
f 2285//2285 2284//2284 1130//1130
f 1005//1005 614//614 2718//2718
f 2324//2324 3494//3494 2283//2283
f 2718//2718 614//614 1636//1636
f 1431//1431 3638//3638 1429//1429
f 348//348 1338//1338 346//346
f 3426//3426 3098//3098 3570//3570
f 2461//2461 1872//1872 3040//3040
f 1008//1008 1007//1007 1067//1067
f 1006//1006 3291//3291 1007//1007
f 354//354 3231//3231 352//352
f 319//319 3231//3231 354//354
f 2095//2095 2094//2094 1312//1312
f 3319//3319 2938//2938 3320//3320
f 1141//1141 3289//3289 3574//3574
f 3433//3433 3434//3434 800//800
f 400//400 1188//1188 2533//2533
f 1758//1758 3439//3439 1188//1188
f 1758//1758 2530//2530 3439//3439
f 3384//3384 2238//2238 3127//3127
f 1879//1879 3127//3127 2238//2238
f 3087//3087 3091//3091 2931//2931
f 2931//2931 3091//3091 1043//1043
f 1800//1800 1799//1799 1913//1913
f 1800//1800 1913//1913 2447//2447
f 645//645 3124//3124 646//646
f 1383//1383 646//646 3124//3124
f 3032//3032 304//304 3067//3067
f 303//303 3067//3067 304//304
f 2169//2169 1158//1158 1994//1994
f 2313//2313 1994//1994 1158//1158
f 1283//1283 2594//2594 782//782
f 924//924 2594//2594 697//697
f 2829//2829 1462//1462 2837//2837
f 2139//2139 3316//3316 594//594
f 2502//2502 2829//2829 2641//2641
f 1657//1657 2641//2641 2829//2829
f 1322//1322 3639//3639 3291//3291
f 1007//1007 3639//3639 1067//1067
f 1007//1007 3291//3291 3639//3639
f 1322//1322 257//257 3639//3639
f 352//352 2585//2585 2584//2584
f 3429//3429 799//799 2444//2444
f 607//607 2658//2658 1673//1673
f 2372//2372 2658//2658 607//607
f 1427//1427 1940//1940 1425//1425
f 1996//1996 1425//1425 1940//1940
f 3518//3518 3517//3517 1012//1012
f 547//547 677//677 1738//1738
f 677//677 77//77 1738//1738
f 2523//2523 2522//2522 2791//2791
f 3037//3037 757//757 3280//3280
f 2149//2149 1018//1018 2645//2645
f 1884//1884 1048//1048 1885//1885
f 3476//3476 1886//1886 1885//1885
f 3476//3476 1885//1885 2243//2243
f 609//609 1695//1695 3138//3138
f 1908//1908 3212//3212 492//492
f 494//494 7//7 1339//1339
f 492//492 3212//3212 1839//1839
f 2671//2671 2670//2670 3596//3596
f 1523//1523 3499//3499 3577//3577
f 2180//2180 3577//3577 3499//3499
f 1811//1811 2156//2156 3193//3193
f 1811//1811 3193//3193 89//89
f 2156//2156 1955//1955 3193//3193
f 951//951 2208//2208 2148//2148
f 2281//2281 2280//2280 2271//2271
f 1912//1912 2722//2722 3266//3266
f 3266//3266 2722//2722 2607//2607
f 2547//2547 3553//3553 1613//1613
f 427//427 3450//3450 161//161
f 2933//2933 1906//1906 3615//3615
f 21//21 3163//3163 2520//2520
f 3358//3358 2430//2430 1044//1044
f 2788//2788 1253//1253 2789//2789
f 778//778 1666//1666 781//781
f 3076//3076 1666//1666 778//778
f 2567//2567 2566//2566 1475//1475
f 1476//1476 1475//1475 2566//2566
f 2062//2062 3410//3410 1001//1001
f 911//911 3188//3188 909//909
f 3061//3061 3607//3607 2452//2452
f 3061//3061 453//453 3607//3607
f 3061//3061 284//284 453//453
f 448//448 3607//3607 449//449
f 448//448 2452//2452 3607//3607
f 2744//2744 1870//1870 2631//2631
f 2526//2526 1487//1487 1486//1486
f 3323//3323 3629//3629 2572//2572
f 3361//3361 3629//3629 3323//3323
f 3628//3628 3629//3629 3361//3361
f 1472//1472 1471//1471 3436//3436
f 2310//2310 3436//3436 1471//1471
f 308//308 3158//3158 3341//3341
f 205//205 204//204 3572//3572
f 1978//1978 1977//1977 3487//3487
f 974//974 2018//2018 1828//1828
f 974//974 973//973 2018//2018
f 800//800 3434//3434 801//801
f 2881//2881 2184//2184 3611//3611
f 280//280 3611//3611 2184//2184
f 2586//2586 2588//2588 2477//2477
f 1857//1857 3073//3073 1858//1858
f 2237//2237 1858//1858 3073//3073
f 633//633 3073//3073 1342//1342
f 2237//2237 3073//3073 633//633
f 598//598 3470//3470 3637//3637
f 2893//2893 2285//2285 2894//2894
f 1130//1130 1129//1129 2894//2894
f 184//184 598//598 3637//3637
f 2285//2285 1130//1130 2894//2894
f 2638//2638 3346//3346 3573//3573
f 2638//2638 3573//3573 1172//1172
f 2956//2956 1482//1482 292//292
f 291//291 2688//2688 292//292
f 896//896 2454//2454 3593//3593
f 896//896 3593//3593 2849//2849
f 1274//1274 3502//3502 3593//3593
f 2849//2849 3593//3593 3502//3502
f 3279//3279 2081//2081 3262//3262
f 245//245 3264//3264 198//198
f 199//199 198//198 3264//3264
f 42//42 3207//3207 1688//1688
f 2980//2980 1141//1141 1143//1143
f 2031//2031 3615//3615 1105//1105
f 1054//1054 3442//3442 1052//1052
f 3089//3089 2072//2072 1052//1052
f 3206//3206 511//511 229//229
f 1515//1515 1514//1514 1452//1452
f 1453//1453 1452//1452 1514//1514
f 1408//1408 411//411 410//410
f 1032//1032 1748//1748 3181//3181
f 1032//1032 2770//2770 1748//1748
f 3566//3566 1748//1748 2770//2770
f 1765//1765 1764//1764 1968//1968
f 1766//1766 3462//3462 1764//1764
f 1968//1968 1764//1764 3462//3462
f 3477//3477 3249//3249 3248//3248
f 69//69 2550//2550 2876//2876
f 2549//2549 1//1 3//3
f 2530//2530 717//717 719//719
f 1759//1759 717//717 2530//2530
f 1626//1626 626//626 625//625
f 10//10 1626//1626 625//625
f 10//10 625//625 1132//1132
f 2305//2305 1804//1804 1040//1040
f 970//970 1444//1444 1369//1369
f 3420//3420 1596//1596 1595//1595
f 2164//2164 1596//1596 3166//3166
f 2164//2164 1597//1597 1596//1596
f 2778//2778 29//29 1031//1031
f 1265//1265 3393//3393 3516//3516
f 3516//3516 3393//3393 416//416
f 1648//1648 1650//1650 3269//3269
f 3370//3370 3269//3269 1650//1650
f 1545//1545 2889//2889 948//948
f 1545//1545 2890//2890 2889//2889
f 2517//2517 3002//3002 2669//2669
f 2517//2517 3003//3003 3002//3002
f 3139//3139 447//447 2413//2413
f 3221//3221 889//889 2994//2994
f 3221//3221 890//890 889//889
f 325//325 3562//3562 326//326
f 3474//3474 326//326 3562//3562
f 3221//3221 1689//1689 890//890
f 3154//3154 3140//3140 258//258
f 869//869 279//279 1095//1095
f 3611//3611 279//279 869//869
f 1492//1492 967//967 1149//1149
f 1492//1492 1149//1149 1148//1148
f 854//854 958//958 3591//3591
f 233//233 675//675 234//234
f 348//348 674//674 1818//1818
f 1734//1734 2930//2930 2596//2596
f 418//418 2596//2596 2930//2930
f 418//418 2930//2930 2102//2102
f 1751//1751 210//210 3445//3445
f 1751//1751 3445//3445 1567//1567
f 398//398 393//393 3604//3604
f 6//6 3604//3604 393//393
f 1430//1430 3008//3008 2106//2106
f 2106//2106 3008//3008 2615//2615
f 2805//2805 3008//3008 1590//1590
f 2615//2615 3008//3008 2805//2805
f 1972//1972 524//524 523//523
f 1956//1956 1971//1971 1034//1034
f 1034//1034 1971//1971 1970//1970
f 114//114 1401//1401 116//116
f 678//678 729//729 680//680
f 727//727 729//729 1918//1918
f 154//154 640//640 2855//2855
f 2370//2370 917//917 35//35
f 1969//1969 35//35 917//917
f 485//485 767//767 486//486
f 3548//3548 3481//3481 3155//3155
f 3548//3548 3155//3155 3488//3488
f 3154//3154 3488//3488 3155//3155
f 783//783 3288//3288 2302//2302
f 1429//1429 2313//2313 1160//1160
f 1429//1429 1160//1160 2969//2969
f 2196//2196 956//956 3029//3029
f 3566//3566 3029//3029 3028//3028
f 3566//3566 2196//2196 3029//3029
f 3078//3078 3311//3311 3569//3569
f 1818//1818 3078//3078 3569//3569
f 156//156 2159//2159 3363//3363
f 3296//3296 2613//2613 3497//3497
f 2613//2613 3519//3519 3497//3497
f 1429//1429 3638//3638 2313//2313
f 3311//3311 3426//3426 3569//3569
f 3210//3210 2513//2513 2578//2578
f 3548//3548 3482//3482 3481//3481
f 3548//3548 3325//3325 3482//3482
f 759//759 761//761 1633//1633
f 1878//1878 3482//3482 3325//3325
f 1878//1878 1403//1403 3482//3482
f 960//960 3625//3625 1689//1689
f 2029//2029 842//842 3555//3555
f 3092//3092 3555//3555 842//842
f 257//257 256//256 3639//3639
f 907//907 1372//1372 306//306
f 907//907 2940//2940 1372//1372
f 3359//3359 2747//2747 2743//2743
f 3359//3359 2743//2743 2295//2295
f 2296//2296 2295//2295 2743//2743
f 2508//2508 2296//2296 2743//2743
f 3043//3043 2160//2160 2138//2138
f 2346//2346 3633//3633 1480//1480
f 1488//1488 2376//2376 1489//1489
f 80//80 1204//1204 78//78
f 2906//2906 1568//1568 1358//1358
f 451//451 1358//1358 1568//1568
f 2149//2149 2645//2645 3275//3275
f 2645//2645 2644//2644 3275//3275
f 1717//1717 3447//3447 2878//2878
f 2345//2345 3275//3275 2343//2343
f 2461//2461 181//181 3532//3532
f 2972//2972 749//749 3556//3556
f 3556//3556 749//749 554//554
f 3495//3495 3320//3320 3429//3429
f 3391//3391 3082//3082 3400//3400
f 1036//1036 2234//2234 3575//3575
f 1036//1036 3575//3575 1037//1037
f 1141//1141 3574//3574 1418//1418
f 3375//3375 934//934 801//801
f 2856//2856 2519//2519 3446//3446
f 2130//2130 1901//1901 2205//2205
f 2130//2130 2205//2205 2131//2131
f 762//762 3104//3104 3551//3551
f 762//762 3551//3551 2175//2175
f 3109//3109 3108//3108 3371//3371
f 3161//3161 3108//3108 310//310
f 2296//2296 1704//1704 3489//3489
f 1331//1331 3489//3489 1704//1704
f 1958//1958 2086//2086 2085//2085
f 1698//1698 3623//3623 2976//2976
f 1067//1067 256//256 1068//1068
f 3639//3639 256//256 1067//1067
f 1321//1321 1323//1323 3640//3640
f 2860//2860 3160//3160 3467//3467
f 2860//2860 3467//3467 1245//1245
f 1247//1247 965//965 3408//3408
f 1247//1247 3408//3408 1026//1026
f 2187//2187 3425//3425 3327//3327
f 761//761 760//760 1996//1996
f 2187//2187 978//978 3425//3425
f 1066//1066 2300//2300 3617//3617
f 1045//1045 2161//2161 2715//2715
f 2715//2715 2161//2161 3043//3043
f 671//671 3484//3484 3043//3043
f 3043//3043 3484//3484 2715//2715
f 1894//1894 1598//1598 997//997
f 1894//1894 997//997 999//999
f 899//899 3186//3186 2675//2675
f 562//562 3641//3641 2464//2464
f 693//693 3249//3249 691//691
f 693//693 1155//1155 3249//3249
f 1155//1155 945//945 3249//3249
f 1436//1436 1435//1435 3589//3589
f 1436//1436 3589//3589 1368//1368
f 2957//2957 3527//3527 3435//3435
f 2105//2105 3589//3589 3142//3142
f 3142//3142 3589//3589 1435//1435
f 1797//1797 3589//3589 2105//2105
f 1530//1530 3520//3520 1024//1024
f 407//407 2431//2431 3550//3550
f 792//792 2529//2529 3550//3550
f 407//407 3550//3550 2529//2529
f 2730//2730 1795//1795 1415//1415
f 2730//2730 1415//1415 2771//2771
f 1413//1413 1415//1415 1795//1795
f 2209//2209 2793//2793 2210//2210
f 322//322 437//437 2009//2009
f 2010//2010 2009//2009 437//437
f 2609//2609 1309//1309 3093//3093
f 425//425 3093//3093 1073//1073
f 3541//3541 2497//2497 1329//1329
f 1329//1329 2497//2497 2496//2496
f 3459//3459 2497//2497 3541//3541
f 3167//3167 3226//3226 2120//2120
f 2646//2646 3226//3226 3167//3167
f 2984//2984 2088//2088 483//483
f 2984//2984 483//483 1789//1789
f 2179//2179 1497//1497 2180//2180
f 2179//2179 2183//2183 1497//1497
f 1118//1118 914//914 3080//3080
f 1118//1118 3080//3080 1179//1179
f 3139//3139 2968//2968 1982//1982
f 193//193 1982//1982 2968//2968
f 554//554 751//751 3357//3357
f 1855//1855 3521//3521 3236//3236
f 2347//2347 2951//2951 853//853
f 1321//1321 3640//3640 3343//3343
f 3343//3343 3640//3640 2098//2098
f 3575//3575 3513//3513 1037//1037
f 2098//2098 3640//3640 1506//1506
f 1323//1323 1506//1506 3640//3640
f 1605//1605 3374//3374 3242//3242
f 3242//3242 3374//3374 1518//1518
f 1516//1516 1518//1518 3374//3374
f 1887//1887 2920//2920 288//288
f 1302//1302 145//145 2686//2686
f 1302//1302 2686//2686 1303//1303
f 525//525 2920//2920 523//523
f 1887//1887 523//523 2920//2920
f 1408//1408 2924//2924 3183//3183
f 3231//3231 3230//3230 3150//3150
f 3231//3231 3150//3150 2977//2977
f 1849//1849 3561//3561 3642//3642
f 1849//1849 1133//1133 3561//3561
f 3561//3561 2856//2856 3642//3642
f 3446//3446 3642//3642 2856//2856
f 3588//3588 3642//3642 3446//3446
f 3279//3279 2117//2117 3618//3618
f 1918//1918 729//729 678//678
f 3283//3283 3180//3180 452//452
f 3180//3180 450//450 452//452
f 451//451 3283//3283 452//452
f 1849//1849 3642//3642 1850//1850
f 3588//3588 1850//1850 3642//3642
f 103//103 1664//1664 2754//2754
f 103//103 2754//2754 101//101
f 2602//2602 2599//2599 178//178
f 2602//2602 2450//2450 2599//2599
f 99//99 98//98 564//564
f 3087//3087 2931//2931 416//416
f 2995//2995 2976//2976 3623//3623
f 3559//3559 2995//2995 3623//3623
f 1515//1515 2417//2417 1695//1695
f 1342//1342 2417//2417 1341//1341
f 1515//1515 1341//1341 2417//2417
f 2504//2504 2246//2246 2551//2551
f 682//682 684//684 2585//2585
f 682//682 2585//2585 2977//2977
f 3470//3470 261//261 1089//1089
f 1419//1419 1062//1062 1367//1367
f 1063//1063 1062//1062 1419//1419
f 2859//2859 1277//1277 2739//2739
f 3506//3506 3612//3612 1300//1300
f 1301//1301 1300//1300 3612//3612
f 705//705 2639//2639 706//706
f 706//706 2639//2639 2638//2638
f 3154//3154 257//257 1321//1321
f 253//253 3643//3643 2311//2311
f 2782//2782 2311//2311 3643//3643
f 2782//2782 3643//3643 540//540
f 3643//3643 2851//2851 540//540
f 253//253 2851//2851 3643//3643
f 2106//2106 3415//3415 1431//1431
f 2637//2637 1697//1697 3479//3479
f 2226//2226 2227//2227 3233//3233
f 2649//2649 2392//2392 3524//3524
f 2649//2649 3524//3524 2650//2650
f 775//775 2650//2650 3524//3524
f 1074//1074 2034//2034 3215//3215
f 1829//1829 2124//2124 2760//2760
f 2568//2568 2760//2760 2124//2124
f 2815//2815 1226//1226 1225//1225
f 2815//2815 1225//1225 2938//2938
f 1617//1617 3284//3284 3135//3135
f 2656//2656 1570//1570 1569//1569
f 1617//1617 3135//3135 2340//2340
f 847//847 2587//2587 942//942
f 1548//1548 2316//2316 1549//1549
f 3527//3527 3364//3364 3435//3435
f 3442//3442 3089//3089 1052//1052
f 1550//1550 1643//1643 3542//3542
f 816//816 3542//3542 1643//1643
f 3262//3262 2080//2080 2118//2118
f 3262//3262 2118//2118 1797//1797
f 1455//1455 1396//1396 1682//1682
f 2249//2249 519//519 656//656
f 3388//3388 3545//3545 2082//2082
f 1084//1084 243//243 3263//3263
f 3126//3126 2880//2880 3631//3631
f 3126//3126 3631//3631 587//587
f 587//587 3631//3631 769//769
f 769//769 3631//3631 3624//3624
f 769//769 3624//3624 621//621
f 621//621 3624//3624 619//619
f 3309//3309 754//754 3427//3427
f 2859//2859 128//128 1277//1277
f 1277//1277 128//128 127//127
f 3454//3454 2483//2483 2751//2751
f 129//129 128//128 2859//2859
f 1087//1087 1086//1086 3637//3637
f 1087//1087 3637//3637 3470//3470
f 2986//2986 3581//3581 682//682
f 1506//1506 1505//1505 2058//2058
f 1556//1556 2292//2292 2291//2291
f 541//541 2057//2057 1505//1505
f 541//541 2132//2132 2057//2057
f 2131//2131 2057//2057 2132//2132
f 3221//3221 3220//3220 3471//3471
f 3221//3221 3471//3471 1140//1140
f 3221//3221 1140//1140 1689//1689
f 477//477 1140//1140 3471//3471
f 2122//2122 3635//3635 1114//1114
f 1640//1640 3635//3635 2122//2122
f 1114//1114 3635//3635 1115//1115
f 52//52 1115//1115 3635//3635
f 1262//1262 3444//3444 1005//1005
f 3085//3085 93//93 95//95
f 3085//3085 95//95 3485//3485
f 195//195 3130//3130 273//273
f 273//273 3130//3130 1813//1813
f 1396//1396 1097//1097 818//818
f 2251//2251 3618//3618 456//456
f 3279//3279 3618//3618 2081//2081
f 1258//1258 1257//1257 2785//2785
f 3295//3295 3602//3602 520//520
f 521//521 520//520 3602//3602
f 1826//1826 521//521 3602//3602
f 422//422 793//793 420//420
f 3539//3539 793//793 422//422
f 1963//1963 3603//3603 2217//2217
f 2961//2961 2217//2217 3603//3603
f 1963//1963 563//563 3603//3603
f 2516//2516 773//773 1411//1411
f 3292//3292 462//462 3543//3543
f 462//462 464//464 3543//3543
f 3220//3220 1679//1679 3015//3015
f 2763//2763 2084//2084 3557//3557
f 3557//3557 2084//2084 2086//2086
f 2764//2764 2763//2763 3557//3557
f 2679//2679 2671//2671 3596//3596
f 921//921 1479//1479 922//922
f 1481//1481 3255//3255 922//922
f 2552//2552 922//922 3255//3255
f 610//610 2028//2028 2027//2027
f 610//610 2027//2027 3110//3110
f 1656//1656 1169//1169 1168//1168
f 1656//1656 1168//1168 2162//2162
f 2160//2160 1168//1168 2740//2740
f 2838//2838 445//445 1268//1268
f 23//23 3163//3163 21//21
f 1267//1267 2838//2838 1268//1268
f 557//557 3636//3636 3541//3541
f 2367//2367 3300//3300 1079//1079
f 1395//1395 2665//2665 2664//2664
f 3300//3300 2367//2367 2600//2600
f 1421//1421 3153//3153 2948//2948
f 2443//2443 3386//3386 3627//3627
f 3617//3617 2300//2300 3122//3122
f 341//341 3644//3644 673//673
f 340//340 2406//2406 3644//3644
f 340//340 3644//3644 341//341
f 3617//3617 3122//3122 3586//3586
f 673//673 3644//3644 2406//2406
f 3243//3243 1480//1480 1479//1479
f 484//484 2955//2955 485//485
f 2957//2957 622//622 3151//3151
f 464//464 3544//3544 3543//3543
f 606//606 628//628 130//130
f 3191//3191 156//156 3363//3363
f 3301//3301 1973//1973 1975//1975
f 2902//2902 2903//2903 161//161
f 2903//2903 159//159 161//161
f 1210//1210 3383//3383 1072//1072
f 2659//2659 3383//3383 1210//1210
f 832//832 2230//2230 1360//1360
f 1037//1037 3513//3513 1756//1756
f 3207//3207 42//42 3034//3034
f 42//42 1688//1688 1139//1139
f 3547//3547 2492//2492 2790//2790
f 1960//1960 3176//3176 3496//3496
f 511//511 3348//3348 509//509
f 3469//3469 2484//2484 3378//3378
f 666//666 2214//2214 2552//2552
f 1260//1260 2617//2617 228//228
f 3144//3144 2678//2678 3188//3188
f 1020//1020 1933//1933 2060//2060
f 3388//3388 2674//2674 3056//3056
f 2245//2245 3056//3056 2674//2674
f 2322//2322 406//406 2323//2323
f 1417//1417 3190//3190 3112//3112
f 3113//3113 3112//3112 3190//3190
f 3151//3151 622//622 391//391
f 392//392 391//391 622//622
f 2393//2393 3598//3598 1539//1539
f 3599//3599 3598//3598 2393//2393
f 2691//2691 507//507 506//506
f 1792//1792 507//507 2691//2691
f 1792//1792 1791//1791 507//507
f 2342//2342 2140//2140 3118//3118
f 1993//1993 2071//2071 3192//3192
f 3530//3530 3192//3192 2071//2071
f 3594//3594 924//924 3373//3373
f 3594//3594 3373//3373 3075//3075
f 2166//2166 2168//2168 3355//3355
f 1563//1563 3532//3532 268//268
f 268//268 3532//3532 183//183
f 3019//3019 3587//3587 3324//3324
f 1159//1159 2341//2341 574//574
f 1008//1008 2556//2556 1006//1006
f 118//118 3157//3157 2630//2630
f 3288//3288 2630//2630 3157//3157
f 3341//3341 3157//3157 118//118
f 3341//3341 3158//3158 3157//3157
f 1848//1848 936//936 2982//2982
f 3522//3522 2873//2873 3062//3062
f 1257//1257 3254//3254 1950//1950
f 1310//1310 754//754 753//753
f 471//471 2875//2875 472//472
f 1353//1353 472//472 2875//2875
f 2726//2726 1246//1246 2139//2139
f 2726//2726 8//8 1246//1246
f 3317//3317 2139//2139 1246//1246
f 3317//3317 1246//1246 1245//1245
f 1252//1252 1253//1253 2322//2322
f 3055//3055 3280//3280 757//757
f 3055//3055 3054//3054 3280//3280
f 653//653 3016//3016 654//654
f 2378//2378 654//654 3016//3016
f 919//919 654//654 2378//2378
f 73//73 2390//2390 2389//2389
f 364//364 2449//2449 1600//1600
f 2511//2511 644//644 758//758
f 2617//2617 229//229 228//228
f 978//978 2188//2188 3086//3086
f 2620//2620 3086//3086 2188//2188
f 2543//2543 1745//1745 2902//2902
f 481//481 483//483 718//718
f 2982//2982 2983//2983 2635//2635
f 2846//2846 2255//2255 3119//3119
f 1813//1813 79//79 249//249
f 1813//1813 249//249 248//248
f 2098//2098 2415//2415 3344//3344
f 2581//2581 1528//1528 3253//3253
f 2690//2690 3253//3253 3252//3252
f 2690//2690 2581//2581 3253//3253
f 1824//1824 3160//3160 1770//1770
f 1334//1334 2202//2202 1330//1330
f 1913//1913 2202//2202 1334//1334
f 2540//2540 2542//2542 736//736
f 138//138 313//313 1714//1714
f 1651//1651 3405//3405 1428//1428
f 1447//1447 1490//1490 1603//1603
f 1603//1603 1490//1490 172//172
f 3235//3235 3416//3416 1935//1935
f 994//994 1935//1935 3416//3416
f 939//939 2955//2955 3052//3052
f 939//939 3052//3052 940//940
f 3114//3114 3115//3115 3100//3100
f 3353//3353 2494//2494 1868//1868
f 1868//1868 3354//3354 3353//3353
f 2716//2716 2591//2591 3478//3478
f 2590//2590 3478//3478 2591//2591
f 974//974 3371//3371 972//972
f 3109//3109 3371//3371 974//974
f 1573//1573 696//696 962//962
f 323//323 3486//3486 324//324
f 3460//3460 3459//3459 3636//3636
f 2844//2844 1958//1958 2085//2085
f 2140//2140 2342//2342 1111//1111
f 1111//1111 2141//2141 2140//2140
f 3168//3168 1315//1315 2127//2127
f 794//794 1899//1899 1900//1900
f 794//794 1900//1900 2882//2882
f 2837//2837 1658//1658 1657//1657
f 1793//1793 6//6 5//5
f 1659//1659 1658//1658 1194//1194
f 3189//3189 3216//3216 1307//1307
f 1307//1307 3216//3216 1308//1308
f 3189//3189 159//159 3216//3216
f 891//891 890//890 3625//3625
f 891//891 3625//3625 404//404
f 1689//1689 3625//3625 890//890
f 2945//2945 2212//2212 2653//2653
f 2945//2945 1995//1995 2212//2212
f 2746//2746 2879//2879 3583//3583
f 2745//2745 2879//2879 2746//2746
f 2230//2230 2627//2627 1360//1360
f 2624//2624 2155//2155 463//463
f 1105//1105 3615//3615 1906//1906
f 3520//3520 1585//1585 3401//3401
f 3633//3633 1927//1927 1480//1480
f 447//447 2802//2802 1378//1378
f 1378//1378 2802//2802 1981//1981
f 3440//3440 528//528 5//5
f 2795//2795 124//124 2465//2465
f 510//510 227//227 511//511
f 1733//1733 1845//1845 1949//1949
f 870//870 1809//1809 871//871
f 2694//2694 871//871 1809//1809
f 1089//1089 261//261 321//321
f 172//172 1604//1604 1603//1603
f 174//174 1604//1604 172//172
f 3413//3413 2983//2983 938//938
f 3413//3413 3412//3412 2983//2983
f 1215//1215 1545//1545 3240//3240
f 1215//1215 2890//2890 1545//1545
f 3419//3419 3117//3117 1916//1916
f 3419//3419 1916//1916 1381//1381
f 3267//3267 111//111 86//86
f 1724//1724 3578//3578 3234//3234
f 1726//1726 3578//3578 1724//1724
f 417//417 3544//3544 2596//2596
f 2596//2596 3544//3544 1379//1379
f 1379//1379 3544//3544 464//464
f 2236//2236 188//188 1096//1096
f 189//189 188//188 2236//2236
f 3333//3333 3321//3321 207//207
f 207//207 3321//3321 553//553
f 3332//3332 3556//3556 3321//3321
f 804//804 3152//3152 1068//1068
f 804//804 803//803 3152//3152
f 1370//1370 687//687 2660//2660
f 2583//2583 687//687 1370//1370
f 2926//2926 3005//3005 2659//2659
f 1874//1874 3005//3005 2926//2926
f 1874//1874 2926//2926 993//993
f 3007//3007 1703//1703 3054//3054
f 901//901 2070//2070 2069//2069
f 95//95 94//94 1787//1787
f 95//95 1787//1787 1786//1786
f 1701//1701 1703//1703 1541//1541
f 3164//3164 3339//3339 1233//1233
f 3164//3164 1835//1835 3339//3339
f 856//856 3339//3339 857//857
f 857//857 3339//3339 1835//1835
f 1906//1906 271//271 1907//1907
f 130//130 1907//1907 131//131
f 1324//1324 2293//2293 2292//2292
f 3114//3114 2066//2066 2065//2065
f 578//578 580//580 3338//3338
f 1530//1530 1586//1586 3520//3520
f 3520//3520 1586//1586 1585//1585
f 2799//2799 2681//2681 2484//2484
f 1897//1897 981//981 2323//2323
f 408//408 2323//2323 406//406
f 1897//1897 2323//2323 408//408
f 3065//3065 2462//2462 3493//3493
f 1278//1278 1522//1522 1276//1276
f 9//9 812//812 811//811
f 2190//2190 2534//2534 1062//1062
f 1367//1367 1062//1062 2534//2534
f 3472//3472 3564//3564 3432//3432
f 1888//1888 3564//3564 3472//3472
f 783//783 782//782 3605//3605
f 3592//3592 3460//3460 3636//3636
f 3594//3594 3605//3605 782//782
f 3075//3075 3605//3605 3594//3594
f 3297//3297 2852//2852 1146//1146
f 3297//3297 2084//2084 2852//2852
f 3183//3183 1928//1928 3106//3106
f 3241//3241 3460//3460 3381//3381
f 3592//3592 3381//3381 3460//3460
f 824//824 3584//3584 2319//2319
f 826//826 3584//3584 824//824
f 3184//3184 3088//3088 3562//3562
f 3562//3562 3088//3088 2717//2717
f 2217//2217 2961//2961 2736//2736
f 2961//2961 2960//2960 2736//2736
f 1637//1637 613//613 1984//1984
f 3154//3154 1321//1321 3488//3488
f 1829//1829 2018//2018 2017//2017
f 3350//3350 3628//3628 2432//2432
f 3360//3360 2432//2432 3628//3628
f 3628//3628 3361//3361 3360//3360
f 3363//3363 3435//3435 3364//3364
f 1828//1828 2018//2018 1829//1829
f 2232//2232 258//258 3140//3140
f 2172//2172 2199//2199 1825//1825
f 2172//2172 1825//1825 737//737
f 1169//1169 264//264 3483//3483
f 263//263 3483//3483 264//264
f 2994//2994 1679//1679 3220//3220
f 282//282 3099//3099 2485//2485
f 3575//3575 2233//2233 3513//3513
f 3122//3122 766//766 1669//1669
f 3122//3122 1669//1669 3586//3586
f 2074//2074 2481//2481 2483//2483
f 2074//2074 2483//2483 3454//3454
f 2786//2786 2787//2787 2896//2896
f 2896//2896 2787//2787 131//131
f 2222//2222 3629//3629 3350//3350
f 2572//2572 3629//3629 2222//2222
f 2313//2313 3638//3638 1992//1992
f 3415//3415 1992//1992 3638//3638
f 1431//1431 3415//3415 3638//3638
f 3357//3357 3293//3293 3479//3479
f 552//552 3357//3357 3479//3479
f 2032//2032 3479//3479 3293//3293
f 2032//2032 2637//2637 3479//3479
f 3236//3236 3521//3521 357//357
f 2986//2986 391//391 390//390
f 1924//1924 2556//2556 1008//1008
f 1006//1006 2556//2556 1923//1923
f 894//894 2907//2907 1517//1517
f 2474//2474 902//902 1581//1581
f 2474//2474 1581//1581 538//538
f 2426//2426 127//127 3187//3187
f 2426//2426 3187//3187 2545//2545
f 1692//1692 2302//2302 2083//2083
f 3158//3158 2083//2083 2302//2302
f 194//194 3081//3081 195//195
f 1267//1267 2320//2320 2838//2838
f 2902//2902 161//161 3450//3450
f 2072//2072 2424//2424 2847//2847
f 2424//2424 1576//1576 2847//2847
f 3354//3354 3634//3634 2448//2448
f 2398//2398 2448//2448 3634//3634
f 2398//2398 3634//3634 2687//2687
f 3433//3433 3504//3504 3510//3510
f 2948//2948 3510//3510 3504//3504
f 273//273 3171//3171 274//274
f 1813//1813 248//248 3171//3171
f 2474//2474 2836//2836 2070//2070
f 3503//3503 3015//3015 301//301
f 3504//3504 3503//3503 301//301
f 301//301 300//300 3504//3504
f 3082//3082 2270//2270 1690//1690
f 109//109 3039//3039 1234//1234
f 2862//2862 1726//1726 1725//1725
f 414//414 2932//2932 2224//2224
f 414//414 2224//2224 2223//2223
f 133//133 1517//1517 1516//1516
f 2127//2127 1315//1315 2128//2128
f 938//938 3518//3518 3413//3413
f 3413//3413 3518//3518 1012//1012
f 2302//2302 1692//1692 784//784
f 1556//1556 798//798 2292//2292
f 2292//2292 798//798 1324//1324
f 1324//1324 798//798 797//797
f 3297//3297 2085//2085 2084//2084
f 2844//2844 2085//2085 3297//3297
f 2238//2238 223//223 1858//1858
f 724//724 223//223 222//222
f 724//724 1858//1858 223//223
f 1816//1816 2889//2889 2888//2888
f 382//382 381//381 2306//2306
f 3521//3521 50//50 2048//2048
f 3521//3521 2048//2048 357//357
f 2128//2128 1951//1951 1950//1950
f 234//234 1951//1951 2128//2128
f 1092//1092 2145//2145 3195//3195
f 2729//2729 3195//3195 2145//2145
f 3295//3295 3580//3580 3602//3602
f 3175//3175 1182//1182 3330//3330
f 3330//3330 1182//1182 2600//2600
f 1565//1565 3517//3517 2839//2839
f 2007//2007 2839//2839 3517//3517
f 3459//3459 3541//3541 3636//3636
f 3186//3186 3185//3185 2675//2675
f 353//353 3185//3185 1301//1301
f 364//364 1600//1600 365//365
f 676//676 2047//2047 2045//2045
f 1350//1350 2045//2045 2047//2047
f 2722//2722 2723//2723 2609//2609
f 2887//2887 1180//1180 3080//3080
f 2887//2887 3080//3080 914//914
f 1781//1781 3458//3458 670//670
f 670//670 3458//3458 3033//3033
f 2892//2892 3645//3645 929//929
f 186//186 3645//3645 2892//2892
f 186//186 1117//1117 3645//3645
f 929//929 3645//3645 1502//1502
f 1117//1117 1502//1502 3645//3645
f 2844//2844 3297//3297 2845//2845
f 1295//1295 2796//2796 1343//1343
f 740//740 2580//2580 1183//1183
f 3476//3476 2243//2243 2267//2267
f 3476//3476 2267//2267 359//359
f 3063//3063 3119//3119 2255//2255
f 3491//3491 3044//3044 1644//1644
f 1644//1644 3044//3044 1680//1680
f 1837//1837 1456//1456 1682//1682
f 2775//2775 1056//1056 1055//1055
f 3583//3583 1056//1056 2775//2775
f 2879//2879 1056//1056 3583//3583
f 3614//3614 1497//1497 1496//1496
f 3614//3614 2180//2180 1497//1497
f 2795//2795 3641//3641 561//561
f 561//561 3641//3641 562//562
f 2464//2464 3641//3641 2465//2465
f 2795//2795 2465//2465 3641//3641
f 2270//2270 940//940 1768//1768
f 940//940 3051//3051 1768//1768
f 892//892 1876//1876 893//893
f 1876//1876 1292//1292 893//893
f 3498//3498 3428//3428 3545//3545
f 3498//3498 3545//3545 2503//2503
f 2082//2082 3545//3545 3428//3428
f 3019//3019 217//217 3587//3587
f 3123//3123 811//811 810//810
f 1675//1675 664//664 663//663
f 1939//1939 664//664 1675//1675
f 3183//3183 3106//3106 3125//3125
f 2164//2164 2077//2077 2076//2076
f 1997//1997 1999//1999 2409//2409
f 2861//2861 3496//3496 3277//3277
f 3176//3176 3277//3277 3496//3496
f 83//83 2925//2925 150//150
f 2868//2868 150//150 2925//2925
f 2868//2868 2925//2925 660//660
f 82//82 2925//2925 83//83
f 82//82 661//661 2925//2925
# 7290 faces, 0 coords texture

# End of File
