####
#
# OBJ File Generated by Meshlab
#
####
# Object input_mesh.obj
#
# Vertices: 1286
# Faces: 2568
#
####
vn 0.0003263894918400 0.0000444098705015 -0.0002589075422417
v 0.0775804402215406 0.0816600767445305 0.0131928568816991 0.352941 0.294118 0.101961
vn 0.0003710295548092 -0.0000837565926551 -0.0001852344685587
v 0.0786343721094786 0.0704350478317869 0.0141655947245019 0.211765 0.207843 0.192157
vn 0.0003226466934613 0.0000263377610138 -0.0003493691854983
v 0.0705395414340233 0.0754776321990929 0.0076602335543215 0.643137 0.533333 0.149020
vn 0.0000983654294171 0.0003522193007801 -0.0000900463839004
v 0.0617985991361143 0.1609578228021950 0.0331904201447141 0.666667 0.576471 0.258824
vn 0.0002289438462692 0.0001546404823557 0.0001948692936273
v 0.0645590686067473 0.1551716381328249 0.0409840412218719 0.654902 0.560784 0.215686
vn 0.0001908121343676 0.0001576767008799 -0.0000747623682138
v 0.0673679531584471 0.1564812574374225 0.0330012281381932 0.654902 0.556863 0.227451
vn 0.0001668612158422 0.0001293907670006 -0.0004662790187690
v 0.0610557791254411 0.1067466029602540 0.0036588419423684 0.611765 0.490196 0.098039
vn 0.0004635782961317 0.0001041987467794 -0.0003659331682874
v 0.0695355781166008 0.1035599743833326 0.0075802949730228 0.619608 0.498039 0.109804
vn 0.0001361543416009 0.0000738240538736 -0.0003673345435722
v 0.0605778055351893 0.0982911958909204 0.0015893075788886 0.611765 0.490196 0.101961
vn 0.0001209573714994 -0.0000016500609917 -0.0005058924426595
v 0.0549297418607755 0.0054749378241147 -0.0007606380491674 0.627451 0.533333 0.200000
vn -0.0000522926602351 0.0000015294650407 -0.0006064284685576
v 0.0478563111638040 0.0092486502065075 -0.0006814249444358 0.635294 0.549020 0.215686
vn 0.0001195677056728 0.0000008217395508 -0.0004694231407771
v 0.0586699840596223 0.0183175075625767 -0.0001131802356929 0.647059 0.556863 0.227451
vn 0.0002997656889948 0.0000248000428838 0.0004355805002445
v 0.0598786100183359 0.1421596906838107 0.0466388662847744 0.611765 0.482353 0.090196
vn 0.0002912835517104 0.0000327288962902 0.0002735029121577
v 0.0681214328228142 0.1463654502902641 0.0402443993580405 0.650980 0.552941 0.211765
vn 0.0001805063514352 0.0001301583334689 0.0003843887187132
v 0.0591067710558318 0.1501884298371891 0.0451175262948084 0.615686 0.494118 0.098039
vn 0.0001790531289154 -0.0000605072814019 0.0005859917132901
v -0.0448259928386900 -0.0495167383256608 0.0296727467945530 0.619608 0.533333 0.200000
vn 0.0000620795285207 -0.0000112943052176 0.0005700250922139
v -0.0549460301792603 -0.0497920724067573 0.0333287448514546 0.639216 0.552941 0.231373
vn 0.0001617459995364 0.0000017270949167 0.0005183912886640
v -0.0513989864968521 -0.0605639773968349 0.0323894452537170 0.647059 0.560784 0.235294
vn -0.0005337212790392 0.0000112059863987 -0.0000404321422109
v -0.0767614345360651 -0.0699347731945907 0.0175553223129005 0.635294 0.541176 0.200000
vn -0.0002676542355199 0.0000100456902547 0.0001599706833367
v -0.0743088297160734 -0.0769067844246568 0.0244580940124213 0.635294 0.541176 0.192157
vn -0.0003116582364879 0.0000179181969299 0.0002153731418623
v -0.0749149995398633 -0.0689962113243510 0.0230042904512927 0.635294 0.541176 0.180392
vn 0.0003153970235608 0.0001007938253118 -0.0003718241154753
v 0.0662028075749413 0.1498625928629155 0.0273463751228734 0.639216 0.525490 0.149020
vn 0.0002205511569203 0.0000607010308213 0.0000165054680572
v 0.0704537429333143 0.1496679261899738 0.0330497045158153 0.650980 0.556863 0.231373
vn 0.0003784877366045 -0.0000291290680052 -0.0000571805013071
v 0.0703377255558136 0.1443469673313899 0.0350669179361106 0.674510 0.588235 0.270588
vn 0.0004243709740767 0.0000472610333595 -0.0002931905875849
v 0.0655781719793838 0.1389992335818305 0.0261176975701793 0.631373 0.513725 0.125490
vn 0.0000028905636158 0.0004858005313430 -0.0001347440219323
v -0.0002111851694756 0.1594425387881583 0.0346044031285378 0.631373 0.513725 0.137255
vn -0.0000012213858691 0.0003540316537158 0.0001037707527564
v -0.0028374340974585 0.1599676147576422 0.0400114202117381 0.647059 0.552941 0.235294
vn 0.0000008210682262 0.0008167049883801 0.0002211097529268
v 0.0116163442980865 0.1599588957320592 0.0399537603552494 0.650980 0.552941 0.231373
vn -0.0001640286131027 -0.0003839891690244 0.0003785408232360
v -0.0554479358081103 -0.1542311151176919 0.0273524587411196 0.627451 0.505882 0.105882
vn -0.0000676156322423 -0.0000887974256066 0.0002976438359848
v -0.0549263145029945 -0.1474965389344009 0.0307214774152140 0.611765 0.490196 0.094118
vn -0.0002066662188145 -0.0001695764861674 0.0004216873558457
v -0.0626679005214419 -0.1462320284986447 0.0284522847715883 0.607843 0.482353 0.086275
vn -0.0000041264473090 -0.0001019074223931 0.0006095218599433
v -0.0247191606152293 0.1361818964240311 0.0511456931497302 0.611765 0.486275 0.086275
vn -0.0000106679030504 -0.0000033580874051 0.0006104997655701
v -0.0316112677211579 0.1422211800174311 0.0522063509105169 0.627451 0.501961 0.109804
vn -0.0000196889224815 -0.0001292813562695 0.0004613518437928
v -0.0331450850349159 0.1328512603263684 0.0492844188753333 0.615686 0.498039 0.098039
vn -0.0000551245063331 0.0000848097586874 0.0006312704143755
v 0.0141762937051083 -0.0329573387128097 0.0280412376530510 0.627451 0.545098 0.223529
vn -0.0000159406824908 0.0000005129212118 0.0007094645476882
v 0.0099566848071035 -0.0422884802159379 0.0290637521745883 0.643137 0.552941 0.227451
vn -0.0000101617274826 -0.0000317082027179 0.0007450049815105
v 0.0212382553833446 -0.0425352563919965 0.0310929011545139 0.643137 0.556863 0.239216
vn 0.0000300852517738 0.0001285818505538 -0.0006295467577399
v -0.0206991946643718 -0.0338801220824484 0.0027407216318872 0.623529 0.541176 0.207843
vn -0.0000262313256657 0.0000023331480211 -0.0005841891375580
v -0.0137189406564766 -0.0419254014568229 0.0019843259431847 0.600000 0.505882 0.168627
vn 0.0000160224685531 -0.0000359804849737 -0.0006382049269604
v -0.0259122039472494 -0.0423588019503473 0.0009549670692518 0.627451 0.533333 0.203922
vn -0.0003279122002929 -0.0002088603227575 0.0002894320061160
v -0.0712212914472740 -0.1441471510989590 0.0236521369098512 0.639216 0.525490 0.125490
vn -0.0002422291367156 -0.0001295987167030 -0.0000349635284602
v -0.0750310316842663 -0.1460563190110717 0.0134240524718505 0.639216 0.541176 0.207843
vn -0.0003434235546809 -0.0003198250013560 0.0000183197826272
v -0.0710382765261426 -0.1512364798621381 0.0162872056242359 0.650980 0.560784 0.235294
vn -0.0003348357914080 -0.0002452572110599 -0.0003847633943902
v -0.0715345444243716 -0.1439397978811593 0.0070512580986991 0.615686 0.494118 0.098039
vn -0.0001089785534347 -0.0000051685880417 -0.0006193999170994
v 0.0425497567631481 0.0747191506068015 0.0003931745567121 0.623529 0.529412 0.200000
vn -0.0000871047846709 0.0000056555004810 -0.0006954304316644
v 0.0399157612104187 0.0851283631332083 0.0017304479890239 0.627451 0.537255 0.207843
vn -0.0000646067175284 0.0000273392711901 -0.0005875168863791
v 0.0513118591135123 0.0830778561213120 -0.0012374171713563 0.627451 0.525490 0.180392
vn 0.0000137138387267 -0.0000513503807315 -0.0005345052984109
v -0.0321773991520467 -0.0750077875780109 0.0030522795201400 0.611765 0.521569 0.188235
vn 0.0000038202782407 -0.0000165080701036 -0.0005779680597417
v -0.0268893242723968 -0.0656754854368622 0.0009687747990096 0.619608 0.525490 0.192157
vn 0.0000375547926570 -0.0000229042214496 -0.0005799770738750
v -0.0235894793891865 -0.0784649714182908 0.0042284053764965 0.611765 0.525490 0.196078
vn -0.0002397618397888 0.0000148178960118 -0.0003075473375374
v -0.0697053582457451 -0.0503754932557268 0.0039090294375219 0.627451 0.509804 0.113725
vn -0.0001595267511041 0.0000134798572244 -0.0005028143412582
v -0.0626246398263988 -0.0429396981260330 0.0003817289984593 0.611765 0.490196 0.101961
vn -0.0001842399904463 0.0000034401883419 -0.0007602157616677
v -0.0633813352144040 -0.0568999357712761 0.0001539861108009 0.619608 0.498039 0.101961
vn -0.0000046560817528 -0.0003764052779244 0.0004596737681759
v -0.0416297930751918 0.1053034711372678 0.0400177480969878 0.623529 0.509804 0.109804
vn 0.0001591006495639 -0.0002465374992734 0.0006332223787894
v -0.0468722921249877 0.0939201014824531 0.0335277925737595 0.631373 0.537255 0.196078
vn 0.0000299419507447 -0.0001716017019085 0.0002631009135521
v -0.0410730289088940 0.0999825179086086 0.0335553509689594 0.631373 0.537255 0.196078
vn 0.0000102178190389 0.0000096721064269 0.0004630403226398
v 0.0094065091400505 0.1424478983961857 0.0522221672682846 0.611765 0.486275 0.090196
vn -0.0000017032151256 -0.0001138881815013 0.0003831291803981
v 0.0004240771006359 0.1371950591823056 0.0515809084434622 0.623529 0.498039 0.090196
vn -0.0000257641701681 -0.0001089018442150 0.0004104492654701
v 0.0067927921244800 0.1333587830036580 0.0497497662375304 0.611765 0.486275 0.082353
vn -0.0001242749342473 0.0000016941786916 -0.0004502169564585
v 0.0444266772947449 -0.0084356294392521 0.0001036169478887 0.627451 0.537255 0.207843
vn 0.0000098908321199 -0.0000001819571506 -0.0003898822820317
v 0.0527020669440274 -0.0080953064867135 -0.0011224571074927 0.623529 0.529412 0.200000
vn -0.0000955234906075 -0.0000167329393028 -0.0005863575522382
v 0.0479031389877438 -0.0183680490301494 -0.0006209718655020 0.631373 0.541176 0.215686
vn -0.0000348945480188 0.0000240007440595 -0.0005402555143910
v -0.0576518952575444 0.0867508060136847 -0.0005527146011488 0.619608 0.517647 0.172549
vn -0.0000322075352016 0.0000626250489378 -0.0005862485460323
v -0.0562860318356689 0.0995376823760780 0.0002444668348215 0.627451 0.521569 0.172549
vn 0.0000612651402881 0.0000133155851245 -0.0004215141856751
v -0.0514559737167199 0.0893220040731613 0.0003184432606980 0.619608 0.525490 0.172549
vn 0.0000420693427283 0.0001254055484318 0.0005491663776088
v 0.0257668452532447 -0.1303921869112140 0.0284616130293253 0.666667 0.596078 0.309804
vn -0.0000606889547099 0.0000105758462658 0.0004234473677787
v 0.0178049280902429 -0.1262022234193828 0.0285672677165299 0.631373 0.549020 0.219608
vn -0.0000079356124331 0.0001698701703313 0.0004963169216432
v 0.0173303263391682 -0.1364605832571771 0.0312452578502290 0.631373 0.541176 0.207843
vn 0.0000069856172657 0.0000101609422609 0.0002977807172629
v -0.0568641761269403 -0.0655116045290319 0.0334104171705150 0.635294 0.549020 0.227451
vn 0.0001193779936322 -0.0000055224556670 0.0003379138763559
v -0.0510254277228258 -0.0697408407961558 0.0323078004544238 0.643137 0.556863 0.227451
vn 0.0004123150683809 0.0000032448188832 -0.0003263358916718
v 0.0651852855064533 -0.0163038359873749 0.0046093757121753 0.650980 0.552941 0.200000
vn 0.0002328170058002 -0.0000053279703130 -0.0002534224168579
v 0.0632493700978366 -0.0245338358889551 0.0031386590203937 0.647059 0.552941 0.215686
vn 0.0001657359429671 -0.0000093483595706 -0.0006320566991588
v 0.0577973556307708 -0.0189620649007190 -0.0001377458720951 0.643137 0.552941 0.227451
vn -0.0003694655916211 -0.0001377423395248 0.0004851098517027
v -0.0705436330551498 -0.1354901716004474 0.0278427438048379 0.607843 0.482353 0.086275
vn -0.0001876127299168 -0.0000194353214248 0.0002272198954877
v -0.0717854659242435 -0.1280103482441353 0.0279207491511301 0.623529 0.505882 0.113725
vn -0.0004173111424109 -0.0000532299478458 0.0002459887134292
v -0.0764267936023291 -0.1284349450935908 0.0224137965129428 0.635294 0.521569 0.129412
vn 0.0000683765766915 -0.0000035156789552 -0.0003916678521053
v -0.0439478741437740 0.0109442127223287 0.0019203499172668 0.639216 0.545098 0.207843
vn -0.0000153035125071 -0.0000191502087154 -0.0003166114775588
v -0.0363216275013242 0.0114566773208347 0.0018633091931202 0.631373 0.537255 0.200000
vn 0.0000661144003844 -0.0000369734803886 -0.0004395853330615
v -0.0426994951241228 0.0020719924808078 0.0030911578659616 0.584314 0.490196 0.149020
vn -0.0000032358557000 0.0000259042745539 -0.0007034143303778
v -0.0137580830873047 0.0407811650900609 0.0014763868422317 0.603922 0.505882 0.172549
vn -0.0000433312168103 0.0000101906186390 -0.0005709246076525
v -0.0107293615657023 0.0482534064362885 0.0031067298016999 0.584314 0.501961 0.203922
vn -0.0000181291290039 -0.0000050144967984 -0.0005728285134301
v -0.0024333307941706 0.0374961438185261 -0.0000514304859270 0.623529 0.533333 0.200000
vn 0.0000533511120454 0.0000149617711738 -0.0006498684859321
v 0.0271821875431617 -0.0610955920704188 0.0021329019957747 0.607843 0.517647 0.188235
vn -0.0000428352923572 0.0000238995485669 -0.0005877372417494
v 0.0158642647303137 -0.0606974997430804 0.0022116770444982 0.623529 0.537255 0.215686
vn -0.0000177122778472 -0.0000244857219172 -0.0004412054432543
v 0.0217296555572874 -0.0521565214416919 0.0020769339266292 0.631373 0.549020 0.211765
vn 0.0002374389152502 -0.0002466470229143 -0.0003044593426694
v 0.0570849209465428 -0.1532604649979787 0.0090564684583562 0.627451 0.509804 0.113725
vn 0.0001227991990281 -0.0002447739554194 -0.0003534027813791
v 0.0517492207747163 -0.1512427510642681 0.0045925791892640 0.615686 0.494118 0.094118
vn 0.0001748808326001 -0.0001619741779103 -0.0005292826852147
v 0.0525533635397750 -0.1433471533560824 0.0020592691746028 0.607843 0.482353 0.086275
vn -0.0004373385417319 -0.0000197015827655 0.0003673970338783
v -0.0730269994910723 0.1453154304092865 0.0418003491993100 0.658824 0.568627 0.223529
vn -0.0002685836802718 0.0000072821769599 0.0005845334089629
v -0.0622123158998699 0.1377287527828294 0.0488989655106865 0.635294 0.529412 0.164706
vn -0.0001513841451288 0.0001555449274283 0.0004747482899700
v -0.0656058025086851 0.1479156833188993 0.0455452503918344 0.643137 0.537255 0.172549
vn 0.0000690041120704 0.0000049250886454 0.0006510713141396
v 0.0539338867345297 -0.0887268720261070 0.0334287587587933 0.639216 0.549020 0.219608
vn 0.0003357668757833 0.0000080335754238 0.0005178863443239
v 0.0609474435982185 -0.0817722273157282 0.0309753664074743 0.611765 0.513725 0.176471
vn 0.0000673866647965 0.0000079684553813 0.0005009512479204
v 0.0532368116913058 -0.0766554781510611 0.0334224737136441 0.623529 0.533333 0.200000
vn 0.0000375597239859 0.0000237389198591 -0.0007897798716529
v -0.0387737234532848 -0.0650438388674191 0.0022713058654335 0.607843 0.505882 0.145098
vn -0.0000868188613639 0.0000256474576084 0.0004859448692397
v 0.0526193764606055 0.0440824921957886 0.0319147702178125 0.654902 0.572549 0.258824
vn 0.0001360919851189 0.0000185954342423 0.0004055338463970
v 0.0594236141224196 0.0433458419293833 0.0313416106477871 0.658824 0.576471 0.262745
vn 0.0001365254094867 0.0000320149231399 0.0005567825991334
v 0.0585186760661387 0.0513393187323254 0.0313260493615216 0.643137 0.552941 0.231373
vn -0.0000876137195697 -0.0002290853925017 0.0004283150663156
v -0.0597031962295681 0.1064834780989141 0.0401718655495327 0.627451 0.521569 0.164706
vn 0.0000118436342943 -0.0001431282638815 0.0005260937619186
v -0.0570894415643147 0.0959345161604632 0.0363514845581397 0.619608 0.521569 0.172549
vn 0.0000112297119687 -0.0002405680279622 0.0004283536248135
v -0.0501182316151598 0.1070317168784496 0.0393358640145228 0.611765 0.490196 0.094118
vn 0.0002251663053413 -0.0002917691581528 0.0000847456546532
v 0.0585083100415854 -0.1563723717264524 0.0145271489431216 0.639216 0.541176 0.219608
vn 0.0001918250714963 -0.0005106209999490 -0.0000579498783204
v 0.0524214985670059 -0.1598075460738486 0.0150217957408775 0.631373 0.537255 0.211765
vn -0.0003085900174723 -0.0001229508366671 0.0005636259650148
v -0.0622767153051458 0.1251763419101740 0.0475839257683709 0.635294 0.533333 0.188235
vn -0.0003910664545219 -0.0000630893669833 0.0002959952770700
v -0.0716483533166409 0.1257790374761996 0.0389432920928923 0.647059 0.549020 0.207843
vn -0.0002414545665241 -0.0000867484828617 0.0002702327856875
v -0.0674118617044281 0.1179593363646069 0.0416117610127226 0.654902 0.560784 0.227451
vn -0.0001312759916990 -0.0000262756306134 -0.0004623188754949
v 0.0428893544052950 0.0029770027678104 0.0004973519147951 0.619608 0.529412 0.196078
vn -0.0000785280501888 -0.0000073915789788 -0.0006678431276519
v 0.0338008696996578 0.0122300804886872 0.0020327951799680 0.631373 0.549020 0.215686
vn -0.0004302951270065 -0.0001176779574922 0.0001339059346156
v -0.0769083367641180 -0.1415603227293344 0.0168877037818099 0.647059 0.549020 0.215686
vn -0.0000754278371315 0.0000827068420038 0.0005219056996957
v -0.0071547479340045 -0.0094253738425976 0.0282367828203147 0.607843 0.521569 0.203922
vn -0.0000043808374385 -0.0000448371308113 0.0006018941836855
v -0.0029981565779009 -0.0183605069328938 0.0290066239948950 0.631373 0.545098 0.223529
vn 0.0000805513530033 0.0000658743195951 0.0005848419028928
v 0.0019740326869120 -0.0106678726753450 0.0281473700357895 0.619608 0.529412 0.207843
vn -0.0001359920412183 0.0000039267126107 -0.0005258140596353
v 0.0400561040425929 -0.0250513513306859 0.0025289381544555 0.615686 0.525490 0.200000
vn -0.0000106290935718 -0.0000306422481539 -0.0004027224518532
v 0.0312900100339531 -0.0234500102963364 0.0041170270547153 0.470588 0.388235 0.101961
vn -0.0000857776763201 -0.0000237764046415 -0.0006030098152750
v 0.0381335728100321 -0.0148949315314598 0.0021465639726742 0.623529 0.533333 0.211765
vn -0.0000118627758525 0.0000124264925092 0.0003804556688803
v -0.0426069357623375 -0.1436487677641607 0.0324056676448080 0.635294 0.529412 0.164706
vn 0.0000944866862261 0.0001355398931344 0.0004714025118843
v -0.0466893045353536 -0.1360790891273053 0.0308724967722735 0.603922 0.490196 0.098039
vn -0.0000137184572386 -0.0000096196706883 0.0002958708483119
v -0.0502974489308624 -0.1418565605696921 0.0321416835772092 0.607843 0.486275 0.094118
vn 0.0000339517489716 -0.0000028314079011 0.0006463253336647
v 0.0349251750495999 -0.1438853542030606 0.0324638433232308 0.623529 0.517647 0.164706
vn 0.0000300700769337 -0.0002432425115401 0.0003918915408236
v 0.0369490529851411 -0.1531793554923130 0.0306657518875233 0.647059 0.545098 0.168627
vn 0.0000561851460336 -0.0001526641279502 0.0003386019429070
v 0.0450225663245452 -0.1513826358976746 0.0305029715784006 0.615686 0.501961 0.113725
vn 0.0004333905183871 -0.0000673944809392 0.0005771676702599
v 0.0695515528791567 0.0787973898856975 0.0243958633985859 0.647059 0.556863 0.227451
vn 0.0002663753413744 -0.0000633772795948 0.0003538233685118
v 0.0686895850050319 0.0871043973170255 0.0266343774309572 0.643137 0.552941 0.215686
vn 0.0002831764265032 -0.0001131589646458 0.0007283484940111
v 0.0586607818130531 0.0788519047191492 0.0324517665843670 0.631373 0.541176 0.211765
vn 0.0002710304902502 -0.0000281268101757 0.0004185284828298
v 0.0647863751601773 0.0702928080096458 0.0281861912664567 0.639216 0.552941 0.223529
vn -0.0003523924893167 0.0000931004226521 -0.0003109091662534
v -0.0725372050685502 0.1504332044844148 0.0288167792477666 0.631373 0.521569 0.172549
vn -0.0001269954578122 0.0001969844376465 -0.0002345814095199
v -0.0662365469119554 0.1569817098471242 0.0289195388843969 0.643137 0.541176 0.180392
vn -0.0002263725113589 0.0002774582461336 -0.0005968699813163
v -0.0643554457233818 0.1476777670511022 0.0230243252560217 0.639216 0.537255 0.184314
vn 0.0000291307847323 -0.0000200100992805 -0.0005948387918725
v 0.0528022152239790 -0.0959747310404636 0.0003758084350234 0.619608 0.501961 0.125490
vn 0.0000062217806898 -0.0000000959637207 -0.0006809609320124
v 0.0518352750752788 -0.1084122697586102 0.0006060855057077 0.623529 0.505882 0.117647
vn -0.0001241177227630 -0.0000201038593664 -0.0005142613352724
v 0.0445641150115570 -0.1000675516411622 0.0015977586972034 0.631373 0.525490 0.152941
vn 0.0002862948854783 -0.0000060041552091 -0.0004781510332467
v 0.0619175800986857 -0.1034972061494602 0.0035084642764321 0.615686 0.494118 0.094118
vn 0.0004911221909761 0.0000006890695831 -0.0002364196762170
v 0.0682115301560906 -0.1005624207653346 0.0110748722670871 0.619608 0.498039 0.094118
vn 0.0003907647127437 0.0000143034228920 -0.0002734772926714
v 0.0667931476517249 -0.1107101239492548 0.0083029451071763 0.611765 0.486275 0.086275
vn -0.0003961236065914 0.0000227673712838 0.0003769292079477
v -0.0746329856102885 0.0420639195953566 0.0225296828991553 0.631373 0.541176 0.196078
vn -0.0002555291718945 0.0000365332083097 0.0005473663275135
v -0.0664293683252870 0.0368519559676976 0.0293389081329472 0.623529 0.533333 0.200000
vn -0.0002432447342897 0.0000276035064635 0.0005508885596746
v -0.0644599544489316 0.0463832448652245 0.0294661335075215 0.615686 0.525490 0.196078
vn -0.0004361186168063 0.0000102165835176 0.0004288943574001
v -0.0720295149760559 0.0536735627167969 0.0245031695692777 0.635294 0.545098 0.211765
vn 0.0000076685133558 -0.0000339331718229 -0.0005219235205758
v -0.0265111261553864 0.0363745960850177 0.0004118069339626 0.619608 0.525490 0.192157
vn 0.0000157747269799 0.0000513467860341 -0.0004133131736504
v -0.0247871563744844 0.0446848393105121 0.0016089108994527 0.631373 0.545098 0.211765
vn 0.0002601613975631 -0.0000175116261068 0.0003950331624365
v 0.0625124005180756 -0.1238622357974956 0.0303838728672036 0.615686 0.494118 0.086275
vn 0.0001926711689402 -0.0000560063000667 0.0002914946461565
v 0.0614546035053639 -0.1339141922545956 0.0299294727572402 0.615686 0.494118 0.086275
vn 0.0005130704243680 -0.0000486133978274 0.0002875457219958
v 0.0669851810099337 -0.1279273641352371 0.0254703500000000 0.603922 0.478431 0.070588
vn -0.0004127894255346 0.0002540368842577 -0.0003346498594410
v -0.0696082137806104 0.1209631425977651 0.0134845119827263 0.654902 0.560784 0.211765
vn -0.0003275459561070 0.0000720735601645 -0.0000939450472290
v -0.0737967796551321 0.1213431071348909 0.0243546126341638 0.639216 0.537255 0.164706
vn -0.0004852368757427 0.0001524201143072 -0.0002696350495365
v -0.0716454953807023 0.1284476286912062 0.0221874419011632 0.627451 0.525490 0.156863
vn -0.0000040034104876 0.0000951681969770 -0.0005921462642769
v 0.0296645733037421 -0.0322540008120806 0.0033613392159664 0.584314 0.501961 0.172549
vn -0.0000173277262221 0.0000984043795252 -0.0004097523876739
v 0.0166633256055639 -0.0359505347060040 0.0015130880223060 0.635294 0.552941 0.227451
vn -0.0000018268118650 -0.0000009023353890 -0.0005877781399877
v 0.0199841784133442 -0.0279476665128296 0.0036171596239521 0.611765 0.529412 0.223529
vn -0.0002121789399958 -0.0000437697031056 0.0005468964837521
v 0.0413213700817821 0.0118750607705729 0.0297337920088592 0.631373 0.549020 0.219608
vn 0.0000174004332521 -0.0000700986277251 0.0005951803981265
v 0.0309223177003402 0.0102943984207998 0.0267792359876838 0.623529 0.537255 0.215686
vn -0.0000978257233571 -0.0000116774234499 0.0004094362373935
v 0.0350713344754986 0.0006111774787017 0.0246310584345654 0.545098 0.462745 0.172549
vn 0.0001724365655728 0.0000855410066564 0.0005597415568064
v 0.0507201042050773 0.1435687526414654 0.0507512180271716 0.627451 0.501961 0.101961
vn 0.0000421295759518 -0.0000691670491009 0.0004431022761270
v 0.0481640287060245 0.1315225749622037 0.0510190272432653 0.623529 0.501961 0.117647
vn 0.0002376010976923 -0.0000404359782400 0.0004871523281474
v 0.0572490721912255 0.1313359987162627 0.0482813220788647 0.615686 0.490196 0.101961
vn 0.0000569085176580 -0.0000510994776964 0.0005073771927188
v 0.0475379744845276 -0.1442468025160782 0.0319376656292333 0.619608 0.498039 0.109804
vn 0.0003293522153517 0.0000000101562817 0.0000058606620268
v 0.0703520690124686 -0.0957788098306863 0.0179681864986292 0.635294 0.541176 0.227451
vn 0.0004670180271035 0.0000061169020173 -0.0002025057648640
v 0.0686930651212739 -0.0880923114677289 0.0131272770817894 0.643137 0.525490 0.121569
vn 0.0001675718109329 0.0002282655708410 -0.0004191479701927
v 0.0557364077672674 0.1320980696778185 0.0173497898352771 0.607843 0.486275 0.082353
vn 0.0002174911675305 0.0003815463725466 -0.0004789118698801
v 0.0581280442996897 0.1238774987592862 0.0109758891665026 0.611765 0.490196 0.090196
vn 0.0000703369803082 0.0004872859488265 -0.0007219997286744
v 0.0471989376677348 0.1282496998888845 0.0122286595369496 0.603922 0.486275 0.090196
vn 0.0002336746549136 -0.0000178685155007 0.0002346071654695
v 0.0627684581060573 0.1315493222650720 0.0440825283229118 0.615686 0.498039 0.098039
vn -0.0000451529856816 0.0000164496409252 0.0004666455683630
v 0.0174010503541226 0.0607137763546470 0.0257417363149042 0.615686 0.521569 0.172549
vn 0.0000263239530634 -0.0000284689066132 0.0005972591598670
v 0.0091142556561565 0.0556585447615403 0.0235864123899501 0.580392 0.494118 0.149020
vn -0.0000507229590952 -0.0000150458776958 0.0004819770845469
v 0.0169689233336160 0.0527471185895299 0.0250147571361171 0.627451 0.541176 0.207843
vn -0.0001779275469988 -0.0000384872578967 -0.0008451061658659
v 0.0415586348723444 -0.0880578142038127 0.0017149180517587 0.627451 0.529412 0.188235
vn -0.0000089423321916 -0.0000140095977136 -0.0003033078023870
v 0.0335334232023079 -0.0903914773770761 0.0035890540508830 0.600000 0.501961 0.152941
vn -0.0000258645002232 -0.0000051554011936 -0.0006151138360137
v 0.0295616977621506 -0.0812527121210261 0.0041526833039080 0.560784 0.474510 0.145098
vn 0.0000391454955794 -0.0000092195927296 -0.0005815677669805
v 0.0250755648528312 -0.0908872222157832 0.0023315720059085 0.627451 0.533333 0.188235
vn -0.0005237001657097 -0.0000380862164054 0.0005814696281773
v -0.0723062983778301 0.0658749731583397 0.0242365022635797 0.619608 0.521569 0.184314
vn -0.0007543812907195 -0.0000472586702596 0.0001504905478346
v -0.0775096224128355 0.0775101981929133 0.0174325008412855 0.635294 0.533333 0.176471
vn -0.0007294214061993 -0.0000023683499260 0.0000891724515333
v -0.0772392594939037 0.0626049479482832 0.0168700922586511 0.631373 0.533333 0.188235
vn -0.0002028680616772 0.0001576891540593 -0.0000416609159463
v -0.0738400720736960 0.1556796857719570 0.0345477472010728 0.654902 0.560784 0.223529
vn -0.0001044039795506 0.0003626235142464 -0.0000052881693643
v -0.0679490144235839 0.1605893293898208 0.0355178400303094 0.647059 0.560784 0.231373
vn -0.0000027123760632 0.0007350746191200 -0.0004526806697338
v 0.0077552273752608 0.1571883631520578 0.0275318197569862 0.627451 0.509804 0.117647
vn 0.0000288165300574 -0.0000172544296076 -0.0006783736769444
v 0.0536507359717445 0.0447952978322770 -0.0011689292280333 0.635294 0.541176 0.211765
vn -0.0000439697099999 -0.0000062830939301 -0.0003401346289739
v 0.0503024436888399 0.0525655840334891 -0.0010451405237334 0.631373 0.537255 0.215686
vn 0.0001066314523295 -0.0000024027911157 -0.0005572050696524
v 0.0569608286818737 0.0560921335941124 -0.0009458442392446 0.623529 0.529412 0.200000
vn -0.0000110391148544 -0.0001277868902444 -0.0003246796795798
v 0.0308107890426929 -0.1508176538508348 0.0023518930905532 0.623529 0.505882 0.129412
vn -0.0000013070451740 -0.0001705792604981 -0.0002183078001594
v 0.0360747763012752 -0.1550448262783105 0.0046414894247317 0.627451 0.509804 0.129412
vn -0.0000236392916623 -0.0003635960156717 -0.0003120342687740
v 0.0268399766248772 -0.1572870117386421 0.0071919585456184 0.615686 0.494118 0.105882
vn 0.0000234489289666 -0.0000456959992225 -0.0007005630650491
v -0.0030726102803062 -0.0773253489274519 0.0034514085090729 0.619608 0.533333 0.207843
vn -0.0000356816777427 -0.0000619076690543 -0.0004086067039174
v -0.0096548926921320 -0.0697534395160589 0.0019193737385660 0.623529 0.533333 0.200000
vn -0.0000007025480497 0.0000002662406622 -0.0006960721798967
v -0.0026673130441515 -0.0657531522664613 0.0006903219032253 0.627451 0.537255 0.200000
vn -0.0000585755713544 0.0001514731202073 0.0004329133860430
v -0.0085024302233008 -0.0834389512176392 0.0285584190771246 0.619608 0.533333 0.203922
vn -0.0000285055944124 0.0000037910728670 0.0005163777843121
v -0.0032086661142604 -0.0900231603849994 0.0311474486699227 0.623529 0.533333 0.196078
vn 0.0000595015510157 0.0001056452875409 0.0004537655122920
v 0.0001234357825981 -0.0815164229395478 0.0284069378888954 0.611765 0.525490 0.192157
vn 0.0003694331030788 -0.0000162267277274 0.0001457744074743
v 0.0700883829614715 -0.0377749398266235 0.0189097249436987 0.650980 0.564706 0.239216
vn 0.0005075545159842 -0.0000102921485161 0.0004503975050604
v 0.0629217730795303 -0.0444794553241123 0.0295687051828887 0.639216 0.549020 0.219608
vn 0.0007104328255242 0.0000082216049645 0.0000328517086396
v 0.0702613432110833 -0.0488344103620313 0.0179940325993842 0.635294 0.541176 0.223529
vn 0.0000021484533647 0.0004556264372743 -0.0006206931448883
v -0.0279458819280348 0.1532750379229352 0.0229068700722428 0.623529 0.505882 0.113725
vn 0.0000019342900339 0.0002136485060826 -0.0005625251378996
v -0.0381959288005415 0.1483253663031567 0.0197682586841252 0.611765 0.490196 0.098039
vn 0.0000007522834247 0.0003322855431998 -0.0003737451414804
v -0.0422262473955230 0.1543519641125589 0.0235005791147955 0.623529 0.509804 0.121569
vn -0.0000180712006085 -0.0000481739889300 -0.0004896664660927
v -0.0033949899433169 0.0536317417294435 0.0012223289833530 0.627451 0.537255 0.203922
vn 0.0000180995388726 -0.0000057696708337 -0.0005400777947494
v 0.0016829715462969 0.0627822002150897 0.0002178312396346 0.635294 0.552941 0.215686
vn 0.0000214712323638 -0.0000526747324082 -0.0007038149856378
v 0.0089508576661264 0.0556239589367447 0.0015193496692567 0.603922 0.513725 0.180392
vn 0.0000205184879255 -0.0003017952185387 -0.0004030601518540
v -0.0384397512398257 -0.1554028001482755 0.0050350690491193 0.631373 0.509804 0.117647
vn 0.0000223435068106 -0.0001097609869800 -0.0006236672899739
v -0.0372083258850426 -0.1452718267684771 0.0009215340256399 0.631373 0.517647 0.129412
vn 0.0000277644357510 -0.0002036313670522 -0.0003311690005930
v -0.0296859200560370 -0.1530668839008676 0.0037838226873684 0.611765 0.490196 0.109804
vn 0.0000275959169402 -0.0004020738701392 -0.0002070944609255
v -0.0313739129992322 -0.1586767235147566 0.0100033193627435 0.619608 0.494118 0.101961
vn 0.0000045593497705 -0.0007374232687084 -0.0000867304918314
v -0.0143346612869046 -0.1612399478198228 0.0184908827823874 0.654902 0.560784 0.239216
vn 0.0000085718697277 -0.0002282634334546 -0.0001388741832082
v -0.0141616352569939 -0.1579358311794887 0.0103781930438855 0.623529 0.501961 0.109804
vn 0.0000040770270570 -0.0004456155394286 -0.0003003291354814
v -0.0059173035754184 -0.1563717144973410 0.0082856191739585 0.615686 0.498039 0.113725
vn -0.0000582998513848 0.0000556163657724 0.0005494392256909
v 0.0186845034315124 -0.0041783743157751 0.0277649399978414 0.639216 0.560784 0.247059
vn -0.0000676200469312 -0.0000498299058560 0.0003779474967872
v 0.0133839481896543 0.0030176728769251 0.0264268221065372 0.639216 0.560784 0.243137
vn 0.0000168592402791 0.0000441225130825 0.0005123424351732
v 0.0086371319407682 -0.0044926525426777 0.0239822863690759 0.556863 0.470588 0.156863
vn -0.0000545373093625 0.0000603177510699 0.0003960959934427
v 0.0127560136474315 -0.0116049278771323 0.0278907227252209 0.623529 0.537255 0.219608
vn 0.0002457892620990 -0.0000062909334171 0.0004683747988827
v 0.0591525249631481 -0.0628859998494350 0.0317951771933265 0.623529 0.533333 0.203922
vn -0.0000355386133785 -0.0000203654221912 0.0006245171407501
v 0.0516449538185077 -0.0534954376495165 0.0336130124261194 0.627451 0.533333 0.203922
vn -0.0000434814729703 0.0000017332021728 0.0006420421491147
v 0.0508860534059972 -0.0649350476615895 0.0335278146236667 0.623529 0.533333 0.203922
vn 0.0001041015875574 0.0002182905877079 -0.0002845136866862
v 0.0600866398373169 0.1545151488659868 0.0264088900026699 0.619608 0.498039 0.109804
vn 0.0000168583691701 -0.0004906847452251 0.0003743943781212
v 0.0163136508212688 -0.1586803891250712 0.0263629100221756 0.627451 0.513725 0.125490
vn -0.0000024766809937 -0.0003557934909710 0.0000739185512341
v 0.0071097890759538 -0.1611011275098500 0.0208564339499931 0.650980 0.552941 0.239216
vn 0.0000010089914936 -0.0004624085115405 0.0000075815750639
v 0.0165853884161437 -0.1613422091659351 0.0185968663405488 0.615686 0.517647 0.188235
vn -0.0000246785074544 -0.0000183336969582 -0.0005746226905897
v -0.0293888923146310 0.1016356569651849 -0.0008842660597848 0.623529 0.517647 0.180392
vn -0.0000463541453599 0.0000573258192021 -0.0006909843886697
v -0.0382751611813515 0.1076857890737787 0.0000646183886583 0.670588 0.580392 0.239216
vn -0.0000225553290741 0.0001815224937407 -0.0005416553709314
v -0.0296454809710405 0.1137369643393532 0.0012729034072285 0.639216 0.533333 0.180392
vn 0.0000127601350926 -0.0000189993201326 -0.0006561208790725
v 0.0092823721660839 -0.0417923871088679 0.0013784218276524 0.627451 0.537255 0.203922
vn 0.0000054061412035 0.0000537952068845 -0.0005249269854084
v 0.0099152640637756 -0.0312203095140972 0.0040933696820085 0.568627 0.490196 0.192157
vn -0.0000296159880201 -0.0000722801877693 0.0006326366092754
v -0.0111090673688567 -0.0991390730350268 0.0277243279162371 0.611765 0.533333 0.203922
vn 0.0000228428082261 0.0000042201680610 0.0006422981278516
v -0.0240579633975724 -0.1028385380348720 0.0276992692675202 0.666667 0.588235 0.294118
vn 0.0000062309647912 0.0000195819437546 0.0007479374226188
v -0.0163483482020081 -0.1126291328846623 0.0277560741683554 0.631373 0.545098 0.211765
vn -0.0000178181557725 0.0006419451177733 -0.0003197160273863
v 0.0319257729074157 0.1579650986344210 0.0287490258638137 0.623529 0.505882 0.113725
vn -0.0000164667772351 0.0005349545535110 0.0000590590543774
v 0.0387771680919013 0.1604074629837918 0.0382671932272574 0.647059 0.556863 0.235294
vn -0.0000139965642639 0.0003663935943127 -0.0001428416302327
v 0.0406224753866701 0.1584988387738966 0.0292920782183990 0.635294 0.517647 0.121569
vn -0.0000342481526345 0.0000109850602357 -0.0003472574270205
v -0.0097221240555863 -0.0820247867241461 0.0037140646977032 0.592157 0.505882 0.176471
vn 0.0000063537383815 0.0000608487042377 -0.0004601275815192
v -0.0179573937572331 -0.0858699082782657 0.0034974611084870 0.592157 0.498039 0.152941
vn -0.0000167824006858 -0.0000377935738332 -0.0003465355743771
v -0.0147652894181433 -0.0754623405830950 0.0046818779900894 0.525490 0.435294 0.129412
vn 0.0000298146775492 -0.0000277431095813 -0.0005860899767139
v 0.0306563305304169 0.0748840131001432 0.0016443873955554 0.552941 0.466667 0.145098
vn 0.0000289277359512 0.0000073716293557 0.0006034883396566
v 0.0265142303152049 0.0601126305761667 0.0255612944766161 0.619608 0.521569 0.180392
vn -0.0000826519681418 0.0000044658406250 0.0004788223522957
v 0.0350485198456755 0.0670321887226330 0.0225411360152924 0.607843 0.541176 0.266667
vn 0.0000308335801474 -0.0000497203810135 0.0007163561330630
v 0.0252694224139014 0.0711498743794063 0.0245764156625281 0.666667 0.588235 0.313725
vn 0.0001210506656484 0.0000325326138293 0.0004747501464475
v -0.0434189494668320 0.0609280864509679 0.0256482082831425 0.623529 0.533333 0.188235
vn 0.0001891793529272 -0.0000122586574199 0.0003622262912445
v -0.0495087874806655 0.0654611120858113 0.0282071054977148 0.635294 0.549020 0.203922
vn 0.0001495613923959 0.0000088549458833 0.0004098414116140
v -0.0509724063095509 0.0550541023007788 0.0294680682624574 0.635294 0.541176 0.215686
vn -0.0000553828772037 0.0000382082055620 -0.0004449910344890
v 0.0358650354614095 0.0445121518435858 0.0025898418295952 0.631373 0.549020 0.227451
vn 0.0000137506535776 -0.0000000040307145 -0.0004344874773294
v 0.0312235265127718 0.0382546584516483 0.0012298444516491 0.631373 0.537255 0.207843
vn 0.0000217071259461 0.0000589079834357 -0.0003387054608083
v 0.0270619672842187 0.0447501685958395 0.0018056300459177 0.600000 0.513725 0.184314
vn -0.0000110573337688 0.0003466902823115 -0.0005163991303015
v 0.0366198890451251 0.1288702650590651 0.0135298746243262 0.603922 0.486275 0.101961
vn 0.0000257459254475 0.0003158356412004 -0.0004117257878984
v 0.0380307741606618 0.1219515723986111 0.0068659610876964 0.615686 0.490196 0.101961
vn 0.0000127724559909 0.0003024866564323 -0.0002924348621826
v 0.0278736891702120 0.1254498943665575 0.0091797319130677 0.607843 0.490196 0.090196
vn -0.0003206127076318 -0.0000051473931703 -0.0004499838317455
v -0.0687556050991169 0.0486522326452428 0.0020191977229015 0.639216 0.541176 0.200000
vn -0.0001053916641203 -0.0000044997520576 -0.0003629214005717
v -0.0631155603130455 0.0389641701470465 -0.0003618824100336 0.619608 0.521569 0.180392
vn -0.0002005316533032 -0.0000039054341774 -0.0002693660418078
v -0.0695449253728289 0.0391184677090118 0.0026115899414465 0.619608 0.521569 0.168627
vn -0.0004431238893900 -0.0000024021332071 0.0003332942506829
v -0.0732720659867049 0.0001764050361829 0.0244273321982088 0.647059 0.552941 0.215686
vn -0.0005392543284032 -0.0000068973425189 0.0000376806220446
v -0.0765336696795471 0.0040892396866945 0.0173172810810232 0.635294 0.537255 0.203922
vn -0.0005344048970579 -0.0000163212540100 0.0000895491347053
v -0.0762834521829441 -0.0076054101032078 0.0176450813182043 0.623529 0.525490 0.180392
vn -0.0000547799581938 0.0000044008254507 -0.0005278728828513
v -0.0571955768748345 -0.0660078187636063 -0.0010079497961484 0.619608 0.498039 0.101961
vn 0.0001056119092972 0.0000374258367902 -0.0006103300139415
v -0.0496066907634023 -0.0594837878926944 0.0001745972198699 0.615686 0.498039 0.101961
vn -0.0001777306358500 -0.0001292014900147 0.0006701150288033
v -0.0622063408000689 0.0731395352512605 0.0312233680373213 0.623529 0.533333 0.188235
vn 0.0001696559207739 -0.0000913584928191 0.0005291251115297
v -0.0518424068573404 0.0732503572752849 0.0305292002652243 0.631373 0.541176 0.203922
vn 0.0001095868857815 -0.0001469860793900 0.0006267931146489
v -0.0570200800572271 0.0858327677792178 0.0349324256488191 0.635294 0.541176 0.196078
vn -0.0002209012582303 -0.0000965946331048 0.0004107649554444
v -0.0638473726919593 0.0832120940401851 0.0331613698328626 0.611765 0.513725 0.168627
vn -0.0000425368075858 0.0003654680487419 -0.0002736197478182
v -0.0594956649314356 0.1584727932762236 0.0285452938914431 0.635294 0.525490 0.160784
vn 0.0000287421125636 -0.0000918824239328 0.0004089830727589
v -0.0168089933884870 -0.0452062567334679 0.0282766711103750 0.619608 0.529412 0.200000
vn 0.0000542982870282 -0.0001059053855215 0.0004449405328435
v -0.0228376665260727 -0.0502537591422953 0.0278001136584555 0.647059 0.564706 0.239216
vn 0.0000094647819120 -0.0000588417521321 0.0004634890326950
v -0.0138136994172484 -0.0534372102946566 0.0236842743188127 0.576471 0.509804 0.219608
vn 0.0002569518110704 -0.0000007805876353 -0.0003331874832620
v 0.0657729407102779 0.0720587297264446 0.0020588001389276 0.639216 0.537255 0.180392
vn 0.0001904685551063 -0.0000104187929343 -0.0002885891860965
v 0.0658350703033394 0.0638476093368406 0.0022262266418310 0.643137 0.545098 0.196078
vn 0.0000957881145284 -0.0000024752949252 -0.0006236863199042
v 0.0594186921277368 0.0679554891733677 -0.0007111296185445 0.611765 0.509804 0.176471
vn 0.0000080843466116 -0.0000353500957300 -0.0006018870696506
v -0.0021175410811136 -0.0975891327640521 0.0031223037697904 0.611765 0.513725 0.152941
vn 0.0000156119836546 0.0000256485398006 -0.0004112991637752
v -0.0009603204372090 -0.1064843316353006 0.0034244975432225 0.607843 0.517647 0.160784
vn -0.0000452309410871 0.0000221254361430 -0.0006032598459125
v -0.0097043825811997 -0.1072710890382258 0.0037537701379383 0.600000 0.505882 0.164706
vn -0.0002078007642445 0.0001425439378962 0.0002291684564412
v -0.0702148292080639 0.1545331361271180 0.0422549683366716 0.662745 0.568627 0.247059
vn -0.0000436146169454 0.0002475939926068 0.0002721587288019
v -0.0650618164942359 0.1581099501983196 0.0416778502604366 0.650980 0.560784 0.227451
vn -0.0004931789722081 0.0000138413961434 0.0003953247693277
v -0.0716929855854429 -0.0403764512285272 0.0263689951202539 0.654902 0.564706 0.231373
vn -0.0001746423454407 0.0000139502384099 0.0002377801519168
v -0.0684055888271249 -0.0460046276481260 0.0296215228722045 0.639216 0.549020 0.231373
vn -0.0001526749029511 0.0000173015756548 0.0006151148968400
v -0.0622187372387470 -0.0411861109059410 0.0327231759363833 0.650980 0.564706 0.243137
vn -0.0003300613027106 0.0000162026227591 0.0000253820849986
v -0.0765036553589152 0.1488095792800836 0.0359401054893267 0.643137 0.545098 0.215686
vn 0.0000097964487029 0.0006220088139967 0.0001394089594072
v 0.0516904775570827 0.1609308534587522 0.0367280219921817 0.639216 0.549020 0.223529
vn 0.0000609733491147 0.0002383236769805 0.0002143570520214
v 0.0604112547951613 0.1585461311012859 0.0402876206311466 0.635294 0.533333 0.188235
vn 0.0001921948127700 0.0000429763183747 0.0005723087609669
v -0.0459889770316481 -0.0307407193808951 0.0304515643916006 0.623529 0.533333 0.203922
vn 0.0001231819693301 -0.0000064129670913 0.0004188971828397
v -0.0427643038004391 -0.0229310733760381 0.0284486379682490 0.576471 0.498039 0.180392
vn 0.0001776288417602 -0.0000062879235728 0.0005329093887061
v -0.0498624713735250 -0.0201811184553109 0.0326265043453578 0.639216 0.549020 0.227451
vn 0.0000385271830894 0.0000678503738050 0.0007480122474246
v -0.0342653887020913 -0.0322108232383479 0.0274898991813137 0.615686 0.541176 0.223529
vn 0.0000121368550106 -0.0000411959171754 0.0004670541985402
v -0.0344315252791826 -0.0205883339632715 0.0277578582738653 0.631373 0.552941 0.227451
vn -0.0004014962693905 -0.0000330830947814 -0.0000333863682089
v -0.0785519979463770 -0.1317187432465462 0.0157402886186129 0.635294 0.533333 0.188235
vn -0.0003751367829963 -0.0000688263903571 -0.0001985200215757
v -0.0752943544135586 -0.1354311304143298 0.0079855548071352 0.623529 0.501961 0.098039
vn 0.0000570914164075 -0.0000010300037827 -0.0006631025523740
v -0.0449160261425694 0.0851294832645076 0.0016579310408948 0.627451 0.537255 0.196078
vn 0.0001256873899640 0.0000147350997595 -0.0006987876038848
v -0.0500548846527363 0.0749838814527585 -0.0002524467914453 0.627451 0.529412 0.192157
vn -0.0000799545923218 -0.0000043748914756 -0.0003856284317592
v 0.0462420561747383 -0.1175859697110596 0.0014099603791919 0.607843 0.486275 0.098039
vn -0.0000888208055576 0.0000207357097834 -0.0006104716203171
v 0.0468873520170581 -0.1279237696153530 0.0014918022547065 0.611765 0.494118 0.098039
vn -0.0000915608070959 -0.0000193491069714 -0.0003005657530414
v 0.0412151336656835 -0.1211756598411750 0.0035054313438334 0.603922 0.498039 0.125490
vn -0.0000914074669217 0.0000212429431717 -0.0004468698671224
v 0.0455495568895129 0.0175213511165368 -0.0000999007738770 0.639216 0.549020 0.223529
vn -0.0000050916171854 0.0000457779354204 0.0002497892016121
v -0.0142534736611335 -0.0789131245822287 0.0231962319339115 0.564706 0.470588 0.160784
vn -0.0000683011438747 -0.0000070720159745 0.0006158827550623
v -0.0071023018244545 -0.0744579659140436 0.0269618418464817 0.635294 0.552941 0.231373
vn -0.0000043186032089 -0.0004519538194267 0.0005725667944824
v 0.0267436145820527 0.1044111282022259 0.0394221598830496 0.611765 0.490196 0.086275
vn -0.0000378325467169 -0.0002622785458897 0.0004255713533005
v 0.0204934679650670 0.0960089612884925 0.0336326502231713 0.615686 0.505882 0.156863
vn -0.0000309473127136 -0.0003131682236393 0.0004919252583217
v 0.0315433681865337 0.0924573030972463 0.0320566148824227 0.615686 0.509804 0.141176
vn -0.0000513821983766 0.0000122414529362 -0.0006473325237162
v 0.0463783086096926 0.0945048226656327 0.0005529226542211 0.603922 0.486275 0.121569
vn -0.0000737587225451 0.0000155606838291 -0.0005128614504400
v 0.0352189901205585 -0.0669130706381287 0.0023604976280967 0.600000 0.505882 0.172549
vn 0.0000187299407363 -0.0000717034741686 -0.0006090166622079
v 0.0284423304614225 -0.0725067006039262 0.0026791604576817 0.592157 0.505882 0.172549
vn -0.0000563558371308 0.0001107574305414 -0.0006704441840187
v -0.0070874036603725 -0.0319771405314314 0.0026253266510451 0.627451 0.545098 0.227451
vn -0.0000132628695196 0.0000017925190796 -0.0005121030578139
v -0.0025807667090125 -0.0414568862425265 0.0001962165613276 0.631373 0.541176 0.215686
vn 0.0005059818751082 -0.0000006829049216 -0.0000286020287941
v 0.0704687310300028 -0.1112398038838089 0.0176289849573466 0.647059 0.549020 0.227451
vn 0.0005775559497693 -0.0000129169364746 -0.0000109338672857
v 0.0700786662706058 -0.1247083570620717 0.0156946194995792 0.650980 0.556863 0.207843
vn 0.0003545997270031 0.0000019308457308 -0.0001679653135799
v 0.0686207181254290 -0.1176380920679728 0.0117363447330654 0.619608 0.490196 0.086275
vn -0.0000002716532015 -0.0000548863227892 -0.0006675619513922
v 0.0354134716634917 0.0986267890616738 0.0005664152637975 0.611765 0.509804 0.152941
vn -0.0000543451347923 0.0002157511015404 -0.0004629543253418
v -0.0516959453075725 0.1486534647369756 0.0202966311768268 0.631373 0.517647 0.137255
vn -0.0000499522124627 0.0002868086115806 -0.0003389065708721
v -0.0514618808709509 0.1552177155735648 0.0246762126726326 0.643137 0.529412 0.156863
vn 0.0004772500797455 -0.0000191482680182 -0.0002666502207710
v 0.0677988298545873 -0.0077748861007648 0.0091381460540348 0.639216 0.529412 0.149020
vn 0.0004968673172724 -0.0000039717423729 -0.0000929723976485
v 0.0699497717308498 -0.0158229277494035 0.0162843015125311 0.627451 0.525490 0.168627
vn 0.0000276852655742 0.0004688055777987 -0.0003889648087310
v 0.0492556974717139 0.1579894928180016 0.0280057200605054 0.631373 0.509804 0.125490
vn -0.0005046072552803 0.0000259371665659 0.0000279852401176
v -0.0747569592880276 0.1237344583345411 0.0318694006152169 0.631373 0.529412 0.180392
vn -0.0005890368114971 0.0000051918555572 -0.0001492978771655
v -0.0734562705687229 0.1367035196251875 0.0321797680340909 0.643137 0.541176 0.196078
vn 0.0000949339376660 -0.0000000989663332 0.0006030943470058
v -0.0366036432380394 -0.0416441499084298 0.0289924405063353 0.607843 0.517647 0.192157
vn 0.0000383177542354 -0.0000891048433135 0.0005474318866148
v -0.0335596577840095 -0.0491310542045060 0.0278185625753041 0.635294 0.556863 0.235294
vn -0.0000033471057658 -0.0000146270091084 0.0004812814680184
v -0.0267451622640324 -0.0440547916107686 0.0300623609339080 0.631373 0.545098 0.219608
vn -0.0000240997574595 0.0003264201801979 0.0003157567107784
v -0.0437888660640945 0.1567668817415234 0.0438224849388186 0.611765 0.494118 0.109804
vn -0.0000418460229657 0.0002003411919288 0.0003725093334650
v -0.0490399247604014 0.1502242929733889 0.0481743687794104 0.619608 0.498039 0.105882
vn -0.0000364826252678 0.0002645469857797 0.0005346412416456
v -0.0396498349178743 0.1511903014994729 0.0486337362355777 0.619608 0.501961 0.105882
vn -0.0000041488466613 -0.0000333037100922 -0.0006265670866157
v -0.0030500496257385 0.0124704513917991 0.0005607290036614 0.623529 0.533333 0.200000
vn -0.0000229779049094 -0.0000236785346522 -0.0003455925491674
v -0.0112985006245222 0.0103321266086086 0.0017051146369346 0.607843 0.513725 0.176471
vn -0.0000491986781699 0.0000615557712849 -0.0003940488908215
v -0.0098994922682641 0.0187946805643699 0.0022941404431042 0.611765 0.525490 0.200000
vn 0.0000184918222447 0.0000792224083598 -0.0005397947207403
v -0.0184199777077491 0.0152375518324774 0.0019292581377022 0.588235 0.478431 0.129412
vn -0.0000228491752151 -0.0000422344575815 -0.0004592001791070
v -0.0359357200652542 -0.0457337059919695 0.0022620577429741 0.603922 0.505882 0.164706
vn -0.0000211126597694 0.0000766754561681 -0.0005835442856535
v -0.0335121164017375 -0.0361691018588352 0.0019604941441831 0.615686 0.525490 0.192157
vn -0.0000038719932459 0.0002788559404135 0.0002572517637655
v 0.0336277443622135 0.1566053021208578 0.0446667570734762 0.623529 0.505882 0.113725
vn 0.0000342169397202 0.0003690384343194 0.0003398394475308
v 0.0423371976706383 0.1565773229981500 0.0447463083258005 0.639216 0.521569 0.117647
vn -0.0000031217978691 0.0003062868201429 -0.0004499108276369
v -0.0158629218514275 0.1201574848749738 0.0043405516125854 0.619608 0.501961 0.117647
vn -0.0000161093902499 0.0003426106544000 -0.0004246353452691
v -0.0110547605446014 0.1285494979238561 0.0134619556832439 0.600000 0.478431 0.082353
vn -0.0000131249626437 0.0002619464028030 -0.0003306871488050
v -0.0072619871348320 0.1204005403137278 0.0043916857752251 0.623529 0.505882 0.121569
vn 0.0000123265789445 0.0003399829562265 -0.0006495642314038
v -0.0003967022921838 0.1489947569751575 0.0199019869775111 0.627451 0.509804 0.117647
vn 0.0000013971777032 0.0004695396200362 -0.0003287143670534
v -0.0071373514813005 0.1553519217995007 0.0249562406606152 0.623529 0.505882 0.125490
vn 0.0000088136700785 -0.0000622523846360 -0.0006669969276324
v 0.0038550703414744 -0.0199214378825215 0.0025611486466620 0.600000 0.509804 0.176471
vn 0.0000193594457390 0.0000223825394537 -0.0004358689984273
v 0.0012649389641330 -0.0285594290060710 0.0035180730846523 0.611765 0.533333 0.231373
vn -0.0001084925016663 -0.0000185388195082 0.0005833609896282
v 0.0454284865447771 -0.0439403999397340 0.0331411611174228 0.635294 0.541176 0.211765
vn 0.0000355507906022 0.0000027903686082 0.0004561963407473
v 0.0525677708521317 -0.0338963472532487 0.0337041851453462 0.627451 0.537255 0.203922
vn -0.0001837668129471 0.0000346848820023 0.0005308245242835
v 0.0446506275699392 -0.0326377330300294 0.0326326114694461 0.635294 0.549020 0.223529
vn 0.0000567655689999 -0.0000000838237370 0.0005827111407091
v 0.0512245163040008 -0.0234704585883898 0.0337983871017027 0.603922 0.509804 0.180392
vn 0.0000843219626358 0.0000320747557590 0.0003974900300100
v -0.0410873440352353 -0.0791261186180578 0.0249623380381964 0.529412 0.454902 0.149020
vn 0.0002456378198123 0.0000232998793167 0.0004868752271019
v -0.0482661661670570 -0.0786272535963328 0.0307862907070536 0.615686 0.525490 0.192157
vn 0.0001027430470764 0.0000847944443265 0.0007305406903560
v -0.0404458630285427 -0.0876386060791824 0.0285904709588581 0.635294 0.552941 0.219608
vn -0.0000942525091318 0.0000800498372636 0.0005968772460537
v 0.0177551567506797 -0.1056185071076698 0.0286671504627970 0.631373 0.556863 0.250980
vn 0.0000447721163007 0.0000478291284950 0.0005016778270652
v 0.0262948302723483 -0.1122971299610371 0.0298180944275025 0.647059 0.560784 0.235294
vn 0.0000778805771870 -0.0000421494978185 0.0008476268165574
v 0.0276558093905862 -0.1013906835733593 0.0281621912127997 0.600000 0.517647 0.196078
vn 0.0000125324052551 0.0000122057480975 0.0004687329805552
v -0.0274542541772588 -0.0141164787955015 0.0294512006987697 0.623529 0.537255 0.207843
vn 0.0000043532603638 0.0000041766316195 0.0002061327174409
v -0.0342755089639807 -0.0137894748212434 0.0285351468643516 0.611765 0.525490 0.200000
vn 0.0000083350373678 -0.0002851614161619 0.0005999042137573
v 0.0356781738711030 0.1101207635076569 0.0449676876912299 0.623529 0.505882 0.133333
vn 0.0000814440307868 -0.0004498358196764 0.0006502518308030
v 0.0490480847772631 0.1097943241465408 0.0430221177602208 0.631373 0.517647 0.129412
vn 0.0000080408988521 -0.0001511199519333 0.0004720953744996
v 0.0475273533029996 0.1178575669760352 0.0478143558875097 0.611765 0.498039 0.117647
vn -0.0002172645076325 -0.0000094680188703 -0.0002437121018312
v -0.0695309741580947 -0.0056792153112242 0.0040405446274756 0.631373 0.517647 0.160784
vn -0.0003686981784958 -0.0000123870382480 -0.0001915827585282
v -0.0741473133791932 -0.0102053550773437 0.0103717420762105 0.635294 0.517647 0.129412
vn -0.0004526423065305 -0.0000121473976214 -0.0002388415563984
v -0.0739985886113645 -0.0022436349405387 0.0094699882333136 0.623529 0.513725 0.141176
vn -0.0005873928310183 -0.0000231855827136 -0.0003302336406064
v -0.0744500412370869 0.0119413314389331 0.0093829837218667 0.631373 0.525490 0.160784
vn -0.0001954092868785 -0.0000105711672713 -0.0002930725969805
v -0.0686258534254142 0.0118774815860117 0.0029835692916647 0.631373 0.525490 0.164706
vn -0.0002770509705525 -0.0000072784461653 -0.0003450737139958
v -0.0684365272290696 0.0030819257571945 0.0031194231263331 0.631373 0.529412 0.180392
vn -0.0002939125997642 -0.0000175783775988 -0.0003762768707541
v -0.0701129483148207 0.0205183288796193 0.0035692203345785 0.623529 0.517647 0.160784
vn -0.0003633207683702 -0.0000642550032930 0.0003539832994589
v -0.0688302389928547 0.1337035293340730 0.0440516857777681 0.647059 0.549020 0.196078
vn -0.0000054455908958 -0.0001210308258775 0.0006091133036441
v -0.0531918041971125 0.1296921188200665 0.0507288327602197 0.619608 0.501961 0.121569
vn 0.0004103230804799 -0.0002766241805550 0.0000022524761043
v 0.0653520020180380 -0.1492476472455690 0.0162268830266707 0.635294 0.541176 0.211765
vn 0.0004011551166633 -0.0002136677633791 -0.0004159386705022
v 0.0639904027021303 -0.1438570867873319 0.0082722683807275 0.619608 0.498039 0.098039
vn 0.0006274390728363 -0.0001165294826469 -0.0000154340562969
v 0.0702367631785527 -0.1384856184281125 0.0151402901348560 0.635294 0.541176 0.215686
vn 0.0000392521902572 -0.0000232593819754 0.0005708678059127
v -0.0353073511073760 0.0028476124102601 0.0264881227049336 0.603922 0.521569 0.211765
vn 0.0000157438092813 0.0000754503430004 0.0004790389260827
v -0.0340135459888570 -0.0073553242030432 0.0274809057339080 0.615686 0.537255 0.219608
vn 0.0000647924006621 0.0000315495814578 0.0006392683521809
v -0.0244093610771413 -0.0028485038724040 0.0271671652046630 0.654902 0.584314 0.290196
vn -0.0000018589062056 0.0000060603283193 0.0005670859241395
v -0.0272610422596958 0.0086057595556133 0.0286242907145922 0.615686 0.525490 0.203922
vn -0.0001103076425717 0.0000009313513705 0.0005034182462134
v -0.0615686304271022 -0.0586668792837499 0.0326882802501652 0.643137 0.556863 0.235294
vn -0.0000931892682086 -0.0000029560908999 0.0002954904580541
v -0.0629779083460514 -0.0499602991716364 0.0325048918623740 0.643137 0.560784 0.239216
vn -0.0001886912570706 0.0000005153514634 0.0002834083370538
v -0.0692098685906383 -0.0536813281160293 0.0292495956417632 0.639216 0.552941 0.223529
vn -0.0004193968352722 0.0000048381795844 0.0004648832125822
v -0.0692687019449625 -0.0647076061672670 0.0293120860175219 0.635294 0.541176 0.207843
vn -0.0000993449340953 -0.0000668339708845 0.0005823448784397
v -0.0580404842439429 -0.1384944321951220 0.0318785533229368 0.611765 0.486275 0.090196
vn -0.0000159317455472 0.0000003311856052 0.0005561245910160
v -0.0570964653784432 -0.0763623845970605 0.0335307818729911 0.643137 0.556863 0.227451
vn 0.0000175801685350 0.0001981658093741 -0.0006127273711503
v 0.0224396474050034 0.1132759810052874 0.0009783421682024 0.615686 0.501961 0.129412
vn 0.0000233233979848 0.0003094114608665 -0.0004584589210382
v 0.0283766740643493 0.1190564510397345 0.0040576357615952 0.619608 0.498039 0.113725
vn 0.0000366818400893 0.0001824261999447 -0.0004694361289647
v 0.0354416832816699 0.1140649357328506 0.0020198276245795 0.631373 0.517647 0.137255
vn -0.0003316127548767 -0.0000213478895339 0.0001238963857950
v -0.0740541157040544 0.1341297282939247 0.0353678067624335 0.623529 0.529412 0.196078
vn 0.0000083872962699 0.0000547966863106 0.0005851404288307
v -0.0343691551007039 0.0187519301758068 0.0260704265562220 0.596078 0.517647 0.207843
vn 0.0000327864874689 0.0000525644159210 0.0006419996084813
v -0.0223333236769621 0.0161525479592438 0.0272510018864288 0.635294 0.552941 0.235294
vn -0.0001099855447312 -0.0000040823288071 0.0003364418546682
v -0.0628787390515434 -0.0687153035435868 0.0325075190076304 0.635294 0.545098 0.211765
vn 0.0003393847912810 -0.0000114303907961 -0.0003740156660505
v 0.0653426575622597 0.0008117054301201 0.0043329045091294 0.635294 0.529412 0.168627
vn 0.0004027554882393 -0.0000164786028278 -0.0002255809163015
v 0.0680240671216797 0.0112807526957300 0.0085020770287083 0.643137 0.533333 0.156863
vn 0.0004477261365529 -0.0000090112542790 -0.0001377052807398
v 0.0685956297508819 0.0023982285713620 0.0101754120763940 0.619608 0.505882 0.121569
vn -0.0001075222224473 -0.0000313745100585 -0.0005563055819861
v 0.0395280580406345 -0.0752472624441371 0.0023919535847432 0.603922 0.513725 0.172549
vn -0.0001074458741808 0.0001807719959778 0.0004724830356071
v -0.0576639920525647 0.1464075725916268 0.0487876281459612 0.631373 0.517647 0.145098
vn 0.0000721597353764 -0.0003425720809777 -0.0003039235700975
v 0.0428542243086405 -0.1572718001643270 0.0065900675957539 0.623529 0.501961 0.121569
vn 0.0002747784025514 -0.0004054187835811 0.0004382421078907
v 0.0519910511638872 -0.1526533329752718 0.0274582533992419 0.635294 0.517647 0.121569
vn 0.0000399115280850 -0.0001677402064061 -0.0005356941702649
v 0.0400297986935758 -0.1489865544705169 0.0017250959658462 0.600000 0.474510 0.086275
vn 0.0000050752493751 0.0001797279439654 0.0005274584532854
v 0.0073776394575689 -0.1370341737039974 0.0311493241131149 0.611765 0.521569 0.180392
vn -0.0000127592612790 0.0001216888396253 0.0002999749529453
v 0.0124521702697151 -0.1325246886328600 0.0279408304648446 0.592157 0.517647 0.196078
vn 0.0001114905583944 -0.0005751738696367 0.0003225648851278
v 0.0437159950515450 -0.1591464548456019 0.0240403712627610 0.631373 0.513725 0.125490
vn 0.0000165357264011 -0.0006142249722242 0.0003374100731698
v 0.0284458326259929 -0.1593585764189816 0.0248765873827161 0.623529 0.501961 0.098039
vn 0.0000251152448116 -0.0000021435743146 -0.0006603910017094
v -0.0485608436136211 -0.1409378631500987 0.0001096235394979 0.619608 0.494118 0.094118
vn -0.0000147416619934 -0.0001879557299319 -0.0004871529657484
v -0.0481249243820391 -0.1502042668267809 0.0017796298233329 0.623529 0.501961 0.105882
vn -0.0001776569279879 -0.0002664061103317 -0.0006870291671785
v -0.0597213766048186 -0.1461061126191089 0.0017784123490366 0.603922 0.474510 0.078431
vn -0.0003096456158246 0.0000237135890743 -0.0004491186932673
v -0.0721056063334860 -0.1177667791039851 0.0037776256849072 0.623529 0.505882 0.101961
vn -0.0001364306852839 -0.0000028140098131 -0.0001921531254029
v -0.0713340291051452 -0.1256725511693578 0.0031333622219332 0.623529 0.498039 0.094118
vn -0.0004996515845141 0.0000001944956639 -0.0002688238737835
v -0.0764730486971764 -0.1237663788536205 0.0089185695228068 0.611765 0.490196 0.094118
vn 0.0004334088631535 -0.0001682064048640 0.0003211232600104
v 0.0653549163478535 -0.1408755929784676 0.0243092047603591 0.623529 0.501961 0.094118
vn 0.0000453059330850 -0.0000175681494035 0.0003916399165422
v -0.0557203083795045 0.0633107799768280 0.0303830617069578 0.611765 0.517647 0.188235
vn -0.0001695321692558 -0.0000177046371565 0.0006583185636197
v 0.0471025046823137 -0.0977154565153075 0.0329733331951518 0.623529 0.525490 0.200000
vn -0.0001068592708306 -0.0000239953261077 0.0003959485723857
v 0.0356163591563384 -0.0976889110641371 0.0273650780128905 0.592157 0.505882 0.196078
vn -0.0001213139994164 0.0000097356979217 0.0004013186409081
v 0.0396796108900029 -0.1053166048699405 0.0286407050647600 0.615686 0.529412 0.203922
vn 0.0000863929446643 0.0003114551162297 0.0004065555156510
v 0.0516471972738104 0.1528672047588263 0.0465737829974443 0.611765 0.486275 0.090196
vn 0.0000397534136879 0.0001675995578806 0.0004089305356845
v 0.0446478885755754 0.1490306346667289 0.0498809715049012 0.623529 0.501961 0.098039
vn 0.0000612326152067 -0.0000098235684442 0.0005330676394694
v -0.0262143116017366 -0.0246691204089253 0.0277306864564298 0.639216 0.560784 0.235294
vn 0.0000451786684963 -0.0000757045934264 0.0004361982932092
v -0.0207716554695202 -0.0184395501858675 0.0278395532907249 0.619608 0.533333 0.207843
vn 0.0000435243515430 -0.0000821230916576 0.0005122137124882
v 0.0241722131069500 -0.0517960321853629 0.0282717080107956 0.639216 0.556863 0.235294
vn 0.0000233180467192 -0.0000017529465695 0.0004736632312025
v 0.0256663595958127 -0.0640743715895527 0.0279893290330290 0.650980 0.564706 0.243137
vn -0.0000497432432279 0.0000049063896323 0.0005180216539100
v 0.0302415067327539 -0.0584662830504916 0.0255481974626704 0.549020 0.470588 0.160784
vn -0.0001826024964428 -0.0000444594023682 0.0002571218261818
v -0.0688558469647552 0.0911430649720200 0.0319217823107489 0.619608 0.517647 0.164706
vn -0.0002495481587727 -0.0001270783754424 0.0004551394384744
v -0.0653201546640125 0.0990792026285096 0.0345053616930977 0.623529 0.521569 0.180392
vn -0.0002907652197926 -0.0000446168926482 0.0002750659042630
v -0.0731242678679137 0.0979400374918852 0.0291163911794787 0.635294 0.533333 0.188235
vn 0.0000505691851889 -0.0000201230214263 -0.0004406593414258
v -0.0533215783691434 -0.0747029217297283 -0.0002489510905614 0.611765 0.486275 0.082353
vn 0.0000749030533804 -0.0000217690376483 -0.0003567776751213
v -0.0486062106832972 -0.0677407925584596 0.0004354952318423 0.615686 0.498039 0.101961
vn 0.0001066472237842 -0.0000366201665318 -0.0006706166938278
v -0.0454547977236893 -0.0749784409213994 0.0023092147136053 0.588235 0.474510 0.086275
vn 0.0005738743919448 0.0000254890030811 0.0000526642620574
v 0.0698874463963838 0.1185577684164764 0.0286967988647199 0.647059 0.549020 0.196078
vn 0.0003673234098410 0.0000864138832955 -0.0001438836722351
v 0.0670170617364955 0.1306079311120984 0.0255970678435609 0.619608 0.494118 0.105882
vn 0.0004913804085265 0.0000013109899077 -0.0000004783095341
v 0.0690093620646369 0.1308519409524968 0.0338872195179374 0.627451 0.521569 0.172549
vn 0.0001360581929885 0.0000471281157261 0.0005236162377301
v -0.0443797127088937 0.0511125415300582 0.0255751691428280 0.580392 0.498039 0.176471
vn 0.0000014349677303 0.0000090123926415 0.0006520236649799
v -0.0320803626076734 0.0528682750218546 0.0246585613690437 0.643137 0.560784 0.239216
vn 0.0000120968850068 -0.0000322709645407 -0.0005156494826398
v 0.0189206426241109 0.0277924423921781 0.0022413753324698 0.615686 0.529412 0.200000
vn -0.0000033497981748 0.0000053537120529 -0.0007180124509413
v 0.0202764790765561 0.0376918693285193 0.0000938954984225 0.627451 0.533333 0.207843
vn 0.0000146104472754 -0.0000315799038539 -0.0005576403371294
v 0.0290169009652152 0.0287868607910140 0.0025445491744638 0.525490 0.447059 0.133333
vn 0.0000107013794690 -0.0003989391573797 0.0000207536588981
v 0.0355576555107218 -0.1613940017667973 0.0169345372674968 0.639216 0.545098 0.223529
vn 0.0000150717729385 0.0000150092627775 -0.0006431291754646
v -0.0253287786435937 -0.1252621258156256 0.0038455064984135 0.607843 0.509804 0.168627
vn 0.0000113819274257 0.0000768565996979 -0.0005943795142918
v -0.0283284589891180 -0.1382350995153839 0.0013472618573531 0.623529 0.513725 0.141176
vn 0.0000162999255450 0.0000678170738549 -0.0005770830267597
v -0.0341285664475635 -0.1306708035478106 0.0032332263539399 0.607843 0.509804 0.160784
vn 0.0000067414758563 0.0002019551751975 -0.0005371849784734
v 0.0421333672549531 0.1378597350480552 0.0182245012217471 0.635294 0.513725 0.117647
vn 0.0000706356290866 0.0001674798834910 -0.0004678084416034
v 0.0504710596902764 0.1397951777195406 0.0186773952266127 0.627451 0.505882 0.113725
vn -0.0000047476034180 -0.0000762318601614 0.0004175502339682
v -0.0276450465773558 0.1160263725374543 0.0454524772019870 0.607843 0.494118 0.117647
vn -0.0000101223649023 -0.0001340118461462 0.0006428296010129
v -0.0341818548511920 0.1238992265855932 0.0472011806945341 0.635294 0.529412 0.168627
vn -0.0000129147063617 -0.0001866550603017 0.0006171294656655
v -0.0401622526425243 0.1133257169515204 0.0455639156130387 0.623529 0.513725 0.141176
vn 0.0000428439585625 0.0000851553798022 0.0004570568980333
v -0.0194327520678751 -0.0108292556931042 0.0274822576679241 0.631373 0.545098 0.219608
vn 0.0000607626906810 0.0000312268512850 -0.0005598992007913
v -0.0377310425061832 -0.0108601122330351 0.0029074037848613 0.607843 0.517647 0.196078
vn -0.0000077475758536 -0.0000455179849006 -0.0005763224404388
v -0.0335892931638578 -0.0193143686882022 0.0025473752489497 0.607843 0.509804 0.172549
vn 0.0000873590081581 -0.0000468267943299 -0.0004963307993586
v -0.0445320617473639 -0.0194378383015084 0.0021609057811869 0.600000 0.494118 0.125490
vn 0.0000808537655740 -0.0000039777651222 -0.0005059944742987
v -0.0505937520876833 -0.0143207893077911 0.0000877440910790 0.631373 0.521569 0.145098
vn 0.0000440050498484 -0.0000319854885682 -0.0004233388680339
v -0.0408871695607711 0.0377875098876383 0.0017622420840713 0.607843 0.509804 0.168627
vn 0.0000438529988569 -0.0000324154836285 -0.0004674419678789
v -0.0409513900091186 0.0299761009762687 0.0027978412842534 0.552941 0.454902 0.133333
vn 0.0001272072811649 -0.0000198523489956 -0.0005938226494399
v -0.0501793876812665 0.0276614462941017 0.0002406828246334 0.647059 0.556863 0.223529
vn 0.0000036775307688 -0.0000766613297571 -0.0006323501183321
v -0.0227596960775308 0.0946390428021672 0.0006270615965027 0.603922 0.501961 0.152941
vn 0.0000359357386306 0.0000174360742423 -0.0004530024808674
v -0.0209019332194588 0.0850831677854680 0.0012727655605405 0.596078 0.501961 0.172549
vn -0.0000111167205324 0.0000220997047049 -0.0003518965481967
v -0.0281840667279930 0.0872390226046073 0.0011602313769258 0.631373 0.545098 0.211765
vn 0.0000407963584751 0.0002088130046350 -0.0004003943171873
v 0.0433827196777573 0.1163097575439614 0.0036560930439621 0.623529 0.501961 0.113725
vn -0.0000303478082344 0.0000075629983332 0.0004565211266072
v -0.0127178596900712 -0.0908008007348351 0.0291643403102765 0.611765 0.517647 0.180392
vn 0.0000293887814133 -0.0000478666577976 0.0005222115158218
v -0.0212459089296361 -0.0950611003858702 0.0292939452404952 0.627451 0.537255 0.207843
vn -0.0000013332580386 0.0003024866562877 -0.0003750976271415
v 0.0399974116001560 0.1542849029289281 0.0237882334430287 0.611765 0.490196 0.101961
vn 0.0000387917851454 0.0002041799602170 -0.0004541157378775
v 0.0467155562465797 0.1484867057962214 0.0203312634120203 0.623529 0.498039 0.109804
vn 0.0000096329640148 0.0001216291194881 -0.0003830412507659
v 0.0384000010328162 0.1446863340730929 0.0189507420443714 0.643137 0.525490 0.129412
vn 0.0000480042969419 0.0000476852174025 0.0004550052854321
v 0.0289064529001903 -0.0118306694621938 0.0283326571820977 0.635294 0.549020 0.223529
vn -0.0000335194400946 -0.0000008078919495 0.0004614100179681
v 0.0212664851433039 -0.0144237789784080 0.0297864327196320 0.627451 0.541176 0.215686
vn -0.0002259013716091 -0.0004914267155638 0.0000152735024380
v -0.0625033192262684 -0.1584760557749197 0.0159671376042909 0.647059 0.556863 0.239216
vn -0.0002222565279513 -0.0002603424670524 0.0002506519326894
v -0.0633868537891516 -0.1531920712809698 0.0237253331603679 0.635294 0.517647 0.129412
vn -0.0000982652676090 0.0000016070453803 -0.0006196807713280
v -0.0617398996476426 -0.1101046032362196 -0.0000692279734301 0.623529 0.501961 0.098039
vn -0.0001215155053435 -0.0000079598446330 -0.0006788591293695
v -0.0643728379941319 -0.1229550182479558 0.0003154140365980 0.611765 0.486275 0.078431
vn -0.0000445464857234 -0.0001660744419860 0.0003879618737859
v -0.0467908959784728 -0.1512223388979251 0.0308895735825166 0.623529 0.501961 0.125490
vn -0.0000540653267146 -0.0003986158159408 0.0003012213172491
v -0.0468498625613473 -0.1589294723543686 0.0247784190538331 0.611765 0.490196 0.094118
vn -0.0001035187279799 -0.0005794444556830 0.0000182389312585
v -0.0533029977303614 -0.1610288826615376 0.0171017209399956 0.639216 0.549020 0.223529
vn 0.0000223821082888 -0.0000345864509747 -0.0005887205802599
v 0.0285705417348364 0.0592950262663382 0.0006369630724134 0.631373 0.541176 0.203922
vn -0.0000146702589101 0.0000078801526646 -0.0003718730297788
v 0.0327640016790074 0.0670894659748720 0.0029002727861965 0.549020 0.462745 0.164706
vn -0.0000631647899777 0.0000248767519020 -0.0004344782964276
v 0.0399749417755663 0.0638598114106400 0.0013284618123178 0.631373 0.541176 0.215686
vn 0.0001463056287315 0.0000070856585722 -0.0003413148516197
v 0.0596355840258101 -0.0941274722090486 0.0021203240374962 0.623529 0.505882 0.121569
vn 0.0002616785191117 -0.0000027545474646 -0.0002131234205073
v 0.0651419279827969 -0.0951798250743818 0.0058871176922665 0.627451 0.509804 0.117647
vn 0.0000882773635782 0.0001304471341706 0.0007048172198397
v -0.0227195966387849 -0.0817728229681807 0.0279840708520564 0.635294 0.552941 0.235294
vn -0.0000224714821904 -0.0002347060045473 0.0004677800853543
v -0.0173041900350516 -0.1509869728516916 0.0326326195238888 0.650980 0.549020 0.196078
vn -0.0000067710378138 -0.0004217540499535 0.0002901311301075
v -0.0237872211626228 -0.1592531671072522 0.0254179544627752 0.623529 0.501961 0.105882
vn -0.0000153283939858 -0.0003102888308823 0.0002294688022215
v -0.0139851215803917 -0.1589980104296465 0.0261457317439173 0.627451 0.509804 0.121569
vn -0.0000257718245976 -0.0001972788166537 0.0003513989073471
v 0.0370085098804754 0.0959801900964085 0.0336824125204012 0.619608 0.521569 0.172549
vn -0.0000562500836071 0.0003665366293674 0.0004638221009958
v -0.0538886838632417 0.1568024280992416 0.0431587914809024 0.627451 0.513725 0.137255
vn 0.0000050093277549 -0.0000139208788609 -0.0006213373273828
v 0.0215193435172531 -0.0422116448418004 0.0002945397266747 0.631373 0.541176 0.215686
vn -0.0000018701691687 0.0000369566734815 -0.0003770276063293
v 0.0313459541997805 -0.0398349328749713 0.0019090550592851 0.603922 0.513725 0.180392
vn 0.0000125867497238 -0.0000578889672172 -0.0005979008276688
v 0.0297059784413171 -0.0476414459486421 0.0021400497208763 0.572549 0.482353 0.152941
vn 0.0000373872116963 -0.0001473670157663 -0.0005074511006115
v -0.0251159725528335 -0.1461396970957097 0.0015166846825335 0.623529 0.509804 0.133333
vn -0.0000107578017076 0.0000324779473132 -0.0004854874981624
v 0.0164410701947833 -0.1052968454661513 0.0039142556397619 0.611765 0.521569 0.192157
vn 0.0000027819067177 -0.0000304184531395 -0.0006394844418084
v 0.0082227170949077 -0.0971552395587384 0.0042475640965039 0.564706 0.470588 0.129412
vn -0.0000132975296129 -0.0000367232257384 -0.0003006768717646
v 0.0159626163665246 -0.0972663540713477 0.0034478783175258 0.603922 0.505882 0.164706
vn -0.0000027150769718 0.0000031896333296 -0.0005272680723906
v 0.0175616995461168 -0.0815741591737506 0.0033556743097365 0.615686 0.529412 0.207843
vn -0.0000262438482658 0.0000046063823849 -0.0004415777474986
v 0.0155608508772685 -0.0900530787420004 0.0022878163795302 0.631373 0.537255 0.196078
vn -0.0002635074939723 -0.0003632615233033 -0.0003446160182275
v -0.0641724138476994 -0.1539760004802303 0.0085831705042516 0.623529 0.501961 0.101961
vn -0.0000576099219795 -0.0000260066069438 -0.0005723789022745
v 0.0471468156060579 -0.0744793536574056 -0.0000814500129446 0.623529 0.525490 0.184314
vn 0.0000815904697736 -0.0000077669663757 0.0004823453032230
v -0.0539994487685128 -0.0963432905655911 0.0331159793000380 0.639216 0.549020 0.207843
vn 0.0002482559675205 -0.0000181968468841 0.0006373468037231
v -0.0481152545577318 -0.1091846762698683 0.0308131744788938 0.631373 0.537255 0.196078
vn 0.0001975358850560 -0.0000591409545985 0.0005711545763371
v -0.0456774407826063 -0.0968390363775599 0.0301602032848534 0.631373 0.545098 0.207843
vn 0.0000275869183405 0.0000759602024030 -0.0004683971896361
v -0.0398683760344785 -0.1382380236288243 0.0016204547983675 0.619608 0.501961 0.117647
vn 0.0000145491968340 0.0000182202814032 0.0003187444735379
v -0.0569936305513728 0.0478493533525322 0.0309215748307208 0.623529 0.537255 0.207843
vn -0.0000344047360281 0.0000087823962799 0.0003442795148089
v -0.0579896385415381 0.0558382642128603 0.0305645311076866 0.639216 0.552941 0.219608
vn 0.0000015994056877 -0.0000303288514124 0.0003909298847940
v 0.0087932246795574 -0.1027961766703848 0.0234662400703899 0.643137 0.549020 0.196078
vn 0.0000778763058298 0.0000058607360120 0.0004518462278881
v -0.0022443589625743 -0.1081329606575888 0.0287728616161423 0.627451 0.541176 0.211765
vn -0.0000194452441962 0.0001455314895801 0.0005553330081627
v 0.0059264352064474 -0.1121023058507237 0.0282099608891813 0.603922 0.513725 0.180392
vn -0.0000107527207476 -0.0000049934143352 -0.0008652195810264
v -0.0156990325504846 -0.1215162998845476 0.0043948019172552 0.564706 0.470588 0.137255
vn -0.0000083631392312 0.0000602626157745 -0.0006490720301896
v -0.0098180250587081 -0.1311896421808754 0.0035076678878292 0.603922 0.501961 0.137255
vn 0.0000202821534402 0.0000676845469367 -0.0004542410968091
v -0.0194143438117638 -0.1341260314840601 0.0028734530113470 0.588235 0.478431 0.113725
vn -0.0001651313134725 0.0000096501171952 0.0003456179584019
v -0.0655844618224874 0.0550206542488956 0.0284724568731811 0.631373 0.537255 0.207843
vn 0.0000234803882640 0.0000550379857336 0.0007992405341698
v 0.0010518806865637 0.0221846623431184 0.0259141664746141 0.615686 0.541176 0.239216
vn -0.0000036978229479 0.0000419934066785 0.0005337789846538
v -0.0030457104108492 0.0119826920471369 0.0286101593345332 0.658824 0.588235 0.294118
vn 0.0000143726291124 0.0000397902218560 0.0004027417123562
v 0.0048820141370015 0.0143585116750940 0.0268331092314790 0.639216 0.560784 0.235294
vn -0.0001233276725930 -0.0000040221422055 -0.0006978199599629
v 0.0404761570806566 -0.1100123354981176 0.0031526481544441 0.619608 0.517647 0.160784
vn 0.0000347787775286 0.0000294831686376 -0.0007835881419789
v 0.0265101291652832 -0.1071189124220327 0.0037694146142250 0.596078 0.501961 0.156863
vn -0.0000566566779259 -0.0000274922294318 -0.0006944927115844
v 0.0356127137550241 -0.0986151942871134 0.0047762452230625 0.580392 0.486275 0.149020
vn 0.0000191577716229 -0.0000613944871834 -0.0004343961086669
v 0.0259665762825858 -0.0193023064188184 0.0022797483218235 0.615686 0.521569 0.192157
vn -0.0000194323126551 0.0000000364990970 -0.0007255367467078
v 0.0162667672746227 -0.0150685816811348 0.0018061806446349 0.639216 0.552941 0.223529
vn 0.0000141564183836 0.0000433173391124 -0.0005317694253623
v 0.0267959867729457 -0.0110436568139442 0.0020907700849042 0.611765 0.525490 0.192157
vn -0.0001205256406859 -0.0005774111891561 -0.0004818991229803
v -0.0513468885756391 -0.1569565159954215 0.0062738026964058 0.607843 0.482353 0.086275
vn -0.0001350998361992 -0.0000023408899867 0.0006080476632946
v -0.0636617932648424 -0.0969335688413163 0.0326333343265292 0.623529 0.525490 0.176471
vn -0.0002409477244975 -0.0000035836681669 0.0003299669009658
v -0.0698002396664833 -0.0965970431426905 0.0296323567896062 0.627451 0.529412 0.180392
vn -0.0003310629868358 -0.0000137072935505 0.0006836379384473
v -0.0663677326931507 -0.1091523351778685 0.0313859600664394 0.631373 0.529412 0.164706
vn 0.0001711418051606 -0.0000106429747994 0.0003303311532385
v 0.0592293816527016 -0.0531478542550279 0.0317683853941178 0.615686 0.521569 0.192157
vn 0.0001188503211591 -0.0000008102056472 0.0005068981480923
v 0.0571123781592098 -0.0434388502872508 0.0329784590277852 0.611765 0.517647 0.180392
vn 0.0000985179574388 -0.0000278226056519 0.0007407524785523
v 0.0568374225450482 0.0651830311254718 0.0308371132833359 0.607843 0.513725 0.176471
vn -0.0004781398330665 0.0000240164601656 0.0000765929409465
v -0.0759044585680949 0.1122538939393349 0.0263275380038376 0.623529 0.517647 0.160784
vn -0.0003421665029711 0.0001034387956972 -0.0001002735424408
v -0.0747851918285660 0.1139983108492480 0.0216479122367059 0.643137 0.545098 0.180392
vn -0.0000104251010207 -0.0002847934181950 0.0002453290106730
v -0.0319456625266518 -0.1569547601646089 0.0285534823166167 0.639216 0.525490 0.156863
vn -0.0000125939571765 -0.0003338176283017 0.0002038935724169
v -0.0382971402140953 -0.1595632114532751 0.0244200672309871 0.623529 0.505882 0.098039
vn 0.0000124878458496 -0.0006685028272106 -0.0000090333285506
v -0.0282650452095492 -0.1612932213734084 0.0182351595232034 0.639216 0.541176 0.223529
vn -0.0002030380797578 -0.0000082557757309 0.0004933522044855
v -0.0685728153427514 -0.1214441282353188 0.0303438359576165 0.627451 0.509804 0.137255
vn -0.0001053936186228 -0.0000308260309889 0.0003283492546886
v -0.0653571163410718 -0.1298311594754037 0.0311289734084540 0.607843 0.482353 0.090196
vn 0.0000418979965917 0.0000016726796002 0.0006009221148514
v -0.0580548966883313 -0.1275879991286576 0.0322798468888077 0.643137 0.525490 0.145098
vn -0.0001525300270711 0.0000241604091876 0.0006217010792668
v 0.0477695788321985 0.0552460120749937 0.0303424214784149 0.635294 0.545098 0.215686
vn -0.0001742731285098 0.0000225482631321 0.0004870174749430
v 0.0399151889175806 0.0612508707168673 0.0263885446516053 0.635294 0.545098 0.203922
vn -0.0002139835736623 0.0000475945577648 0.0004795232164834
v 0.0422826154811253 0.0507138154078925 0.0275368461136828 0.627451 0.541176 0.219608
vn -0.0002609458197675 -0.0000537552941161 -0.0004551719460498
v -0.0716507076365145 -0.1336164236454967 0.0036867550022057 0.615686 0.486275 0.082353
vn -0.0000035970213588 0.0001627843888726 0.0004805002782504
v -0.0000903279838719 0.1449988857654368 0.0517408221594969 0.611765 0.482353 0.082353
vn 0.0000044670259540 -0.0000263034737587 -0.0008438939590645
v 0.0087829739277177 0.0330988487978023 0.0014030336701649 0.600000 0.509804 0.172549
vn 0.0000065677545594 0.0000127142570986 -0.0005566591718399
v 0.0071896061779617 0.0189641144768533 0.0022812191320453 0.600000 0.513725 0.188235
vn -0.0000020380834361 -0.0000373417919518 -0.0003840175839847
v 0.0018790672046522 0.0281038573680551 0.0022161221698944 0.560784 0.474510 0.152941
vn -0.0003928310518902 -0.0000945548591010 0.0003134449893078
v -0.0720967447459328 0.1077307309813157 0.0324713426136240 0.647059 0.549020 0.211765
vn -0.0002418241546210 -0.0001501597586582 0.0003194287997602
v -0.0670256949347033 0.1101754860780505 0.0386303782278069 0.650980 0.556863 0.223529
vn -0.0003494627565719 -0.0000747176805737 0.0002244774932946
v -0.0725854547105668 0.1161925140796237 0.0349977496460787 0.647059 0.552941 0.207843
vn -0.0003874106982189 0.0000301887969333 -0.0005902824505691
v -0.0689722699999635 -0.1048721972398909 0.0025253573259998 0.615686 0.494118 0.101961
vn 0.0003644433484054 -0.0000937233326701 0.0002392685217144
v 0.0679504482915510 0.1103739049713427 0.0316384939805279 0.627451 0.517647 0.141176
vn 0.0003674428062577 -0.0001080548654977 0.0003002394400193
v 0.0654468694968691 0.1173858841866070 0.0375615148889910 0.635294 0.521569 0.137255
vn -0.0002625433484808 -0.0000435675722932 0.0006448731426114
v 0.0459583697564018 0.0682176222120176 0.0290538664873061 0.627451 0.537255 0.200000
vn -0.0002031036334705 -0.0001305984758740 0.0006034587187411
v 0.0477669899529345 0.0804728596683367 0.0319927286556766 0.623529 0.533333 0.200000
vn -0.0002078022540472 -0.0001262171662885 0.0006396061916654
v 0.0389127477116101 0.0773191229860101 0.0265439092904682 0.619608 0.529412 0.192157
vn -0.0000195501208151 0.0000632757584893 0.0004941853711806
v -0.0090930683178830 0.0404680560371176 0.0261452678366065 0.623529 0.537255 0.207843
vn 0.0000380775498308 0.0000059113755045 0.0005598313428352
v 0.0001024572098894 0.0364836027892311 0.0270039941098097 0.619608 0.529412 0.200000
vn 0.0000641468870109 0.0000564871595908 0.0005701346282406
v -0.0005627073971972 0.0458446758839640 0.0254498657476876 0.643137 0.564706 0.243137
vn 0.0000122769940728 0.0000040778629425 0.0006651459066680
v -0.0251685126441815 0.0630091427916139 0.0260102015429594 0.631373 0.537255 0.215686
vn 0.0000288091895485 0.0000080571926703 0.0005233738698554
v -0.0189380626464771 0.0675736436110735 0.0236635601977800 0.564706 0.486275 0.164706
vn 0.0000809361664453 -0.0000642102031624 0.0006191096159389
v -0.0230502524648374 0.0776469859689766 0.0258604152841795 0.631373 0.537255 0.203922
vn -0.0005308752336842 -0.0000037015466677 -0.0002866629956992
v -0.0749720280673928 0.0531956153039500 0.0087515228450154 0.639216 0.537255 0.184314
vn -0.0003151893641670 0.0000007266530831 -0.0001826571239443
v -0.0747008686944216 0.0625698546345581 0.0082788514795787 0.627451 0.529412 0.176471
vn -0.0002588894999172 -0.0000003485898344 -0.0003332052135741
v -0.0693062756997194 0.0582177319804290 0.0022733890928865 0.627451 0.529412 0.184314
vn -0.0002853849623232 -0.0000045060843584 -0.0001627606973857
v -0.0737159298744361 -0.0181811874642687 0.0097203799695035 0.619608 0.498039 0.105882
vn -0.0003050313119279 0.0000013928383930 -0.0002855576021727
v -0.0705340661715891 -0.0247537584444758 0.0056464550038741 0.615686 0.509804 0.129412
vn -0.0002961904203421 0.0000008307989650 -0.0001187737693244
v -0.0745229576338810 -0.0258681122870473 0.0125600680247890 0.623529 0.498039 0.098039
vn -0.0000211386023892 -0.0000160347648905 0.0004297135420661
v 0.0354020910605270 -0.0896242397145390 0.0285895779309172 0.611765 0.525490 0.200000
vn -0.0000819032780064 0.0000222760169012 -0.0005208881070042
v 0.0371025572311713 -0.0054735999298951 0.0033676206696930 0.615686 0.533333 0.207843
vn -0.0000398768352022 -0.0000461388554056 -0.0003545304131219
v 0.0342439318831616 0.0036424131430008 0.0031808057659822 0.521569 0.439216 0.129412
vn 0.0000064911535954 -0.0000160792096865 0.0004880760791126
v -0.0573799444862780 -0.1062380690178811 0.0332441173890838 0.627451 0.533333 0.184314
vn -0.0001488847667795 0.0000356430785570 0.0007834948741012
v 0.0480550213815928 0.0194939951994069 0.0319628401657425 0.643137 0.556863 0.235294
vn -0.0000710826795709 0.0000210566826418 0.0006630579772356
v 0.0530976513521678 0.0329900543322680 0.0324212746546202 0.639216 0.556863 0.239216
vn -0.0001268618367520 0.0000221234350882 0.0006400917345066
v 0.0448601021812967 0.0299523918664272 0.0298167009355334 0.650980 0.568627 0.258824
vn 0.0000318567911152 -0.0003516820793642 -0.0000497264062481
v 0.0438066955693983 -0.1602840738574574 0.0146284526273510 0.627451 0.513725 0.117647
vn 0.0001111342323805 0.0000188670636194 -0.0007262453509416
v -0.0496970749855275 -0.0045379141221168 0.0005712252688073 0.631373 0.533333 0.180392
vn -0.0000011218240151 -0.0000188913652866 -0.0003215935601603
v -0.0563101267578856 0.0011636293485701 -0.0005367235548378 0.643137 0.545098 0.196078
vn 0.0000934300287155 -0.0000107747596764 -0.0003961383070502
v -0.0493844611198922 0.0048413335874312 0.0003475432245819 0.631373 0.537255 0.196078
vn 0.0002614024306879 -0.0001319799704368 0.0005680518689373
v -0.0472757214061071 0.0834276945542702 0.0296641450321889 0.623529 0.533333 0.192157
vn 0.0002101627861020 -0.0001555754699493 0.0005195806144706
v 0.0575939972557247 -0.1413844985651874 0.0299782357689035 0.619608 0.494118 0.098039
vn 0.0002426611588372 0.0000041944412272 0.0000341285464337
v 0.0702202122403442 -0.0878729611250810 0.0182094907351379 0.639216 0.552941 0.231373
vn -0.0000047226710854 -0.0000295797579658 -0.0004678111571309
v 0.0344624369040925 -0.1176818630577841 0.0044378337505197 0.576471 0.478431 0.125490
vn -0.0000248380528444 0.0000366415270404 -0.0004560034245583
v 0.0370103102367021 -0.1269419801014176 0.0054032196478845 0.533333 0.447059 0.125490
vn 0.0000482421508573 0.0001060214204475 -0.0007073555941957
v 0.0432262424606445 0.1065806583549736 0.0006774163174248 0.611765 0.494118 0.117647
vn 0.0001228975736244 0.0000095659318355 -0.0004990601634471
v -0.0469172745649732 -0.1060346195373600 0.0031925992313134 0.592157 0.466667 0.066667
vn -0.0000243051386149 0.0000429325141182 -0.0005207848267317
v -0.0361030965236675 -0.1093851238190411 0.0036516953890300 0.588235 0.490196 0.137255
vn 0.0000428363772096 0.0000046180904472 -0.0003208029734420
v -0.0434761561464727 -0.1134368273487164 0.0036774285863424 0.600000 0.482353 0.078431
vn -0.0003853630593215 0.0000049769199982 0.0003469128259711
v -0.0751496628231639 -0.1185149746772901 0.0248396704217270 0.615686 0.501961 0.117647
vn -0.0004615870947020 0.0000091165066517 -0.0002448169634244
v -0.0745791808206782 0.0720544038757032 0.0082278561227215 0.647059 0.549020 0.207843
vn 0.0000855923349002 0.0000054519078620 -0.0005657754920004
v -0.0424240748758069 -0.0537442673250843 0.0037974532731657 0.568627 0.466667 0.101961
vn -0.0004023548562540 -0.0000886037465581 0.0004351108773057
v -0.0712528700569380 0.0773339822617902 0.0268042018181680 0.631373 0.533333 0.188235
vn -0.0005239827609463 -0.0000951660749817 0.0004121230306487
v -0.0741213828621685 0.0886463077800364 0.0263602458349870 0.639216 0.545098 0.196078
vn 0.0001099269676668 -0.0000003166740290 -0.0005904888181326
v -0.0523417173018907 -0.1151779276008760 0.0008318330314955 0.600000 0.474510 0.066667
vn -0.0000474452651875 -0.0000067088028376 -0.0004285843088451
v 0.0365770031293022 -0.0554798816311949 0.0039612860420089 0.584314 0.494118 0.164706
vn 0.0000354156826074 -0.0000114412770438 -0.0004201831336456
v 0.0314094194178492 0.0866670243566411 0.0021208236423016 0.576471 0.486275 0.156863
vn -0.0005002552102266 0.0000245109375002 -0.0002779044868022
v -0.0756475490154124 -0.0979464937078012 0.0099879555410106 0.631373 0.513725 0.121569
vn -0.0005472079149312 0.0000233299284914 0.0000119842967934
v -0.0782358139560158 -0.1071404214281551 0.0173623891009056 0.627451 0.525490 0.184314
vn -0.0004997946113790 0.0000238106143691 0.0000379777267014
v -0.0775772943497352 -0.0935946166376153 0.0180263334223992 0.623529 0.521569 0.176471
vn -0.0000177074845903 0.0000069861262110 0.0005416038963643
v -0.0032164328589568 -0.1175194272615562 0.0303634268626245 0.607843 0.513725 0.176471
vn -0.0000448963257255 0.0000235913674218 0.0003678919714178
v -0.0092505269147184 -0.1081555289038944 0.0274213126148008 0.623529 0.545098 0.223529
vn 0.0000025020056285 -0.0002267043720211 0.0003847956419563
v -0.0333668175501646 0.0966688845168159 0.0336940826459049 0.650980 0.552941 0.215686
vn 0.0000452364968585 -0.0002903061428001 0.0005015984084039
v -0.0382846621110485 0.0911104656541206 0.0303258706636711 0.627451 0.525490 0.176471
vn -0.0001173434296619 0.0000411562510663 -0.0003828433109654
v -0.0629373790587041 0.0935432562954190 0.0008831276212681 0.607843 0.505882 0.152941
vn -0.0000105324708636 0.0003307887045375 0.0004937284343627
v 0.0079698496215242 0.1512127118236833 0.0490826789012993 0.619608 0.498039 0.105882
vn -0.0000034079459379 0.0003400527920451 0.0003740650247206
v 0.0182063982082608 0.1544767509670922 0.0466703630092754 0.615686 0.490196 0.098039
vn -0.0000047380123042 0.0000003621065143 -0.0006087032051001
v -0.0036933998599958 -0.1144512893543991 0.0018398870591656 0.603922 0.498039 0.137255
vn -0.0000032452400922 -0.0001728183380541 0.0004289049065310
v -0.0262382840627451 -0.1511167165680318 0.0322083370570252 0.643137 0.545098 0.188235
vn -0.0000395352003872 -0.0002317070908700 0.0004881841773173
v -0.0378731339550260 -0.1511147731458444 0.0316652401076393 0.631373 0.521569 0.160784
vn -0.0005533545185581 0.0000366747324209 -0.0003052393058310
v -0.0762394290952577 -0.1108284215444604 0.0096130182572709 0.615686 0.494118 0.086275
vn 0.0000359096130706 -0.0000160247475130 -0.0008061584439198
v -0.0296641087392421 0.0246743838917268 0.0034226223245115 0.603922 0.529412 0.215686
vn 0.0000176104613875 -0.0001217316295798 -0.0005516466256569
v -0.0177711387688615 0.0321611928686906 0.0020377399154545 0.545098 0.450980 0.121569
vn -0.0002480750229765 -0.0000066087507046 0.0004421103660989
v -0.0638620161382333 -0.0160474892721472 0.0317810563027411 0.639216 0.556863 0.231373
vn -0.0002163892059579 0.0000043499850612 0.0003138867117154
v -0.0681322424201296 -0.0048072849341527 0.0293087015509591 0.623529 0.533333 0.207843
vn -0.0004968493227777 -0.0000083464626527 0.0004005859335066
v -0.0707609823052398 -0.0130966036381792 0.0269023770866075 0.627451 0.533333 0.200000
vn -0.0000813632136984 0.0001049613760454 -0.0003982660963274
v -0.0581042732331010 0.1438068656821940 0.0199465733408949 0.631373 0.517647 0.156863
vn -0.0000237423277777 0.0001179030677568 -0.0005805913133959
v -0.0443805532815144 0.1410656642913788 0.0177810027927050 0.611765 0.482353 0.094118
vn -0.0000033369694426 0.0006926867746483 0.0002014977844002
v 0.0266125394774405 0.1597424281877301 0.0405671194516987 0.654902 0.564706 0.235294
vn -0.0000021156164455 0.0005702210812579 -0.0001597471466418
v 0.0198660592109287 0.1587273498213880 0.0313626466742832 0.635294 0.517647 0.125490
vn -0.0001519493683992 -0.0001728957018272 0.0003840539986540
v -0.0611887287128146 0.1143256018559285 0.0442990510456251 0.639216 0.537255 0.188235
vn -0.0000093864339188 0.0003436510740924 0.0003717582759320
v -0.0309986661349317 0.1555157129488123 0.0459333513105942 0.627451 0.509804 0.113725
vn 0.0000020181157857 0.0001893631854139 0.0005301923860693
v -0.0254470365848394 0.1480800324892723 0.0507154154901135 0.619608 0.498039 0.098039
vn 0.0000074075563286 0.0003807700027262 0.0004507003538129
v -0.0201591059813910 0.1545917265436483 0.0466008635573487 0.623529 0.505882 0.121569
vn 0.0005843008654752 -0.0000312358265735 -0.0002527348285566
v 0.0696603745416594 0.0396366053183009 0.0087367760225317 0.623529 0.509804 0.125490
vn 0.0003076593777474 -0.0000239346869457 -0.0005161318357248
v 0.0637855954260299 0.0366550604595584 0.0019889293820089 0.623529 0.521569 0.168627
vn 0.0002522082229022 -0.0000170426377368 -0.0002459970472262
v 0.0666656092136890 0.0465690641873824 0.0040160132233136 0.639216 0.533333 0.164706
vn -0.0000147136875125 0.0000257254954947 -0.0006228215761209
v 0.0319682857012292 -0.1422421390395624 0.0011400592310953 0.635294 0.521569 0.137255
vn -0.0000013011002409 -0.0000435975762775 -0.0003114915806817
v 0.0126865253391265 -0.0222519415418347 0.0033005938214224 0.603922 0.517647 0.192157
vn 0.0000042004593668 0.0004029418738845 -0.0001649013042235
v -0.0442001003241097 0.1584798336865407 0.0286488201592440 0.635294 0.521569 0.137255
vn 0.0000012651966016 0.0003674855520789 0.0000557445670240
v -0.0448562644423893 0.1605457031570708 0.0380911804780978 0.647059 0.556863 0.235294
vn 0.0000008997259568 0.0004641528450270 0.0000694031858114
v -0.0364017799967937 0.1604974549905872 0.0389300291842947 0.619608 0.521569 0.211765
vn 0.0000298291713269 0.0000822943565812 -0.0003420109910259
v 0.0031126838847057 -0.0365030142595443 0.0013493126501754 0.635294 0.549020 0.219608
vn -0.0004291750977756 0.0000122766457917 -0.0003662623671843
v -0.0707239919445621 -0.0412943661299763 0.0055722537809577 0.619608 0.501961 0.109804
vn -0.0002121907023823 0.0000018279881482 -0.0002691348796674
v -0.0685024548322462 -0.0325186265013096 0.0034933197917559 0.603922 0.482353 0.082353
vn -0.0001325104131014 -0.0000028259127825 -0.0003645572355976
v -0.0626695356220642 -0.0351186885450486 0.0005429911225314 0.623529 0.505882 0.109804
vn -0.0000220642249949 -0.0000000486471182 0.0004322371642159
v 0.0128761557520977 0.0654938398967365 0.0238796102392590 0.603922 0.513725 0.172549
vn 0.0002725304744116 -0.0002589149926659 0.0002683394514064
v 0.0601162224932162 -0.1488529924911951 0.0241972166469238 0.619608 0.498039 0.094118
vn 0.0004168686231291 0.0000532542857779 0.0001957040241425
v 0.0706190444386653 0.1040714434936876 0.0243438228484248 0.650980 0.560784 0.219608
vn 0.0004540794459968 0.0000631633173177 0.0000003305377232
v 0.0707063059296021 0.1120450027489521 0.0241657591529730 0.635294 0.529412 0.172549
vn -0.0000533187435780 0.0000192695183413 0.0002887640882442
v -0.0543377783730326 0.1382656092629623 0.0511879940554700 0.627451 0.509804 0.121569
vn 0.0000651667914993 0.0000019804913553 -0.0003861561174386
v -0.0555839196324444 -0.1253350323633464 0.0002935033810543 0.615686 0.494118 0.078431
vn 0.0000667130252816 0.0000025444112356 -0.0003254820309691
v -0.0472046414669056 -0.1199312821535101 0.0029308898012337 0.596078 0.474510 0.070588
vn 0.0000950650321646 0.0000696016711522 -0.0007442556481912
v -0.0476949470718021 -0.1277592259224845 0.0025836266948637 0.596078 0.478431 0.078431
vn 0.0000775074732379 -0.0001330161025601 0.0004457547511415
v 0.0055255703141999 -0.0965559086737739 0.0292780802272727 0.596078 0.501961 0.160784
vn 0.0000264253704083 0.0000911007315799 0.0004652523694844
v 0.0055923779650190 -0.0880705723271482 0.0299654063310203 0.623529 0.533333 0.196078
vn 0.0000417891659548 0.0000204582677784 -0.0004920923058203
v 0.0067940972343950 -0.0616240696948553 0.0025631809987366 0.580392 0.494118 0.164706
vn 0.0000270871284257 -0.0000422457502059 -0.0007341220006247
v 0.0008759656452971 -0.0523174939841180 0.0023233962772283 0.603922 0.513725 0.180392
vn 0.0000104562963098 0.0001299327252244 0.0005476008656610
v 0.0242912740936159 -0.0792599529534620 0.0280094663737726 0.639216 0.564706 0.254902
vn 0.0000116301359624 -0.0000091674344611 0.0003810795286687
v 0.0225153157033994 -0.0714436915954271 0.0282977206087623 0.635294 0.545098 0.223529
vn -0.0000697105173380 0.0000057090628799 0.0004199554556969
v 0.0163582241331329 -0.0769704995539024 0.0266225940425944 0.670588 0.600000 0.313725
vn 0.0004059058589231 -0.0000065946247360 0.0001004881372869
v 0.0700093187167655 0.0038862357362025 0.0195438133621096 0.639216 0.549020 0.231373
vn 0.0004554387959551 -0.0000051031389804 -0.0000004065021542
v 0.0705243264243390 -0.0048943221006360 0.0175561815476837 0.635294 0.533333 0.203922
vn -0.0000047016140847 -0.0003525026704779 -0.0001617147577863
v 0.0351079351891367 -0.1593531075603062 0.0099309119278552 0.615686 0.490196 0.094118
vn 0.0001458649208335 0.0000019752440743 0.0003404669358067
v 0.0599290508002176 0.0298912576785962 0.0314816226215948 0.647059 0.560784 0.250980
vn 0.0001535388224280 0.0000011629815564 0.0005216398399916
v 0.0584732975564889 0.0209130548408569 0.0323328209644623 0.674510 0.592157 0.274510
vn 0.0000226278321179 0.0000108595262274 0.0005260439185069
v 0.0221493275923704 -0.1438380429990762 0.0331624474889762 0.627451 0.529412 0.172549
vn 0.0000145671567905 -0.0001487199211356 0.0003659860445181
v 0.0168355299135423 -0.1524804247610966 0.0318834099174994 0.615686 0.505882 0.145098
vn 0.0000249864325448 -0.0002483004899333 0.0005019878034104
v 0.0269270688022611 -0.1523675719378500 0.0314551990719704 0.627451 0.521569 0.160784
vn 0.0000234512570476 0.0000031410049752 -0.0005096737696864
v -0.0280250533393775 -0.0255964270591573 0.0032237828690333 0.615686 0.529412 0.200000
vn -0.0001752388203200 -0.0000162309649090 -0.0004647276492526
v -0.0648538654766696 0.0294904374943457 0.0005400861813589 0.639216 0.541176 0.196078
vn -0.0000455734895213 -0.0000623563831584 0.0003702079006790
v -0.0106712648122027 0.0061694732408381 0.0269023391477191 0.627451 0.545098 0.219608
vn -0.0000257343961270 0.0000336685938948 0.0005165486753615
v -0.0130789898307217 -0.0032730379770886 0.0235757992793770 0.576471 0.494118 0.192157
vn 0.0000029456694486 -0.0000041053012778 0.0006498249363770
v -0.0031022399887068 0.0023295420911981 0.0277355600324920 0.635294 0.549020 0.235294
vn -0.0000185640053994 0.0002377468771434 -0.0005972426930462
v -0.0358408104556159 0.1348226575384741 0.0171089279826640 0.623529 0.501961 0.094118
vn -0.0000176881009168 0.0002909749335251 -0.0005479603774534
v -0.0277917425916460 0.1358206484742925 0.0171266521594317 0.619608 0.494118 0.094118
vn -0.0000203354502570 0.0002468959513483 -0.0003062710424875
v -0.0364971823328496 0.1269908849994328 0.0115237285248879 0.619608 0.505882 0.113725
vn -0.0000146477538814 0.0000027606895314 -0.0004613751474848
v -0.0162395343829180 0.0230183473075286 0.0049370436839071 0.572549 0.486275 0.164706
vn -0.0000692186067010 -0.0000102921292654 0.0005503303047161
v -0.0072963188958836 -0.1244430728776141 0.0285046214337540 0.615686 0.529412 0.203922
vn 0.0000771664506839 0.0000663061009967 0.0005083594560310
v 0.0013810477469479 -0.1266910835188405 0.0279529400832816 0.611765 0.529412 0.207843
vn 0.0001209403305505 0.0000027497643505 0.0007130080562334
v -0.0540732772890153 -0.0861597211509696 0.0332281331949009 0.623529 0.533333 0.196078
vn -0.0001618623119424 0.0000993269833035 0.0006472225858450
v 0.0439181280956174 0.0423631527924508 0.0292934095448199 0.647059 0.556863 0.243137
vn -0.0000905748663556 0.0002372244498168 -0.0005328435280273
v -0.0578619589360971 0.1357926434899374 0.0179945769250801 0.639216 0.521569 0.149020
vn 0.0001884341541496 0.0001167859575092 -0.0004076828677713
v 0.0579540447837134 0.1419527237385796 0.0207982968558957 0.619608 0.498039 0.098039
vn 0.0001067622185123 0.0002018933420743 -0.0004267636351885
v 0.0549231171282207 0.1499494683043411 0.0224485911410695 0.631373 0.509804 0.117647
vn 0.0002804829197856 -0.0000016912755556 0.0001667862201982
v 0.0679503807405923 -0.1084764378034029 0.0245460039109687 0.615686 0.498039 0.090196
vn 0.0004539450334770 -0.0000145934647391 0.0002575784315499
v 0.0681738393967279 -0.1182812610083056 0.0240754756788927 0.619608 0.498039 0.086275
vn -0.0000454405037219 0.0000014477010491 0.0005328224260523
v -0.0086230887703146 0.0631997275307115 0.0253413660150499 0.631373 0.541176 0.215686
vn 0.0000515549111754 0.0000045345389463 0.0005394156672705
v 0.0032048154079629 0.0635537878564097 0.0248573988075056 0.603922 0.509804 0.172549
vn 0.0000150976559118 0.0000104531633183 0.0002904803786701
v -0.0030078034311975 0.0678713237024780 0.0252123442318953 0.623529 0.537255 0.215686
vn 0.0002064702826718 0.0000270718002584 0.0006288157354785
v -0.0442403263055904 0.0201505462026124 0.0277639237255683 0.572549 0.486275 0.160784
vn 0.0001700952777020 0.0000464275600001 0.0006104727738058
v -0.0501239180144120 0.0131674112415684 0.0321094104795390 0.607843 0.517647 0.196078
vn 0.0001044248189208 0.0000369373585243 0.0005261652153736
v -0.0398365958662611 0.0111224567736936 0.0273390574526579 0.611765 0.525490 0.196078
vn 0.0000079000704755 0.0005217785691435 -0.0001686431368971
v -0.0109361082027208 0.1591400813018332 0.0332604205345753 0.639216 0.521569 0.137255
vn -0.0000227189798812 -0.0000176265249988 0.0006534642772672
v -0.0093179172487690 0.0312338125371444 0.0262659133121865 0.592157 0.509804 0.176471
vn -0.0000013070924246 -0.0001366875143550 0.0006457683804266
v 0.0151964312081404 0.1351878358818369 0.0507265964654024 0.615686 0.494118 0.090196
vn -0.0000143169836468 0.0000523930283451 0.0004478684059776
v 0.0261371507082729 0.1435145954707709 0.0520927613126877 0.615686 0.494118 0.090196
vn -0.0000011002240644 0.0001261701432859 0.0004754700599408
v 0.0181138790038113 0.1468233172896831 0.0512871993847310 0.615686 0.498039 0.094118
vn 0.0004535088631574 0.0000617111065980 -0.0003676390651569
v 0.0709942199558124 0.0933948949168193 0.0105418480171624 0.623529 0.505882 0.109804
vn 0.0003924180684817 0.0000364368062891 -0.0004804389962730
v 0.0650847395753471 0.0910102539215136 0.0021196622212689 0.635294 0.521569 0.133333
vn 0.0000453149369618 -0.0000967459074639 0.0005068313272297
v 0.0543470469602548 0.0880366033109507 0.0349013601050559 0.607843 0.513725 0.172549
vn -0.0000992376259905 -0.0001423148625749 0.0005467153440670
v 0.0454139074810983 0.0937466473851162 0.0350323447474718 0.627451 0.533333 0.192157
vn 0.0000083734428211 0.0000280983599432 -0.0006354561459260
v 0.0071185740932182 -0.1092437466552984 0.0037360638383503 0.572549 0.478431 0.129412
vn -0.0000411285341336 -0.0000653311296384 -0.0003666298144906
v -0.0075318105557471 -0.0475066209271052 0.0015907355538736 0.635294 0.549020 0.219608
vn -0.0000199926329814 0.0000514028389431 -0.0004784973767612
v -0.0147108495963221 -0.0634051497637075 0.0026090496285906 0.600000 0.513725 0.184314
vn -0.0000175919060879 0.0000369956514043 0.0005549006302743
v 0.0229202761704155 0.0152427078020316 0.0280248767256119 0.643137 0.560784 0.243137
vn -0.0000506789404696 0.0000614109252700 0.0007045695032472
v 0.0158028044646046 0.0208005034573490 0.0261855564139424 0.615686 0.537255 0.231373
vn -0.0000390622244615 0.0000135010208634 0.0004547957326338
v 0.0138046226458857 0.0123136544364638 0.0276952634898004 0.639216 0.556863 0.243137
vn 0.0003125483976127 -0.0000631012211848 0.0005142257457235
v 0.0644415997589909 0.0924844550429163 0.0318882328010837 0.639216 0.545098 0.203922
vn 0.0000692785983476 -0.0000478912384819 0.0004732300961336
v -0.0196606201233930 0.0047150227250671 0.0265573229624797 0.627451 0.545098 0.223529
vn -0.0004439465573894 -0.0000062447123910 -0.0002259629120797
v -0.0739184802123365 -0.0338178129874592 0.0100630440808021 0.623529 0.501961 0.101961
vn -0.0001300534337223 -0.0000162151624308 -0.0005295326941145
v -0.0629129835957299 -0.0046665024275957 0.0005993136738039 0.623529 0.521569 0.156863
vn -0.0001114548270993 -0.0000053017498599 -0.0003663846253628
v -0.0624222080315133 0.0054068328195223 0.0003604428589727 0.627451 0.525490 0.180392
vn 0.0000791996330337 0.0000185865194193 -0.0007687595944329
v 0.0255367423422063 -0.1214850085371546 0.0033703448599089 0.615686 0.521569 0.172549
vn 0.0000420036724541 0.0000805139404969 -0.0004416127095168
v 0.0305843188907282 -0.1334671677126336 0.0031203723858256 0.592157 0.482353 0.109804
vn -0.0000097840310290 0.0000594417509804 -0.0006315328711648
v 0.0224495156715561 -0.1361497428468854 0.0019134814165401 0.611765 0.498039 0.113725
vn -0.0000006188227633 0.0000084391270235 0.0006216141628137
v -0.0564901007735035 0.0036535575235151 0.0332146238342870 0.635294 0.545098 0.227451
vn -0.0001329267280373 0.0000202144962980 0.0006383297049428
v -0.0607523769839821 0.0155400795321022 0.0324204650249201 0.615686 0.525490 0.200000
vn -0.0000118247652090 -0.0000057273051331 -0.0006558090396830
v -0.0077655546026738 -0.0896496290731890 0.0021745990028102 0.615686 0.513725 0.160784
vn 0.0000158780206628 -0.0000595263885914 -0.0004866201894381
v -0.0212271666404099 -0.0925577810117767 0.0028163376023125 0.619608 0.521569 0.164706
vn 0.0001667535685628 -0.0001261910283309 0.0004650206338784
v -0.0441302899991828 0.0761842886426578 0.0265438603809708 0.611765 0.521569 0.180392
vn -0.0000042466706079 -0.0000306898512299 -0.0004342842035046
v -0.0262128239750345 0.0779143806922978 -0.0000718686863822 0.631373 0.541176 0.203922
vn -0.0006553999905136 0.0000083529911754 0.0000901733775672
v -0.0765072019679021 -0.0579873989320827 0.0185294449721316 0.643137 0.545098 0.223529
vn -0.0003993171478453 -0.0000007240636870 0.0002730160458823
v -0.0741833200678210 -0.0519537693108090 0.0240139873086959 0.639216 0.549020 0.203922
vn 0.0004811309875548 -0.0000234742888827 -0.0003458968199997
v 0.0655641452841963 -0.0669616743003130 0.0060114429014245 0.631373 0.525490 0.160784
vn 0.0002621363727585 0.0000024324417122 -0.0003120219383476
v 0.0634245377985083 -0.0575087636116907 0.0035570255371868 0.623529 0.521569 0.176471
vn 0.0005033989494345 0.0000026010455486 -0.0002067387242289
v 0.0681853911923656 -0.0570178304366610 0.0106010447090830 0.643137 0.537255 0.164706
vn 0.0004934760791803 -0.0000035772028426 -0.0004912084624455
v 0.0646749681420033 -0.0472951448275392 0.0043446030099476 0.639216 0.545098 0.192157
vn 0.0000345231297133 -0.0000384143667855 -0.0005484100924749
v 0.0257630390313287 0.0928838670374336 0.0011297910470959 0.603922 0.509804 0.164706
vn 0.0000445444840764 0.0000211296336619 -0.0004699771748833
v 0.0262240169751951 0.0815291928392117 -0.0001853064355896 0.643137 0.552941 0.215686
vn 0.0000146993211480 -0.0000119909402186 -0.0004291624382201
v 0.0175848104789824 0.0921530551932612 0.0011824944256478 0.615686 0.525490 0.180392
vn 0.0000201241862237 -0.0000164276566492 -0.0006172693261403
v 0.0204154114999056 0.1025010158462019 -0.0008515989478242 0.607843 0.501961 0.145098
vn -0.0000031225720315 -0.0000644243495105 0.0003701585938588
v 0.0095782611986213 0.1145586702621956 0.0456969817936853 0.627451 0.517647 0.152941
vn 0.0000044045616198 -0.0001462205786551 0.0005981510385553
v 0.0114573956307508 0.1240089470495549 0.0475416866859467 0.631373 0.521569 0.168627
vn 0.0000041023917087 -0.0000387124465978 0.0002170611258242
v 0.0032746748980506 0.1203480548707104 0.0458375675040250 0.623529 0.513725 0.129412
vn -0.0000217405842455 0.0001624071583282 -0.0008608372223364
v -0.0184721009165053 0.1096747670148467 -0.0002244449348348 0.627451 0.521569 0.156863
vn -0.0000759821079357 0.0000895861591332 0.0005449913621230
v -0.0314655236213102 -0.0812260950439669 0.0279892193941132 0.635294 0.552941 0.235294
vn -0.0000496390680215 -0.0000664153637164 0.0004110941888771
v 0.0382076086950932 0.1194537081078588 0.0456714807175820 0.615686 0.501961 0.125490
vn 0.0000110193017787 -0.0000648554688517 0.0004947081936225
v 0.0267520917827739 0.1204952408947664 0.0457879539823809 0.611765 0.501961 0.125490
vn 0.0000314305178010 -0.0000083503583708 -0.0004818575014313
v -0.0186912270593457 -0.1410529738782171 0.0015996674924005 0.619608 0.505882 0.125490
vn 0.0000112508350177 -0.0000197925436848 0.0005085319221096
v 0.0210815640630120 0.0063115035946155 0.0284792040658313 0.647059 0.560784 0.250980
vn 0.0000780677276282 0.0000321800847622 0.0005202388166398
v 0.0273960373154031 -0.0032920676871333 0.0266299820963787 0.631373 0.560784 0.254902
vn -0.0000168399158046 -0.0003731450329035 -0.0001812514185979
v 0.0187836154364959 -0.1589687087810891 0.0110014359373677 0.623529 0.501961 0.101961
vn -0.0000095083852889 -0.0004476783185688 -0.0000705889949185
v 0.0259915389136542 -0.1608034625659502 0.0162744905161815 0.619608 0.509804 0.168627
vn -0.0006022984808553 -0.0000173057853856 -0.0002762003865341
v -0.0748753062789036 0.0254652886482148 0.0091630247815460 0.631373 0.525490 0.164706
vn 0.0000283997014612 -0.0004842944655847 -0.0003689182624643
v -0.0225991152077804 -0.1568407334441332 0.0080268638016133 0.623529 0.501961 0.113725
vn -0.0000064370129003 -0.0000223875388250 0.0007560367199568
v 0.0105577328458804 -0.0200199030989349 0.0267254207950130 0.619608 0.533333 0.211765
vn 0.0000176093048399 -0.0000311134000295 -0.0003970070118020
v 0.0227371426479056 -0.0992206045132190 0.0036434706461029 0.611765 0.513725 0.172549
vn -0.0000254110827794 -0.0000134334574399 -0.0006064446611032
v -0.0309074693696967 -0.1014079605504707 0.0040736957131044 0.627451 0.533333 0.196078
vn 0.0000342982764802 -0.0000241027181105 -0.0003823742427687
v -0.0392255082306438 -0.1000838356653936 0.0053119808378816 0.490196 0.396078 0.094118
vn -0.0000090573776600 -0.0000441634184021 -0.0004469438823970
v -0.0356053761946792 -0.0942945070462917 0.0032715915037843 0.592157 0.490196 0.133333
vn -0.0003113796084501 -0.0000084754752476 -0.0004391723070505
v -0.0680360366123258 -0.0145428292395507 0.0032514407113684 0.615686 0.498039 0.117647
vn -0.0000706588547631 0.0000133475744607 -0.0005048106387505
v -0.0594504535107061 -0.0144025030289134 -0.0000140052494194 0.623529 0.509804 0.129412
vn 0.0000928761899000 0.0000345784659270 -0.0004565325624960
v -0.0449738023828634 -0.0279871935780467 0.0030143679397530 0.596078 0.490196 0.117647
vn 0.0000232460298276 0.0000134661795808 -0.0003377267754451
v -0.0396811432882888 -0.0399466373124275 0.0025126657107337 0.588235 0.478431 0.109804
vn 0.0001162332042645 0.0000226499998478 -0.0005061381486570
v -0.0473908790858648 -0.0386583625347757 0.0007815024284269 0.623529 0.509804 0.117647
vn -0.0000078788421175 0.0000983268510300 0.0005511066816324
v -0.0160607125400701 0.1450998982476973 0.0516950781447823 0.631373 0.509804 0.109804
vn -0.0000083496068956 -0.0000076399483782 0.0004345173068984
v -0.0081110549672104 0.1413927279600181 0.0522124095690087 0.603922 0.474510 0.074510
vn 0.0000068635610954 0.0002691757522301 0.0004676999195937
v -0.0085628175551656 0.1514450660142556 0.0489128034121566 0.619608 0.494118 0.105882
vn 0.0000143918356265 0.0000150631613298 -0.0003977929289078
v -0.0357876296742553 -0.0036574087685464 0.0044815676776697 0.533333 0.450980 0.156863
vn -0.0000324559540879 -0.0000564061219508 0.0005590058302702
v -0.0334846715233531 0.0723817207896729 0.0237624687576520 0.615686 0.533333 0.219608
vn 0.0000026808545295 -0.0001287618844674 0.0005978520039261
v -0.0325341573508199 0.0809403649127469 0.0260783898390437 0.627451 0.537255 0.192157
vn -0.0001006429001645 0.0000106497594174 0.0005239517793213
v -0.0610988523381231 -0.0080313127659575 0.0328325064892748 0.647059 0.560784 0.243137
vn -0.0003219456582133 0.0000087568384310 0.0006056997072563
v -0.0656415171427102 0.0040238118505217 0.0305913522202429 0.631373 0.545098 0.227451
vn -0.0004983990568827 -0.0000053673986745 0.0000200738537355
v -0.0772744178275919 0.0363892265785694 0.0170035748236898 0.639216 0.537255 0.203922
vn -0.0003671010689702 0.0000105081156445 0.0003100279756874
v -0.0734280707032259 0.0324282527270351 0.0242213637976219 0.635294 0.545098 0.203922
vn 0.0000340074744738 -0.0000086350504598 0.0003296315199375
v 0.0276103735795492 0.0527609174770956 0.0244492608095636 0.619608 0.533333 0.200000
vn -0.0000632854060155 -0.0000165910110447 0.0003770968355825
v 0.0354864366853025 0.0527540414067882 0.0234312644321686 0.592157 0.517647 0.215686
vn 0.0001111167697438 0.0003019776968903 -0.0006662347333410
v 0.0517471761616415 0.1163126881595949 0.0045574851179188 0.619608 0.494118 0.105882
vn 0.0000867235279929 0.0001197663574607 -0.0002457004091545
v 0.0591774717679000 0.1142950563535437 0.0055289118501061 0.615686 0.490196 0.098039
vn 0.0003395101330148 -0.0000045124234371 -0.0001683368422018
v 0.0668354447158992 -0.0401454265725079 0.0078866557491859 0.635294 0.529412 0.160784
vn 0.0002192006389422 -0.0000196248109064 -0.0003208421670402
v 0.0613634638657451 0.0093535078849085 0.0013426815733253 0.615686 0.521569 0.184314
vn 0.0003086785259719 -0.0000170064288409 -0.0003023719284693
v 0.0657678740777875 0.0186306414914332 0.0039424544755312 0.666667 0.568627 0.227451
vn -0.0000042558303670 -0.0000483889066030 -0.0004491231115819
v 0.0203238307053926 0.0761051446931065 -0.0000115054143203 0.619608 0.529412 0.188235
vn -0.0000114781418064 -0.0000017558943922 -0.0003013940943394
v 0.0174881358699129 0.0681798577125072 0.0018213726853539 0.631373 0.545098 0.227451
vn -0.0000026098004607 -0.0000316628590701 -0.0003832707634076
v 0.0116056467353855 0.0747340516984769 0.0011940257440912 0.568627 0.478431 0.145098
vn 0.0001663502019768 0.0000128451430807 0.0003263792091719
v -0.0483582280851387 -0.1287142909323171 0.0284817847137832 0.615686 0.509804 0.145098
vn -0.0000620094115315 -0.0000443091756262 -0.0006941495418326
v -0.0055209939286978 0.0920670139313480 0.0010800317971385 0.607843 0.513725 0.164706
vn -0.0000214747027830 -0.0000746806877485 -0.0004472305235470
v -0.0141256510431599 0.0989787847448342 -0.0007156483484575 0.631373 0.529412 0.172549
vn -0.0000122214617932 -0.0000008362929759 -0.0005155158545666
v -0.0069326335229496 0.1048941519449068 -0.0011419010877432 0.611765 0.505882 0.149020
vn -0.0000022634369400 -0.0004903758275867 -0.0000053578465419
v -0.0414452984536358 -0.1614042756447029 0.0176357422637174 0.631373 0.533333 0.203922
vn -0.0000029981521399 0.0000008672029279 -0.0007065433096599
v -0.0368236108848160 -0.1187895498048307 0.0034987458532730 0.607843 0.505882 0.141176
vn -0.0001342040756655 -0.0000187369281925 0.0003640787437175
v -0.0625460638279790 0.0628722389537026 0.0296830783929591 0.623529 0.529412 0.192157
vn -0.0000088225193805 -0.0001178517616922 0.0003687190025946
v -0.0544097376798876 0.1206854458392296 0.0483661001150397 0.623529 0.505882 0.133333
vn 0.0000534529015408 -0.0001347109457033 0.0005822240871563
v -0.0464866512559112 0.1222592541874858 0.0462490007924675 0.603922 0.486275 0.113725
vn 0.0000020940355338 0.0000078910295044 -0.0004735658109570
v -0.0283352752190969 -0.0889808005704894 0.0019063092300323 0.627451 0.529412 0.176471
vn -0.0000050473091634 0.0000004981138746 -0.0002949340054983
v -0.0563384235063567 -0.0219432287232883 -0.0003556714370020 0.627451 0.517647 0.129412
vn 0.0001016077150199 -0.0000035948707385 -0.0003994433412220
v -0.0514191757051501 -0.0265958372841934 0.0003884292938789 0.631373 0.521569 0.137255
vn -0.0000021976567549 0.0000049874040216 -0.0003874894389220
v -0.0569236244055697 -0.0306996457356189 -0.0003836478318183 0.615686 0.498039 0.113725
vn -0.0000195152062907 -0.0000166452544472 0.0007438828839028
v 0.0059100354847598 -0.0618732030006163 0.0256495355220739 0.596078 0.509804 0.188235
vn -0.0000522279238627 -0.0000046142103707 0.0005290211311977
v 0.0183888208428000 -0.0609000473403128 0.0274659741275803 0.631373 0.545098 0.227451
vn -0.0000493471596849 -0.0001134908616312 0.0006653248304235
v 0.0148761137581245 -0.0509204558961240 0.0278598730699153 0.619608 0.533333 0.207843
vn 0.0000765785429169 0.0000306777235452 -0.0005267637620114
v -0.0454560840861364 0.0648840320490311 0.0013226141029826 0.623529 0.533333 0.196078
vn -0.0000006341684690 0.0000057380406084 -0.0008608479118194
v -0.0346953275362052 0.0582437046223125 0.0009046444451846 0.611765 0.521569 0.184314
vn 0.0001081098536520 -0.0000152725310851 -0.0005771638492340
v -0.0492991261386751 0.0554428145470504 -0.0001600111063116 0.627451 0.533333 0.196078
vn 0.0000282620616458 -0.0000228139100394 0.0006847820412225
v -0.0322971632111365 -0.0588047143982803 0.0264568591686950 0.619608 0.537255 0.239216
vn -0.0000421812067374 -0.0000139801807871 0.0004768672730381
v -0.0348021195389322 -0.0722887478926782 0.0263898979901912 0.607843 0.525490 0.203922
vn 0.0000041169818836 0.0000319956862963 0.0006122877927868
v -0.0269444512638111 -0.0678998306693270 0.0283235081645930 0.639216 0.549020 0.223529
vn 0.0002220939785254 -0.0000350142667592 0.0006011532714713
v -0.0432358534259545 -0.0669799364618910 0.0283349549282102 0.623529 0.537255 0.200000
vn 0.0002702789270526 -0.0000558708192403 0.0002602839825715
v 0.0770226389585925 0.0690774437387276 0.0184771300614234 0.368627 0.345098 0.294118
vn 0.0002955805104591 -0.0000492789202334 0.0003180763890149
v 0.0696735486554733 0.0644658547882717 0.0231814844717249 0.639216 0.549020 0.211765
vn 0.0005356645483635 -0.0001318376781789 0.0000761434065821
v 0.0723956602148551 0.0589498349784963 0.0178795470695563 0.631373 0.537255 0.200000
vn 0.0003190786235258 -0.0002458125728490 0.0005054418196585
v 0.0595539370190976 0.1094001497010299 0.0397478851509138 0.615686 0.494118 0.101961
vn 0.0001183166738872 -0.0001918647938823 0.0006331292144916
v 0.0545427976698639 0.0983624880287409 0.0364196787388352 0.619608 0.521569 0.176471
vn -0.0000218577069371 0.0000370941234387 0.0004199980154520
v -0.0340367107591385 0.0632444145443397 0.0246399311927683 0.619608 0.533333 0.203922
vn -0.0004034545969356 0.0001751498348129 -0.0003063233474008
v -0.0721330794519870 0.1105309902858488 0.0089343153882160 0.662745 0.568627 0.231373
vn -0.0002193076165781 0.0001807042486393 -0.0006774479060052
v -0.0635489312197091 0.1065913935624047 0.0032377277217192 0.639216 0.541176 0.196078
vn -0.0001556511575508 0.0000406716557209 -0.0001972166992848
v -0.0706580135588257 0.1031757024717642 0.0056458746923276 0.654902 0.560784 0.215686
vn -0.0002443164287369 -0.0000061239853683 -0.0002585060608123
v -0.0708088247501500 0.0308769067112921 0.0040285378571523 0.639216 0.541176 0.192157
vn 0.0000591197988300 -0.0000065864472620 -0.0005451489657799
v 0.0541727317040836 0.0311987927665157 -0.0008674190335040 0.635294 0.545098 0.211765
vn -0.0000812153182623 0.0001537192491417 0.0005316351489037
v 0.0301087600841466 0.0437174631169166 0.0242716156259512 0.552941 0.474510 0.160784
vn -0.0000951773611046 0.0000678331195068 0.0005677699057910
v 0.0319327235084711 0.0361785603358931 0.0293486828262447 0.180392 0.176471 0.172549
vn -0.0000158664806777 -0.0001318044689726 -0.0005701327092972
v 0.0215858315849403 -0.1489644205593496 0.0018575545469770 0.627451 0.513725 0.137255
vn 0.0000093508130324 0.0000831993919483 0.0003560548616525
v 0.0074462336010419 -0.0794801280825041 0.0244245618084127 0.556863 0.482353 0.184314
vn -0.0000622757848137 0.0001331775057023 0.0004881463335732
v 0.0147599789908343 -0.0846561771948671 0.0295336531405099 0.635294 0.549020 0.219608
vn -0.0000125446078086 -0.0002717354554348 0.0005101468883385
v -0.0520191418376713 0.1122847562006288 0.0451309356083318 0.635294 0.525490 0.145098
vn 0.0000265196215622 -0.0000301103258493 -0.0003912637371494
v -0.0281727433189181 0.0525531842837815 0.0019125893475486 0.615686 0.525490 0.200000
vn -0.0000114778072673 0.0000204384277464 -0.0007324630992682
v -0.0344381697770516 0.0435364074972990 0.0016400666839970 0.627451 0.545098 0.219608
vn 0.0003248623077589 -0.0000045153098956 0.0003513767992517
v 0.0645551700527882 0.0055003479171915 0.0283467867482119 0.647059 0.556863 0.235294
vn 0.0002548401362787 -0.0000096514162224 0.0001526155049648
v 0.0680989143094616 0.0105247057820701 0.0243516680819699 0.658824 0.568627 0.243137
vn 0.0003057104144979 -0.0000014230076001 0.0003582559914889
v 0.0655029182177060 0.0166172535276303 0.0274654551153940 0.643137 0.552941 0.235294
vn 0.0000063774756885 0.0000991142298352 -0.0004329066799255
v -0.0075192529294632 0.1434224852823681 0.0178697179359509 0.615686 0.494118 0.101961
vn 0.0000006409412908 0.0001438868428292 -0.0002342966603529
v -0.0079652988707400 0.1498236101796289 0.0204279901893526 0.623529 0.505882 0.117647
vn 0.0003563284270695 -0.0001008810158222 0.0004047679357831
v 0.0638806540161810 0.1030489160150744 0.0324550701248885 0.650980 0.552941 0.219608
vn -0.0003210738562999 0.0000729075410777 -0.0002767090397523
v -0.0697336072166503 0.1403546521765203 0.0245830646710262 0.647059 0.545098 0.192157
vn -0.0001890082686191 0.0001267385086672 -0.0003714481043108
v -0.0657709311588369 0.1347757557097153 0.0200169799980569 0.635294 0.525490 0.156863
vn 0.0000213695373544 0.0000620267031215 -0.0006365663246339
v 0.0052886086360375 -0.0092979183881469 0.0026394592044690 0.611765 0.525490 0.192157
vn -0.0000201883059134 -0.0000079413589700 -0.0006184707279669
v 0.0135914808733434 -0.0027260403791348 0.0043107051703395 0.615686 0.541176 0.219608
vn -0.0000162755421639 0.0000015045915746 -0.0006565639342940
v 0.0177345272609749 -0.1148978453284401 0.0020198253233917 0.615686 0.521569 0.180392
vn -0.0000002715538310 0.0004404332090891 0.0000523037804896
v -0.0532805548670142 0.1609009508390720 0.0373725691522131 0.654902 0.564706 0.243137
vn 0.0000053379103921 0.0002744029339292 -0.0001041114800104
v -0.0517124695591292 0.1588950490704865 0.0300106754231848 0.639216 0.521569 0.145098
vn -0.0002554089376707 -0.0000040609286872 0.0007329212399529
v 0.0401315121082479 -0.0690987310451331 0.0293158922726519 0.623529 0.537255 0.203922
vn -0.0002355480725825 -0.0000286816133845 0.0006306453013579
v 0.0417423652462562 -0.0574808249209675 0.0300688578803005 0.615686 0.525490 0.196078
vn 0.0000423361427498 0.0000430230510168 0.0008177180632628
v -0.0565791067504746 0.0264119974393472 0.0324628481986168 0.643137 0.556863 0.239216
vn -0.0001057069170633 -0.0000054553476482 -0.0006685951411062
v 0.0436570560783660 0.0350714594789616 0.0001413979922380 0.647059 0.556863 0.231373
vn -0.0000172498478228 -0.0001498015467910 0.0003087266437541
v 0.0467235557360512 0.1016992552280165 0.0349055391752365 0.611765 0.513725 0.168627
vn 0.0002812232246069 0.0000033024765127 0.0003012337185677
v 0.0643417995959250 0.0374597913041861 0.0288778170400560 0.670588 0.584314 0.274510
vn 0.0003787627432628 0.0000079061294984 0.0003675518394379
v 0.0665621458056693 0.0474782866392900 0.0264710547915231 0.654902 0.568627 0.254902
vn -0.0000017968661572 0.0000027454752814 -0.0003293243329520
v -0.0567329831384225 0.0102274584606722 -0.0006297103678710 0.643137 0.549020 0.203922
vn -0.0001284085839614 -0.0000104163448861 -0.0005227536819176
v -0.0619854162474258 0.0168107340350161 0.0000669414697743 0.615686 0.513725 0.156863
vn 0.0000818604758769 0.0000023852152283 -0.0005163575808870
v -0.0507975771670000 0.0163837019534292 -0.0000848263979480 0.627451 0.537255 0.196078
vn 0.0000596203481370 -0.0000304235354064 0.0003397687383255
v -0.0413407439704154 -0.1019231558854790 0.0252235771714057 0.533333 0.443137 0.125490
vn 0.0000433238918087 0.0000513948717901 0.0003135608309019
v -0.0407198610962681 -0.1105201865108045 0.0275848314715086 0.572549 0.478431 0.133333
vn -0.0000724886659951 0.0000502135197407 0.0005053774458748
v -0.0329045570257842 -0.1078363112741482 0.0279480715007574 0.627451 0.541176 0.227451
vn 0.0000195269802554 -0.0000142734688662 -0.0008057177239122
v -0.0368811487814888 0.0725182684324254 0.0027706801085218 0.541176 0.450980 0.129412
vn -0.0000310500714783 -0.0002283797030843 0.0004388614470099
v 0.0115496753449995 0.0888683028468317 0.0260500529734475 0.607843 0.490196 0.101961
vn 0.0000335923833917 -0.0001304762219192 0.0003557600298670
v 0.0036194705544631 0.0841828986846365 0.0249223423292391 0.627451 0.545098 0.250980
vn -0.0000370974256366 -0.0000446756965869 0.0003712791558157
v 0.0118658680327846 0.0802739685033826 0.0245502546234685 0.588235 0.490196 0.141176
vn -0.0000180717647151 0.0000622995851770 0.0007104549442385
v -0.0459087808020326 0.1413607784329690 0.0516669572899799 0.627451 0.501961 0.101961
vn -0.0000098044107118 -0.0002565042543863 0.0003812696363207
v -0.0061834488775318 -0.1551673732150317 0.0305691644128753 0.631373 0.521569 0.152941
vn 0.0000048233488993 0.0004175746553609 -0.0004143587715836
v 0.0193287811371040 0.1546527025045858 0.0242177440793522 0.639216 0.517647 0.133333
vn 0.0000058216775717 0.0002956003889597 -0.0005530514661803
v 0.0137664021532345 0.1492539845053998 0.0202181770149317 0.635294 0.521569 0.125490
vn -0.0000149684117913 0.0000432950334073 -0.0006914617717092
v -0.0149457887381735 -0.0075103284543280 0.0035425515885075 0.592157 0.509804 0.196078
vn -0.0000100590699693 0.0000379903756482 -0.0003981768626716
v -0.0060664784756343 -0.0060110488211953 0.0027758978565763 0.631373 0.552941 0.231373
vn -0.0000175390829767 0.0000025085572824 -0.0004565098540219
v -0.0048381914027927 -0.0143967212920230 0.0015792076054130 0.635294 0.549020 0.223529
vn 0.0000359433666937 0.0000702765045011 0.0005067994485683
v -0.0341044406115775 0.0418943916624498 0.0254456618471607 0.623529 0.541176 0.219608
vn 0.0001516598126999 0.0000531640364276 0.0004833397308730
v -0.0456538262728024 0.0411559922157252 0.0286353196364072 0.643137 0.556863 0.231373
vn 0.0000175578590240 0.0000094721646222 -0.0004566772318869
v 0.0105052063969173 0.0651603377413989 0.0016284899163564 0.607843 0.521569 0.200000
vn 0.0000402446628341 0.0000433527895039 0.0006749283409809
v -0.0560015660021227 0.0381441137160264 0.0318284409330308 0.650980 0.564706 0.243137
vn 0.0001052809871376 0.0000304828606434 0.0002960804179312
v -0.0495085293990700 0.0474780192473576 0.0290150677676122 0.643137 0.556863 0.227451
vn -0.0005772254348967 0.0000092367815001 0.0000601715952939
v -0.0773467478415307 0.0477172580618832 0.0169457522656925 0.647059 0.549020 0.215686
vn 0.0000115713035155 -0.0000831984014377 -0.0005393366045502
v -0.0186473890504699 0.0059755320059515 0.0026709912369485 0.572549 0.478431 0.145098
vn -0.0000341835387772 -0.0000456335743407 0.0003669536780637
v -0.0026150182663362 -0.0995029331681306 0.0293613384176274 0.615686 0.525490 0.192157
vn -0.0001036868562662 0.0000107356973058 0.0006056144709072
v 0.0471051039822932 0.0065493206547930 0.0325297809362831 0.643137 0.556863 0.239216
vn 0.0001373303245328 0.0000077351576708 0.0005704674433741
v 0.0566147537937486 0.0107085596758245 0.0328039712905385 0.623529 0.533333 0.219608
vn -0.0000122700370454 -0.0000743478300976 -0.0004585402730841
v 0.0192812905335420 0.0042956750199124 0.0021758056717011 0.635294 0.545098 0.227451
vn -0.0000162824310127 0.0000235423129897 -0.0003516619671286
v 0.0203135872159638 -0.0067747850004119 0.0025368884854709 0.619608 0.537255 0.211765
vn -0.0001085449713586 -0.0000610232341379 -0.0002791467662960
v -0.0653630515210430 -0.1393932377902147 0.0016884883625763 0.611765 0.486275 0.082353
vn -0.0001813311579218 0.0000062771650820 -0.0004600855826602
v -0.0632873531263287 -0.0237731841678105 0.0008403017617142 0.623529 0.505882 0.117647
vn 0.0001336308115087 -0.0000122355026844 0.0006678076936305
v -0.0494051783145977 -0.0399864030128807 0.0326702136434564 0.623529 0.529412 0.207843
vn 0.0000025962534623 0.0000361420435452 0.0004870249133684
v 0.0105335816039646 -0.1444614347187902 0.0336357761985660 0.619608 0.513725 0.164706
vn 0.0000118234986127 -0.0001602150678333 0.0003156962402660
v 0.0080035537852466 -0.1514779980616823 0.0325759110904429 0.623529 0.517647 0.156863
vn -0.0000224164186533 -0.0001524395925325 -0.0003773171305445
v 0.0116509690764685 -0.1496377258310642 0.0027049261223746 0.619608 0.501961 0.125490
vn -0.0000267042038878 0.0000294997601495 -0.0005747156652732
v 0.0136972483467621 -0.1417296711734651 0.0015861404961492 0.615686 0.501961 0.117647
vn -0.0000051003441461 -0.0000617130382979 -0.0006097643834755
v 0.0028556189051650 -0.1456298545951522 0.0022172306903310 0.639216 0.529412 0.137255
vn 0.0000039677229473 0.0002285500806543 0.0001336068656014
v -0.0286406771548066 0.1598818739828506 0.0403860445538093 0.639216 0.545098 0.227451
vn -0.0004380260076632 -0.0000000505707356 0.0003510807269084
v -0.0755333270970103 -0.1084385816611360 0.0243054270096911 0.627451 0.525490 0.160784
vn -0.0006079977042504 0.0000082315789911 0.0000477968492908
v -0.0786922862862675 -0.1200866797752393 0.0173470740763597 0.623529 0.521569 0.176471
vn 0.0000123444100710 0.0001940211872394 -0.0005782625175120
v 0.0194056390337408 0.1384648701442994 0.0174552811441887 0.619608 0.486275 0.086275
vn -0.0000322817983492 0.0001661016590275 -0.0003033860380560
v 0.0130395038603809 0.1332074812007946 0.0169978547566845 0.615686 0.494118 0.078431
vn 0.0000049164905663 0.0001146738801784 -0.0005609080601139
v 0.0091896660625269 0.1404807318034137 0.0174188996675328 0.600000 0.470588 0.074510
vn 0.0000064873126822 0.0004309711659832 -0.0004999109307816
v 0.0167266325138268 0.1265323312965301 0.0099241121011178 0.627451 0.509804 0.133333
vn -0.0000088522576100 0.0000013187260460 -0.0004783237299386
v 0.0107091593647088 -0.0814015006033202 0.0045513299492018 0.572549 0.486275 0.184314
vn 0.0000189782028816 -0.0000711595902479 -0.0006130086635060
v 0.0080315945010619 -0.0714896878700163 0.0028435939755266 0.537255 0.450980 0.121569
vn -0.0000352261216342 -0.0000570360437948 -0.0004619317841914
v 0.0159805058832773 -0.0729502875370696 0.0025030066093506 0.619608 0.533333 0.200000
vn 0.0002721805930154 0.0000336354389444 -0.0002667868620707
v 0.0713134877142510 0.0823141737160018 0.0114752831163166 0.631373 0.513725 0.125490
vn 0.0005574874943193 -0.0000125343474588 0.0000252860355577
v 0.0715196592838462 0.0290519723466974 0.0176422086225863 0.619608 0.517647 0.180392
vn 0.0001810179501192 -0.0000073815523658 0.0000027874332019
v 0.0712825041270666 0.0210235968485079 0.0173462561535197 0.615686 0.509804 0.168627
vn 0.0003950052649825 -0.0000180457780774 -0.0001421503194559
v 0.0694803961731383 0.0198285439247406 0.0106762089453360 0.627451 0.517647 0.133333
vn 0.0000165791072884 -0.0000571792810081 -0.0006526153344852
v 0.0000000000000000 -0.0000000000000000 0.0033463279157514 0.619608 0.533333 0.207843
vn 0.0000763367395668 0.0000056606378023 -0.0003593200098903
v -0.0451314433828253 0.0214150376834502 0.0020599621867849 0.623529 0.533333 0.196078
vn -0.0000419960638815 -0.0000036169277333 -0.0004546571065644
v -0.0338249242445175 0.0815819690857092 0.0006815767052004 0.635294 0.545098 0.211765
vn -0.0005021253897300 0.0000664921022291 -0.0002214378281449
v -0.0755946402903783 0.1012333458123204 0.0116396931381967 0.643137 0.541176 0.196078
vn -0.0006045654983500 0.0000160703676593 0.0001420106839281
v -0.0778831424162368 0.1002390527625621 0.0216157547015216 0.615686 0.509804 0.149020
vn -0.0003293263699607 0.0000823461037771 -0.0000750647222473
v -0.0754504212772428 0.1073510477220571 0.0168845875285622 0.647059 0.545098 0.180392
vn 0.0004085646402779 0.0000099618902085 0.0002853998851170
v 0.0683256905971948 -0.0897493686920492 0.0236117547235993 0.631373 0.533333 0.188235
vn 0.0005228307935449 -0.0000217054554987 -0.0002123985389584
v 0.0703821640547367 0.0534209765792818 0.0086597151771362 0.631373 0.521569 0.137255
vn 0.0004969746126611 -0.0000829709347971 -0.0003520841514462
v 0.0708135647750617 0.0645987262076489 0.0086973289419334 0.639216 0.529412 0.145098
vn 0.0002997359171811 0.0000053005369088 -0.0005636608400922
v 0.0595166240410254 -0.0069775044392425 0.0002982645413295 0.619608 0.521569 0.184314
vn -0.0000203570002735 0.0002731108146964 -0.0003353546929126
v -0.0290796788201395 0.1253100069945367 0.0091276948991501 0.615686 0.498039 0.113725
vn -0.0000218701935017 0.0002454618997858 -0.0003300521301942
v -0.0332270456355729 0.1199781962436378 0.0048087086348124 0.639216 0.525490 0.156863
vn -0.0000168317594803 -0.0001971520932625 -0.0002318486758765
v 0.0177989224842679 -0.1543041746073105 0.0050490035651900 0.627451 0.509804 0.129412
vn -0.0000163271904935 -0.0002794324365901 -0.0002406770287090
v 0.0106207011136701 -0.1564858294388154 0.0079125790672677 0.615686 0.494118 0.109804
vn -0.0000068223051121 0.0000600693924918 0.0006493242730843
v -0.0104902396918707 0.0191956635713742 0.0258948528914399 0.603922 0.521569 0.215686
vn -0.0000191007444268 -0.0000452928290819 -0.0006068036191108
v 0.0127267794381718 -0.0522297560229625 0.0035168696132000 0.580392 0.498039 0.184314
vn 0.0001672942357006 0.0000258309785574 0.0006464344959535
v -0.0502221801512750 -0.0045571360679280 0.0322281458382944 0.631373 0.541176 0.219608
vn -0.0000327556973311 -0.0000497260912314 -0.0007511680740838
v -0.0351993760837077 0.0933221389054429 0.0020537864620493 0.576471 0.486275 0.149020
vn 0.0000342236184889 -0.0000200473456743 -0.0006836885145400
v -0.0458172745237746 0.0967291483136738 0.0009488916005335 0.619608 0.517647 0.156863
vn -0.0000120035499634 -0.0000143434455206 -0.0004878662220421
v 0.0178712798418519 0.0604924007743229 -0.0000557310757848 0.631373 0.541176 0.207843
vn 0.0004894277933415 -0.0000157410509664 0.0002764333162215
v 0.0684810849794188 -0.0158206502888126 0.0228720368795774 0.635294 0.545098 0.188235
vn 0.0004310580113792 -0.0000023977315795 0.0003338211918162
v 0.0680226353103933 -0.0042513223482825 0.0242046858837833 0.643137 0.549020 0.207843
vn 0.0003272668403269 0.0000084942499448 0.0004616663743024
v 0.0617304902711365 -0.0103601607784885 0.0304817438138764 0.623529 0.533333 0.200000
vn 0.0004381280243702 -0.0000046336414707 -0.0002918506579359
v 0.0666128291922890 -0.0771521970854616 0.0082595384952759 0.639216 0.525490 0.149020
vn 0.0002970265715550 0.0000008458474014 -0.0001013786182872
v 0.0687513197580529 -0.0723810147480134 0.0134903771794027 0.635294 0.521569 0.129412
vn 0.0003398841942460 0.0000030487647320 -0.0000384649976907
v 0.0701692134003192 -0.0801784941392401 0.0176507090229569 0.639216 0.549020 0.219608
vn -0.0001381890762536 0.0000760753712425 0.0006076793327360
v 0.0388705254925069 -0.0799944065408129 0.0278664281793148 0.576471 0.486275 0.168627
vn -0.0000150148162668 -0.0000195576542158 0.0004240645909283
v 0.0312108848071969 -0.0722345809598668 0.0256675925178229 0.592157 0.509804 0.188235
vn 0.0000038661049125 -0.0000309285663059 0.0006023233199121
v -0.0578615720328177 -0.1166959516491266 0.0329450167947250 0.627451 0.521569 0.160784
vn 0.0001176951288898 -0.0000386557509351 0.0003614329733313
v -0.0509504701024700 -0.1214545267855428 0.0306027652654020 0.611765 0.505882 0.145098
vn 0.0004463649386638 -0.0000082353709241 0.0005189369934640
v 0.0661040079188623 0.0579895534950247 0.0267750811841997 0.639216 0.549020 0.219608
vn -0.0004276084600149 -0.0000091256363460 0.0003436271492811
v -0.0724072049721850 0.0114737794289857 0.0253109307891913 0.627451 0.529412 0.192157
vn -0.0000258973213496 -0.0002422995955421 0.0005682372626202
v -0.0045146144780570 0.0845008244307288 0.0259155062452340 0.635294 0.552941 0.247059
vn 0.0000320086604113 -0.0000175922646692 0.0007055072796517
v 0.0038872129983051 0.0759273334098315 0.0242331329019057 0.596078 0.494118 0.145098
vn -0.0000072355476526 -0.0004290462652508 0.0006921157681658
v 0.0021978979904007 0.0932599626694181 0.0315899651172387 0.631373 0.525490 0.168627
vn 0.0000100991536848 0.0000688602492383 0.0008668300376401
v 0.0015296295191445 -0.0303922965920879 0.0273250593359937 0.623529 0.545098 0.223529
vn -0.0000505784580633 -0.0000619272831323 -0.0006984726006541
v -0.0099784790841544 -0.0210430610555583 0.0029043762868114 0.611765 0.525490 0.192157
vn -0.0000635659833666 -0.0000573492551322 0.0005061233416012
v -0.0098997915426470 -0.0251131450831973 0.0260807380640175 0.603922 0.529412 0.227451
vn -0.0000243820768895 -0.0000297196856821 0.0003701691726374
v -0.0118679594163538 -0.0166806195574726 0.0275853513403481 0.615686 0.529412 0.200000
vn -0.0000454296737863 0.0000019232714661 0.0003941527958719
v 0.0149902122436688 -0.0687651017932125 0.0275703727437758 0.639216 0.552941 0.231373
vn 0.0000292253167919 -0.0000183897997465 0.0005978134282377
v 0.0046676678782212 -0.0704017854936455 0.0265436179428355 0.600000 0.509804 0.176471
vn -0.0001664945073582 0.0001935199889049 -0.0002917215468869
v -0.0647820793341741 0.1276985326585560 0.0159413079651007 0.643137 0.541176 0.184314
vn -0.0002813185359240 0.0000064731868100 -0.0002751070063975
v -0.0705006527894276 -0.0594599867471295 0.0045280819524724 0.623529 0.501961 0.105882
vn -0.0000135567687154 -0.0003402062143281 0.0003517013898043
v -0.0331707286676123 0.1039942666375929 0.0384032863669294 0.619608 0.494118 0.101961
vn -0.0003556981850980 0.0000156405220114 0.0005498068887359
v -0.0685512213212354 -0.0752968838658897 0.0298725486652443 0.603922 0.505882 0.168627
vn 0.0001395113523531 0.0000067358035083 -0.0008153440616118
v -0.0483564533404568 0.0429156214099337 0.0001868152003167 0.619608 0.521569 0.184314
vn 0.0000361385093402 -0.0000139234600678 -0.0003904449003098
v -0.0426391676144224 0.0516003636418086 0.0028317649491187 0.607843 0.513725 0.180392
vn 0.0002063731846231 0.0000003576797495 -0.0004062545614369
v 0.0621802262783508 0.0271319602637949 0.0013990100316191 0.643137 0.545098 0.215686
vn -0.0000528721031418 0.0000139650144501 -0.0004627910593103
v 0.0476443269651395 0.0603768337238385 -0.0009168579567133 0.639216 0.552941 0.219608
vn -0.0001087293687978 -0.0000103138373964 0.0005489423208084
v 0.0345085936925364 -0.0184999733167806 0.0277285269150479 0.600000 0.513725 0.184314
vn 0.0000473936192041 -0.0000235145946756 0.0005115572376985
v 0.0249909970992119 -0.0211526537835943 0.0286564083502505 0.635294 0.549020 0.219608
vn -0.0000948841687420 0.0000374652502556 0.0005857429939804
v 0.0347511991600848 -0.0306889065873717 0.0264597764409675 0.580392 0.513725 0.211765
vn 0.0001249583364958 0.0000195768820603 0.0003859930406340
v -0.0438208873748033 -0.0034455189882917 0.0279649638771517 0.556863 0.474510 0.156863
vn 0.0000087674465600 -0.0000131663867352 -0.0004179222091778
v -0.0573875618840914 0.0327533921392994 -0.0010251832741311 0.627451 0.533333 0.200000
vn 0.0000078938751637 0.0000008083641476 -0.0002181543298957
v -0.0563410110917777 0.0403475109487031 -0.0011544144408781 0.619608 0.521569 0.184314
vn -0.0000025777157954 -0.0000047882421286 -0.0003967318968937
v 0.0208156384809167 0.0124767053260413 0.0006541966310117 0.650980 0.568627 0.239216
vn -0.0000033520708678 -0.0000788545213538 -0.0007771443522672
v 0.0084251911497809 0.0087819382815023 0.0017331086427904 0.627451 0.533333 0.203922
vn -0.0000126311630526 0.0000260138584671 -0.0005877591868326
v 0.0159121970696199 0.0193981905668602 0.0019209780054207 0.627451 0.541176 0.227451
vn -0.0000277102759692 -0.0000944606430013 0.0004911195241672
v 0.0225164846707143 0.0807037663878599 0.0267405901586650 0.603922 0.509804 0.149020
vn -0.0000421368344601 -0.0000238414693699 0.0004989768069061
v 0.0163045695892475 0.0737391597302879 0.0246014995851323 0.607843 0.513725 0.172549
vn -0.0000011831638191 -0.0003923209791124 -0.0001740606973518
v -0.0405025681789383 -0.1595018763116150 0.0105142889090775 0.619608 0.498039 0.090196
vn 0.0000101896078699 -0.0001361663679237 0.0005833756769702
v -0.0137321760907856 0.1344321401105573 0.0503757470606741 0.603922 0.474510 0.070588
vn -0.0000138642546860 -0.0000126837376709 -0.0004161809513915
v 0.0512969277907182 0.0730874022783184 -0.0011798110824750 0.607843 0.509804 0.168627
vn 0.0000185954113365 0.0000091818879803 -0.0004227425678561
v -0.0225012606066403 -0.1015174945053575 0.0043617408170165 0.596078 0.498039 0.164706
vn -0.0003172646570124 0.0000035592844475 -0.0004428433184036
v -0.0692930275266459 -0.0801463224691843 0.0033663006579612 0.607843 0.486275 0.082353
vn -0.0002956269023057 0.0000024895704455 -0.0001731716606221
v -0.0734544544274757 -0.0742282123361568 0.0082990021432515 0.619608 0.498039 0.098039
vn -0.0003032147139983 0.0000017184869489 -0.0004544072209325
v -0.0699306172818103 -0.0685451981226685 0.0037560895374745 0.631373 0.513725 0.113725
vn 0.0000025881768439 -0.0000422121334241 -0.0004468500160027
v 0.0012595291830983 0.1003379207470877 -0.0011637409502890 0.619608 0.517647 0.160784
vn 0.0000758750463980 -0.0000115426097509 -0.0006615628851844
v -0.0522979212408956 -0.0481666074784228 -0.0003585524204503 0.619608 0.498039 0.109804
vn 0.0006766466364532 -0.0000058751334690 0.0000807266881370
v 0.0703199890063534 -0.0270453507206011 0.0179103279369898 0.639216 0.541176 0.219608
vn -0.0000112515931412 0.0001660752944696 -0.0003444811717875
v -0.0151466906010200 0.1480705313636599 0.0195880046015255 0.643137 0.529412 0.141176
vn -0.0000126966132829 0.0001357916984267 -0.0005047557516229
v -0.0210860798560371 0.1422352117630459 0.0177129383475609 0.631373 0.509804 0.117647
vn 0.0004398525638161 -0.0000029651202844 0.0003857761880654
v 0.0662961956887329 0.0272121778833072 0.0267384105473199 0.674510 0.592157 0.278431
vn 0.0000533151029346 0.0000489630215249 -0.0004915885355076
v 0.0559794168509131 0.0920544855044515 -0.0004498869518471 0.619608 0.509804 0.129412
vn 0.0000063977402753 0.0000505411542972 0.0004948264571759
v -0.0418411189986545 -0.1284985208235269 0.0240818366736459 0.568627 0.454902 0.066667
vn -0.0001194215461152 -0.0000323846088653 0.0006291492634006
v -0.0361404948325356 -0.1188242152094157 0.0284717192063281 0.607843 0.509804 0.176471
vn 0.0001192571379421 -0.0000673947572026 0.0004057082638263
v -0.0447653242914669 -0.1160126945994382 0.0290799793337014 0.619608 0.521569 0.168627
vn 0.0000373311637094 0.0001093550505602 0.0004430012511452
v -0.0215174155663797 0.0435729676680318 0.0254473188586108 0.631373 0.549020 0.227451
vn 0.0000140012623433 0.0000067288127872 0.0003739661237163
v -0.0171390851945173 0.0362462249332847 0.0259797966867726 0.635294 0.552941 0.211765
vn 0.0000162235517128 -0.0001994669186378 0.0005439910004767
v -0.0158370949919406 0.0845019459400910 0.0232211012622852 0.576471 0.490196 0.156863
vn -0.0000557497969354 0.0000069461706506 0.0006516586157379
v -0.0076373509234785 0.0757425872593220 0.0249822946299486 0.619608 0.529412 0.184314
vn -0.0004014306407433 0.0000172468575010 0.0002737051676479
v -0.0744916669926820 -0.0849699778088580 0.0245562592005529 0.623529 0.521569 0.168627
vn -0.0002831273742263 0.0000101380232740 0.0003803022828534
v -0.0697006136442323 -0.0886026062084594 0.0294891857747139 0.615686 0.521569 0.168627
vn -0.0000526109280274 -0.0000422153354607 0.0006399347736087
v 0.0191911980289537 -0.1171730192233364 0.0306345621638699 0.647059 0.560784 0.231373
vn 0.0004482641497915 -0.0000136880214543 -0.0002716691175400
v 0.0684448718357084 0.0287118729477836 0.0075989716668913 0.635294 0.525490 0.149020
vn 0.0000259026065913 -0.0000419946083427 0.0001356197905838
v -0.0388346466850744 0.0857847258752932 0.0227090180338810 0.568627 0.474510 0.125490
vn 0.0004092299215652 0.0000089309079993 0.0003498128951171
v 0.0658370910405951 -0.0548195294977672 0.0263741227664948 0.650980 0.564706 0.231373
vn 0.0004512042468423 0.0000104847970824 0.0003310741402721
v 0.0675167109411222 -0.0657486234902204 0.0245423610353179 0.635294 0.545098 0.207843
vn 0.0003253748319081 0.0000038061435809 0.0000677374741534
v 0.0697942289643074 -0.0566975548804174 0.0196267473501691 0.615686 0.521569 0.203922
vn -0.0000193581910593 -0.0002080849624335 0.0008526755147982
v -0.0217523733021370 0.1242959917804040 0.0474746752110439 0.623529 0.509804 0.145098
vn -0.0000030866047700 0.0001200287254644 -0.0004087378404609
v -0.0295625500701687 0.1431551669831695 0.0180954407953801 0.619608 0.494118 0.094118
vn 0.0000572129994453 -0.0000279154764842 -0.0002987139907330
v -0.0447746346451734 -0.0462915892853415 0.0017857900052364 0.600000 0.482353 0.094118
vn -0.0000026204404409 0.0000047274696292 -0.0005060005802665
v -0.0333774852552689 -0.0834935325907750 0.0031251644267577 0.603922 0.513725 0.188235
vn 0.0000027011674369 0.0000622651793597 0.0006718750724883
v -0.0160111746572362 -0.0646746566485479 0.0261357961012564 0.619608 0.533333 0.207843
vn 0.0000055602327658 0.0000273822391390 0.0004488166807651
v -0.0031041450591886 -0.0662010587494543 0.0279647087198879 0.619608 0.529412 0.200000
vn -0.0000492263408367 0.0000096898134941 0.0005312552465370
v -0.0067725021411176 -0.0582910341339865 0.0261617549700506 0.639216 0.568627 0.270588
vn -0.0001067735530114 -0.0000024739001084 -0.0003673527056157
v -0.0633028293037318 0.0545824016801606 -0.0004981320458104 0.611765 0.513725 0.176471
vn 0.0001244173894485 -0.0000291211341808 0.0004458500192911
v -0.0446132980741896 -0.0593785080675664 0.0284262551142533 0.603922 0.513725 0.188235
vn -0.0000534208240200 -0.0000326688290800 0.0003522183666267
v 0.0359423725344108 0.0287060005721942 0.0284827412124213 0.223529 0.219608 0.215686
vn 0.0004097733370364 -0.0000059183655281 0.0002470893591647
v 0.0700636661904090 0.0385025124540277 0.0206964845671361 0.635294 0.545098 0.215686
vn 0.0002259261566420 -0.0000049904645588 -0.0000080916505693
v 0.0716297405034361 0.0386479318186082 0.0168711819306465 0.623529 0.521569 0.184314
vn 0.0000811871801444 -0.0000035144292994 0.0003338397468160
v -0.0424018103637976 0.0682357740425335 0.0233162369259162 0.541176 0.458824 0.129412
vn -0.0000371316436208 0.0001706367180004 0.0006346519915911
v 0.0400558271569132 -0.1348549721821482 0.0300704842830569 0.607843 0.505882 0.149020
vn -0.0000581109103669 -0.0000025994517604 0.0004952327591725
v 0.0479463786265535 -0.1358171300384980 0.0322315465303105 0.627451 0.509804 0.129412
vn 0.0000248083788060 -0.0000052592657148 -0.0004552383711686
v -0.0220236460840037 -0.0021358211634037 0.0041326507052101 0.631373 0.556863 0.250980
vn -0.0000056895757636 -0.0000723327186762 -0.0006050101833103
v -0.0317586006160998 0.0034287472464852 0.0026033206120680 0.639216 0.556863 0.219608
vn -0.0000008505414960 0.0000413285350939 -0.0006779638077633
v -0.0279141132858196 -0.0085086449461252 0.0021278755621167 0.619608 0.529412 0.203922
vn 0.0002510784861679 -0.0001951736996628 0.0004877228144175
v 0.0570258850057823 0.1197591792589593 0.0459508500289616 0.619608 0.498039 0.105882
vn 0.0000098519776584 0.0000153453063641 0.0004493365527533
v 0.0347245198379396 0.1419400499066537 0.0523727875093458 0.627451 0.505882 0.109804
vn -0.0000050696105591 -0.0001670899875039 0.0005488062810864
v 0.0268782243005929 0.1365163145156273 0.0513537320053621 0.611765 0.486275 0.090196
vn 0.0000841288065250 -0.0000174956183407 -0.0006414219052260
v 0.0517788633043294 -0.0847771044266675 0.0000234671196328 0.627451 0.521569 0.172549
vn -0.0000050013949377 0.0002482122166487 -0.0003923701127536
v -0.0244546086607737 0.1198585732152712 0.0043530553812745 0.627451 0.513725 0.133333
vn -0.0000054713096092 -0.0000014900741660 -0.0004328075699512
v -0.0169861422157172 -0.0261272864919669 0.0060716856083647 0.549020 0.466667 0.149020
vn 0.0002749572840805 0.0000086948475175 0.0004735414675521
v 0.0621211591214261 -0.0720779455693080 0.0301337318956939 0.623529 0.525490 0.192157
vn 0.0001822407701051 -0.0000121346239385 0.0004822181171182
v -0.0464128954828214 0.0051086314130144 0.0305480113560819 0.619608 0.537255 0.211765
vn 0.0005249969943052 -0.0000494994812154 -0.0004090529380234
v 0.0664522945723810 -0.1310468983075133 0.0079109258850977 0.623529 0.501961 0.094118
vn 0.0004085780963495 -0.0000037037833436 -0.0000523218955183
v 0.0701382071430008 -0.0643975388332647 0.0173235059315430 0.623529 0.529412 0.200000
vn -0.0001731094685229 0.0000085835631998 0.0004814017682841
v 0.0441222342720411 -0.0892390821405388 0.0322336199071486 0.627451 0.541176 0.215686
vn -0.0000274256522916 -0.0001063666204475 0.0006263589395057
v -0.0329107777232892 -0.0980458295044636 0.0283761714625007 0.627451 0.541176 0.219608
vn -0.0002179154711440 -0.0000055231843279 0.0005220998020303
v 0.0429171496324235 -0.0225716100680008 0.0315436978247368 0.623529 0.533333 0.207843
vn 0.0000670838298097 -0.0003528273086310 0.0007344602025683
v -0.0252932122289228 0.0895013070892118 0.0285966585338985 0.631373 0.525490 0.145098
vn -0.0000098589899984 -0.0000367084294927 -0.0003661935301581
v 0.0323699546050820 0.0517699426046411 0.0033185974563275 0.529412 0.447059 0.133333
vn 0.0000158605145661 -0.0000349145118493 -0.0006961025354465
v 0.0211176072135883 0.0499035878212108 0.0027334303380350 0.619608 0.533333 0.215686
vn -0.0000008696072850 0.0000023519313820 -0.0003310289267661
v -0.0556119266336059 -0.0395818769226438 -0.0005142714069738 0.623529 0.501961 0.113725
vn 0.0003669832185527 0.0002332306801230 -0.0003518382912915
v 0.0663708673617603 0.1146675524903394 0.0089172099967028 0.627451 0.509804 0.117647
vn 0.0004400262379166 0.0001218353542832 -0.0000990002486822
v 0.0696365636468108 0.1118169826750299 0.0162650866031865 0.627451 0.509804 0.113725
vn 0.0000004321466616 -0.0005742302518641 -0.0000485797199317
v -0.0014842709603812 -0.1614100969083485 0.0193256917473723 0.627451 0.525490 0.192157
vn -0.0000089981560112 -0.0002762894228245 -0.0001633104464886
v 0.0015890685403717 -0.1575381379474522 0.0099038803585483 0.631373 0.513725 0.129412
vn -0.0000118077362693 -0.0003790974568382 -0.0001397271382850
v 0.0074428528591868 -0.1595162187109564 0.0140937407274156 0.619608 0.494118 0.101961
vn -0.0001027356841913 0.0001318533594503 0.0006466386054343
v -0.0321904847475416 -0.1336295493097716 0.0293202477396265 0.627451 0.537255 0.211765
vn -0.0005920031461939 -0.0000029438383166 -0.0003314289919907
v -0.0749206715163426 0.0393053629505591 0.0089514135199430 0.650980 0.549020 0.188235
vn -0.0000010730498813 -0.0000096269528341 -0.0007666472390675
v 0.0135251273425257 0.0847192943293039 0.0004769791866342 0.603922 0.513725 0.184314
vn -0.0000434551334579 -0.0000017939521731 -0.0003313711930774
v 0.0462010114713937 0.0674124356775763 -0.0000228154387010 0.615686 0.525490 0.188235
vn -0.0000015893264507 0.0001669808704747 0.0003979337327041
v -0.0137045265137191 -0.1388940924368561 0.0321208056280377 0.631373 0.541176 0.196078
vn 0.0000397701962833 0.0001284400891148 0.0005268727380676
v -0.0230029986077867 -0.1334236124471560 0.0293830806884732 0.619608 0.533333 0.196078
vn -0.0000221471300397 0.0000951872650995 0.0005890700838661
v -0.0223381646270766 -0.1428781820652446 0.0330417111013910 0.631373 0.533333 0.184314
vn 0.0006086180471821 -0.0000170035973032 0.0001262810273046
v 0.0719422083608599 0.0479277430199464 0.0177986692094984 0.643137 0.556863 0.223529
vn -0.0000103969333422 -0.0000007879650255 -0.0007742042879504
v -0.0300506423956524 -0.0538629730562279 0.0030170746302751 0.607843 0.525490 0.196078
vn -0.0001301593343138 0.0000113800281165 0.0007686261095982
v 0.0343211669571120 0.0203884115767811 0.0282463750234854 0.250980 0.254902 0.239216
vn -0.0000053981134613 -0.0005288732373805 0.0008022161552980
v -0.0121708588227917 0.0934395204839341 0.0317272940151274 0.615686 0.509804 0.152941
vn -0.0000197737680642 -0.0004143398123204 0.0005459365810829
v -0.0218985241741485 0.0994907921907782 0.0337499791076995 0.627451 0.525490 0.180392
vn 0.0003058606799386 -0.0000049217941532 -0.0003640614335056
v 0.0643405825005753 -0.1201321947011835 0.0045732429638407 0.627451 0.501961 0.094118
vn 0.0002505570123964 0.0000227296760584 -0.0002474006620228
v 0.0659202896549163 0.0815461027631239 0.0024802681333508 0.631373 0.521569 0.156863
vn 0.0000055359784852 0.0000004531043650 -0.0003793502291068
v -0.0356076930573932 -0.0286398699860362 0.0046581774156805 0.501961 0.415686 0.129412
vn 0.0000112317427441 0.0004929856502507 -0.0002055195889742
v -0.0217176946106630 0.1581901621594088 0.0290768700674801 0.643137 0.529412 0.137255
vn 0.0000080616250537 0.0003029239386954 -0.0000475034603342
v -0.0278882567651038 0.1598085945276932 0.0370411130155159 0.643137 0.549020 0.203922
vn 0.0000016757329371 0.0004252519847015 0.0000789744415736
v -0.0195677415453972 0.1600806460156671 0.0395362295901426 0.643137 0.549020 0.227451
vn 0.0000049593085883 -0.0003207495525588 0.0004099067931427
v -0.0036495777406813 0.1028246373881062 0.0343277302333030 0.603922 0.478431 0.074510
vn -0.0000165101151851 -0.0004108548425152 0.0004209677245617
v 0.0061699453378161 0.1046360165001288 0.0398585011244848 0.619608 0.501961 0.101961
vn 0.0000352566422177 -0.0000600738949405 0.0004735656859978
v 0.0047080333564008 0.0059489595668532 0.0267232521157738 0.627451 0.545098 0.223529
vn -0.0001936505894247 0.0000345929602588 0.0004758266372203
v 0.0430094981171711 -0.0109432919761497 0.0314918004463239 0.619608 0.529412 0.203922
vn -0.0001105367589754 0.0000684080974158 0.0004189270279434
v 0.0370209894216092 -0.0074012690590639 0.0273770801394377 0.576471 0.498039 0.188235
vn 0.0004713119035512 -0.0000086760494422 0.0005448717919186
v 0.0631266105484103 -0.0216783750491676 0.0296467793502237 0.631373 0.537255 0.203922
vn 0.0002706587613254 0.0000128458359435 0.0005083738404999
v 0.0609345580360917 -0.0328783689787443 0.0309216980087196 0.627451 0.529412 0.200000
vn 0.0000056965811670 0.0003481639682335 -0.0003069222528523
v -0.0163678626597089 0.1542881159858878 0.0236988413937086 0.631373 0.517647 0.133333
vn 0.0000841806429244 -0.0000028764525541 -0.0004280390997354
v -0.0554539455052803 -0.1046253553506222 0.0003767470135842 0.619608 0.494118 0.090196
vn -0.0000823247881343 0.0000029114202849 -0.0006003103252408
v -0.0600020578899070 -0.0967957853287934 -0.0000604349981435 0.611765 0.482353 0.094118
vn 0.0001527403588376 -0.0000491412703474 -0.0007258467272158
v -0.0487190051846009 -0.0952559981204070 0.0016260087671093 0.615686 0.494118 0.098039
vn 0.0000077768796445 -0.0004221467337870 0.0003603555780888
v 0.0044468728769703 -0.1571619659079155 0.0288418180641842 0.635294 0.521569 0.160784
vn -0.0001534564591035 0.0001857198405960 -0.0003458218429434
v -0.0651092954907201 0.1159248045455183 0.0076398902370276 0.643137 0.545098 0.203922
vn 0.0000355111843242 -0.0000655324602030 -0.0006439484400663
v -0.0204629540087918 -0.0183896922464722 0.0024619828173148 0.607843 0.513725 0.180392
vn 0.0000048683077502 0.0000334569460687 -0.0005749415047701
v 0.0105899141033373 0.0454995421252222 0.0022718224559117 0.635294 0.552941 0.258824
vn -0.0002404866882568 0.0000050057359527 0.0003609306065578
v -0.0683709367849346 0.0184330734603692 0.0289120137486030 0.619608 0.525490 0.196078
vn 0.0001428713729692 0.0000172611473838 -0.0005729792918820
v 0.0598649383603323 0.0815989975452972 -0.0004155488542467 0.631373 0.529412 0.176471
vn -0.0000058895949944 -0.0000316510131964 0.0006302127675745
v -0.0004239899835949 -0.1488454330446584 0.0336363137982852 0.619608 0.517647 0.156863
vn -0.0000201876184867 -0.0000480878758118 0.0003573729315390
v 0.0093597619537565 -0.1249104908087245 0.0254398061763665 0.541176 0.466667 0.176471
vn 0.0000585348534610 -0.0000090548684081 0.0005819961738912
v -0.0173306304890268 -0.1217326645390902 0.0273674395916248 0.600000 0.521569 0.188235
vn 0.0000154753049645 -0.0000070797325732 0.0004577853260656
v -0.0275750092308614 -0.1240795916573241 0.0292277023449693 0.615686 0.529412 0.196078
vn 0.0002149652672936 -0.0000250174125176 0.0002507240335379
v 0.0765847850811145 0.0902923486764549 0.0223731046374008 0.505882 0.443137 0.294118
vn 0.0000033168455383 0.0001939674145598 -0.0006545417202059
v 0.0297857430858206 0.1394056833881952 0.0177820630289267 0.607843 0.486275 0.082353
vn 0.0004060148214407 -0.0000057923448388 0.0006260560628796
v 0.0623759946088518 -0.1105308637580587 0.0305008416965573 0.623529 0.509804 0.117647
vn -0.0000298463940242 -0.0001428986971747 0.0004733665758021
v 0.0382422555300341 0.1329543728336079 0.0500949302805957 0.619608 0.501961 0.109804
vn -0.0000202873063926 -0.0001635971452587 0.0004832689727734
v 0.0312721206450719 0.1260912732581548 0.0470275612634129 0.607843 0.498039 0.133333
vn -0.0000081755409318 0.0000199098141434 0.0004490781177375
v -0.0275192683569921 -0.0901622742644973 0.0305711714826328 0.643137 0.552941 0.231373
vn 0.0001861191024930 -0.0000653868834986 -0.0003476368576277
v 0.0594155211968622 -0.1373247845767700 0.0030153023743531 0.619608 0.494118 0.090196
vn -0.0000381619140948 0.0000287444073289 -0.0006537924581309
v 0.0169348088455264 -0.1277709087396509 0.0037961772041089 0.588235 0.482353 0.141176
vn -0.0000000148252386 0.0000641205338320 -0.0005937655101104
v 0.0080108994231209 -0.1341456542785853 0.0031665297457671 0.603922 0.490196 0.109804
vn -0.0000592799088977 -0.0001170930129366 0.0004149781206549
v 0.0424967084021713 0.1259992687397772 0.0484747237066928 0.619608 0.505882 0.121569
vn -0.0000688957003612 0.0001783276100695 -0.0007490971462199
v -0.0489338571565566 0.1095383813923941 0.0012581578618808 0.650980 0.549020 0.200000
vn -0.0000325013010019 -0.0002443122641844 0.0004151206088089
v 0.0238534543907947 0.0893673998160941 0.0286307584864510 0.623529 0.509804 0.117647
vn 0.0000048774324628 0.0000042451262041 0.0005460145085986
v -0.0092971553734628 -0.1467351527687422 0.0336305185040720 0.619608 0.513725 0.156863
vn 0.0000594485622914 0.0000946044180301 0.0005433872370420
v -0.0216440114725536 -0.0365669721023751 0.0289992144791128 0.635294 0.552941 0.223529
vn 0.0000321447812239 0.0000501613291686 0.0004743680010295
v -0.0175305558071234 -0.0289753653313248 0.0240559605139284 0.541176 0.462745 0.168627
vn 0.0000072992171485 -0.0000222820102356 -0.0007783461730246
v 0.0080359405710956 -0.1213916216114195 0.0042152716675723 0.556863 0.466667 0.125490
vn -0.0002693304970202 0.0000343483686531 -0.0003689622565415
v -0.0700899989241656 0.0950674110837734 0.0041328091157861 0.635294 0.533333 0.176471
vn 0.0001709845202910 0.0000112723522771 -0.0003610901130525
v 0.0600042654343307 -0.1123942821940524 0.0020968818211014 0.615686 0.490196 0.098039
vn 0.0000683094296612 -0.0000213349499680 -0.0005132472875451
v 0.0546078945796119 -0.1204334594487795 0.0008019824283328 0.623529 0.501961 0.098039
vn 0.0001096292607550 -0.0000129294590489 -0.0005177051292067
v -0.0513036975419227 -0.0846070940954892 0.0005183861114935 0.627451 0.505882 0.105882
vn 0.0000700129899819 -0.0000018481396245 -0.0004993627737192
v -0.0406488329193534 -0.0865463825347332 0.0035158475934499 0.584314 0.478431 0.101961
vn 0.0000236960863194 0.0000257527821395 0.0005706053781910
v -0.0269880379745302 -0.1157446781102595 0.0303946766957284 0.619608 0.525490 0.196078
vn 0.0000025321112490 -0.0002782568220406 0.0003634934247411
v 0.0166034207939373 0.1086322441841988 0.0441695605916560 0.623529 0.505882 0.133333
vn 0.0000010422710627 -0.0001394956793257 0.0002302466365171
v 0.0082913046696929 0.1091440836172171 0.0445378244215223 0.623529 0.513725 0.137255
vn -0.0000036272032346 0.0000032058688029 0.0005947887731104
v -0.0029197081892405 -0.0419014207139423 0.0303310039252250 0.631373 0.541176 0.215686
vn 0.0000675023236112 -0.0000385796638853 0.0004005268364975
v -0.0197549673624963 -0.0727150388542227 0.0263637198044352 0.615686 0.533333 0.211765
vn 0.0000128301224876 0.0002053632216371 -0.0005355144188021
v -0.0163646788812579 0.1351645179578998 0.0169667245913878 0.611765 0.486275 0.086275
vn -0.0000047907310608 0.0002290332756870 -0.0006333772301714
v -0.0034294827501692 0.1366672241644870 0.0170015022125995 0.623529 0.494118 0.090196
vn 0.0003031879113862 -0.0000001483866785 0.0001673805887770
v 0.0693664065865614 0.0212423985852377 0.0218228809051684 0.643137 0.549020 0.207843
vn -0.0004448700197539 0.0000158538613038 0.0000211304871314
v -0.0769907835379773 -0.0821141267731300 0.0179572669267677 0.631373 0.529412 0.188235
vn -0.0000012854014817 0.0002973457457452 0.0002564502573294
v -0.0114939337550760 0.1570596463616095 0.0436301692448017 0.627451 0.509804 0.125490
vn 0.0000057224785160 0.0003815248366602 0.0004304081168965
v -0.0000623805991309 0.1559721711774873 0.0451003937289642 0.623529 0.505882 0.105882
vn -0.0000164407807422 0.0000125201946190 0.0003587022633671
v -0.0139659287099825 0.0128433042731384 0.0267082348290508 0.603922 0.517647 0.200000
vn 0.0000313471026127 0.0001712217677848 -0.0003241808328084
v 0.0043640954074578 0.1336952907646047 0.0169180257108259 0.603922 0.470588 0.070588
vn 0.0000300115715821 0.0000157950549735 -0.0006420079525266
v 0.0049691286478381 -0.0860936357935410 0.0030625883696673 0.611765 0.517647 0.172549
vn -0.0001491676418718 0.0000029237485988 0.0004337201476305
v 0.0454067150220997 -0.0802660306101659 0.0323349204771454 0.627451 0.537255 0.211765
vn -0.0000084072689235 -0.0002773884597195 0.0003186018893983
v 0.0167230583749679 0.1034239729615326 0.0369053598407352 0.607843 0.486275 0.078431
vn 0.0000184897141891 0.0000334948944015 -0.0006647192777570
v 0.0272588250778641 0.0178607242271574 0.0017222283730442 0.623529 0.541176 0.215686
vn 0.0000261393044982 -0.0000460576549926 -0.0004103035114145
v -0.0197027106155283 -0.0693260483991006 0.0021361537538206 0.615686 0.525490 0.180392
vn 0.0000022825161454 0.0000103392929679 -0.0005465710512854
v -0.0295386421885080 0.0124163639623203 0.0010506022122410 0.631373 0.545098 0.211765
vn -0.0000054168069310 -0.0000031075525270 0.0004918518738146
v 0.0078939339332194 0.0304659572409898 0.0247637826378822 0.576471 0.494118 0.164706
vn -0.0000470087647722 0.0000059251581255 0.0004987710110953
v 0.0164345869924914 0.0355653765923669 0.0270486269163265 0.635294 0.549020 0.227451
vn 0.0000101112991381 0.0000641867014713 0.0003892413087363
v 0.0084380875153571 0.0384960475175015 0.0253556105343921 0.603922 0.513725 0.180392
vn -0.0001655764354603 -0.0000078141580017 0.0004719639367436
v 0.0452921069854298 -0.1107159346802567 0.0319627874084984 0.615686 0.517647 0.180392
vn -0.0000235557883611 0.0000259051854864 0.0003525492293852
v 0.0348481949620212 -0.1115683477007024 0.0278340154224151 0.596078 0.501961 0.184314
vn -0.0000866742585086 -0.0000661697775222 0.0005160005188813
v 0.0385952599755621 -0.1167805509864852 0.0287995745080336 0.619608 0.525490 0.188235
vn -0.0000866380560695 0.0000101938000662 -0.0006379200169243
v 0.0399734928099043 0.0259241014536075 0.0021009160995012 0.615686 0.525490 0.207843
vn -0.0000241578568921 -0.0000337801158906 -0.0002355112937934
v 0.0361307673523709 0.0328565830391344 0.0020930003625729 0.611765 0.521569 0.192157
vn -0.0005748833092063 0.0000127839856146 0.0004920123286488
v -0.0729531883841614 -0.0265375954891617 0.0248389327466805 0.627451 0.525490 0.180392
vn -0.0005907851144235 0.0000047768361458 0.0000813425668406
v -0.0761134507981501 -0.0190696637571821 0.0177677630288246 0.623529 0.525490 0.176471
vn -0.0005467908101195 0.0000019986509427 0.0000873990520689
v -0.0761483256614464 -0.0326759355105140 0.0177592081154090 0.631373 0.529412 0.180392
vn 0.0000163989665352 0.0000246661223290 -0.0006166464488249
v 0.0016104473295463 0.0442356732605580 0.0012400817497768 0.603922 0.517647 0.188235
vn -0.0000929128668247 -0.0000346052539444 -0.0005298905395577
v 0.0404329265661928 0.0549356774494622 0.0011134304416835 0.627451 0.537255 0.207843
vn 0.0004414052410858 -0.0000010571088212 0.0002993693208790
v 0.0676592631209133 -0.0779696978048007 0.0245946241113801 0.615686 0.521569 0.172549
vn 0.0000005188668993 0.0003613397923305 -0.0004305881174882
v -0.0031985330127608 0.1260963327422601 0.0094000845070486 0.623529 0.501961 0.113725
vn -0.0001238061238259 0.0000103361179100 0.0004590729544562
v -0.0636570046848014 -0.0848360730992021 0.0326056557314888 0.627451 0.537255 0.200000
vn -0.0000043147625502 -0.0000294429474450 -0.0004834334328117
v -0.0036768890807952 -0.1230669172070942 0.0031257233659123 0.623529 0.533333 0.176471
vn 0.0000105976689133 0.0000319959198722 -0.0004009534411471
v 0.0007585865787756 -0.1302533139355588 0.0034203942890323 0.572549 0.466667 0.098039
vn -0.0000003286978496 0.0000395660082018 -0.0004653029038838
v -0.0032182427420840 -0.1372553975526396 0.0020097878694301 0.607843 0.494118 0.101961
vn -0.0000156498420915 0.0001896664446198 0.0007039789793564
v -0.0030207404799047 -0.1344643450893610 0.0305628285316005 0.615686 0.525490 0.188235
vn -0.0000089196650092 -0.0000424629332282 -0.0005290017972029
v -0.0111358988632746 -0.1452601176836902 0.0021560724317205 0.615686 0.498039 0.109804
vn 0.0001597670244588 -0.0000220205575133 -0.0004623859716059
v 0.0597822441799285 -0.1279870350324318 0.0023869456551363 0.611765 0.482353 0.086275
vn 0.0000453321843681 -0.0000039312231235 -0.0003677036326161
v 0.0517040046004716 -0.1347355260535295 0.0008847854257586 0.611765 0.490196 0.086275
vn 0.0003505649512073 0.0000144189747300 0.0004997879189281
v 0.0629461567286148 -0.0961876365561802 0.0300877370694008 0.607843 0.509804 0.156863
vn 0.0001049272418999 -0.0000011251345572 0.0004818833828464
v 0.0564110962205681 -0.0996876230281017 0.0330384515805931 0.627451 0.529412 0.192157
vn 0.0000205740660161 -0.0000141563980511 0.0005658164769344
v 0.0529491503274293 -0.1107090584764964 0.0333954678349881 0.627451 0.525490 0.172549
vn -0.0000469327962397 -0.0000979398756346 0.0005678768582778
v 0.0334547845010131 -0.0471366819741852 0.0280084360602817 0.603922 0.517647 0.188235
vn -0.0000814889870781 0.0000239778915315 -0.0006283231988022
v -0.0589249840166126 0.0739412188458691 -0.0009450888306980 0.627451 0.533333 0.192157
vn 0.0000044843947191 -0.0001355931530994 0.0006520156843837
v 0.0012390035670857 -0.0506955404613830 0.0277432672707866 0.631373 0.549020 0.219608
vn 0.0003121923005455 0.0000302714276487 0.0003215764587249
v 0.0703351405242700 0.0955410638643064 0.0256713895499072 0.654902 0.564706 0.223529
vn 0.0004810250876744 0.0001449142451803 -0.0000332087213996
v 0.0785272290475701 0.0924357083077583 0.0183646394094898 0.156863 0.145098 0.137255
vn 0.0004656880864827 0.0001349854606064 -0.0001092305412068
v 0.0711554801827056 0.1028191092992243 0.0155734643484059 0.647059 0.533333 0.137255
vn -0.0001526556308817 0.0003216725939485 -0.0004797949066653
v -0.0587454618004072 0.1236507568452663 0.0102155080611274 0.635294 0.533333 0.184314
vn 0.0000092823325939 0.0000377481294020 -0.0004652621307163
v -0.0370552856695594 0.0180062199974890 0.0025252639189145 0.619608 0.537255 0.211765
vn 0.0001565498329727 0.0000195731351778 0.0005313014711696
v -0.0429799731094931 -0.0124878639529625 0.0297460853408316 0.619608 0.533333 0.200000
vn 0.0000645694097096 0.0000217476671498 0.0004580371208219
v 0.0271483487657929 -0.0864965145901931 0.0300506486765708 0.623529 0.533333 0.207843
vn 0.0000320689079056 -0.0000238905686869 -0.0005225436755589
v 0.0533885054920952 -0.0667335168141768 -0.0006930470098059 0.627451 0.529412 0.196078
vn 0.0002888510727788 -0.0000399999093817 -0.0006368006700524
v 0.0584394246775069 -0.0765325066792145 0.0010886768751652 0.607843 0.505882 0.152941
vn -0.0000057755546777 0.0000326148310502 0.0003495167282175
v 0.0084305530131892 0.0458159791463132 0.0223502057512314 0.533333 0.443137 0.145098
vn -0.0000014580397301 -0.0000138932998585 0.0005511249160271
v -0.0031853585815620 0.0549857821230099 0.0256719600903283 0.650980 0.564706 0.243137
vn 0.0006083591215266 0.0003106272961484 -0.0003462481815389
v 0.0659689891061446 0.1251821327791411 0.0190995550582345 0.611765 0.494118 0.094118
vn -0.0000170316928912 -0.0000406924877229 -0.0005573356621110
v -0.0131397025102515 -0.0978438252107595 0.0044359725579756 0.576471 0.482353 0.137255
vn 0.0000627936210017 0.0000202834569216 0.0004198922095251
v -0.0241048145474655 -0.0592090626221605 0.0267712189076368 0.639216 0.572549 0.282353
vn 0.0003463433048431 0.0000020963494466 -0.0001115158408774
v 0.0691378425224056 -0.0379478141359329 0.0150829230704516 0.631373 0.513725 0.129412
vn -0.0000969819583964 0.0000207252182244 -0.0007853156503177
v 0.0482336896308719 -0.0307103397056935 -0.0006939130448962 0.643137 0.556863 0.231373
vn 0.0001801479414269 -0.0000089199218287 -0.0003436020322495
v 0.0600124522157797 -0.0643402626142477 0.0012827057229810 0.631373 0.537255 0.192157
vn -0.0005778845664482 -0.0000148812372843 -0.0000262469130243
v -0.0782683466081781 0.0893778046652209 0.0187748827532759 0.619608 0.517647 0.152941
vn -0.0003690666982185 0.0000059243588057 -0.0002463280975536
v -0.0756428368410344 0.0910552658837719 0.0101727128981495 0.631373 0.525490 0.172549
vn -0.0004719373603174 0.0000088594700868 -0.0002962468431050
v -0.0742204250060209 0.0817254720282351 0.0080202603080728 0.643137 0.549020 0.203922
vn -0.0000600075781579 0.0000655199522128 0.0003733804637442
v 0.0153131590715097 0.0437334894699984 0.0253027103919281 0.627451 0.545098 0.231373
vn -0.0000464044520363 -0.0000019319346604 -0.0003202140085810
v 0.0477402564718331 -0.0484868505963295 -0.0009744906388304 0.631373 0.541176 0.211765
vn -0.0001273459901284 0.0000044121559496 -0.0005388860641214
v 0.0448708184231089 -0.0571442190255211 -0.0001744941098300 0.607843 0.513725 0.184314
vn -0.0000788914202558 -0.0000424800927254 -0.0003054033187282
v 0.0410594289591560 -0.0504095316291168 0.0010607941288184 0.619608 0.529412 0.196078
vn -0.0000596086038358 -0.0000011720151255 -0.0003111372352897
v 0.0474128631265726 0.0282496034893232 -0.0002947737163274 0.650980 0.560784 0.239216
vn 0.0000204149843471 0.0000015463952471 -0.0004348499705627
v 0.0524738586715864 0.0224789262632519 -0.0008344133966199 0.650980 0.564706 0.239216
vn -0.0000735065656704 -0.0000195381445463 -0.0003821848171514
v 0.0438302150088670 -0.0660036799338703 0.0001329249091575 0.627451 0.537255 0.203922
vn -0.0000161710653281 0.0000491025344286 0.0004680273195058
v -0.0318051837129331 -0.1441477994915185 0.0328856170616796 0.635294 0.537255 0.188235
vn 0.0000132556990665 0.0004923536723947 -0.0002262775753094
v -0.0330848104997655 0.1584841256703338 0.0293257010806120 0.619608 0.498039 0.117647
vn 0.0000105036059240 -0.0001527575653176 0.0002968049434172
v -0.0129693449476080 0.1093944125837118 0.0446504981542985 0.619608 0.505882 0.129412
vn -0.0000094853366327 -0.0003126418552108 0.0003104490669657
v -0.0222148473194225 0.1058044070770432 0.0414850483305908 0.615686 0.494118 0.105882
vn 0.0000256439953039 -0.0003854115688685 0.0003876304035459
v -0.0127980083333813 0.1052166296850731 0.0407111686923454 0.623529 0.505882 0.109804
vn 0.0000065322407555 -0.0002536621772946 -0.0004557513175535
v -0.0145408284902383 -0.1529208581464659 0.0048043129206848 0.607843 0.486275 0.105882
vn 0.0004481813173708 -0.0000068860017164 -0.0002805480209988
v 0.0658763583505071 -0.0320490191148024 0.0059930149821412 0.631373 0.525490 0.164706
vn 0.0003609105266330 -0.0000029998080135 -0.0001632396700295
v 0.0682182308778872 -0.0234955010193863 0.0104044722143919 0.635294 0.529412 0.149020
vn 0.0001607839890065 -0.0000034734342617 -0.0006371807634162
v 0.0540517562718717 -0.0550798354122039 -0.0009652802368812 0.631373 0.541176 0.207843
vn -0.0000781394447539 0.0000020890537175 0.0007028617016003
v 0.0229066701013857 0.0276201581620923 0.0262707138593919 0.650980 0.572549 0.254902
vn -0.0000249134313162 0.0003732900994884 -0.0004570280011574
v -0.0441337056929250 0.1255064265941432 0.0101351319320689 0.635294 0.521569 0.133333
vn -0.0000384341749861 0.0002395873925838 -0.0004723008825021
v -0.0408646226453843 0.1176560622210424 0.0040619752573586 0.631373 0.525490 0.152941
vn 0.0000051416004895 -0.0000692303390130 0.0003654519283541
v -0.0153268627625374 0.1145350100437935 0.0456611761263257 0.623529 0.509804 0.145098
vn -0.0000089204495156 -0.0001033114490471 0.0003400977703420
v -0.0221172392157528 0.1114734205873084 0.0453513384749834 0.623529 0.509804 0.129412
vn -0.0000914195980728 -0.0000008362784332 -0.0004229651382500
v 0.0437502777359738 0.0466667141761355 0.0003953892753331 0.631373 0.545098 0.219608
vn 0.0000171626536973 -0.0000794993162507 0.0004641293317460
v 0.0186745772471610 0.1152834778888764 0.0456945658055619 0.600000 0.490196 0.117647
vn 0.0000039652604818 -0.0001335440149583 0.0003497189199454
v 0.0260740773687132 0.1098932986585276 0.0448873335543274 0.619608 0.509804 0.133333
vn 0.0000028482210705 -0.0000081255936031 0.0006944735791065
v -0.0547666035303508 -0.0303334383033024 0.0334880568001102 0.643137 0.552941 0.227451
vn -0.0000093393379018 0.0000140948827443 0.0005117822937508
v -0.0567729994002859 -0.0167626246340984 0.0334802551502222 0.631373 0.549020 0.227451
vn -0.0001761948477637 -0.0000052736085608 0.0004159370776720
v -0.0622469564482185 -0.0245818894841456 0.0327131485031137 0.643137 0.556863 0.231373
vn -0.0000491370647459 0.0000974763171187 0.0003916637939002
v -0.0071179629377174 -0.0331669106485736 0.0282355750562642 0.631373 0.549020 0.223529
vn 0.0000134982107698 0.0000083350486349 -0.0004656743392202
v 0.0023711979513479 0.0877100497674068 0.0004136976003641 0.592157 0.498039 0.160784
vn -0.0000174150365095 -0.0000089824620453 -0.0004094149507039
v -0.0025965669711131 0.0805464013030966 -0.0008541865572969 0.639216 0.545098 0.200000
vn 0.0000338689628031 0.0000181742281743 -0.0004647702007731
v -0.0194280458388509 -0.1098426723729322 0.0035062004077171 0.584314 0.486275 0.117647
vn 0.0000710713777896 -0.0000139645561368 0.0004058530565498
v 0.0558588925314690 -0.1203674208474451 0.0327958553060035 0.627451 0.509804 0.121569
vn 0.0000675448042503 -0.0000392349013031 0.0004708405815472
v 0.0553540948092417 -0.1303608384828156 0.0321869047572215 0.615686 0.490196 0.098039
vn 0.0000363753396271 0.0000098541280260 -0.0004075517289818
v 0.0248711568054081 0.0671396663357450 0.0015999949254432 0.607843 0.521569 0.192157
vn -0.0000121645968637 -0.0002086960022692 0.0002475576093397
v 0.0127126601087818 0.0929529590276255 0.0316715635144694 0.631373 0.525490 0.176471
vn 0.0000334148873863 0.0000326611609572 -0.0006140619684479
v 0.0295245237287391 0.1065130270757639 -0.0003679199724024 0.615686 0.505882 0.137255
vn -0.0000431951397089 -0.0000041597500969 -0.0003879733961338
v -0.0598557035565536 0.0468735952622994 -0.0010621705587337 0.619608 0.521569 0.184314
vn 0.0002182944739049 0.0000007600564186 0.0005742749139340
v 0.0587705824876585 0.0005665923350672 0.0322555278363171 0.619608 0.529412 0.203922
vn -0.0000199172316868 0.0000218081739457 0.0006205352122061
v 0.0517808219958683 -0.0077076344913029 0.0335283978701537 0.643137 0.556863 0.231373
vn -0.0000211166014667 0.0001064956799758 0.0004281182818668
v -0.0137097371500616 -0.1326329845303039 0.0273816836822951 0.576471 0.501961 0.188235
vn -0.0000636883007631 -0.0001246948002867 0.0006053303688969
v 0.0147492242655908 -0.0969311264181168 0.0295539974136887 0.631373 0.545098 0.215686
vn 0.0000196715418202 -0.0000460400921867 -0.0005609845731888
v -0.0198192962006264 0.0515111746690499 0.0030876884494255 0.584314 0.501961 0.168627
vn -0.0000361330932510 -0.0000216029011975 -0.0007203661022276
v -0.0085282240713592 0.0609167119165247 0.0003248304672141 0.627451 0.541176 0.207843
vn -0.0000604710459673 -0.0000054218944892 -0.0004330314111961
v -0.0599709537943424 -0.0812675591163759 -0.0002363690329754 0.603922 0.478431 0.078431
vn -0.0001068692245377 -0.0000036452685067 -0.0003134007896282
v -0.0646821359734785 -0.0893201086346119 0.0008048592738384 0.627451 0.505882 0.105882
vn 0.0000370590646444 -0.0001750425969614 0.0006221968467922
v -0.0423545713799112 0.1320287279621097 0.0490344532037922 0.611765 0.494118 0.098039
vn -0.0000101563949078 0.0001848784926266 -0.0004802350143368
v -0.0068953870764362 0.1127726908997082 0.0004269302515818 0.627451 0.521569 0.152941
vn -0.0001481008915053 0.0000132712579095 -0.0004189798688950
v -0.0645480685914839 0.0673432021437500 0.0001513065531698 0.619608 0.525490 0.184314
vn -0.0002510983033281 0.0000227872644832 -0.0003993529299326
v -0.0683109369496994 0.0768033144453798 0.0021421928867633 0.623529 0.525490 0.188235
vn 0.0000182573109293 0.0000928863443162 0.0005855341773397
v 0.0236844979973017 -0.0317026738328636 0.0289994014986652 0.639216 0.552941 0.235294
vn -0.0000704222152763 -0.0001133831266697 0.0004463727987028
v -0.0074959014561578 -0.0496030300284089 0.0279704156387122 0.615686 0.525490 0.203922
vn 0.0004047947070722 0.0000012956283884 0.0002881451172711
v 0.0670984257759378 -0.0331887125601691 0.0251358146624173 0.627451 0.537255 0.200000
vn 0.0000192108275071 -0.0000415488403077 -0.0004990658227189
v 0.0114670530178270 0.0975620497291465 -0.0002333725468005 0.619608 0.521569 0.168627
vn 0.0001780839877241 0.0000017908104196 -0.0004940966732895
v 0.0582692058609390 -0.0311729587593034 -0.0000031401927488 0.639216 0.549020 0.219608
vn 0.0001137486222576 -0.0000030523655631 -0.0007047924935825
v 0.0535475316359665 -0.0426375157349274 -0.0011781254660512 0.635294 0.545098 0.215686
vn -0.0003868482729768 0.0000086474011505 -0.0004728175558040
v -0.0707550675517858 -0.0915714626479417 0.0040868464407303 0.631373 0.509804 0.125490
vn 0.0000131173627725 0.0000060700772022 -0.0007040116413391
v -0.0252427495533897 -0.1150843108231754 0.0019828127082427 0.615686 0.505882 0.145098
vn 0.0002707711310240 0.0000019975199286 0.0000277917742035
v 0.0702072056533572 -0.1034582195264545 0.0186781151475033 0.658824 0.572549 0.262745
vn 0.0003526439584851 0.0000020301050999 0.0002339250525744
v 0.0677837024945043 -0.0998514795473026 0.0247882694286697 0.619608 0.513725 0.137255
vn 0.0003368909198591 -0.0000001537490171 -0.0004245314971373
v 0.0643115055103415 -0.0868813170041846 0.0050895919198846 0.631373 0.517647 0.137255
vn -0.0005127169526749 -0.0000196576150284 0.0000413204521423
v -0.0766786040076716 0.0146215830782526 0.0176053190862384 0.643137 0.545098 0.207843
vn -0.0003872158122587 -0.0000054003409254 0.0000555232683607
v -0.0771546186827435 0.0251954117158003 0.0173182825022806 0.635294 0.533333 0.200000
vn -0.0003639944593504 -0.0000013354432004 0.0002824666628009
v -0.0741080507763654 0.0225898946493064 0.0236682180405536 0.623529 0.529412 0.188235
vn 0.0004586120542131 -0.0000239793438025 -0.0000085030647563
v 0.0708536842325627 0.0128589030737433 0.0180093743046387 0.615686 0.521569 0.184314
vn 0.0002615585430162 0.0000018676964314 0.0000496370810887
v 0.0699032175773790 -0.0722468308570045 0.0193096466464332 0.631373 0.537255 0.203922
vn 0.0000085680326037 0.0002073742374326 0.0003937599150477
v 0.0361651119999336 0.1500813831755677 0.0498496071804175 0.627451 0.501961 0.105882
vn 0.0003533419599381 -0.0000486035687463 0.0002108567757552
v 0.0664465832919592 0.1258416311332056 0.0386093181574868 0.619608 0.501961 0.117647
vn 0.0001927509042651 -0.0000555687490583 0.0002135701083850
v 0.0619399521247176 0.1243825365876626 0.0434762844011813 0.611765 0.494118 0.101961
vn 0.0000006385394361 -0.0003179850133166 0.0001525629927993
v -0.0057666970262845 -0.1593770692435657 0.0255379367567132 0.619608 0.501961 0.101961
vn 0.0000011712337778 -0.0000098918005327 -0.0002813920475026
v 0.0211419064449492 -0.0680303766667003 0.0009367498840761 0.643137 0.556863 0.223529
vn -0.0002279446298410 0.0000040459874776 -0.0000982132024602
v -0.0746731018793005 -0.0581764965530901 0.0105780827775720 0.623529 0.505882 0.101961
vn -0.0003734567035533 0.0000023321009065 -0.0001704764411700
v -0.0742298784934829 -0.0662415236813371 0.0094042832536817 0.619608 0.498039 0.101961
vn 0.0000146700196456 0.0001295719483026 0.0004153690076077
v 0.0283374449476751 -0.1382134744671334 0.0314689379586273 0.627451 0.529412 0.180392
vn 0.0000001835025697 0.0001737541575509 0.0000348693678993
v -0.0111582016875918 0.1600943825646608 0.0392626414562855 0.647059 0.552941 0.235294
vn 0.0000060146531857 0.0000004001686505 0.0004264474325512
v 0.0213325431352241 -0.0907312522836789 0.0314286131722631 0.631373 0.545098 0.211765
vn 0.0003541944391759 -0.0000393645300623 0.0002614587940740
v 0.0669521799927807 0.1371353749434836 0.0393185520747465 0.627451 0.513725 0.121569
vn 0.0000165719832390 -0.0001865521182520 0.0003054156651525
v 0.0107281838685160 0.0977177711450132 0.0335275269096430 0.627451 0.533333 0.176471
vn 0.0000359110699421 -0.0003296771893639 0.0004576792765607
v 0.0366224608479994 0.1041813761174707 0.0382418582123772 0.623529 0.501961 0.101961
vn -0.0006702511479455 0.0000197662838631 -0.0000194623364886
v -0.0763685928532702 -0.0460015627214290 0.0182577488788488 0.631373 0.529412 0.200000
vn -0.0000128852825874 0.0000023570842375 -0.0004804184997446
v 0.0446316056633106 -0.1407227931713123 0.0007405061391442 0.607843 0.486275 0.090196
vn 0.0001857175997711 0.0000018927211863 0.0006016539867695
v -0.0462557071544355 0.0299453225840813 0.0292688078009470 0.635294 0.549020 0.235294
vn -0.0004069570955079 0.0000140940094559 0.0002617700249723
v -0.0752271087438711 -0.0992251340324171 0.0242938932280214 0.639216 0.541176 0.188235
vn -0.0002898768090325 0.0000217978046802 -0.0005334651683391
v -0.0668897131303405 0.0862864378067239 0.0019815310785768 0.607843 0.505882 0.156863
vn -0.0000948491718273 0.0000496649716207 0.0006787606786213
v 0.0352702255800061 -0.0381472137707458 0.0294282945257186 0.635294 0.552941 0.227451
vn -0.0000719723294382 0.0000068681141552 0.0002423230989188
v 0.0470912129228165 -0.0721766236899463 0.0327213597112856 0.623529 0.537255 0.207843
vn -0.0000181718246677 -0.0000001115448046 -0.0004058846116306
v 0.0495758106142156 -0.0002949477373634 -0.0008422822520551 0.615686 0.521569 0.192157
vn 0.0002699073191392 -0.0000100913353674 -0.0003398058566744
v 0.0653022833213604 0.0556507530042384 0.0020994771696275 0.627451 0.521569 0.164706
vn -0.0002465231148527 0.0000235197109409 0.0004761919984582
v -0.0671133886432100 0.0271428333205281 0.0294117022764225 0.611765 0.521569 0.188235
vn 0.0000299832110858 0.0000454152905141 -0.0003772021620262
v -0.0223198950766344 -0.0582942863405601 0.0029789151927971 0.596078 0.509804 0.184314
vn -0.0000908835365743 0.0001844868680774 -0.0004002714385531
v -0.0568415840310388 0.1150230248820613 0.0044921737242594 0.635294 0.537255 0.188235
vn -0.0000439343400899 0.0002447999882173 -0.0004017982119845
v -0.0493659702750863 0.1197049053835146 0.0058276800081145 0.627451 0.517647 0.156863
vn -0.0001370265720722 -0.0000429093700602 0.0003715763198609
v 0.0410736080013630 -0.0493863261788366 0.0306362046173075 0.623529 0.537255 0.200000
vn -0.0000152809205956 -0.0002197198641888 0.0003590690729391
v -0.0294048589693900 0.1090937236029882 0.0443774003452079 0.619608 0.501961 0.113725
vn 0.0000640235014393 0.0001084734319443 -0.0005773328772434
v 0.0521312123998075 0.1021240242934669 0.0004945238089105 0.623529 0.501961 0.117647
vn 0.0000244714399725 -0.0000068799563603 -0.0004530319888358
v 0.0262603274719224 -0.0005163473493060 0.0036896505866666 0.600000 0.517647 0.188235
vn 0.0000327400049346 -0.0000251136866545 -0.0006424301931975
v 0.0028045137946045 0.0740626811775221 0.0006032913098522 0.576471 0.486275 0.141176
vn -0.0004195214475216 0.0000169890927772 -0.0002155209014761
v -0.0749742800606652 -0.0819293005391394 0.0102273949648261 0.619608 0.498039 0.105882
vn -0.0003124858298956 0.0000154129145341 -0.0001309528428397
v -0.0755774812485949 -0.0899415239109022 0.0110998345292845 0.619608 0.498039 0.105882
vn 0.0000006395182755 -0.0001407325692325 -0.0002899398399919
v -0.0060838035804615 -0.1505674864441045 0.0036122120849716 0.619608 0.505882 0.113725
vn 0.0000248285482825 -0.0000706820011037 0.0003695546773978
v 0.0047255105913128 -0.1188098359138599 0.0289049199838726 0.603922 0.513725 0.160784
vn -0.0000022605922907 0.0000300591964796 -0.0003311699164069
v -0.0015711784239342 0.0201480245584561 0.0018736455178366 0.627451 0.545098 0.211765
vn -0.0000614127838492 -0.0000657752774608 -0.0006216686931398
v -0.0058288451296350 0.0275171933923282 0.0024120448596345 0.615686 0.533333 0.203922
vn 0.0000258589134168 -0.0001608039291094 0.0005509071007813
v 0.0212812831742478 0.1263255739784638 0.0472701918908400 0.623529 0.517647 0.160784
vn 0.0000037570679644 0.0003990941359946 -0.0004284074879682
v 0.0066848604582163 0.1276887608025179 0.0116156805360513 0.639216 0.529412 0.145098
vn -0.0000780187649814 -0.0000321491122343 0.0002629049613147
v -0.0626341246923387 0.0909947974856132 0.0351088414614351 0.611765 0.513725 0.160784
vn 0.0000036577544478 -0.0000821980365208 0.0004898964124878
v -0.0002695801262248 0.1239589173999919 0.0475596196400170 0.615686 0.505882 0.145098
vn -0.0000055241232698 -0.0000502562868281 0.0001663723295287
v 0.0009480407236560 0.1284431578489767 0.0464620083718817 0.631373 0.525490 0.184314
vn -0.0002461845072452 0.0000154803407849 0.0004658734198152
v 0.0423186951696672 -0.0000527378377993 0.0300307246548549 0.627451 0.545098 0.219608
vn -0.0000483039333470 -0.0000069847010084 0.0003742037117838
v 0.0174291648669923 -0.0250450685327109 0.0276555268846498 0.643137 0.564706 0.250980
vn 0.0000262140818777 0.0003623354291897 -0.0004412963054047
v -0.0191669369355484 0.1262719522549592 0.0098229300141255 0.619608 0.501961 0.113725
vn 0.0001870174617957 0.0000968877709098 -0.0002369664664682
v 0.0615569527181104 0.1345479365383544 0.0202077233656350 0.619608 0.498039 0.101961
vn -0.0000001415948701 0.0001578242972390 0.0003312080544935
v -0.0387291747756290 -0.1377933444499192 0.0307255782538466 0.631373 0.533333 0.184314
vn -0.0004152429442625 0.0000261420384750 -0.0001906975014690
v -0.0741044510909409 -0.0499212544747091 0.0097855059514273 0.631373 0.509804 0.109804
vn 0.0002038674250083 -0.0000083599835790 -0.0002909443264971
v 0.0618830730722209 -0.0390777789879697 0.0021446903528430 0.650980 0.556863 0.227451
vn 0.0000093421034845 0.0000183687008106 0.0005684551055875
v -0.0261024134711922 0.0364386634980993 0.0274668541009753 0.627451 0.537255 0.219608
vn 0.0000532672508198 0.0000144215011053 0.0003626083016225
v -0.0396735512563669 0.0362038846409029 0.0265530082222093 0.631373 0.545098 0.223529
vn -0.0000039839032612 0.0000055757364736 -0.0005499110026427
v -0.0280328190039706 0.0686322037132356 0.0020394989619748 0.623529 0.533333 0.211765
vn 0.0000115305751102 0.0003733822946757 -0.0005963281681674
v 0.0026639492859851 0.1185028414040471 0.0031200618322239 0.639216 0.529412 0.152941
vn 0.0000032968857945 0.0000806350783561 -0.0003509273899298
v 0.0002986685415037 0.1088905628154111 -0.0008156846713443 0.631373 0.525490 0.168627
vn 0.0000039369961025 0.0000111834368760 0.0004148799719761
v 0.0346575149750916 -0.1241736888334530 0.0260788966514587 0.670588 0.596078 0.227451
vn 0.0000605629521348 -0.0000774673658770 0.0004698516720182
v 0.0265737200370932 -0.1210918248749826 0.0292669381324455 0.639216 0.552941 0.219608
vn 0.0000063261014516 0.0000012116046547 -0.0005755053924634
v -0.0229170362976154 0.0605786918146785 0.0003369191184231 0.631373 0.537255 0.207843
vn -0.0000127115060793 0.0000370608403089 -0.0005544244015938
v -0.0173272418564755 0.0677198643233033 0.0028495962000495 0.541176 0.454902 0.160784
vn -0.0000433182384862 -0.0000195837812369 -0.0007173648810595
v -0.0587367941204849 -0.1339386632725657 -0.0001114006187389 0.600000 0.470588 0.066667
vn -0.0000078724689249 -0.0002149647871984 -0.0003141529913116
v 0.0024261324720812 -0.1528340920658029 0.0048623682955772 0.635294 0.521569 0.133333
vn 0.0000457504256350 -0.0000699515849999 0.0003077317754230
v 0.0521393668552257 0.1245792017968535 0.0490262593568977 0.623529 0.501961 0.113725
vn -0.0000063672654515 -0.0000926086146369 0.0003536475164997
v 0.0008062877880257 0.1121344584226712 0.0456251966246191 0.635294 0.533333 0.164706
vn -0.0000022225791703 -0.0001116333483918 0.0004232802984176
v -0.0070085689881538 0.1153257231339449 0.0456440803735653 0.607843 0.501961 0.133333
vn -0.0000040491729006 -0.0003177317341428 0.0003426578357756
v -0.0030992118331953 0.1061170457632367 0.0419371667703491 0.611765 0.498039 0.105882
vn -0.0001040475819424 0.0000177476325548 -0.0006061544933554
v 0.0412143623396610 -0.0430089334961545 0.0005147562433098 0.647059 0.560784 0.227451
vn -0.0000654190608907 -0.0000090997470630 -0.0006611609557347
v -0.0114209098396731 0.0786328427361596 0.0008461478721834 0.615686 0.517647 0.180392
vn -0.0000532640494202 -0.0000139917352450 -0.0005556494204386
v -0.0049998868055766 0.0705578629672718 0.0015770900812145 0.627451 0.537255 0.207843
vn 0.0000149719127933 -0.0000019455795114 0.0003698955564304
v 0.0435109361356937 0.1393150810283649 0.0520538618561899 0.615686 0.494118 0.105882
vn -0.0001550802921507 -0.0002003997615461 0.0004784668432854
v 0.0412191562484808 0.0877086974110445 0.0298425911854863 0.607843 0.513725 0.176471
vn -0.0001509838391743 -0.0000359546919243 0.0005897395903023
v 0.0479660985387324 -0.1214901457210055 0.0321815734860648 0.623529 0.517647 0.156863
vn -0.0000253503181836 -0.0000618310353039 -0.0005837289304952
v -0.0093401702865342 0.0018782169836665 0.0033260673450266 0.572549 0.482353 0.160784
vn 0.0000031460432706 0.0002967124822274 -0.0004932992364099
v 0.0310145421940204 0.1495757293313683 0.0206583383740552 0.619608 0.501961 0.109804
vn 0.0000180306925214 0.0001556345761748 -0.0007615639586892
v 0.0085658340177258 0.1089536348648538 -0.0006762449032725 0.639216 0.537255 0.176471
vn 0.0000011533587551 0.0003899236403331 -0.0005989063739509
v 0.0139937695786439 0.1199710556500129 0.0040937215607413 0.627451 0.509804 0.133333
vn -0.0000109602578873 0.0002130926011327 -0.0004092385233351
v -0.0493197657503937 0.1328118781910926 0.0169926689445316 0.647059 0.533333 0.145098
vn 0.0000200420841179 0.0000331462589351 0.0003099207676835
v 0.0225706472534063 0.0469182379240024 0.0254250978231900 0.666667 0.584314 0.278431
vn -0.0002079065116209 0.0000071785516392 -0.0002428181886401
v -0.0704734811394110 0.0672217613963111 0.0034296216103784 0.643137 0.545098 0.207843
vn 0.0000941995170638 -0.0000025854699577 0.0003222623155519
v 0.0568382504307813 -0.0157577450402746 0.0330568090970375 0.619608 0.529412 0.200000
vn 0.0000066324379329 -0.0001215542051121 0.0005501139357479
v -0.0093425666457157 0.1239673588474081 0.0475609684618224 0.623529 0.513725 0.152941
vn -0.0000376283456549 -0.0001708600343981 0.0005445683071252
v 0.0302448761694597 0.0826104198155347 0.0254312060947373 0.592157 0.501961 0.152941
vn -0.0001072250346539 -0.0000003631022104 -0.0003779712728286
v -0.0634514147204531 -0.0726927936114997 0.0002197364598051 0.619608 0.498039 0.090196
vn -0.0001446263156714 0.0000084375702752 0.0003575312206770
v 0.0424384418031693 -0.1268151529196284 0.0284248508247500 0.588235 0.498039 0.164706
vn 0.0000243956453858 -0.0001065066135045 0.0003763786378522
v -0.0058262141622024 0.1324150505542733 0.0490456982277447 0.600000 0.470588 0.070588
vn 0.0000663078145244 -0.0000190948177410 0.0004132853002165
v -0.0235029243392365 0.0527949143044558 0.0250804662487713 0.647059 0.560784 0.243137
vn -0.0000086050285667 0.0000376471051954 0.0002957893933562
v -0.0279622919603874 0.0457232030790563 0.0256497000245421 0.647059 0.568627 0.254902
vn -0.0000469246280031 0.0000190623989960 -0.0004618361291303
v -0.0082695215542080 -0.0559336363258803 0.0035125933923029 0.615686 0.545098 0.227451
vn -0.0000348450778607 0.0000589547972112 0.0004652609976438
v -0.0134083916713743 -0.0382047935491523 0.0285150312667606 0.619608 0.533333 0.207843
vn 0.0003501789237538 -0.0000341042705648 0.0002100098452944
v 0.0766224844744440 0.0794939767637414 0.0189772690685114 0.525490 0.466667 0.305882
vn -0.0000023087444804 0.0002715702105836 0.0003930387957792
v 0.0264594143698447 0.1508305976566407 0.0494012614651682 0.615686 0.490196 0.094118
vn 0.0000303166944323 -0.0000492568025141 -0.0003737589356065
v 0.0271156478236379 0.0073748309560498 0.0017243839830918 0.615686 0.521569 0.196078
vn 0.0000521621145026 -0.0000180600034497 0.0005433864987093
v -0.0343308434391959 0.0302314596636411 0.0259137175200768 0.627451 0.545098 0.223529
vn -0.0000094097889468 -0.0000001826677656 0.0004021680932825
v -0.0276411381469914 0.0254819009811615 0.0264266062009811 0.639216 0.560784 0.258824
vn -0.0000092291976707 -0.0000360506456127 -0.0003577235146537
v 0.0049152788003365 0.0954267390170547 0.0002017916701783 0.568627 0.470588 0.125490
vn 0.0000055668196762 0.0001461282256789 -0.0003836447927671
v 0.0224642238324017 0.1467659555418053 0.0194844969482109 0.611765 0.490196 0.098039
vn 0.0000294649056260 0.0000048612975096 0.0005758105472559
v -0.0209033310045440 0.0279791270791853 0.0257056202796111 0.603922 0.525490 0.203922
vn -0.0002302696701757 0.0000064269277877 0.0004319593868528
v -0.0676383465094313 -0.0329189273691416 0.0298795668717761 0.635294 0.541176 0.211765
vn 0.0000065985997771 -0.0000576718591868 -0.0006588503271275
v -0.0169741861973615 -0.0512153260726847 0.0038239984910449 0.517647 0.435294 0.129412
vn -0.0000030425852996 -0.0000326126615747 -0.0004223972619100
v -0.0139610094516822 0.0912532325542360 0.0026637677517921 0.541176 0.447059 0.129412
vn -0.0000113146938912 0.0000061519806798 -0.0004130981865685
v -0.0577928624873175 0.0609253657370164 -0.0012849952782133 0.611765 0.513725 0.180392
vn 0.0000599823107119 0.0000046295233559 -0.0003606979390742
v -0.0526221995410208 0.0664558347121498 -0.0006092389708704 0.623529 0.529412 0.192157
vn -0.0000265186207852 0.0000652417360350 0.0004131327705153
v 0.0242986878023287 0.0382990206505114 0.0267765072080109 0.643137 0.560784 0.247059
vn 0.0000192164754664 -0.0000066287185708 -0.0003353241817755
v -0.0564067304677945 0.0534879098915389 -0.0012828041822207 0.615686 0.521569 0.180392
vn -0.0000818922737374 0.0000446919340349 -0.0004047194181377
v 0.0386770983084602 -0.0342388425339213 0.0022564996049171 0.611765 0.517647 0.200000
vn 0.0001327964479033 -0.0000146446168917 -0.0003402293344020
v 0.0610257514264353 0.0464567362705229 0.0002507814037279 0.627451 0.529412 0.196078
vn -0.0000059190270950 -0.0000517181460601 0.0005764568774798
v -0.0148243478223420 0.0566676313565146 0.0238429525610863 0.592157 0.501961 0.176471
vn 0.0000197681099182 0.0000165702300195 0.0002177126811617
v -0.0170857593718549 0.0482349219030157 0.0214594974772539 0.549020 0.447059 0.141176
vn -0.0000286005709344 -0.0000438023802686 -0.0003529259814771
v -0.0326104514913807 0.0316658517235400 0.0015066761880796 0.619608 0.525490 0.192157
vn 0.0000226658751156 -0.0000441204997551 -0.0003604362888818
v -0.0188884130288251 0.0755332666030868 0.0015002611146752 0.592157 0.501961 0.168627
vn -0.0000671038259686 0.0000604287041674 0.0004276312293657
v -0.0089197293749444 0.0487981450166284 0.0240605219194238 0.678431 0.619608 0.352941
vn 0.0000270234946404 0.0002415328348048 -0.0003944963857299
v 0.0252357161512681 0.1298245761670285 0.0152606680571744 0.600000 0.490196 0.109804
vn 0.0000157077101420 0.0000040965522633 0.0002668197358595
v -0.0171785464718246 0.0755910884562743 0.0234972961551895 0.607843 0.517647 0.176471
vn -0.0000548051452756 0.0000881289295845 -0.0003801399203792
v 0.0397454608805368 -0.1345389347239666 0.0026395637333049 0.607843 0.490196 0.105882
vn -0.0000107494945550 0.0002304793066339 -0.0002977820056701
v -0.0520113773921018 0.1265397526135634 0.0113715429406812 0.635294 0.525490 0.160784
vn -0.0000396641695508 -0.0000454995264236 0.0002906752450734
v 0.0523860772683209 0.0727010398736435 0.0318649086360091 0.615686 0.521569 0.192157
vn -0.0000083433682281 -0.0000109141811726 -0.0003687971931381
v -0.0579258452273585 0.0242561978767450 -0.0007432897212556 0.635294 0.541176 0.196078
vn -0.0000495407018176 0.0000052435851207 0.0003173422073060
v 0.0498081195625658 -0.0155377706525953 0.0334705676131292 0.615686 0.525490 0.196078
vn 0.0000160450405918 -0.0000104832386542 -0.0003317288458758
v -0.0575321078111920 -0.0892048152898671 -0.0001194736430093 0.611765 0.490196 0.090196
# 1286 vertices, 0 vertices normals

f 1//1 2//2 3//3
f 4//4 5//5 6//6
f 7//7 8//8 9//9
f 10//10 11//11 12//12
f 13//13 14//14 15//15
f 16//16 17//17 18//18
f 19//19 20//20 21//21
f 22//22 23//23 24//24
f 25//25 22//22 24//24
f 26//26 27//27 28//28
f 29//29 30//30 31//31
f 32//32 33//33 34//34
f 35//35 36//36 37//37
f 38//38 39//39 40//40
f 41//41 42//42 43//43
f 42//42 44//44 43//43
f 45//45 46//46 47//47
f 48//48 49//49 50//50
f 51//51 52//52 53//53
f 54//54 55//55 56//56
f 57//57 58//58 59//59
f 60//60 61//61 62//62
f 63//63 64//64 65//65
f 66//66 67//67 68//68
f 18//18 69//69 70//70
f 71//71 72//72 73//73
f 74//74 75//75 76//76
f 77//77 78//78 79//79
f 80//80 81//81 82//82
f 83//83 84//84 85//85
f 86//86 87//87 88//88
f 89//89 90//90 91//91
f 92//92 93//93 94//94
f 49//49 48//48 95//95
f 96//96 97//97 98//98
f 99//99 100//100 101//101
f 86//86 102//102 103//103
f 104//104 105//105 106//106
f 11//11 107//107 108//108
f 41//41 109//109 42//42
f 110//110 111//111 112//112
f 113//113 114//114 115//115
f 116//116 117//117 118//118
f 119//119 120//120 121//121
f 122//122 123//123 124//124
f 122//122 124//124 125//125
f 126//126 127//127 128//128
f 129//129 130//130 131//131
f 132//132 133//133 134//134
f 135//135 136//136 137//137
f 138//138 135//135 137//137
f 80//80 139//139 140//140
f 141//141 142//142 143//143
f 144//144 145//145 146//146
f 147//147 148//148 149//149
f 150//150 151//151 152//152
f 153//153 154//154 155//155
f 119//119 121//121 156//156
f 157//157 133//133 158//158
f 159//159 160//160 161//161
f 13//13 153//153 155//155
f 162//162 13//13 155//155
f 163//163 164//164 165//165
f 166//166 167//167 168//168
f 169//169 168//168 167//167
f 170//170 171//171 172//172
f 173//173 174//174 127//127
f 28//28 175//175 26//26
f 176//176 177//177 178//178
f 179//179 180//180 181//181
f 182//182 183//183 184//184
f 185//185 186//186 187//187
f 188//188 189//189 190//190
f 191//191 192//192 193//193
f 194//194 195//195 196//196
f 197//197 198//198 199//199
f 200//200 197//197 199//199
f 201//201 202//202 203//203
f 204//204 205//205 206//206
f 207//207 204//204 206//206
f 208//208 209//209 210//210
f 211//211 6//6 22//22
f 212//212 213//213 214//214
f 22//22 6//6 23//23
f 215//215 216//216 217//217
f 148//148 218//218 219//219
f 220//220 221//221 222//222
f 223//223 224//224 225//225
f 226//226 227//227 228//228
f 45//45 229//229 46//46
f 230//230 231//231 232//232
f 173//173 127//127 126//126
f 6//6 211//211 4//4
f 233//233 234//234 235//235
f 236//236 237//237 238//238
f 239//239 240//240 241//241
f 242//242 243//243 244//244
f 245//245 246//246 247//247
f 248//248 53//53 249//249
f 250//250 251//251 252//252
f 252//252 253//253 250//250
f 254//254 128//128 127//127
f 174//174 254//254 127//127
f 255//255 256//256 257//257
f 5//5 23//23 6//6
f 258//258 259//259 260//260
f 261//261 262//262 263//263
f 264//264 265//265 174//174
f 266//266 267//267 268//268
f 126//126 269//269 173//173
f 5//5 14//14 23//23
f 23//23 14//14 24//24
f 270//270 271//271 4//4
f 4//4 271//271 5//5
f 272//272 273//273 274//274
f 275//275 276//276 273//273
f 275//275 273//273 272//272
f 277//277 278//278 109//109
f 279//279 280//280 65//65
f 281//281 282//282 283//283
f 284//284 11//11 108//108
f 285//285 185//185 286//286
f 287//287 288//288 289//289
f 46//46 290//290 47//47
f 224//224 270//270 225//225
f 83//83 291//291 292//292
f 89//89 91//91 264//264
f 293//293 294//294 39//39
f 293//293 39//39 38//38
f 295//295 296//296 297//297
f 46//46 298//298 290//290
f 299//299 128//128 300//300
f 174//174 173//173 264//264
f 264//264 269//269 89//89
f 301//301 302//302 71//71
f 4//4 211//211 303//303
f 304//304 305//305 146//146
f 306//306 307//307 308//308
f 309//309 310//310 311//311
f 312//312 313//313 314//314
f 315//315 314//314 313//313
f 40//40 316//316 317//317
f 224//224 318//318 319//319
f 320//320 321//321 322//322
f 323//323 324//324 175//175
f 175//175 324//324 26//26
f 325//325 219//219 326//326
f 327//327 328//328 329//329
f 330//330 329//329 328//328
f 331//331 332//332 333//333
f 334//334 335//335 336//336
f 276//276 337//337 338//338
f 339//339 340//340 341//341
f 342//342 343//343 344//344
f 345//345 346//346 347//347
f 348//348 346//346 345//345
f 104//104 90//90 349//349
f 350//350 90//90 104//104
f 351//351 352//352 353//353
f 269//269 264//264 173//173
f 354//354 355//355 356//356
f 354//354 356//356 357//357
f 358//358 359//359 360//360
f 358//358 360//360 361//361
f 31//31 362//362 74//74
f 254//254 300//300 128//128
f 70//70 69//69 363//363
f 364//364 365//365 366//366
f 367//367 105//105 349//349
f 368//368 357//357 369//369
f 370//370 363//363 69//69
f 4//4 303//303 270//270
f 371//371 372//372 373//373
f 374//374 292//292 291//291
f 305//305 304//304 367//367
f 375//375 91//91 90//90
f 349//349 90//90 89//89
f 86//86 351//351 102//102
f 351//351 86//86 352//352
f 87//87 103//103 376//376
f 87//87 86//86 103//103
f 103//103 102//102 377//377
f 376//376 378//378 87//87
f 379//379 68//68 380//380
f 381//381 120//120 382//382
f 383//383 384//384 385//385
f 386//386 387//387 388//388
f 353//353 389//389 351//351
f 251//251 390//390 234//234
f 353//353 143//143 389//389
f 391//391 392//392 393//393
f 394//394 395//395 153//153
f 377//377 381//381 103//103
f 396//396 397//397 337//337
f 398//398 399//399 400//400
f 401//401 402//402 403//403
f 381//381 121//121 120//120
f 404//404 405//405 406//406
f 407//407 408//408 409//409
f 295//295 297//297 134//134
f 295//295 134//134 133//133
f 235//235 410//410 233//233
f 411//411 233//233 410//410
f 412//412 413//413 414//414
f 382//382 415//415 381//381
f 416//416 417//417 418//418
f 419//419 420//420 161//161
f 421//421 422//422 423//423
f 24//24 409//409 25//25
f 356//356 337//337 424//424
f 425//425 426//426 427//427
f 425//425 427//427 428//428
f 429//429 430//430 431//431
f 432//432 433//433 434//434
f 240//240 161//161 435//435
f 436//436 437//437 220//220
f 438//438 439//439 440//440
f 441//441 204//204 442//442
f 443//443 444//444 43//43
f 386//386 445//445 446//446
f 447//447 29//29 448//448
f 448//448 29//29 449//449
f 450//450 451//451 452//452
f 132//132 453//453 454//454
f 74//74 76//76 109//109
f 455//455 437//437 436//436
f 456//456 457//457 458//458
f 287//287 289//289 459//459
f 375//375 310//310 460//460
f 461//461 462//462 463//463
f 464//464 199//199 198//198
f 465//465 466//466 467//467
f 468//468 169//169 469//469
f 385//385 470//470 44//44
f 471//471 166//166 374//374
f 472//472 473//473 474//474
f 417//417 475//475 418//418
f 476//476 477//477 137//137
f 478//478 479//479 480//480
f 370//370 69//69 358//358
f 481//481 482//482 483//483
f 137//137 477//477 484//484
f 485//485 486//486 487//487
f 488//488 489//489 490//490
f 109//109 41//41 74//74
f 74//74 41//41 31//31
f 491//491 492//492 493//493
f 470//470 494//494 443//443
f 443//443 494//494 449//449
f 384//384 494//494 385//385
f 470//470 385//385 494//494
f 495//495 496//496 497//497
f 209//209 208//208 498//498
f 209//209 498//498 499//499
f 159//159 161//161 420//420
f 500//500 125//125 124//124
f 126//126 305//305 269//269
f 501//501 145//145 502//502
f 29//29 443//443 449//449
f 307//307 256//256 308//308
f 503//503 504//504 505//505
f 506//506 507//507 508//508
f 509//509 510//510 511//511
f 390//390 477//477 235//235
f 476//476 235//235 477//477
f 512//512 278//278 388//388
f 513//513 58//58 57//57
f 44//44 470//470 43//43
f 514//514 515//515 516//516
f 443//443 43//43 470//470
f 29//29 444//444 443//443
f 517//517 518//518 519//519
f 29//29 31//31 444//444
f 520//520 445//445 386//386
f 521//521 407//407 522//522
f 41//41 444//444 31//31
f 523//523 524//524 525//525
f 41//41 43//43 444//444
f 526//526 527//527 528//528
f 529//529 530//530 531//531
f 532//532 533//533 534//534
f 532//532 172//172 533//533
f 512//512 44//44 278//278
f 535//535 536//536 537//537
f 336//336 392//392 538//538
f 539//539 540//540 107//107
f 473//473 472//472 541//541
f 197//197 494//494 384//384
f 542//542 543//543 544//544
f 381//381 545//545 103//103
f 546//546 547//547 548//548
f 251//251 549//549 252//252
f 156//156 377//377 550//550
f 158//158 551//551 157//157
f 552//552 283//283 553//553
f 554//554 290//290 298//298
f 555//555 556//556 557//557
f 497//497 558//558 506//506
f 171//171 559//559 172//172
f 560//560 95//95 249//249
f 170//170 561//561 171//171
f 562//562 171//171 561//561
f 555//555 557//557 563//563
f 83//83 463//463 564//564
f 265//265 91//91 460//460
f 298//298 46//46 565//565
f 566//566 567//567 568//568
f 375//375 460//460 91//91
f 569//569 570//570 222//222
f 571//571 56//56 572//572
f 64//64 63//63 573//573
f 28//28 574//574 575//575
f 263//263 262//262 576//576
f 577//577 578//578 503//503
f 388//388 579//579 386//386
f 580//580 139//139 581//581
f 582//582 583//583 584//584
f 585//585 299//299 586//586
f 28//28 587//587 588//588
f 106//106 589//589 104//104
f 590//590 591//591 592//592
f 593//593 594//594 595//595
f 596//596 378//378 179//179
f 149//149 219//219 597//597
f 598//598 599//599 600//600
f 218//218 601//601 219//219
f 602//602 603//603 604//604
f 164//164 163//163 605//605
f 550//550 606//606 389//389
f 521//521 607//607 608//608
f 375//375 90//90 609//609
f 610//610 563//563 611//611
f 610//610 611//611 612//612
f 613//613 614//614 186//186
f 615//615 184//184 616//616
f 617//617 618//618 619//619
f 373//373 620//620 621//621
f 622//622 180//180 376//376
f 623//623 543//543 624//624
f 625//625 626//626 627//627
f 317//317 628//628 38//38
f 409//409 408//408 25//25
f 244//244 243//243 629//629
f 630//630 631//631 632//632
f 633//633 634//634 635//635
f 636//636 314//314 315//315
f 637//637 638//638 569//569
f 29//29 447//447 30//30
f 332//332 639//639 333//333
f 231//231 510//510 523//523
f 543//543 96//96 640//640
f 585//585 586//586 641//641
f 642//642 420//420 643//643
f 644//644 645//645 295//295
f 377//377 102//102 606//606
f 646//646 647//647 648//648
f 649//649 650//650 651//651
f 324//324 652//652 26//26
f 653//653 485//485 527//527
f 654//654 655//655 656//656
f 8//8 657//657 658//658
f 524//524 659//659 660//660
f 574//574 656//656 575//575
f 465//465 661//661 466//466
f 294//294 616//616 662//662
f 184//184 183//183 663//663
f 664//664 665//665 666//666
f 124//124 123//123 667//667
f 631//631 668//668 356//356
f 669//669 537//537 536//536
f 670//670 671//671 547//547
f 672//672 673//673 674//674
f 345//345 344//344 246//246
f 345//345 347//347 344//344
f 675//675 650//650 676//676
f 227//227 677//677 678//678
f 30//30 447//447 118//118
f 549//549 251//251 679//679
f 680//680 434//434 433//433
f 681//681 361//361 682//682
f 683//683 684//684 685//685
f 686//686 685//685 684//684
f 687//687 688//688 689//689
f 687//687 689//689 690//690
f 691//691 692//692 693//693
f 694//694 215//215 217//217
f 331//331 333//333 695//695
f 339//339 696//696 697//697
f 417//417 698//698 464//464
f 699//699 700//700 151//151
f 214//214 701//701 702//702
f 348//348 345//345 703//703
f 200//200 199//199 704//704
f 112//112 111//111 705//705
f 169//169 706//706 467//467
f 707//707 556//556 708//708
f 707//707 708//708 709//709
f 710//710 670//670 711//711
f 712//712 317//317 713//713
f 712//712 713//713 714//714
f 715//715 716//716 717//717
f 546//546 79//79 718//718
f 719//719 531//531 720//720
f 721//721 675//675 722//722
f 553//553 283//283 282//282
f 135//135 723//723 724//724
f 115//115 491//491 493//493
f 230//230 725//725 726//726
f 7//7 727//727 728//728
f 686//686 729//729 190//190
f 730//730 731//731 372//372
f 730//730 372//372 371//371
f 732//732 733//733 734//734
f 508//508 117//117 735//735
f 736//736 737//737 738//738
f 449//449 739//739 448//448
f 508//508 362//362 117//117
f 740//740 557//557 556//556
f 741//741 250//250 170//170
f 104//104 742//742 350//350
f 743//743 350//350 742//742
f 707//707 744//744 678//678
f 46//46 229//229 565//565
f 745//745 746//746 747//747
f 590//590 309//309 311//311
f 676//676 722//722 675//675
f 748//748 749//749 750//750
f 751//751 752//752 753//753
f 754//754 755//755 756//756
f 757//757 755//755 754//754
f 758//758 759//759 760//760
f 761//761 340//340 762//762
f 311//311 591//591 590//590
f 719//719 763//763 529//529
f 764//764 765//765 766//766
f 351//351 606//606 102//102
f 629//629 348//348 767//767
f 629//629 767//767 244//244
f 176//176 594//594 768//768
f 769//769 770//770 640//640
f 596//596 179//179 771//771
f 772//772 614//614 773//773
f 187//187 614//614 772//772
f 774//774 101//101 54//54
f 457//457 577//577 503//503
f 775//775 776//776 752//752
f 777//777 778//778 779//779
f 31//31 30//30 362//362
f 780//780 781//781 323//323
f 521//521 782//782 607//607
f 783//783 784//784 146//146
f 785//785 786//786 492//492
f 505//505 201//201 457//457
f 489//489 672//672 787//787
f 32//32 715//715 591//591
f 254//254 788//788 789//789
f 790//790 791//791 400//400
f 792//792 650//650 649//649
f 237//237 236//236 793//793
f 340//340 794//794 762//762
f 660//660 762//762 794//794
f 667//667 762//762 659//659
f 795//795 796//796 97//97
f 797//797 798//798 799//799
f 559//559 533//533 172//172
f 800//800 801//801 802//802
f 803//803 752//752 751//751
f 804//804 805//805 806//806
f 807//807 609//609 350//350
f 456//456 458//458 808//808
f 99//99 101//101 774//774
f 175//175 809//809 810//810
f 55//55 549//549 572//572
f 811//811 812//812 813//813
f 161//161 160//160 727//727
f 814//814 410//410 815//815
f 331//331 755//755 757//757
f 305//305 367//367 89//89
f 305//305 89//89 269//269
f 734//734 733//733 816//816
f 367//367 304//304 105//105
f 817//817 818//818 476//476
f 135//135 819//819 723//723
f 367//367 349//349 89//89
f 820//820 315//315 313//313
f 539//539 107//107 60//60
f 613//613 186//186 821//821
f 542//542 822//822 823//823
f 786//786 824//824 825//825
f 512//512 826//826 44//44
f 827//827 710//710 711//711
f 272//272 828//828 306//306
f 626//626 829//829 830//830
f 771//771 831//831 832//832
f 833//833 832//832 831//831
f 590//590 834//834 600//600
f 835//835 567//567 836//836
f 394//394 15//15 271//271
f 368//368 651//651 357//357
f 837//837 838//838 839//839
f 840//840 838//838 837//837
f 235//235 476//476 818//818
f 461//461 147//147 462//462
f 457//457 456//456 577//577
f 841//841 842//842 843//843
f 658//658 657//657 844//844
f 845//845 846//846 847//847
f 785//785 812//812 848//848
f 799//799 431//431 849//849
f 850//850 434//434 680//680
f 851//851 852//852 853//853
f 220//220 821//821 186//186
f 390//390 250//250 741//741
f 439//439 420//420 419//419
f 157//157 551//551 854//854
f 855//855 856//856 760//760
f 71//71 73//73 857//857
f 635//635 858//858 859//859
f 13//13 15//15 153//153
f 842//842 182//182 184//184
f 831//831 860//860 861//861
f 486//486 485//485 862//862
f 863//863 218//218 461//461
f 85//85 863//863 461//461
f 141//141 143//143 645//645
f 675//675 721//721 864//864
f 865//865 866//866 216//216
f 867//867 816//816 733//733
f 868//868 869//869 870//870
f 871//871 872//872 873//873
f 874//874 790//790 875//875
f 590//590 600//600 309//309
f 164//164 605//605 647//647
f 473//473 876//876 877//877
f 561//561 250//250 253//253
f 500//500 98//98 878//878
f 500//500 509//509 98//98
f 879//879 246//246 245//245
f 786//786 825//825 492//492
f 855//855 593//593 595//595
f 880//880 881//881 805//805
f 880//880 805//805 882//882
f 35//35 883//883 36//36
f 884//884 325//325 326//326
f 701//701 861//861 860//860
f 701//701 860//860 181//181
f 885//885 886//886 397//397
f 887//887 888//888 619//619
f 863//863 616//616 218//218
f 223//223 588//588 587//587
f 359//359 267//267 360//360
f 146//146 784//784 889//889
f 144//144 146//146 889//889
f 53//53 890//890 51//51
f 891//891 54//54 56//56
f 363//363 370//370 892//892
f 741//741 170//170 484//484
f 893//893 894//894 776//776
f 99//99 774//774 589//589
f 866//866 65//65 64//64
f 12//12 731//731 730//730
f 12//12 895//895 731//731
f 178//178 177//177 896//896
f 897//897 898//898 899//899
f 355//355 354//354 900//900
f 893//893 901//901 902//902
f 903//903 904//904 905//905
f 331//331 757//757 332//332
f 204//204 699//699 205//205
f 906//906 806//806 907//907
f 494//494 908//908 449//449
f 32//32 909//909 715//715
f 47//47 910//910 45//45
f 707//707 678//678 911//911
f 912//912 913//913 914//914
f 736//736 738//738 915//915
f 916//916 249//249 53//53
f 222//222 570//570 220//220
f 917//917 302//302 868//868
f 621//621 868//868 302//302
f 918//918 919//919 191//191
f 920//920 623//623 624//624
f 653//653 527//527 526//526
f 658//658 921//921 9//9
f 909//909 716//716 715//715
f 922//922 923//923 924//924
f 526//526 925//925 926//926
f 212//212 626//626 830//830
f 880//880 927//927 928//928
f 356//356 355//355 337//337
f 929//929 930//930 892//892
f 334//334 931//931 335//335
f 593//593 932//932 594//594
f 772//772 619//619 888//888
f 572//572 549//549 933//933
f 398//398 749//749 399//399
f 232//232 231//231 525//525
f 934//934 935//935 936//936
f 907//907 163//163 232//232
f 699//699 664//664 666//666
f 67//67 380//380 68//68
f 32//32 34//34 937//937
f 791//791 210//210 209//209
f 938//938 634//634 633//633
f 316//316 560//560 939//939
f 50//50 940//940 48//48
f 623//623 795//795 97//97
f 790//790 400//400 399//399
f 758//758 760//760 2//2
f 2//2 760//760 856//856
f 355//355 338//338 337//337
f 106//106 518//518 589//589
f 941//941 942//942 943//943
f 242//242 534//534 944//944
f 413//413 238//238 237//237
f 626//626 212//212 627//627
f 907//907 605//605 163//163
f 754//754 945//945 757//757
f 178//178 260//260 259//259
f 544//544 770//770 946//946
f 947//947 845//845 948//948
f 949//949 679//679 234//234
f 428//428 745//745 711//711
f 950//950 156//156 951//951
f 950//950 119//119 156//156
f 722//722 583//583 721//721
f 582//582 721//721 583//583
f 351//351 389//389 606//606
f 820//820 952//952 953//953
f 954//954 953//953 952//952
f 340//340 955//955 341//341
f 956//956 655//655 957//957
f 166//166 471//471 958//958
f 694//694 959//959 320//320
f 475//475 383//383 612//612
f 109//109 76//76 277//277
f 5//5 271//271 15//15
f 670//670 546//546 711//711
f 851//851 853//853 764//764
f 38//38 960//960 293//293
f 935//935 208//208 961//961
f 354//354 651//651 962//962
f 377//377 121//121 381//381
f 417//417 464//464 198//198
f 763//763 719//719 949//949
f 352//352 963//963 353//353
f 587//587 28//28 575//575
f 685//685 936//936 964//964
f 92//92 965//965 391//391
f 221//221 437//437 966//966
f 329//329 967//967 899//899
f 968//968 571//571 572//572
f 55//55 252//252 549//549
f 450//450 969//969 970//970
f 52//52 971//971 916//916
f 8//8 972//972 973//973
f 488//488 552//552 489//489
f 974//974 975//975 976//976
f 977//977 923//923 922//922
f 978//978 767//767 703//703
f 979//979 689//689 688//688
f 425//425 428//428 546//546
f 945//945 307//307 16//16
f 45//45 980//980 452//452
f 981//981 982//982 983//983
f 128//128 783//783 126//126
f 126//126 783//783 305//305
f 146//146 305//305 783//783
f 174//174 788//788 254//254
f 265//265 788//788 174//174
f 593//593 855//855 984//984
f 460//460 788//788 265//265
f 567//567 566//566 579//579
f 634//634 938//938 919//919
f 95//95 985//985 49//49
f 760//760 759//759 878//878
f 334//334 480//480 931//931
f 441//441 700//700 204//204
f 699//699 204//204 700//700
f 563//563 610//610 446//446
f 544//544 986//986 542//542
f 968//968 987//987 988//988
f 619//619 618//618 887//887
f 134//134 297//297 989//989
f 658//658 844//844 990//990
f 499//499 328//328 327//327
f 209//209 499//499 327//327
f 628//628 317//317 991//991
f 992//992 993//993 994//994
f 128//128 299//299 585//585
f 958//958 129//129 166//166
f 904//904 824//824 786//786
f 995//995 882//882 996//996
f 666//666 487//487 997//997
f 258//258 3//3 856//856
f 2//2 856//856 3//3
f 998//998 999//999 897//897
f 1000//1000 330//330 1001//1001
f 652//652 1002//1002 992//992
f 485//485 487//487 665//665
f 1003//1003 1004//1004 1005//1005
f 213//213 1006//1006 974//974
f 764//764 1007//1007 765//765
f 1008//1008 954//954 811//811
f 191//191 919//919 938//938
f 1009//1009 970//970 413//413
f 615//615 616//616 863//863
f 722//722 676//676 1010//1010
f 909//909 32//32 937//937
f 658//658 1011//1011 921//921
f 680//680 803//803 850//850
f 808//808 1006//1006 1012//1012
f 1013//1013 67//67 931//931
f 968//968 927//927 987//987
f 982//982 1014//1014 1015//1015
f 1016//1016 123//123 122//122
f 1017//1017 440//440 419//419
f 268//268 267//267 359//359
f 141//141 645//645 1018//1018
f 1019//1019 957//957 1020//1020
f 1021//1021 695//695 333//333
f 352//352 88//88 1022//1022
f 790//790 399//399 875//875
f 1023//1023 674//674 832//832
f 1023//1023 832//832 1024//1024
f 955//955 761//761 522//522
f 1019//1019 1025//1025 154//154
f 962//962 651//651 650//650
f 1026//1026 216//216 866//866
f 1026//1026 866//866 64//64
f 244//244 767//767 978//978
f 288//288 1027//1027 289//289
f 456//456 808//808 1028//1028
f 1021//1021 966//966 437//437
f 203//203 975//975 974//974
f 212//212 1006//1006 213//213
f 710//710 536//536 535//535
f 773//773 619//619 772//772
f 52//52 916//916 53//53
f 396//396 1029//1029 1030//1030
f 396//396 275//275 1029//1029
f 1031//1031 787//787 1023//1023
f 1031//1031 1023//1023 1024//1024
f 1032//1032 766//766 765//765
f 472//472 639//639 495//495
f 472//472 495//495 541//541
f 379//379 829//829 68//68
f 319//319 270//270 224//224
f 494//494 197//197 908//908
f 638//638 380//380 1013//1013
f 347//347 346//346 671//671
f 347//347 671//671 670//670
f 130//130 1033//1033 1034//1034
f 811//811 813//813 884//884
f 1035//1035 406//406 1036//1036
f 923//923 1037//1037 802//802
f 1038//1038 691//691 1039//1039
f 1040//1040 36//36 883//883
f 285//285 1041//1041 455//455
f 646//646 928//928 530//530
f 321//321 1042//1042 1043//1043
f 945//945 16//16 18//18
f 770//770 544//544 640//640
f 920//920 1044//1044 845//845
f 937//937 34//34 422//422
f 929//929 1045//1045 568//568
f 90//90 350//350 609//609
f 480//480 334//334 478//478
f 588//588 809//809 175//175
f 27//27 1046//1046 1047//1047
f 862//862 369//369 1048//1048
f 862//862 1048//1048 486//486
f 868//868 870//870 1000//1000
f 839//839 838//838 1049//1049
f 695//695 755//755 331//331
f 1050//1050 677//677 182//182
f 969//969 238//238 970//970
f 325//325 813//813 785//785
f 325//325 785//785 492//492
f 92//92 94//94 1051//1051
f 294//294 218//218 616//616
f 954//954 1008//1008 426//426
f 1038//1038 996//996 1052//1052
f 212//212 382//382 627//627
f 499//499 498//498 189//189
f 412//412 414//414 1053//1053
f 50//50 1054//1054 228//228
f 953//953 78//78 1055//1055
f 1056//1056 1057//1057 1058//1058
f 1056//1056 1058//1058 527//527
f 245//245 247//247 584//584
f 1059//1059 1060//1060 1061//1061
f 1062//1062 1063//1063 793//793
f 674//674 673//673 596//596
f 685//685 686//686 190//190
f 933//933 549//549 720//720
f 1064//1064 1065//1065 1066//1066
f 196//196 1009//1009 1067//1067
f 1068//1068 969//969 450//450
f 1069//1069 935//935 961//961
f 972//972 728//728 160//160
f 1070//1070 322//322 321//321
f 455//455 436//436 185//185
f 98//98 97//97 796//796
f 1057//1057 1056//1056 665//665
f 115//115 114//114 491//491
f 226//226 677//677 227//227
f 182//182 677//677 226//226
f 892//892 930//930 1071//1071
f 231//231 523//523 525//525
f 482//482 1072//1072 1073//1073
f 482//482 1073//1073 1074//1074
f 333//333 966//966 1021//1021
f 474//474 966//966 333//333
f 379//379 638//638 1075//1075
f 482//482 1076//1076 698//698
f 664//664 699//699 151//151
f 1077//1077 1022//1022 1078//1078
f 660//660 659//659 762//762
f 1009//1009 413//413 514//514
f 187//187 286//286 185//185
f 1079//1079 1080//1080 1018//1018
f 1081//1081 1080//1080 391//391
f 92//92 391//391 1080//1080
f 819//819 172//172 532//532
f 133//133 454//454 158//158
f 92//92 1080//1080 1079//1079
f 976//976 975//975 861//861
f 1071//1071 363//363 892//892
f 1082//1082 398//398 400//400
f 1082//1082 400//400 791//791
f 709//709 940//940 744//744
f 280//280 1083//1083 63//63
f 1084//1084 36//36 1040//1040
f 607//607 1085//1085 1086//1086
f 1086//1086 1087//1087 607//607
f 893//893 753//753 894//894
f 291//291 83//83 564//564
f 227//227 678//678 744//744
f 1011//1011 658//658 990//990
f 907//907 232//232 906//906
f 889//889 641//641 1088//1088
f 800//800 966//966 474//474
f 802//802 966//966 800//800
f 580//580 1055//1055 1089//1089
f 636//636 580//580 581//581
f 636//636 315//315 580//580
f 1090//1090 355//355 900//900
f 1090//1090 900//900 864//864
f 876//876 497//497 506//506
f 500//500 878//878 125//125
f 1050//1050 841//841 469//469
f 468//468 469//469 841//841
f 274//274 1090//1090 864//864
f 410//410 235//235 818//818
f 96//96 511//511 640//640
f 769//769 640//640 511//511
f 617//617 1091//1091 874//874
f 471//471 1092//1092 1093//1093
f 1094//1094 164//164 528//528
f 528//528 164//164 1095//1095
f 947//947 948//948 984//984
f 973//973 1096//1096 608//608
f 253//253 401//401 562//562
f 1097//1097 678//678 677//677
f 224//224 587//587 318//318
f 797//797 547//547 671//671
f 452//452 451//451 45//45
f 229//229 45//45 451//451
f 819//819 135//135 138//138
f 819//819 138//138 172//172
f 756//756 941//941 1098//1098
f 190//190 729//729 1099//1099
f 403//403 562//562 401//401
f 753//753 752//752 894//894
f 776//776 894//894 752//752
f 73//73 1100//1100 62//62
f 73//73 62//62 61//61
f 463//463 85//85 461//461
f 396//396 276//276 275//275
f 1093//1093 1092//1092 1101//1101
f 942//942 286//286 888//888
f 821//821 220//220 570//570
f 37//37 398//398 1082//1082
f 1102//1102 1103//1103 1104//1104
f 1102//1102 1104//1104 171//171
f 1058//1058 1105//1105 1094//1094
f 1106//1106 1107//1107 1108//1108
f 284//284 1109//1109 1110//1110
f 493//493 492//492 825//825
f 688//688 565//565 229//229
f 110//110 424//424 886//886
f 1092//1092 471//471 1111//1111
f 515//515 904//904 312//312
f 1112//1112 578//578 577//577
f 600//600 993//993 1113//1113
f 739//739 504//504 448//448
f 720//720 531//531 968//968
f 973//973 608//608 1087//1087
f 1087//1087 608//608 607//607
f 1114//1114 1115//1115 1116//1116
f 908//908 739//739 449//449
f 625//625 829//829 626//626
f 86//86 88//88 352//352
f 416//416 483//483 417//417
f 1117//1117 203//203 202//202
f 1117//1117 202//202 704//704
f 202//202 201//201 704//704
f 275//275 306//306 308//308
f 1118//1118 1119//1119 917//917
f 684//684 1120//1120 686//686
f 771//771 860//860 831//831
f 309//309 460//460 310//310
f 771//771 181//181 860//860
f 1121//1121 946//946 770//770
f 986//986 946//946 1121//1121
f 624//624 542//542 823//823
f 995//995 1116//1116 987//987
f 771//771 832//832 674//674
f 1122//1122 859//859 1123//1123
f 396//396 337//337 276//276
f 895//895 768//768 594//594
f 1124//1124 1125//1125 1114//1114
f 374//374 168//168 292//292
f 275//275 308//308 1029//1029
f 1068//1068 177//177 1126//1126
f 515//515 905//905 904//904
f 410//410 818//818 815//815
f 370//370 358//358 361//361
f 1127//1127 691//691 1038//1038
f 1128//1128 1127//1127 1038//1038
f 1129//1129 1130//1130 1131//1131
f 323//323 175//175 810//810
f 839//839 323//323 810//810
f 883//883 885//885 1132//1132
f 736//736 1133//1133 1134//1134
f 193//193 299//299 300//300
f 1135//1135 1097//1097 263//263
f 1080//1080 1081//1081 1018//1018
f 1018//1018 1136//1136 141//141
f 550//550 142//142 1137//1137
f 867//867 733//733 1138//1138
f 1139//1139 804//804 1027//1027
f 957//957 1019//1019 956//956
f 819//819 532//532 978//978
f 50//50 227//227 744//744
f 366//366 1140//1140 364//364
f 944//944 1141//1141 242//242
f 74//74 362//362 507//507
f 319//319 395//395 394//394
f 50//50 49//49 1054//1054
f 1074//1074 1024//1024 833//833
f 817//817 815//815 818//818
f 822//822 1142//1142 823//823
f 822//822 1143//1143 1142//1142
f 1142//1142 777//777 823//823
f 779//779 823//823 777//777
f 624//624 823//823 779//779
f 550//550 951//951 156//156
f 820//820 1055//1055 315//315
f 374//374 166//166 168//168
f 132//132 454//454 133//133
f 1050//1050 469//469 466//466
f 637//637 1014//1014 1144//1144
f 426//426 1008//1008 628//628
f 761//761 955//955 340//340
f 85//85 84//84 863//863
f 16//16 306//306 828//828
f 336//336 1145//1145 334//334
f 811//811 884//884 1008//1008
f 1146//1146 81//81 80//80
f 1147//1147 81//81 1146//1146
f 602//602 604//604 52//52
f 1148//1148 1149//1149 912//912
f 1150//1150 34//34 33//33
f 506//506 75//75 507//507
f 507//507 75//75 74//74
f 1143//1143 870//870 1142//1142
f 988//988 571//571 968//968
f 445//445 1003//1003 563//563
f 320//320 1151//1151 694//694
f 497//497 835//835 558//558
f 354//354 357//357 651//651
f 349//349 105//105 104//104
f 869//869 777//777 1142//1142
f 870//870 869//869 1142//1142
f 1152//1152 1153//1153 1083//1083
f 221//221 1037//1037 222//222
f 820//820 953//953 1055//1055
f 1014//1014 222//222 1037//1037
f 1150//1150 743//743 422//422
f 67//67 1013//1013 380//380
f 463//463 1108//1108 564//564
f 35//35 37//37 1154//1154
f 191//191 938//938 192//192
f 1155//1155 257//257 943//943
f 1156//1156 917//917 1000//1000
f 997//997 486//486 632//632
f 144//144 889//889 1088//1088
f 906//906 804//804 806//806
f 560//560 985//985 95//95
f 455//455 756//756 695//695
f 455//455 695//695 1021//1021
f 1157//1157 690//690 689//689
f 1158//1158 1159//1159 1100//1100
f 73//73 1158//1158 1100//1100
f 534//534 242//242 532//532
f 773//773 614//614 1145//1145
f 469//469 169//169 467//467
f 1160//1160 1149//1149 1004//1004
f 1161//1161 416//416 740//740
f 418//418 740//740 416//416
f 644//644 295//295 1162//1162
f 1032//1032 851//851 766//766
f 1032//1032 1103//1103 851//851
f 236//236 1068//1068 1126//1126
f 969//969 1068//1068 236//236
f 992//992 1002//1002 191//191
f 644//644 1162//1162 1163//1163
f 147//147 149//149 114//114
f 158//158 454//454 1164//1164
f 144//144 1088//1088 1007//1007
f 679//679 719//719 720//720
f 328//328 1001//1001 330//330
f 274//274 1129//1129 272//272
f 828//828 272//272 1129//1129
f 345//345 246//246 1165//1165
f 879//879 1165//1165 246//246
f 703//703 345//345 1165//1165
f 703//703 1165//1165 1166//1166
f 1166//1166 1165//1165 1167//1167
f 633//633 586//586 192//192
f 1054//1054 663//663 183//183
f 1113//1113 993//993 992//992
f 1044//1044 1168//1168 846//846
f 1169//1169 964//964 935//935
f 473//473 541//541 876//876
f 1044//1044 920//920 779//779
f 1170//1170 655//655 956//956
f 884//884 960//960 1008//1008
f 490//490 167//167 166//166
f 672//672 1023//1023 787//787
f 280//280 279//279 803//803
f 850//850 803//803 279//279
f 1171//1171 162//162 1172//1172
f 1006//1006 1173//1173 974//974
f 864//864 962//962 675//675
f 988//988 987//987 1116//1116
f 988//988 1116//1116 1115//1115
f 323//323 839//839 1043//1043
f 842//842 841//841 182//182
f 1050//1050 182//182 841//841
f 650//650 675//675 962//962
f 303//303 225//225 270//270
f 1138//1138 229//229 451//451
f 1138//1138 451//451 450//450
f 1055//1055 78//78 1089//1089
f 83//83 1174//1174 84//84
f 141//141 1136//1136 1137//1137
f 1026//1026 64//64 765//765
f 956//956 395//395 1170//1170
f 1021//1021 437//437 455//455
f 681//681 1175//1175 1176//1176
f 681//681 1176//1176 19//19
f 1081//1081 391//391 1059//1059
f 424//424 110//110 631//631
f 382//382 702//702 415//415
f 214//214 702//702 382//382
f 68//68 625//625 1177//1177
f 652//652 1178//1178 27//27
f 500//500 523//523 509//509
f 1047//1047 574//574 28//28
f 317//317 316//316 713//713
f 309//309 600//600 599//599
f 481//481 1135//1135 263//263
f 233//233 763//763 949//949
f 1079//1079 854//854 93//93
f 93//93 92//92 1079//1079
f 170//170 172//172 138//138
f 773//773 1145//1145 1179//1179
f 37//37 36//36 750//750
f 1084//1084 750//750 36//36
f 14//14 1180//1180 24//24
f 288//288 1181//1181 1139//1139
f 848//848 786//786 785//785
f 430//430 580//580 1089//1089
f 1176//1176 890//890 914//914
f 867//867 970//970 196//196
f 613//613 1145//1145 614//614
f 1087//1087 1086//1086 657//657
f 1087//1087 657//657 8//8
f 600//600 1113//1113 598//598
f 564//564 1108//1108 1107//1107
f 415//415 545//545 381//381
f 339//339 1182//1182 340//340
f 615//615 84//84 842//842
f 802//802 1037//1037 221//221
f 479//479 613//613 821//821
f 1177//1177 119//119 950//950
f 1034//1034 1033//1033 989//989
f 1034//1034 989//989 1077//1077
f 997//997 487//487 486//486
f 508//508 735//735 877//877
f 1059//1059 393//393 1060//1060
f 847//847 846//846 1168//1168
f 224//224 223//223 587//587
f 1047//1047 28//28 27//27
f 161//161 240//240 239//239
f 28//28 588//588 175//175
f 239//239 419//419 161//161
f 750//750 749//749 398//398
f 37//37 750//750 398//398
f 847//847 372//372 731//731
f 83//83 292//292 1174//1174
f 695//695 756//756 755//755
f 1183//1183 1066//1066 669//669
f 1184//1184 1078//1078 88//88
f 1120//1120 1101//1101 1092//1092
f 1185//1185 815//815 817//817
f 881//881 880//880 928//928
f 1186//1186 496//496 930//930
f 1104//1104 1187//1187 1153//1153
f 144//144 502//502 145//145
f 1188//1188 1154//1154 37//37
f 37//37 1082//1082 1188//1188
f 1051//1051 94//94 1189//1189
f 11//11 1190//1190 107//107
f 884//884 326//326 293//293
f 326//326 601//601 293//293
f 1096//1096 973//973 972//972
f 160//160 1096//1096 972//972
f 50//50 744//744 940//940
f 55//55 101//101 100//100
f 1135//1135 911//911 1097//1097
f 1022//1022 1077//1077 963//963
f 963//963 1077//1077 989//989
f 311//311 807//807 33//33
f 1058//1058 528//528 527//527
f 1058//1058 1094//1094 528//528
f 178//178 259//259 1191//1191
f 292//292 468//468 843//843
f 135//135 724//724 136//136
f 684//684 683//683 1101//1101
f 724//724 1192//1192 136//136
f 625//625 627//627 119//119
f 663//663 1054//1054 1193//1193
f 747//747 746//746 714//714
f 1194//1194 1088//1088 1195//1195
f 1064//1064 582//582 584//584
f 261//261 677//677 1050//1050
f 973//973 1087//1087 8//8
f 266//266 682//682 267//267
f 1121//1121 665//665 664//664
f 1121//1121 1057//1057 665//665
f 1188//1188 1196//1196 327//327
f 1066//1066 1183//1183 266//266
f 1066//1066 266//266 1064//1064
f 421//421 423//423 1197//1197
f 727//727 7//7 1198//1198
f 543//543 640//640 544//544
f 877//877 876//876 508//508
f 499//499 189//189 1001//1001
f 493//493 825//825 1199//1199
f 921//921 47//47 290//290
f 353//353 296//296 143//143
f 687//687 690//690 1140//1140
f 513//513 717//717 716//716
f 652//652 994//994 1178//1178
f 672//672 553//553 673//673
f 290//290 1198//1198 921//921
f 1133//1133 1200//1200 1134//1134
f 979//979 1200//1200 1133//1133
f 881//881 648//648 647//647
f 1201//1201 1202//1202 1045//1045
f 568//568 1045//1045 1202//1202
f 347//347 342//342 344//344
f 1075//1075 1144//1144 981//981
f 1117//1117 1203//1203 203//203
f 10//10 1190//1190 11//11
f 480//480 1204//1204 931//931
f 1204//1204 1013//1013 931//931
f 1198//1198 9//9 921//921
f 257//257 256//256 1098//1098
f 996//996 882//882 1181//1181
f 364//364 1140//1140 690//690
f 757//757 70//70 332//332
f 865//865 432//432 434//434
f 865//865 434//434 850//850
f 765//765 1194//1194 1026//1026
f 421//421 937//937 422//422
f 193//193 192//192 299//299
f 516//516 1205//1205 1206//1206
f 654//654 1207//1207 957//957
f 1208//1208 1070//1070 1049//1049
f 731//731 895//895 932//932
f 594//594 932//932 895//895
f 845//845 847//847 932//932
f 16//16 828//828 17//17
f 479//479 570//570 569//569
f 821//821 570//570 479//479
f 274//274 1130//1130 1129//1129
f 939//939 714//714 713//713
f 304//304 145//145 501//501
f 842//842 184//184 615//615
f 214//214 382//382 212//212
f 401//401 1209//1209 402//402
f 761//761 521//521 522//522
f 1076//1076 1203//1203 1117//1117
f 959//959 217//217 859//859
f 388//388 836//836 579//579
f 80//80 82//82 1206//1206
f 567//567 579//579 836//836
f 466//466 661//661 262//262
f 466//466 262//262 261//261
f 57//57 59//59 654//654
f 1210//1210 59//59 1211//1211
f 692//692 59//59 1210//1210
f 1211//1211 59//59 58//58
f 1160//1160 520//520 566//566
f 579//579 566//566 520//520
f 1160//1160 1004//1004 520//520
f 1100//1100 113//113 62//62
f 386//386 579//579 520//520
f 1197//1197 1115//1115 1125//1125
f 421//421 1197//1197 1125//1125
f 957//957 655//655 654//654
f 874//874 1091//1091 538//538
f 1114//1114 1125//1125 1115//1115
f 995//995 987//987 882//882
f 749//749 618//618 399//399
f 261//261 1050//1050 466//466
f 249//249 916//916 560//560
f 592//592 994//994 834//834
f 836//836 76//76 558//558
f 110//110 632//632 631//631
f 1143//1143 822//822 1212//1212
f 854//854 1069//1069 93//93
f 1197//1197 891//891 1115//1115
f 287//287 1052//1052 288//288
f 1038//1038 1052//1052 287//287
f 679//679 949//949 719//719
f 431//431 430//430 849//849
f 187//187 186//186 614//614
f 942//942 941//941 286//286
f 35//35 1213//1213 705//705
f 478//478 1145//1145 613//613
f 334//334 1145//1145 478//478
f 12//12 730//730 10//10
f 959//959 1214//1214 320//320
f 1096//1096 159//159 1215//1215
f 687//687 1140//1140 298//298
f 827//827 603//603 536//536
f 827//827 536//536 710//710
f 727//727 1198//1198 554//554
f 977//977 1216//1216 1112//1112
f 409//409 1180//1180 1171//1171
f 1183//1183 669//669 602//602
f 1183//1183 602//602 1217//1217
f 489//489 787//787 465//465
f 96//96 543//543 97//97
f 1037//1037 1015//1015 1014//1014
f 100//100 252//252 55//55
f 270//270 394//394 271//271
f 422//422 743//743 423//423
f 270//270 319//319 394//394
f 1150//1150 350//350 743//743
f 1218//1218 1118//1118 729//729
f 1218//1218 729//729 686//686
f 795//795 947//947 796//796
f 920//920 947//947 795//795
f 1053//1053 903//903 905//905
f 1219//1219 814//814 1220//1220
f 1077//1077 282//282 1034//1034
f 212//212 830//830 1006//1006
f 624//624 543//543 542//542
f 1103//1103 1102//1102 851//851
f 1102//1102 852//852 851//851
f 220//220 437//437 221//221
f 14//14 13//13 1180//1180
f 805//805 881//881 806//806
f 857//857 73//73 61//61
f 499//499 1001//1001 328//328
f 680//680 1221//1221 803//803
f 596//596 771//771 674//674
f 185//185 436//436 186//186
f 897//897 999//999 441//441
f 584//584 247//247 1065//1065
f 584//584 1065//1065 1064//1064
f 438//438 225//225 303//303
f 383//383 198//198 384//384
f 1199//1199 540//540 539//539
f 875//875 618//618 617//617
f 1040//1040 1155//1155 1084//1084
f 1222//1222 1223//1223 1151//1151
f 47//47 921//921 1011//1011
f 230//230 726//726 510//510
f 1224//1224 1225//1225 66//66
f 1224//1224 66//66 950//950
f 592//592 834//834 590//590
f 388//388 387//387 512//512
f 1146//1146 1226//1226 1147//1147
f 1147//1147 1226//1226 1227//1227
f 194//194 1147//1147 195//195
f 93//93 1069//1069 961//961
f 465//465 787//787 661//661
f 492//492 149//149 597//597
f 491//491 149//149 492//492
f 1009//1009 196//196 970//970
f 272//272 306//306 275//275
f 430//430 1089//1089 849//849
f 747//747 604//604 827//827
f 529//529 531//531 719//719
f 129//129 131//131 166//166
f 366//366 554//554 1140//1140
f 131//131 490//490 166//166
f 388//388 277//277 836//836
f 163//163 230//230 232//232
f 638//638 1013//1013 1204//1204
f 836//836 277//277 76//76
f 414//414 1063//1063 1062//1062
f 385//385 1228//1228 383//383
f 1005//1005 1035//1035 1036//1036
f 709//709 1005//1005 1036//1036
f 480//480 569//569 1204//1204
f 463//463 83//83 85//85
f 1229//1229 861//861 975//975
f 1229//1229 975//975 203//203
f 151//151 700//700 152//152
f 110//110 886//886 111//111
f 407//407 1096//1096 408//408
f 692//692 1207//1207 654//654
f 1025//1025 341//341 1230//1230
f 792//792 649//649 1185//1185
f 983//983 977//977 1112//1112
f 983//983 982//982 977//977
f 258//258 856//856 259//259
f 26//26 652//652 27//27
f 296//296 353//353 963//963
f 264//264 91//91 265//265
f 1231//1231 1232//1232 1233//1233
f 1020//1020 957//957 1207//1207
f 1//1 657//657 1086//1086
f 657//657 1//1 844//844
f 1234//1234 1159//1159 1106//1106
f 984//984 855//855 760//760
f 760//760 878//878 984//984
f 685//685 964//964 683//683
f 929//929 892//892 20//20
f 427//427 746//746 428//428
f 652//652 324//324 1002//1002
f 1227//1227 1235//1235 1236//1236
f 1227//1227 1236//1236 1147//1147
f 412//412 514//514 413//413
f 385//385 826//826 1228//1228
f 1139//1139 1027//1027 288//288
f 323//323 1043//1043 780//780
f 1077//1077 1078//1078 282//282
f 473//473 924//924 801//801
f 1237//1237 153//153 395//395
f 1237//1237 395//395 956//956
f 954//954 426//426 425//425
f 992//992 994//994 652//652
f 803//803 751//751 280//280
f 622//622 181//181 180//180
f 282//282 1078//1078 1184//1184
f 958//958 453//453 129//129
f 51//51 890//890 1217//1217
f 525//525 524//524 1238//1238
f 252//252 100//100 1209//1209
f 1157//1157 689//689 979//979
f 667//667 659//659 124//124
f 693//693 1210//1210 1231//1231
f 1232//1232 1231//1231 1210//1210
f 302//302 301//301 621//621
f 320//320 1214//1214 321//321
f 111//111 883//883 705//705
f 35//35 705//705 883//883
f 813//813 812//812 785//785
f 285//285 455//455 185//185
f 829//829 625//625 68//68
f 1081//1081 1136//1136 1018//1018
f 1239//1239 1137//1137 1136//1136
f 554//554 298//298 1140//1140
f 483//483 482//482 698//698
f 407//407 608//608 1096//1096
f 427//427 426//426 991//991
f 427//427 991//991 712//712
f 496//496 835//835 497//497
f 54//54 1197//1197 423//423
f 54//54 423//423 774//774
f 493//493 1199//1199 539//539
f 978//978 723//723 819//819
f 764//764 144//144 1007//1007
f 155//155 1172//1172 162//162
f 539//539 60//60 115//115
f 131//131 130//130 488//488
f 637//637 1075//1075 638//638
f 204//204 207//207 442//442
f 197//197 384//384 198//198
f 203//203 1203//1203 1229//1229
f 592//592 1046//1046 994//994
f 555//555 708//708 556//556
f 882//882 805//805 804//804
f 879//879 1167//1167 1165//1165
f 597//597 325//325 492//492
f 597//597 219//219 325//325
f 848//848 904//904 786//786
f 848//848 312//312 904//904
f 1206//1206 314//314 636//636
f 1167//1167 879//879 1010//1010
f 562//562 1102//1102 171//171
f 852//852 1102//1102 562//562
f 871//871 683//683 872//872
f 688//688 687//687 565//565
f 116//116 118//118 447//447
f 250//250 390//390 251//251
f 49//49 1193//1193 1054//1054
f 103//103 545//545 376//376
f 414//414 413//413 237//237
f 1068//1068 896//896 177//177
f 245//245 722//722 879//879
f 188//188 1156//1156 189//189
f 187//187 888//888 286//286
f 1111//1111 1107//1107 1092//1092
f 556//556 707//707 1161//1161
f 829//829 1012//1012 830//830
f 441//441 898//898 897//897
f 574//574 1047//1047 513//513
f 811//811 952//952 1240//1240
f 336//336 1060//1060 393//393
f 1180//1180 162//162 1171//1171
f 923//923 801//801 924//924
f 588//588 223//223 809//809
f 550//550 389//389 142//142
f 1137//1137 142//142 141//141
f 809//809 223//223 1241//1241
f 918//918 781//781 780//780
f 748//748 750//750 1084//1084
f 893//893 431//431 901//901
f 247//247 344//344 343//343
f 555//555 1003//1003 1005//1005
f 1242//1242 1222//1222 1243//1243
f 106//106 519//519 518//518
f 1242//1242 690//690 1157//1157
f 1242//1242 1157//1157 915//915
f 646//646 648//648 928//928
f 1126//1126 176//176 793//793
f 147//147 114//114 113//113
f 178//178 896//896 260//260
f 963//963 989//989 297//297
f 963//963 297//297 296//296
f 1122//1122 1244//1244 633//633
f 586//586 633//633 1244//1244
f 692//692 654//654 59//59
f 748//748 887//887 749//749
f 445//445 1004//1004 1003//1003
f 520//520 1004//1004 445//445
f 1008//1008 960//960 628//628
f 38//38 628//628 960//960
f 438//438 440//440 1241//1241
f 978//978 703//703 723//723
f 1166//1166 723//723 703//703
f 315//315 1055//1055 580//580
f 691//691 1231//1231 1039//1039
f 1143//1143 1212//1212 998//998
f 129//129 453//453 132//132
f 214//214 213//213 976//976
f 974//974 976//976 213//213
f 782//782 521//521 761//761
f 976//976 701//701 214//214
f 1012//1012 829//829 379//379
f 1012//1012 379//379 1075//1075
f 661//661 576//576 262//262
f 1156//1156 1000//1000 1001//1001
f 1156//1156 1001//1001 189//189
f 544//544 946//946 986//986
f 1130//1130 721//721 582//582
f 1006//1006 830//830 1012//1012
f 165//165 1245//1245 725//725
f 378//378 596//596 1184//1184
f 67//67 1225//1225 931//931
f 1153//1153 1246//1246 559//559
f 667//667 782//782 762//762
f 761//761 762//762 782//782
f 137//137 484//484 138//138
f 153//153 1237//1237 154//154
f 356//356 668//668 357//357
f 386//386 446//446 387//387
f 870//870 1247//1247 1000//1000
f 148//148 461//461 218//218
f 672//672 674//674 1023//1023
f 738//738 1223//1223 915//915
f 915//915 1223//1223 1242//1242
f 937//937 1124//1124 1248//1248
f 21//21 681//681 19//19
f 195//195 1147//1147 1236//1236
f 1235//1235 1134//1134 1236//1236
f 1249//1249 289//289 1027//1027
f 1249//1249 1027//1027 906//906
f 478//478 613//613 479//479
f 661//661 787//787 1031//1031
f 661//661 1031//1031 576//576
f 756//756 455//455 1041//1041
f 450//450 970//970 867//867
f 165//165 164//164 1094//1094
f 8//8 7//7 972//972
f 1066//1066 1065//1065 537//537
f 1066//1066 537//537 669//669
f 668//668 630//630 1048//1048
f 237//237 1063//1063 414//414
f 193//193 300//300 598//598
f 40//40 317//317 38//38
f 19//19 1045//1045 20//20
f 404//404 1250//1250 248//248
f 734//734 1200//1200 979//979
f 738//738 1151//1151 1223//1223
f 796//796 947//947 984//984
f 868//868 621//621 869//869
f 917//917 868//868 1000//1000
f 482//482 1074//1074 1076//1076
f 1239//1239 1061//1061 1251//1251
f 799//799 548//548 797//797
f 1089//1089 78//78 77//77
f 797//797 548//548 547//547
f 1156//1156 188//188 917//917
f 917//917 188//188 1099//1099
f 190//190 1099//1099 188//188
f 775//775 1146//1146 140//140
f 817//817 792//792 1185//1185
f 168//168 468//468 292//292
f 650//650 792//792 676//676
f 1081//1081 1239//1239 1136//1136
f 581//581 1206//1206 636//636
f 909//909 1248//1248 1252//1252
f 364//364 1242//1242 1243//1243
f 364//364 690//690 1242//1242
f 883//883 1132//1132 1040//1040
f 925//925 1253//1253 1254//1254
f 925//925 1254//1254 1219//1219
f 880//880 987//987 927//927
f 1255//1255 662//662 616//616
f 14//14 5//5 15//15
f 1074//1074 833//833 1076//1076
f 1072//1072 482//482 481//481
f 247//247 246//246 344//344
f 206//206 997//997 632//632
f 206//206 632//632 112//112
f 112//112 632//632 110//110
f 593//593 948//948 845//845
f 486//486 630//630 632//632
f 255//255 1256//1256 1029//1029
f 62//62 113//113 115//115
f 1040//1040 1132//1132 1256//1256
f 897//897 967//967 998//998
f 1099//1099 1118//1118 917//917
f 710//710 343//343 342//342
f 621//621 301//301 373//373
f 94//94 93//93 961//961
f 634//634 919//919 1042//1042
f 247//247 343//343 1065//1065
f 874//874 538//538 965//965
f 289//289 1238//1238 459//459
f 971//971 747//747 714//714
f 17//17 358//358 18//18
f 66//66 1225//1225 67//67
f 633//633 192//192 938//938
f 814//814 411//411 410//410
f 1095//1095 164//164 647//647
f 1197//1197 54//54 891//891
f 764//764 502//502 144//144
f 941//941 756//756 1041//1041
f 1011//1011 910//910 47//47
f 1011//1011 260//260 910//910
f 240//240 435//435 366//366
f 1022//1022 963//963 352//352
f 653//653 862//862 485//485
f 258//258 260//260 1011//1011
f 287//287 459//459 1182//1182
f 807//807 311//311 310//310
f 96//96 98//98 509//509
f 176//176 768//768 793//793
f 929//929 20//20 1045//1045
f 910//910 260//260 980//980
f 42//42 278//278 44//44
f 460//460 599//599 788//788
f 277//277 388//388 278//278
f 158//158 873//873 551//551
f 551//551 1069//1069 854//854
f 551//551 873//873 1069//1069
f 672//672 489//489 552//552
f 569//569 638//638 1204//1204
f 942//942 888//888 748//748
f 1198//1198 7//7 9//9
f 191//191 193//193 1113//1113
f 598//598 1113//1113 193//193
f 191//191 1113//1113 992//992
f 612//612 1228//1228 610//610
f 1086//1086 1257//1257 1//1
f 1016//1016 1257//1257 1086//1086
f 122//122 1257//1257 1016//1016
f 758//758 1257//1257 122//122
f 2//2 1//1 1257//1257
f 2//2 1257//1257 758//758
f 253//253 252//252 1209//1209
f 982//982 1144//1144 1014//1014
f 981//981 1144//1144 982//982
f 1111//1111 374//374 291//291
f 94//94 210//210 1189//1189
f 1107//1107 1111//1111 291//291
f 1164//1164 454//454 453//453
f 835//835 496//496 1186//1186
f 55//55 54//54 101//101
f 404//404 406//406 1035//1035
f 68//68 1177//1177 66//66
f 1184//1184 88//88 378//378
f 550//550 1137//1137 951//951
f 1024//1024 832//832 833//833
f 1075//1075 981//981 1028//1028
f 1012//1012 1028//1028 808//808
f 937//937 1248//1248 909//909
f 556//556 1161//1161 740//740
f 740//740 418//418 612//612
f 488//488 490//490 131//131
f 1250//1250 1148//1148 912//912
f 958//958 471//471 1093//1093
f 967//967 897//897 899//899
f 1188//1188 329//329 899//899
f 1188//1188 899//899 1154//1154
f 1188//1188 327//327 329//329
f 319//319 318//318 1170//1170
f 1134//1134 1235//1235 736//736
f 1086//1086 1085//1085 1016//1016
f 1258//1258 1170//1170 318//318
f 782//782 1085//1085 607//607
f 540//540 1259//1259 108//108
f 572//572 933//933 720//720
f 968//968 572//572 720//720
f 1194//1194 1007//1007 1088//1088
f 471//471 374//374 1111//1111
f 1260//1260 1261//1261 1219//1219
f 915//915 1262//1262 736//736
f 837//837 810//810 1263//1263
f 1133//1133 1262//1262 979//979
f 1241//1241 1263//1263 809//809
f 810//810 809//809 1263//1263
f 862//862 1264//1264 369//369
f 862//862 653//653 1264//1264
f 298//298 565//565 687//687
f 53//53 914//914 890//890
f 914//914 53//53 248//248
f 300//300 254//254 789//789
f 837//837 839//839 810//810
f 1070//1070 1208//1208 1222//1222
f 840//840 1243//1243 1208//1208
f 1222//1222 1208//1208 1243//1243
f 99//99 589//589 518//518
f 402//402 99//99 518//518
f 402//402 518//518 517//517
f 1219//1219 926//926 925//925
f 833//833 1203//1203 1076//1076
f 52//52 51//51 602//602
f 189//189 934//934 190//190
f 914//914 248//248 1250//1250
f 120//120 627//627 382//382
f 151//151 150//150 986//986
f 3//3 258//258 990//990
f 268//268 1129//1129 1265//1265
f 1265//1265 1131//1131 1064//1064
f 501//501 519//519 304//304
f 266//266 1265//1265 1064//1064
f 1131//1131 1265//1265 1129//1129
f 526//526 926//926 653//653
f 653//653 926//926 1264//1264
f 1219//1219 1264//1264 926//926
f 360//360 267//267 682//682
f 1265//1265 266//266 268//268
f 268//268 828//828 1129//1129
f 268//268 17//17 828//828
f 1131//1131 582//582 1064//1064
f 1130//1130 582//582 1131//1131
f 660//660 1238//1238 524//524
f 122//122 759//759 758//758
f 593//593 984//984 948//948
f 1092//1092 1107//1107 1120//1120
f 935//935 934//934 208//208
f 1260//1260 1220//1220 1185//1185
f 428//428 746//746 745//745
f 1120//1120 1106//1106 1159//1159
f 1217//1217 602//602 51//51
f 125//125 878//878 759//759
f 726//726 725//725 769//769
f 845//845 932//932 593//593
f 850//850 279//279 865//865
f 866//866 865//865 279//279
f 807//807 1150//1150 33//33
f 757//757 945//945 18//18
f 807//807 350//350 1150//1150
f 865//865 216//216 215//215
f 290//290 554//554 1198//1198
f 705//705 1213//1213 442//442
f 898//898 442//442 1213//1213
f 898//898 1213//1213 1154//1154
f 302//302 917//917 1119//1119
f 302//302 1119//1119 71//71
f 329//329 330//330 967//967
f 60//60 1190//1190 61//61
f 899//899 898//898 1154//1154
f 493//493 539//539 115//115
f 442//442 898//898 441//441
f 1245//1245 769//769 725//725
f 1053//1053 905//905 412//412
f 219//219 601//601 326//326
f 218//218 294//294 601//601
f 39//39 662//662 1266//1266
f 1239//1239 1059//1059 1061//1061
f 1128//1128 697//697 1127//1127
f 1047//1047 717//717 513//513
f 994//994 1046//1046 1178//1178
f 717//717 592//592 715//715
f 704//704 505//505 200//200
f 186//186 436//436 220//220
f 736//736 1235//1235 1267//1267
f 881//881 928//928 648//648
f 634//634 1042//1042 1214//1214
f 836//836 558//558 835//835
f 420//420 439//439 643//643
f 162//162 1180//1180 13//13
f 284//284 1110//1110 11//11
f 12//12 11//11 1110//1110
f 132//132 1033//1033 130//130
f 134//134 989//989 1033//1033
f 134//134 1033//1033 132//132
f 306//306 16//16 307//307
f 466//466 469//469 467//467
f 495//495 639//639 1071//1071
f 363//363 1071//1071 639//639
f 474//474 639//639 472//472
f 333//333 639//639 474//474
f 1015//1015 1037//1037 923//923
f 1015//1015 923//923 977//977
f 1228//1228 446//446 610//610
f 182//182 226//226 183//183
f 703//703 767//767 348//348
f 666//666 997//997 205//205
f 666//666 205//205 699//699
f 753//753 1268//1268 1269//1269
f 123//123 1016//1016 1085//1085
f 123//123 1085//1085 667//667
f 667//667 1085//1085 782//782
f 882//882 987//987 880//880
f 1053//1053 414//414 1062//1062
f 284//284 108//108 1062//1062
f 895//895 1110//1110 768//768
f 303//303 439//439 438//438
f 223//223 438//438 1241//1241
f 1255//1255 663//663 1266//1266
f 291//291 564//564 1107//1107
f 770//770 1270//1270 1121//1121
f 480//480 479//479 569//569
f 361//361 892//892 370//370
f 1155//1155 1256//1256 255//255
f 1040//1040 1256//1256 1155//1155
f 737//737 432//432 694//694
f 215//215 694//694 432//432
f 552//552 553//553 672//672
f 737//737 1267//1267 432//432
f 433//433 432//432 1267//1267
f 1065//1065 343//343 535//535
f 1072//1072 576//576 1031//1031
f 576//576 1072//1072 481//481
f 709//709 744//744 707//707
f 1123//1123 217//217 216//216
f 1123//1123 216//216 1026//1026
f 383//383 475//475 198//198
f 311//311 33//33 591//591
f 592//592 591//591 715//715
f 666//666 665//665 487//487
f 851//851 764//764 766//766
f 740//740 611//611 557//557
f 612//612 611//611 740//740
f 684//684 1101//1101 1120//1120
f 934//934 189//189 498//498
f 934//934 498//498 208//208
f 1121//1121 664//664 986//986
f 151//151 986//986 664//664
f 753//753 1271//1271 1268//1268
f 108//108 1053//1053 1062//1062
f 944//944 1268//1268 1271//1271
f 944//944 1271//1271 1141//1141
f 950//950 1251//1251 1224//1224
f 542//542 150//150 822//822
f 986//986 150//150 542//542
f 1100//1100 1272//1272 113//113
f 1181//1181 1052//1052 996//996
f 660//660 459//459 1238//1238
f 371//371 301//301 857//857
f 642//642 1215//1215 159//159
f 857//857 301//301 71//71
f 371//371 373//373 301//301
f 1107//1107 1106//1106 1120//1120
f 27//27 1178//1178 1046//1046
f 668//668 369//369 357//357
f 239//239 1017//1017 419//419
f 116//116 1216//1216 117//117
f 368//368 1261//1261 1260//1260
f 176//176 1273//1273 594//594
f 878//878 796//796 984//984
f 512//512 387//387 446//446
f 993//993 834//834 994//994
f 3//3 990//990 844//844
f 129//129 132//132 130//130
f 195//195 816//816 196//196
f 867//867 196//196 816//816
f 32//32 591//591 33//33
f 1042//1042 780//780 1043//1043
f 513//513 716//716 58//58
f 754//754 756//756 1098//1098
f 934//934 936//936 190//190
f 813//813 325//325 884//884
f 1274//1274 1253//1253 1275//1275
f 1192//1192 1167//1167 1010//1010
f 119//119 1177//1177 625//625
f 676//676 1192//1192 1010//1010
f 1161//1161 1135//1135 481//481
f 3//3 844//844 1//1
f 94//94 961//961 210//210
f 208//208 210//210 961//961
f 473//473 800//800 474//474
f 563//563 1003//1003 555//555
f 816//816 195//195 1200//1200
f 816//816 1200//1200 734//734
f 299//299 192//192 586//586
f 876//876 541//541 497//497
f 497//497 541//541 495//495
f 531//531 927//927 968//968
f 1233//1233 1232//1232 1114//1114
f 959//959 858//858 1214//1214
f 1138//1138 450//450 867//867
f 916//916 939//939 560//560
f 1096//1096 160//160 159//159
f 669//669 536//536 603//603
f 139//139 1276//1276 776//776
f 776//776 429//429 893//893
f 429//429 431//431 893//893
f 1082//1082 1196//1196 1188//1188
f 1164//1164 1093//1093 871//871
f 1164//1164 958//958 1093//1093
f 964//964 872//872 683//683
f 873//873 1169//1169 1069//1069
f 683//683 871//871 1093//1093
f 658//658 9//9 8//8
f 304//304 146//146 145//145
f 523//523 510//510 509//509
f 705//705 442//442 207//207
f 922//922 1216//1216 977//977
f 1182//1182 459//459 660//660
f 511//511 726//726 769//769
f 49//49 985//985 1193//1193
f 401//401 253//253 1209//1209
f 362//362 30//30 118//118
f 858//858 635//635 634//634
f 1032//1032 573//573 1187//1187
f 255//255 1029//1029 308//308
f 866//866 279//279 65//65
f 486//486 1048//1048 630//630
f 312//312 1205//1205 515//515
f 293//293 960//960 884//884
f 515//515 1205//1205 516//516
f 941//941 943//943 257//257
f 668//668 1048//1048 369//369
f 99//99 402//402 100//100
f 1118//1118 72//72 1119//1119
f 71//71 1119//1119 72//72
f 1011//1011 990//990 258//258
f 1090//1090 273//273 276//276
f 274//274 273//273 1090//1090
f 549//549 679//679 720//720
f 489//489 706//706 490//490
f 169//169 490//490 706//706
f 558//558 75//75 506//506
f 1221//1221 1277//1277 1227//1227
f 704//704 199//199 464//464
f 1117//1117 704//704 464//464
f 194//194 196//196 1067//1067
f 452//452 896//896 1068//1068
f 706//706 465//465 467//467
f 481//481 483//483 416//416
f 982//982 1015//1015 977//977
f 481//481 416//416 1161//1161
f 639//639 332//332 363//363
f 995//995 1233//1233 1116//1116
f 1116//1116 1233//1233 1114//1114
f 995//995 996//996 1233//1233
f 692//692 691//691 1127//1127
f 527//527 485//485 1056//1056
f 1151//1151 322//322 1222//1222
f 485//485 665//665 1056//1056
f 528//528 1095//1095 1278//1278
f 528//528 1278//1278 526//526
f 1274//1274 1275//1275 1278//1278
f 111//111 885//885 883//883
f 1211//1211 58//58 1252//1252
f 716//716 909//909 1252//1252
f 716//716 1252//1252 58//58
f 1268//1268 1083//1083 1269//1269
f 1083//1083 280//280 1269//1269
f 40//40 39//39 1266//1266
f 798//798 346//346 348//348
f 629//629 798//798 348//348
f 1266//1266 985//985 40//40
f 1112//1112 116//116 578//578
f 692//692 1127//1127 1207//1207
f 389//389 143//143 142//142
f 64//64 573//573 765//765
f 406//406 405//405 95//95
f 404//404 248//248 405//405
f 534//534 533//533 1246//1246
f 255//255 257//257 1155//1155
f 119//119 627//627 120//120
f 239//239 241//241 1279//1279
f 239//239 1279//1279 1017//1017
f 621//621 620//620 869//869
f 1062//1062 1109//1109 284//284
f 229//229 732//732 688//688
f 1138//1138 732//732 229//229
f 362//362 118//118 117//117
f 1126//1126 177//177 176//176
f 112//112 705//705 207//207
f 207//207 206//206 112//112
f 404//404 1148//1148 1250//1250
f 230//230 510//510 231//231
f 1199//1199 825//825 824//824
f 359//359 17//17 268//268
f 1075//1075 1028//1028 1012//1012
f 701//701 976//976 861//861
f 701//701 181//181 702//702
f 502//502 853//853 501//501
f 18//18 70//70 757//757
f 979//979 732//732 734//734
f 768//768 1110//1110 1109//1109
f 1019//1019 154//154 1237//1237
f 1019//1019 1237//1237 956//956
f 1170//1170 395//395 319//319
f 560//560 316//316 985//985
f 40//40 985//985 316//316
f 964//964 936//936 935//935
f 704//704 201//201 505//505
f 406//406 95//95 48//48
f 411//411 1254//1254 1253//1253
f 287//287 1128//1128 1038//1038
f 1166//1166 724//724 723//723
f 1167//1167 724//724 1166//1166
f 24//24 1180//1180 409//409
f 1024//1024 1074//1074 1073//1073
f 307//307 754//754 256//256
f 791//791 1196//1196 1082//1082
f 1014//1014 637//637 222//222
f 1241//1241 440//440 1017//1017
f 569//569 222//222 637//637
f 574//574 513//513 57//57
f 574//574 57//57 656//656
f 57//57 654//654 656//656
f 696//696 341//341 1025//1025
f 1258//1258 318//318 587//587
f 751//751 753//753 1269//1269
f 1106//1106 1108//1108 1234//1234
f 1240//1240 312//312 848//848
f 1260//1260 1185//1185 649//649
f 1260//1260 649//649 368//368
f 1159//1159 1158//1158 1218//1218
f 261//261 263//263 1097//1097
f 261//261 1097//1097 677//677
f 1229//1229 833//833 831//831
f 160//160 728//728 727//727
f 1192//1192 724//724 1167//1167
f 88//88 1078//1078 1022//1022
f 339//339 1128//1128 287//287
f 1239//1239 951//951 1137//1137
f 721//721 1130//1130 864//864
f 428//428 711//711 546//546
f 670//670 547//547 546//546
f 882//882 1139//1139 1181//1181
f 1139//1139 882//882 804//804
f 847//847 731//731 932//932
f 1225//1225 1061//1061 335//335
f 670//670 710//710 342//342
f 670//670 342//342 347//347
f 39//39 294//294 662//662
f 1258//1258 587//587 575//575
f 656//656 1258//1258 575//575
f 209//209 327//327 1196//1196
f 1245//1245 1270//1270 769//769
f 770//770 769//769 1270//1270
f 184//184 663//663 1255//1255
f 1255//1255 616//616 184//184
f 1191//1191 1273//1273 178//178
f 178//178 1273//1273 176//176
f 918//918 1002//1002 781//781
f 1212//1212 999//999 998//998
f 751//751 1269//1269 280//280
f 1083//1083 1268//1268 1152//1152
f 143//143 296//296 645//645
f 296//296 295//295 645//645
f 561//561 170//170 250//250
f 538//538 392//392 965//965
f 391//391 965//965 392//392
f 700//700 441//441 999//999
f 1018//1018 645//645 644//644
f 1239//1239 1081//1081 1059//1059
f 393//393 1059//1059 391//391
f 874//874 965//965 1051//1051
f 802//802 221//221 966//966
f 150//150 152//152 1212//1212
f 150//150 1212//1212 822//822
f 25//25 1215//1215 642//642
f 22//22 25//25 642//642
f 563//563 557//557 611//611
f 951//951 1239//1239 1251//1251
f 371//371 857//857 10//10
f 130//130 281//281 488//488
f 130//130 1034//1034 281//281
f 282//282 281//281 1034//1034
f 1235//1235 433//433 1267//1267
f 201//201 974//974 1173//1173
f 808//808 1173//1173 1006//1006
f 227//227 50//50 228//228
f 1185//1185 1220//1220 815//815
f 815//815 1220//1220 814//814
f 792//792 817//817 136//136
f 792//792 136//136 1192//1192
f 676//676 792//792 1192//1192
f 137//137 136//136 817//817
f 287//287 1182//1182 339//339
f 974//974 201//201 203//203
f 743//743 742//742 774//774
f 423//423 743//743 774//774
f 589//589 774//774 742//742
f 501//501 517//517 519//519
f 969//969 236//236 238//238
f 403//403 517//517 852//852
f 589//589 742//742 104//104
f 874//874 875//875 617//617
f 433//433 1277//1277 680//680
f 739//739 505//505 504//504
f 1238//1238 289//289 1249//1249
f 906//906 232//232 1249//1249
f 525//525 1249//1249 232//232
f 1238//1238 1249//1249 525//525
f 98//98 796//796 878//878
f 440//440 439//439 419//419
f 323//323 781//781 324//324
f 1234//1234 1108//1108 463//463
f 171//171 1104//1104 559//559
f 1104//1104 1153//1153 559//559
f 117//117 1216//1216 922//922
f 80//80 581//581 139//139
f 80//80 1206//1206 581//581
f 660//660 794//794 1182//1182
f 340//340 1182//1182 794//794
f 108//108 1259//1259 1053//1053
f 903//903 1053//1053 1259//1259
f 803//803 1221//1221 752//752
f 1221//1221 1227//1227 1226//1226
f 1226//1226 752//752 1221//1221
f 1072//1072 1031//1031 1073//1073
f 697//697 1128//1128 339//339
f 1020//1020 1207//1207 697//697
f 1127//1127 697//697 1207//1207
f 1020//1020 697//697 696//696
f 1036//1036 940//940 709//709
f 155//155 1230//1230 955//955
f 696//696 339//339 341//341
f 332//332 70//70 363//363
f 402//402 1209//1209 100//100
f 245//245 583//583 722//722
f 864//864 1130//1130 274//274
f 874//874 1051//1051 790//790
f 168//168 169//169 468//468
f 1091//1091 617//617 1179//1179
f 1179//1179 617//617 773//773
f 530//530 928//928 1280//1280
f 530//530 1280//1280 531//531
f 904//904 903//903 824//824
f 891//891 56//56 571//571
f 253//253 562//562 561//561
f 1187//1187 573//573 63//63
f 978//978 532//532 242//242
f 817//817 476//476 137//137
f 138//138 484//484 170//170
f 615//615 863//863 84//84
f 978//978 242//242 244//244
f 491//491 114//114 149//149
f 1032//1032 1187//1187 1103//1103
f 1104//1104 1103//1103 1187//1187
f 1186//1186 930//930 929//929
f 1153//1153 1187//1187 1083//1083
f 1187//1187 63//63 1083//1083
f 209//209 1196//1196 791//791
f 113//113 1272//1272 147//147
f 346//346 798//798 671//671
f 206//206 205//205 997//997
f 96//96 509//509 511//511
f 12//12 1110//1110 895//895
f 920//920 845//845 947//947
f 779//779 920//920 624//624
f 153//153 15//15 394//394
f 673//673 553//553 1281//1281
f 638//638 379//379 380//380
f 596//596 1281//1281 1184//1184
f 282//282 1184//1184 1281//1281
f 1229//1229 831//831 861//861
f 1160//1160 912//912 1149//1149
f 371//371 10//10 730//730
f 1206//1206 1205//1205 314//314
f 312//312 314//314 1205//1205
f 852//852 562//562 403//403
f 516//516 1206//1206 82//82
f 1195//1195 1088//1088 1282//1282
f 1025//1025 1230//1230 154//154
f 1009//1009 514//514 1067//1067
f 82//82 1067//1067 514//514
f 857//857 61//61 1190//1190
f 60//60 107//107 1190//1190
f 1017//1017 1279//1279 837//837
f 820//820 1240//1240 952//952
f 837//837 1279//1279 840//840
f 241//241 840//840 1279//1279
f 550//550 377//377 606//606
f 109//109 278//278 42//42
f 125//125 759//759 122//122
f 149//149 148//148 219//219
f 461//461 148//148 147//147
f 649//649 651//651 368//368
f 580//580 1276//1276 139//139
f 523//523 1283//1283 524//524
f 500//500 1283//1283 523//523
f 457//457 503//503 505//505
f 458//458 457//457 201//201
f 378//378 180//180 179//179
f 807//807 310//310 375//375
f 1159//1159 1218//1218 686//686
f 1120//1120 1159//1159 686//686
f 418//418 475//475 612//612
f 417//417 198//198 475//475
f 754//754 307//307 945//945
f 920//920 795//795 623//623
f 421//421 1125//1125 937//937
f 404//404 1035//1035 1148//1148
f 21//21 892//892 361//361
f 237//237 793//793 1063//1063
f 937//937 1125//1125 1124//1124
f 191//191 1002//1002 918//918
f 717//717 1047//1047 1046//1046
f 717//717 1046//1046 592//592
f 1183//1183 681//681 682//682
f 438//438 223//223 225//225
f 210//210 791//791 790//790
f 910//910 980//980 45//45
f 452//452 980//980 896//896
f 775//775 1226//1226 1146//1146
f 775//775 752//752 1226//1226
f 411//411 763//763 233//233
f 529//529 763//763 411//411
f 916//916 971//971 714//714
f 1224//1224 1251//1251 1061//1061
f 1272//1272 1100//1100 1234//1234
f 1234//1234 1100//1100 1159//1159
f 1000//1000 1247//1247 330//330
f 1143//1143 1247//1247 870//870
f 748//748 888//888 887//887
f 772//772 888//888 187//187
f 1098//1098 256//256 754//754
f 255//255 308//308 256//256
f 373//373 1168//1168 620//620
f 777//777 869//869 620//620
f 845//845 1044//1044 846//846
f 799//799 1284//1284 431//431
f 901//901 431//431 1284//1284
f 529//529 411//411 1253//1253
f 375//375 609//609 807//807
f 230//230 163//163 165//165
f 970//970 238//238 413//413
f 422//422 34//34 1150//1150
f 1253//1253 1274//1274 529//529
f 529//529 1274//1274 530//530
f 646//646 530//530 1274//1274
f 646//646 1274//1274 1095//1095
f 80//80 140//140 1146//1146
f 336//336 1179//1179 1145//1145
f 228//228 1054//1054 183//183
f 228//228 183//183 226//226
f 1208//1208 1049//1049 838//838
f 320//320 322//322 1151//1151
f 452//452 1068//1068 450//450
f 194//194 81//81 1147//1147
f 1067//1067 82//82 81//81
f 1067//1067 81//81 194//194
f 1051//1051 965//965 92//92
f 962//962 900//900 354//354
f 864//864 900//900 962//962
f 954//954 952//952 811//811
f 1232//1232 1210//1210 1248//1248
f 1240//1240 848//848 812//812
f 1248//1248 1124//1124 1232//1232
f 240//240 365//365 241//241
f 240//240 366//366 365//365
f 1124//1124 1114//1114 1232//1232
f 996//996 1039//1039 1233//1233
f 1038//1038 1039//1039 996//996
f 1233//1233 1039//1039 1231//1231
f 1158//1158 1118//1118 1218//1218
f 739//739 908//908 200//200
f 739//739 200//200 505//505
f 406//406 940//940 1036//1036
f 406//406 48//48 940//940
f 908//908 197//197 200//200
f 292//292 843//843 1174//1174
f 84//84 1174//1174 843//843
f 84//84 843//843 842//842
f 637//637 1144//1144 1075//1075
f 1221//1221 680//680 1277//1277
f 694//694 217//217 959//959
f 1152//1152 944//944 534//534
f 1268//1268 944//944 1152//1152
f 133//133 157//157 1162//1162
f 959//959 859//859 858//858
f 1141//1141 243//243 242//242
f 972//972 7//7 728//728
f 683//683 1093//1093 1101//1101
f 1138//1138 733//733 732//732
f 115//115 60//60 62//62
f 1164//1164 453//453 958//958
f 522//522 1171//1171 1172//1172
f 522//522 1172//1172 955//955
f 981//981 983//983 1028//1028
f 456//456 1028//1028 983//983
f 82//82 514//514 516//516
f 907//907 806//806 881//881
f 1234//1234 463//463 462//462
f 1272//1272 1234//1234 462//462
f 376//376 180//180 378//378
f 612//612 383//383 1228//1228
f 1253//1253 925//925 1275//1275
f 1278//1278 1275//1275 925//925
f 1278//1278 925//925 526//526
f 52//52 604//604 971//971
f 747//747 971//971 604//604
f 837//837 1263//1263 1017//1017
f 1017//1017 1263//1263 1241//1241
f 951//951 1251//1251 950//950
f 537//537 1065//1065 535//535
f 584//584 583//583 245//245
f 841//841 843//843 468//468
f 165//165 1105//1105 1245//1245
f 105//105 519//519 106//106
f 501//501 852//852 517//517
f 847//847 1168//1168 372//372
f 373//373 372//372 1168//1168
f 1024//1024 1073//1073 1031//1031
f 641//641 586//586 1244//1244
f 19//19 913//913 1201//1201
f 566//566 568//568 1202//1202
f 19//19 1176//1176 913//913
f 1258//1258 656//656 655//655
f 1258//1258 655//655 1170//1170
f 1201//1201 913//913 912//912
f 1163//1163 1162//1162 157//157
f 1214//1214 1042//1042 321//321
f 1122//1122 633//633 635//635
f 1235//1235 1277//1277 433//433
f 396//396 1030//1030 397//397
f 576//576 481//481 263//263
f 445//445 563//563 446//446
f 251//251 234//234 679//679
f 511//511 510//510 726//726
f 21//21 20//20 892//892
f 1229//1229 1203//1203 833//833
f 596//596 673//673 1281//1281
f 1281//1281 553//553 282//282
f 554//554 435//435 727//727
f 912//912 914//914 1250//1250
f 630//630 668//668 631//631
f 424//424 631//631 356//356
f 983//983 1112//1112 577//577
f 983//983 577//577 456//456
f 1266//1266 1193//1193 985//985
f 827//827 745//745 747//747
f 827//827 711//711 745//745
f 941//941 257//257 1098//1098
f 1266//1266 663//663 1193//1193
f 993//993 600//600 834//834
f 1122//1122 1123//1123 1195//1195
f 1123//1123 1026//1026 1195//1195
f 1244//1244 1122//1122 1282//1282
f 641//641 1244//1244 1282//1282
f 1122//1122 1195//1195 1282//1282
f 1194//1194 1195//1195 1026//1026
f 906//906 1027//1027 804//804
f 765//765 1007//1007 1194//1194
f 979//979 688//688 732//732
f 1191//1191 259//259 856//856
f 1084//1084 1155//1155 943//943
f 748//748 943//943 942//942
f 1084//1084 943//943 748//748
f 155//155 154//154 1230//1230
f 1273//1273 1191//1191 595//595
f 321//321 1043//1043 1070//1070
f 738//738 694//694 1151//1151
f 737//737 694//694 738//738
f 73//73 72//72 1158//1158
f 124//124 659//659 524//524
f 124//124 524//524 1283//1283
f 124//124 1283//1283 500//500
f 1158//1158 72//72 1118//1118
f 285//285 286//286 1041//1041
f 941//941 1041//1041 286//286
f 66//66 1177//1177 950//950
f 1225//1225 1224//1224 1061//1061
f 335//335 931//931 1225//1225
f 1005//1005 708//708 555//555
f 152//152 700//700 999//999
f 152//152 999//999 1212//1212
f 568//568 1186//1186 929//929
f 707//707 911//911 1161//1161
f 911//911 1135//1135 1161//1161
f 567//567 1186//1186 568//568
f 886//886 885//885 111//111
f 835//835 1186//1186 567//567
f 879//879 722//722 1010//1010
f 681//681 21//21 361//361
f 771//771 179//179 181//181
f 458//458 201//201 1173//1173
f 458//458 1173//1173 808//808
f 741//741 484//484 477//477
f 385//385 44//44 826//826
f 573//573 1032//1032 765//765
f 359//359 358//358 17//17
f 249//249 405//405 248//248
f 501//501 853//853 852//852
f 116//116 447//447 578//578
f 448//448 578//578 447//447
f 685//685 190//190 936//936
f 473//473 801//801 800//800
f 266//266 1183//1183 682//682
f 681//681 1217//1217 1175//1175
f 681//681 1183//1183 1217//1217
f 503//503 578//578 504//504
f 448//448 504//504 578//578
f 1191//1191 856//856 855//855
f 1208//1208 838//838 840//840
f 1018//1018 1163//1163 1079//1079
f 169//169 167//167 490//490
f 1099//1099 729//729 1118//1118
f 79//79 546//546 548//548
f 548//548 77//77 79//79
f 489//489 465//465 706//706
f 412//412 905//905 514//514
f 514//514 905//905 515//515
f 508//508 507//507 362//362
f 512//512 1228//1228 826//826
f 512//512 446//446 1228//1228
f 303//303 643//643 439//439
f 1154//1154 1213//1213 35//35
f 1152//1152 534//534 1246//1246
f 1201//1201 1045//1045 19//19
f 288//288 1052//1052 1181//1181
f 545//545 415//415 622//622
f 376//376 545//545 622//622
f 337//337 397//397 424//424
f 886//886 424//424 397//397
f 1236//1236 1134//1134 1200//1200
f 1236//1236 1200//1200 195//195
f 546//546 718//718 425//425
f 641//641 784//784 585//585
f 881//881 647//647 605//605
f 881//881 605//605 907//907
f 736//736 1267//1267 737//737
f 915//915 1157//1157 1262//1262
f 79//79 78//78 953//953
f 885//885 1030//1030 1132//1132
f 628//628 991//991 426//426
f 712//712 991//991 317//317
f 366//366 435//435 554//554
f 1115//1115 891//891 988//988
f 378//378 88//88 87//87
f 309//309 599//599 460//460
f 727//727 435//435 161//161
f 988//988 891//891 571//571
f 709//709 708//708 1005//1005
f 702//702 622//622 415//415
f 181//181 622//622 702//702
f 312//312 1240//1240 313//313
f 313//313 1240//1240 820//820
f 735//735 117//117 922//922
f 502//502 764//764 853//853
f 105//105 304//304 519//519
f 139//139 776//776 140//140
f 775//775 140//140 776//776
f 430//430 1276//1276 580//580
f 1227//1227 1277//1277 1235//1235
f 887//887 618//618 749//749
f 1274//1274 1278//1278 1095//1095
f 784//784 128//128 585//585
f 1222//1222 322//322 1070//1070
f 1191//1191 855//855 595//595
f 1243//1243 840//840 365//365
f 1243//1243 365//365 364//364
f 241//241 365//365 840//840
f 692//692 1210//1210 693//693
f 811//811 1240//1240 812//812
f 1215//1215 408//408 1096//1096
f 1215//1215 25//25 408//408
f 890//890 1176//1176 1175//1175
f 890//890 1175//1175 1217//1217
f 1211//1211 1252//1252 1210//1210
f 712//712 746//746 427//427
f 858//858 634//634 1214//1214
f 780//780 1042//1042 919//919
f 780//780 919//919 918//918
f 693//693 1231//1231 691//691
f 1264//1264 1219//1219 1261//1261
f 1264//1264 1261//1261 369//369
f 368//368 369//369 1261//1261
f 798//798 1284//1284 799//799
f 1284//1284 798//798 629//629
f 629//629 901//901 1284//1284
f 1270//1270 1105//1105 1057//1057
f 1126//1126 793//793 236//236
f 1160//1160 1201//1201 912//912
f 914//914 913//913 1176//1176
f 998//998 1285//1285 1143//1143
f 967//967 330//330 1285//1285
f 967//967 1285//1285 998//998
f 1247//1247 1285//1285 330//330
f 1247//1247 1143//1143 1285//1285
f 336//336 1091//1091 1179//1179
f 336//336 538//538 1091//1091
f 95//95 405//405 249//249
f 63//63 65//65 280//280
f 644//644 1163//1163 1018//1018
f 854//854 1079//1079 1163//1163
f 854//854 1163//1163 157//157
f 402//402 517//517 403//403
f 642//642 159//159 420//420
f 629//629 243//243 901//901
f 393//393 392//392 336//336
f 871//871 158//158 1164//1164
f 1051//1051 1189//1189 790//790
f 210//210 790//790 1189//1189
f 1069//1069 1169//1169 935//935
f 877//877 924//924 473//473
f 871//871 873//873 158//158
f 872//872 964//964 1169//1169
f 872//872 1169//1169 873//873
f 1210//1210 1252//1252 1248//1248
f 407//407 1171//1171 522//522
f 409//409 1171//1171 407//407
f 303//303 211//211 643//643
f 1121//1121 1270//1270 1057//1057
f 22//22 643//643 211//211
f 714//714 939//939 916//916
f 642//642 643//643 22//22
f 602//602 669//669 603//603
f 243//243 1141//1141 902//902
f 243//243 902//902 901//901
f 902//902 1141//1141 893//893
f 558//558 76//76 75//75
f 156//156 121//121 377//377
f 736//736 1262//1262 1133//1133
f 885//885 397//397 1030//1030
f 293//293 601//601 294//294
f 865//865 215//215 432//432
f 77//77 799//799 849//849
f 77//77 849//849 1089//1089
f 1270//1270 1245//1245 1105//1105
f 1255//1255 1266//1266 662//662
f 128//128 784//784 783//783
f 1019//1019 1020//1020 1025//1025
f 1020//1020 696//696 1025//1025
f 1222//1222 1242//1242 1223//1223
f 300//300 789//789 598//598
f 1272//1272 462//462 147//147
f 429//429 1276//1276 430//430
f 776//776 1276//1276 429//429
f 617//617 619//619 773//773
f 911//911 678//678 1097//1097
f 955//955 1230//1230 341//341
f 107//107 540//540 108//108
f 857//857 1190//1190 10//10
f 355//355 1090//1090 338//338
f 641//641 889//889 784//784
f 1058//1058 1057//1057 1105//1105
f 233//233 949//949 234//234
f 390//390 741//741 477//477
f 506//506 508//508 876//876
f 646//646 1095//1095 647//647
f 1152//1152 1246//1246 1153//1153
f 955//955 1172//1172 155//155
f 540//540 1199//1199 1259//1259
f 1259//1259 1199//1199 824//824
f 1259//1259 824//824 903//903
f 1043//1043 1049//1049 1070//1070
f 360//360 682//682 361//361
f 559//559 1246//1246 533//533
f 55//55 572//572 56//56
f 839//839 1049//1049 1043//1043
f 1273//1273 595//595 594//594
f 133//133 1162//1162 295//295
f 635//635 859//859 1122//1122
f 217//217 1123//1123 859//859
f 566//566 1202//1202 1160//1160
f 1201//1201 1160//1160 1202//1202
f 1030//1030 1256//1256 1132//1132
f 1030//1030 1029//1029 1256//1256
f 927//927 531//531 1280//1280
f 927//927 1280//1280 928//928
f 1219//1219 1220//1220 1260//1260
f 548//548 799//799 77//77
f 710//710 535//535 343//343
f 399//399 618//618 875//875
f 165//165 1094//1094 1105//1105
f 641//641 1282//1282 1088//1088
f 953//953 718//718 79//79
f 954//954 718//718 953//953
f 954//954 425//425 718//718
f 235//235 234//234 390//390
f 1090//1090 276//276 338//338
f 521//521 608//608 407//407
f 417//417 483//483 698//698
f 1117//1117 464//464 698//698
f 1117//1117 698//698 1076//1076
f 623//623 97//97 543//543
f 922//922 924//924 735//735
f 924//924 877//877 735//735
f 923//923 802//802 801//801
f 1061//1061 1060//1060 335//335
f 336//336 335//335 1060//1060
f 495//495 930//930 496//496
f 1071//1071 930//930 495//495
f 768//768 1109//1109 793//793
f 1062//1062 793//793 1109//1109
f 893//893 1271//1271 753//753
f 1141//1141 1271//1271 893//893
f 165//165 725//725 230//230
f 116//116 1112//1112 1216//1216
f 1035//1035 1286//1286 1148//1148
f 1149//1149 1148//1148 1286//1286
f 1149//1149 1286//1286 1004//1004
f 1004//1004 1286//1286 1005//1005
f 1005//1005 1286//1286 1035//1035
f 896//896 980//980 260//260
f 939//939 713//713 316//316
f 1219//1219 1254//1254 814//814
f 814//814 1254//1254 411//411
f 603//603 827//827 604//604
f 777//777 620//620 778//778
f 1168//1168 778//778 620//620
f 1044//1044 778//778 1168//1168
f 1044//1044 779//779 778//778
f 798//798 797//797 671//671
f 1157//1157 979//979 1262//1262
f 598//598 789//789 599//599
f 788//788 599//599 789//789
f 358//358 69//69 18//18
f 488//488 281//281 283//283
f 488//488 283//283 552//552
f 1002//1002 324//324 781//781
f 714//714 746//746 712//712
# 2568 faces, 0 coords texture

# End of File
