####
#
# OBJ File Generated by Meshlab
#
####
# Object input_mesh.obj
#
# Vertices: 1506
# Faces: 3020
#
####
vn -0.0010054954946547 -0.0000425700523194 0.0009906283178989
v -0.0691469064934078 -0.1012999241369663 0.1706176450333600 0.431373 0.305882 0.082353
vn -0.0007455054628731 -0.0000076945264425 0.0003752124415293
v -0.0764541581339641 -0.0937156323424227 0.1595231473783638 0.474510 0.337255 0.098039
vn -0.0011621774509745 -0.0000220653330149 0.0007182847004986
v -0.0784853166929341 -0.1054489314336010 0.1545513955664746 0.513725 0.364706 0.125490
vn -0.0001645713265805 0.0000497650297971 -0.0003426503291170
v 0.0519811542689919 0.0403564871498487 0.0038644183998716 0.623529 0.450980 0.211765
vn -0.0001145328371278 0.0000851718281243 -0.0003596098323363
v 0.0514054890928153 0.0519509494980944 0.0062387099194105 0.635294 0.450980 0.215686
vn 0.0002666281697711 0.0001279298390957 -0.0007369904615310
v 0.0593145438087806 0.0440856976848117 0.0057008923979599 0.568627 0.388235 0.168627
vn -0.0003929035308767 -0.0000199545014031 0.0000292013449595
v 0.0482641770909122 0.0450338758912791 0.0103972482457411 0.588235 0.407843 0.188235
vn -0.0000855888836301 -0.0006897063524289 0.0006909704984654
v -0.0642687815626582 -0.1490679666749302 0.1470436252001881 0.258824 0.192157 0.039216
vn -0.0004101791777911 -0.0007747131473222 0.0005784180327791
v -0.0685393318552479 -0.1373170746230538 0.1550713770886852 0.329412 0.247059 0.054902
vn -0.0003743668890104 -0.0005072849736374 0.0009866997430223
v -0.0779114060781369 -0.1450832946576775 0.1461652503015049 0.388235 0.282353 0.078431
vn 0.0000126916156216 -0.0016008563279164 0.0000576278242436
v 0.0166329132994749 -0.1621220212698422 0.1109217460106670 0.305882 0.231373 0.050980
vn 0.0000415048204028 -0.0011762990229620 -0.0000533048217850
v 0.0235566085487463 -0.1618647161764409 0.0941289493171333 0.301961 0.223529 0.043137
vn 0.0000279792211009 -0.0010754728868229 -0.0000344843172300
v 0.0318238411481696 -0.1614478734974816 0.1070099647293461 0.305882 0.231373 0.043137
vn 0.0000111840855604 -0.0001825002863553 -0.0009634059870597
v -0.0817735955329143 -0.0784408011096990 0.0145235307458024 0.462745 0.329412 0.105882
vn 0.0003526178742445 -0.0001979953036733 -0.0000339975801296
v -0.0848325614850869 -0.0926417875545696 0.0224143295179187 0.470588 0.345098 0.117647
vn 0.0001520608212908 -0.0001633170702882 -0.0006605667351711
v -0.0882952169106397 -0.0940718334191448 0.0172318406441018 0.443137 0.317647 0.094118
vn 0.0002782771073429 -0.0001614962406904 -0.0000701355105497
v -0.0772903737519403 -0.0776998064150922 0.0170347022106117 0.486275 0.341176 0.117647
vn -0.0000780268621918 -0.0007022668262288 -0.0004900025154178
v -0.0574643763649288 -0.1531994418593278 0.0545642260190026 0.352941 0.262745 0.054902
vn 0.0000524348879515 -0.0011144603260565 -0.0006566266956129
v -0.0406052019708473 -0.1550086802592653 0.0565287437252541 0.337255 0.247059 0.050980
vn -0.0000358683024465 -0.0009752407268738 -0.0002662829564373
v -0.0507333680984493 -0.1597246506453265 0.0674531963841199 0.207843 0.160784 0.019608
vn 0.0012432119125957 -0.0003180505604804 -0.0001362356361288
v 0.1083814177408645 -0.1397920321100271 0.0780172791784995 0.450980 0.333333 0.101961
vn 0.0009204602021379 -0.0001307851818485 0.0000996677739770
v 0.1105370089035859 -0.1309791790883994 0.0924017862558072 0.423529 0.305882 0.078431
vn 0.0013141624985295 -0.0006074039942315 0.0001306040967951
v 0.1054394186485212 -0.1465836080256898 0.0967244939121708 0.411765 0.305882 0.086275
vn -0.0000747138618124 0.0009899425900663 0.0003076822973615
v -0.0091537196118032 0.1102567070447487 0.1439936369558557 0.698039 0.494118 0.227451
vn -0.0000089001601264 0.0000913458715129 0.0003530323482132
v -0.0069721706477830 0.1056458862041143 0.1502069045262929 0.749020 0.572549 0.298039
vn -0.0000284725304074 0.0002523882465481 0.0007645226971775
v 0.0055903720311945 0.1072451940792371 0.1503033612387475 0.745098 0.568627 0.298039
vn 0.0007632241452828 -0.0001865425049578 -0.0003707216573774
v 0.1046754613381902 -0.1419126977897424 0.0655166451942298 0.478431 0.345098 0.117647
vn 0.0009321717018267 -0.0007622383288762 -0.0000600372556441
v 0.1024653856087849 -0.1530986590795957 0.0810404810455266 0.423529 0.325490 0.101961
vn -0.0006132268027511 -0.0001460816239789 0.0000908562811844
v 0.0535829074491629 -0.0101623312956081 0.0033543699502200 0.552941 0.396078 0.172549
vn -0.0005634820746168 -0.0001416123410089 0.0008533209204201
v 0.0575108323140585 0.0006890709036809 0.0116471390943233 0.513725 0.356863 0.121569
vn -0.0006097972241362 -0.0000843452129630 0.0000610577674340
v 0.0501854833329495 0.0084478722902959 0.0049874584134138 0.611765 0.450980 0.196078
vn 0.0001498430247052 -0.0006639359680845 -0.0008616942021534
v 0.0836091715720619 -0.1479581097117842 0.0546811786214008 0.407843 0.298039 0.086275
vn 0.0001174374995492 -0.0007001391906709 -0.0002981896672961
v 0.0883790068199890 -0.1595133903293340 0.0690806028129746 0.266667 0.200000 0.039216
vn 0.0000010062203690 -0.0005904550071286 -0.0003908909592002
v 0.0788234035552159 -0.1554898701306957 0.0628485432306803 0.152941 0.113725 0.011765
vn 0.0006088494471300 -0.0011911429071649 0.0000385772885247
v 0.0955747089035416 -0.1574068611376123 0.0969780426585879 0.349020 0.262745 0.066667
vn 0.0000882169006214 0.0000161105087675 0.0006885667408277
v 0.0723839730572187 0.0741596899420225 0.1460920431818865 0.788235 0.607843 0.333333
vn 0.0000687918109581 0.0000325645227043 0.0006375873098892
v 0.0599545115838121 0.0813233665134891 0.1481130490070016 0.874510 0.698039 0.403922
vn 0.0002294775852337 0.0002154413396072 0.0010257682027014
v 0.0614086810873436 0.0707810288687429 0.1498572728269759 0.874510 0.698039 0.403922
vn -0.0004193101346761 -0.0003248188343125 -0.0005450111694245
v 0.0290725210708633 0.1341439156113911 0.0646522359952387 0.505882 0.345098 0.129412
vn -0.0000577099548007 -0.0007410551745603 -0.0008993759658597
v 0.0390245635616388 0.1289081292921774 0.0664470177851811 0.635294 0.458824 0.211765
vn -0.0001742684328222 -0.0002938710338245 -0.0005809876642177
v 0.0280374041976380 0.1252669402443730 0.0711944170884133 0.686275 0.501961 0.231373
vn 0.0002780062957617 0.0004347085992269 0.0009026997329275
v 0.0631331611705175 -0.0333422137832549 0.1813905650373775 0.705882 0.517647 0.231373
vn 0.0002854576101774 0.0000525167714966 0.0010825684286397
v 0.0610990107327847 -0.0450950415384425 0.1856345589814334 0.690196 0.517647 0.235294
vn 0.0007779828683731 0.0000462374397795 0.0007949196706026
v 0.0752752445571261 -0.0415403972022924 0.1767113451004133 0.537255 0.384314 0.149020
vn 0.0007937969024171 0.0001729003054923 -0.0002421929537446
v 0.1079451310898815 -0.0986751940096426 0.0730063889476991 0.635294 0.470588 0.215686
vn 0.0009874606618517 0.0000248192324386 -0.0000889625674340
v 0.1125671365461607 -0.1098258733095844 0.0772397347325473 0.564706 0.407843 0.160784
vn 0.0007677221397459 0.0000860715699692 -0.0002148061628710
v 0.1080148067146916 -0.1073507756691561 0.0642445552227764 0.635294 0.458824 0.192157
vn 0.0006483724525007 0.0002093158826996 -0.0007738786627253
v 0.0801912726298300 0.0166642776442637 0.0065142938649389 0.674510 0.501961 0.247059
vn 0.0003576482655919 0.0000926707721593 -0.0008852061055708
v 0.0768026711445461 0.0012296152604360 0.0044666007593919 0.619608 0.450980 0.196078
vn 0.0002720856083358 0.0001521948163632 -0.0009383950291285
v 0.0684627281436328 0.0116204036238633 0.0020402905427134 0.525490 0.368627 0.133333
vn 0.0000308005008105 0.0003567742970655 0.0009393689598121
v -0.0347649394025130 0.0709967315588576 0.1566344797563909 0.843137 0.674510 0.384314
vn 0.0000708835679022 0.0002857063199495 0.0006703330285456
v -0.0261157405244376 0.0749807871436123 0.1514313577871666 0.862745 0.682353 0.392157
vn 0.0001535767448853 0.0002476347210701 0.0009325187416189
v -0.0352301104692514 0.0826629823510461 0.1517759008579629 0.843137 0.670588 0.384314
vn -0.0004283540000882 0.0008632972793781 0.0003504349516424
v 0.0125862979244290 0.1162198715852759 0.0925104772107379 0.780392 0.580392 0.286275
vn -0.0003975896714190 0.0002567643413535 -0.0004094355243600
v 0.0124400326634065 0.1212475195867106 0.0753761620116073 0.717647 0.525490 0.278431
vn 0.0001322764249581 0.0011314596725694 -0.0000931901474256
v 0.0002903464205708 0.1154619870067596 0.0883151845069917 0.768627 0.568627 0.282353
vn 0.0001407360883404 0.0002019373438203 0.0015295967939194
v 0.0299198138124988 0.0290104900816262 0.1608544352124923 0.780392 0.611765 0.321569
vn 0.0000335401125999 -0.0000332803437503 0.0008922220023509
v 0.0174222764626678 0.0139864266800262 0.1626431270169257 0.647059 0.482353 0.231373
vn 0.0000007094827761 -0.0000389049421552 0.0010160084196118
v 0.0300889109067039 0.0141704291590557 0.1628244525673293 0.662745 0.505882 0.239216
vn 0.0001164888503332 -0.0005331717425856 0.0004330024313405
v 0.0619200276460662 -0.1385227723482581 0.1506234557907146 0.329412 0.250980 0.066667
vn 0.0000705363107277 -0.0006403701874749 0.0003548723077424
v 0.0526289128396655 -0.1387789735876591 0.1580763148561936 0.313725 0.243137 0.058824
vn 0.0000176909074598 -0.0005733465003104 0.0008010583901938
v 0.0529348401960250 -0.1450474361107231 0.1489555023541082 0.192157 0.145098 0.019608
vn 0.0003440800947919 -0.0001770883145563 -0.0006870828236309
v -0.0136355278179817 0.1262680771687389 0.0740916498710793 0.576471 0.380392 0.172549
vn 0.0002644218510723 -0.0002489632485871 -0.0013358061294819
v -0.0274047757473078 0.1151821370781435 0.0729821106988015 0.537255 0.356863 0.141176
vn 0.0004342452638665 -0.0005407200357196 -0.0009984854360630
v -0.0284303118012270 0.1323105120050736 0.0659578351943763 0.682353 0.494118 0.235294
vn -0.0009073573287822 0.0001193528461312 0.0006807653291343
v -0.0727099172122123 -0.1144839462886218 0.1648105143949523 0.427451 0.305882 0.086275
vn -0.0007659513020831 0.0000359277095179 0.0003174233366164
v -0.0772324742838480 -0.1197827557740855 0.1562536384993289 0.450980 0.321569 0.094118
vn -0.0006951753063536 -0.0002949634535991 0.0004009511161613
v -0.0745535022173060 -0.1285717903383653 0.1690965494027762 0.588235 0.447059 0.196078
vn 0.0010970780336084 0.0000018400780362 0.0002172926244537
v 0.1105448014318764 -0.0855086295466799 0.0959516156934887 0.443137 0.313725 0.086275
vn 0.0005342135435162 0.0000059557216008 0.0001855001256859
v 0.1072748530479281 -0.0750188706133664 0.1041290571095053 0.490196 0.349020 0.101961
vn 0.0016077722988573 -0.0000275318093874 0.0005803446654454
v 0.1037863593523334 -0.0809471445754116 0.1130775808682295 0.478431 0.341176 0.098039
vn 0.0002489845521649 0.0001783780536324 0.0004389409560440
v 0.0589026827753550 0.1205939407319804 0.0816213592843561 0.619608 0.447059 0.192157
vn 0.0005428678737722 0.0006506278790599 -0.0001096302088462
v 0.0655134413922090 0.1040706000489541 0.0840724449909399 0.560784 0.384314 0.145098
vn 0.0005946009959488 -0.0001146171449823 -0.0003726914735175
v 0.0620374169665620 0.1181241106554401 0.0778868885430281 0.580392 0.411765 0.176471
vn 0.0003748162455951 0.0001866151293961 -0.0000289457307768
v 0.0770336184077538 0.1402421484337378 0.0483032928128011 0.831373 0.643137 0.356863
vn 0.0003755840360907 0.0002860191150538 -0.0004349074579182
v 0.0780335272031985 0.1303873804088028 0.0391650907670270 0.780392 0.592157 0.313725
vn 0.0003081041111525 0.0007675722233788 -0.0007050009476502
v 0.0687101713143449 0.1420943275855510 0.0425394925259462 0.886275 0.690196 0.403922
vn 0.0000138603922718 -0.0007810495577177 -0.0006045618393634
v -0.0095347866165881 -0.1547300258574580 0.0642168547396856 0.125490 0.094118 0.007843
vn 0.0000965028957318 -0.0010790399510783 -0.0003631881940862
v -0.0233113523179139 -0.1585130498021328 0.0681258640554082 0.243137 0.188235 0.023529
vn 0.0001550253832933 -0.0005909855050386 -0.0004881467795969
v -0.0220370979444281 -0.1534480698158522 0.0577099137503641 0.349020 0.254902 0.054902
vn -0.0012926431367620 0.0000166588692988 0.0005263964141419
v -0.0990854817266402 -0.0544241119303793 0.1246375557721057 0.709804 0.525490 0.243137
vn -0.0011305443420362 0.0001120883770001 0.0003750616600276
v -0.1047186873461693 -0.0656142154880118 0.1134562985302087 0.705882 0.529412 0.239216
vn -0.0010191082427927 0.0001049434065917 0.0004251087512376
v -0.1011390333471179 -0.0697436294989375 0.1260043903256860 0.494118 0.352941 0.105882
vn -0.0003973648982463 -0.0005422576047495 -0.0001298221374732
v -0.1017123369380198 -0.1549036168581373 0.0657979601563830 0.388235 0.305882 0.082353
vn -0.0002086761415518 -0.0007746159799428 -0.0000009444796956
v -0.0862033668304663 -0.1602700697125842 0.0747060903990278 0.294118 0.223529 0.039216
vn -0.0007555486365421 -0.0008566741509487 -0.0000066696489459
v -0.1025680705872363 -0.1540738570115493 0.0802782726530559 0.352941 0.262745 0.062745
vn 0.0001745606505377 0.0001628929424553 -0.0008023963635310
v 0.0576688821312217 0.0706816401804474 0.0111340477933738 0.627451 0.435294 0.200000
vn 0.0002732469236941 0.0001406036830008 -0.0005588789780717
v 0.0670929974959934 0.0667515604572730 0.0151241087541119 0.525490 0.345098 0.141176
vn 0.0002326615071258 0.0002024356368211 -0.0008044859001513
v 0.0586302556987514 0.0575850785810648 0.0083367838654649 0.600000 0.411765 0.180392
vn 0.0000146509676323 -0.0013041419108405 0.0006514093793946
v -0.0536711085891355 -0.1566186565789859 0.1357654727805709 0.298039 0.227451 0.043137
vn -0.0000100398564621 -0.0006053670875703 0.0004601607572865
v -0.0681850931815295 -0.1561147324913180 0.1390867094648671 0.258824 0.200000 0.035294
vn 0.0000139976323336 -0.0008819049645899 0.0002377566821655
v -0.0675636782171260 -0.1600397019090045 0.1285292942545617 0.196078 0.149020 0.019608
vn -0.0002661835687085 0.0001870970468727 0.0001436479536165
v -0.0197203606938131 0.1411179950447246 0.0910312835201327 0.749020 0.552941 0.301961
vn 0.0002531295569451 -0.0002232840587586 0.0005319744629367
v -0.0147322985966475 0.1389622056070171 0.0913495591425808 0.603922 0.392157 0.184314
vn 0.0000912069267077 -0.0002972220380305 0.0005365150977252
v -0.0079525728236513 0.1475959254251667 0.0924758041164585 0.639216 0.427451 0.203922
vn 0.0003912964786226 0.0001144428462855 -0.0012018383408105
v 0.0795235310754029 0.0488168452200837 0.0590692439820574 0.494118 0.337255 0.101961
vn 0.0005553941097671 0.0000651782117372 -0.0004429427459648
v 0.0883249930759230 0.0573330974275318 0.0664421422002233 0.631373 0.447059 0.176471
vn 0.0006711247918153 0.0000491929808751 -0.0005471821335957
v 0.0893615633059635 0.0462223109144726 0.0652301455750385 0.701961 0.509804 0.223529
vn -0.0000586382008514 -0.0008219851867720 0.0000036431122884
v 0.0370524010243843 0.1384951703116969 0.0529141683267519 0.435294 0.274510 0.090196
vn -0.0003204004257037 -0.0002782396780815 -0.0000410831339506
v 0.0303784968023725 0.1399253457374750 0.0515529029300996 0.498039 0.313725 0.117647
vn -0.0003467456262972 -0.0004787425838836 0.0003417341010820
v 0.0356185150839230 0.1306775744584344 0.0380410679913037 0.513725 0.345098 0.137255
vn 0.0000395182496223 0.0000595148375289 0.0011529217777639
v 0.0187954772036536 -0.0450958981116987 0.1891264112700815 0.756863 0.572549 0.278431
vn 0.0000404172910337 0.0000439042816188 0.0009217880466799
v 0.0050025952003114 -0.0450311342359590 0.1895972110323071 0.768627 0.572549 0.282353
vn 0.0000289010541994 -0.0000520027500677 0.0012056452651506
v 0.0050841282235018 -0.0563300292741674 0.1872064093601526 0.737255 0.560784 0.266667
vn -0.0001571529042720 0.0005870049893328 0.0003545417235550
v -0.0288393035507705 0.1372799279261898 0.0724489896572974 0.780392 0.580392 0.305882
vn 0.0003491027060744 0.0003469183486471 -0.0001352328806410
v -0.0269493891190342 0.1416228644629194 0.0629949687759087 0.709804 0.517647 0.262745
vn 0.0001346106279697 0.0006008113183149 0.0004424158574914
v -0.0337657522955298 0.1451774760181778 0.0651452262746853 0.901961 0.713725 0.423529
vn -0.0001091059431630 0.0008246763267759 0.0001433671872965
v 0.0385491458595799 0.1483562958709211 0.0582066486637980 0.756863 0.552941 0.286275
vn -0.0002789188848393 0.0003169865006785 -0.0000799106789701
v 0.0288025405177698 0.1455503705830972 0.0540836418708247 0.878431 0.690196 0.392157
vn -0.0001092866878819 0.0005303348780181 0.0002181645426678
v 0.0297675386199104 0.1448779362335859 0.0636342079231434 0.784314 0.596078 0.309804
vn 0.0001120163278758 0.0005130649390004 0.0009547971549374
v 0.0489946457996698 -0.0328726453869867 0.1834614836571334 0.831373 0.643137 0.329412
vn 0.0001079065424342 -0.0000208528073754 0.0010031027671182
v 0.0463582638221477 -0.0446377673184678 0.1881897575099766 0.768627 0.584314 0.286275
vn 0.0000783812293928 0.0003676453956537 0.0015584410157368
v -0.0089102975780226 0.0536942830027754 0.1603068584776607 0.835294 0.658824 0.368627
vn 0.0000512875907642 0.0001174154953482 0.0010545275266012
v -0.0179212181175988 0.0385785990175268 0.1631183505045440 0.768627 0.600000 0.321569
vn 0.0000604151519968 0.0001305324969035 0.0012386194172323
v -0.0047699852176113 0.0350731220155457 0.1627528876444754 0.737255 0.568627 0.298039
vn -0.0002825114948964 0.0012218900875879 0.0001498242454571
v -0.0398758713889314 0.1109119580409557 0.1068947746228608 0.741176 0.545098 0.266667
vn -0.0002473917439565 0.0007598546103566 0.0000852306443585
v -0.0522338544879574 0.1061748633560640 0.1193400070170467 0.647059 0.462745 0.200000
vn -0.0001799352407709 0.0010445205791304 0.0001526062463587
v -0.0424801440547285 0.1081379167135050 0.1248029969251861 0.670588 0.474510 0.219608
vn -0.0002392854516220 0.0000407406796474 -0.0013182191158360
v -0.0459749225536015 0.0395203658309558 0.0577859693276644 0.533333 0.376471 0.133333
vn -0.0003911533576487 0.0003002463272013 -0.0012785308573543
v -0.0331502626802134 0.0310247834306359 0.0500100292963994 0.650980 0.474510 0.211765
vn -0.0003835556851402 0.0000907086645115 -0.0009546771989202
v -0.0485891933117050 0.0255108746010650 0.0582353361949814 0.556863 0.396078 0.149020
vn 0.0000846398967852 0.0001308786214022 0.0007725577389037
v 0.0382341514768527 0.0868081105179953 0.1483260724705745 0.874510 0.698039 0.407843
vn 0.0000501077890470 0.0000420012992447 0.0007631195774190
v 0.0291184906972788 0.0934521299128096 0.1478566416938799 0.839216 0.658824 0.376471
vn 0.0000942519966907 0.0002432006460693 0.0009395376331099
v 0.0283613019334264 0.0784278446661275 0.1526462769583078 0.905882 0.737255 0.439216
vn -0.0006576967160656 0.0001782598703648 -0.0010003573132624
v -0.0722710082987452 -0.0679359455205856 0.0524797620184518 0.529412 0.384314 0.137255
vn -0.0006481435309647 0.0001955435341239 -0.0008789023793576
v -0.0852787432943236 -0.0621280609468989 0.0659104214985156 0.454902 0.305882 0.094118
vn -0.0007164781336692 0.0002968017990095 -0.0009007736166629
v -0.0729381592521013 -0.0543309208261244 0.0562306147740503 0.619608 0.447059 0.184314
vn 0.0000952670481963 -0.0005918832185813 0.0006372795126976
v 0.0520064317961323 -0.1314454833584372 0.1682703029048889 0.376471 0.282353 0.078431
vn 0.0000470666627000 -0.0005794532865173 0.0003475520493324
v 0.0428382066540077 -0.1377504492377025 0.1618849336880437 0.294118 0.223529 0.054902
vn 0.0001349633854210 -0.0007106445100458 0.0006106779104348
v 0.0625283119961475 -0.1364875490383749 0.1616495500956189 0.372549 0.286275 0.090196
vn -0.0009475564524646 -0.0002092019492892 0.0008083869903717
v -0.0697140016263384 -0.0554304452613191 0.1729808868093901 0.435294 0.301961 0.082353
vn -0.0006361436558660 -0.0000636322262118 0.0002527991594002
v -0.0742449557584174 -0.0581613436805693 0.1637441464608375 0.478431 0.337255 0.101961
vn -0.0009094931837839 -0.0000174038149412 0.0004644444726627
v -0.0738674179238199 -0.0699507144863395 0.1651150994402185 0.435294 0.305882 0.082353
vn -0.0002102453359083 -0.0001743342080810 0.0007751699082779
v 0.0737560610056923 0.0918850318966647 0.0375719445237059 0.384314 0.247059 0.054902
vn -0.0005363252619805 -0.0003023577288433 0.0012697177165355
v 0.0691919288421329 0.0779677220325880 0.0320074239952976 0.478431 0.329412 0.105882
vn 0.0002106649052418 -0.0001140918204882 0.0005406794633623
v 0.0822496259405044 0.0864770756453708 0.0368362358739395 0.627451 0.450980 0.200000
vn -0.0005081174335093 -0.0000899572184845 0.0002879497137189
v 0.0583465829301960 -0.0282100952719098 0.0053110012280479 0.223529 0.164706 0.121569
vn -0.0002485489236465 -0.0000642613045440 -0.0008132246371778
v 0.0610233379746544 -0.0222535101052905 -0.0010908271761945 0.494118 0.380392 0.227451
vn -0.0001848993393778 -0.0000040654617361 -0.0006000364303202
v 0.0134130065431094 0.1310410117981816 0.0725975464826492 0.690196 0.490196 0.250980
vn 0.0002982638597820 0.0006632824774766 -0.0003022070534749
v 0.0190470361630366 0.1389045642979273 0.0798515706608125 0.623529 0.423529 0.200000
vn -0.0003581432259686 -0.0000093611072077 -0.0001165542600066
v 0.0269948426222489 0.1413922754748736 0.0608705857797372 0.780392 0.592157 0.313725
vn -0.0003241759317511 0.0001546642329660 -0.0010034850147648
v 0.0019345454172545 -0.0916851631997836 0.0362370504666341 0.615686 0.450980 0.188235
vn 0.0000099207327418 0.0001651240622263 -0.0011679568071794
v 0.0168730004750288 -0.0899721951528129 0.0337409267047110 0.552941 0.400000 0.145098
vn -0.0001075572392131 -0.0002097251444688 -0.0010526868746276
v 0.0101419254195546 -0.1074287128199932 0.0332657605201995 0.364706 0.270588 0.070588
vn -0.0009775216562704 0.0005261519319761 0.0006656777736262
v -0.0717643912178591 -0.0184194030391791 0.1675215685157828 0.709804 0.529412 0.258824
vn -0.0008314205804442 0.0000618976553618 0.0006399753950505
v -0.0773677960595551 -0.0174344823556259 0.1546679060003383 0.811765 0.623529 0.313725
vn -0.0010279890931969 0.0001126892617775 0.0003966542266587
v -0.0782392110990613 -0.0302015974440655 0.1604839409711095 0.839216 0.658824 0.345098
vn 0.0009075917242206 0.0001568486941392 0.0008323105559742
v 0.0896301013787092 -0.0084738440254925 0.1468630612850869 0.647059 0.474510 0.211765
vn 0.0012175338075881 0.0000998540249399 0.0004964677192225
v 0.0966593951378708 -0.0171749843658148 0.1343844646585334 0.552941 0.400000 0.156863
vn 0.0006961409237599 -0.0000358207068396 0.0004243559854871
v 0.0983917158200737 -0.0012092949791960 0.1366911083374833 0.580392 0.423529 0.176471
vn -0.0005901549359838 0.0006374859814629 0.0000790005288560
v -0.0779583874335591 0.0899640608904505 0.1210195961362794 0.752941 0.568627 0.282353
vn -0.0009155544428871 0.0010455983681262 0.0001480876668858
v -0.0764916504433506 0.0888695297853255 0.1329348915639248 0.729412 0.541176 0.266667
vn -0.0004529060158929 0.0005927309485098 0.0000844804943908
v -0.0689715895877329 0.0961093566455259 0.1183598768008067 0.584314 0.411765 0.160784
vn 0.0001250355392812 0.0010962059206311 0.0003183971042256
v 0.0172563589176896 0.1150928869993578 0.1046053409698721 0.835294 0.647059 0.349020
vn 0.0004376893557247 0.0004084639927625 0.0008192373637146
v 0.0267912437007232 0.1255395446639639 0.0911274069790397 0.749020 0.549020 0.301961
vn 0.0000779578274664 0.0000163042825668 -0.0006326167159685
v 0.0755681484130962 -0.0223418745047061 -0.0020045056438129 0.576471 0.403922 0.200000
vn 0.0001935959687958 0.0000276590230792 -0.0001208170300516
v 0.0826801146845189 -0.0245583346530835 0.0012618268270652 0.235294 0.117647 0.027451
vn 0.0003094523368381 -0.0001159104021430 -0.0003884568085444
v 0.0834924016301307 -0.0339772063260911 0.0021249600654368 0.349020 0.333333 0.313725
vn 0.0002386017963515 -0.0001763454187678 0.0010248301829351
v -0.0683092166161768 0.0269338376959688 0.0187741191700876 0.490196 0.337255 0.113725
vn -0.0002415274503193 -0.0000684419443551 0.0003376968990514
v -0.0800616318857526 0.0341207950247077 0.0210300726943536 0.545098 0.376471 0.141176
vn -0.0001320285454571 -0.0000771977930805 0.0004493010611996
v -0.0802405929338786 0.0239107653044978 0.0187464641775943 0.549020 0.384314 0.149020
vn -0.0005125462153816 -0.0002523459473332 0.0010771902872649
v 0.0620082138775689 0.0966716301925875 0.0317727694671441 0.454902 0.305882 0.098039
vn 0.0004879739151272 -0.0001314453725823 0.0001865162352770
v -0.0569887530517784 -0.0279478929890612 0.0032510565274335 0.235294 0.133333 0.035294
vn 0.0003390532959043 -0.0001381262946910 0.0006020398090567
v -0.0569813851201409 -0.0144171485827195 0.0094901869817086 0.470588 0.333333 0.113725
vn 0.0002427144967233 0.0000749427144133 0.0009752642567007
v -0.0675012574245596 -0.0318777500701578 0.0108122851869913 0.443137 0.301961 0.098039
vn 0.0000036968943754 -0.0001524506403614 0.0007487072633276
v 0.0549298730727870 -0.0572295769208531 0.1809992785373338 0.635294 0.482353 0.211765
vn 0.0001515601593691 -0.0001594952048247 0.0006827526879672
v 0.0431265106544089 -0.0558339865488060 0.1842143289363950 0.584314 0.419608 0.160784
vn 0.0009157242522923 0.0005459078120132 0.0001289246684384
v 0.0842750710969900 0.0792955125181704 0.1310157290025655 0.729412 0.545098 0.266667
vn 0.0007030807591035 0.0002469387562646 0.0003789072708586
v 0.0887184480672347 0.0708269078974402 0.1416225560514193 0.780392 0.600000 0.317647
vn 0.0012478387315269 0.0004277584339259 0.0002560346732990
v 0.0939305315396992 0.0639904936312163 0.1244214181894322 0.917647 0.737255 0.443137
vn 0.0011262415166924 0.0000393177304111 0.0004231875597386
v 0.1023306247692959 -0.1281549531382835 0.1257048690883883 0.466667 0.329412 0.101961
vn 0.0011571454226526 -0.0001981063464170 0.0003632294603804
v 0.1026992861239732 -0.1459285112805334 0.1265804681935805 0.454902 0.333333 0.109804
vn 0.0010978766041206 -0.0001742838498315 0.0001581512021744
v 0.1037784022085248 -0.1405055362821540 0.1137045560817415 0.458824 0.337255 0.105882
vn 0.0009789365560564 -0.0000277227194013 0.0002301374298661
v 0.1061653438651349 -0.1269858969091424 0.1109506340989940 0.490196 0.356863 0.117647
vn -0.0012841705857508 0.0001821931173575 -0.0008426946205542
v -0.0988791282273287 0.0097947422556211 0.0750940615256253 0.690196 0.517647 0.231373
vn -0.0009707463194896 -0.0000419251188021 -0.0011036179604543
v -0.0981357319164626 -0.0107241985725057 0.0718684069073090 0.635294 0.470588 0.196078
vn -0.0010021168114006 0.0000075885534341 -0.0003243188073198
v -0.1022017298996168 -0.0102362994359664 0.0801364272140152 0.650980 0.474510 0.207843
vn 0.0001088899723733 0.0008323830227137 -0.0002230650825418
v 0.0632805133505208 0.1485490337036646 0.0519936575455795 0.933333 0.749020 0.447059
vn 0.0002200364304758 0.0003028287683464 -0.0000525529044326
v 0.0723532265243848 0.1467081077966376 0.0544595859115617 0.909804 0.729412 0.419608
vn 0.0005923457068011 0.0002955085244747 -0.0013877252959507
v 0.0590169306060677 -0.0811914012887210 0.0434153554347837 0.415686 0.294118 0.078431
vn 0.0005354717472640 0.0001664537262592 -0.0010950792550955
v 0.0679193103944986 -0.0696514304170575 0.0507021903848924 0.423529 0.298039 0.078431
vn 0.0003930254065432 0.0002727920226763 -0.0007875291404275
v 0.0733933048142138 -0.0813828414519555 0.0482224441880615 0.407843 0.286275 0.078431
vn 0.0000157371965071 -0.0007943987304722 0.0005521410252217
v 0.0552036045132006 -0.1548004310732796 0.1425329117533361 0.247059 0.188235 0.031373
vn 0.0000085643785688 -0.0014416531332401 0.0004194933076754
v 0.0458796223412256 -0.1601114260030982 0.1286594959262914 0.274510 0.211765 0.039216
vn 0.0000051324427508 -0.0009476554601693 0.0003706162782190
v 0.0655518560805912 -0.1565989914969805 0.1357988010930029 0.282353 0.215686 0.050980
vn 0.0004775094305651 0.0003643106233795 0.0001390078324686
v 0.0795425074574045 0.0874000680081781 0.1421927126310163 0.674510 0.486275 0.219608
vn 0.0003938854796023 0.0005654872242295 0.0002802028946941
v 0.0691451128959662 0.0966807342097262 0.1445727985943871 0.674510 0.494118 0.219608
vn 0.0001387355247821 0.0000803819655156 0.0006059021323167
v 0.0743772228004952 0.0872344055591527 0.1479062769328672 0.701961 0.529412 0.258824
vn -0.0004838601959670 0.0002040551147589 -0.0004483643409158
v -0.0762524307734408 0.1106155069982559 0.0326856909075448 0.768627 0.584314 0.313725
vn -0.0005403652446896 0.0004847980547688 -0.0012029193446374
v -0.0633105259593611 0.1135103491670847 0.0273367269664196 0.576471 0.392157 0.172549
vn -0.0003481713838977 0.0002445064871432 -0.0007009836236988
v -0.0711264020310548 0.1005812488426415 0.0257144101487120 0.615686 0.427451 0.203922
vn 0.0003374909602015 -0.0002183861836266 0.0010513432468202
v -0.0637341989721920 0.0486961016306503 0.0203663716404650 0.372549 0.239216 0.054902
vn -0.0000978327735482 -0.0000669725094032 0.0003787420662147
v -0.0794745592646565 0.0513868701828999 0.0249440530857963 0.533333 0.364706 0.141176
vn 0.0000712574212530 -0.0001083149743435 0.0006245931021635
v -0.0755402002976099 0.0428837020437297 0.0237378794043425 0.431373 0.278431 0.074510
vn -0.0001280219223663 -0.0008994948484056 0.0000578356829592
v -0.0768464147234984 -0.1619532927971277 0.1028236358242734 0.305882 0.231373 0.047059
vn -0.0003576539891029 -0.0010247199375040 0.0000340741179697
v -0.0955286467110342 -0.1575862919172582 0.1058107516657961 0.243137 0.184314 0.031373
vn -0.0001611189567288 -0.0006655127205115 0.0000219050691685
v -0.0869217643026426 -0.1601924255967149 0.0959537841850254 0.309804 0.231373 0.047059
vn 0.0004875119836323 0.0003992215114857 -0.0013334811557054
v 0.0598535797680666 0.1061656948251221 0.0226268202018252 0.552941 0.372549 0.160784
vn 0.0000093060167183 0.0002051273322951 -0.0007852595849834
v 0.0475952865283223 0.0956747037167633 0.0154971530276445 0.678431 0.498039 0.243137
vn -0.0001244496786191 0.0001607815863882 -0.0006537552415728
v 0.0455867806761720 0.1083980763785265 0.0188770421385415 0.678431 0.498039 0.243137
vn 0.0002809068219016 -0.0002242642900168 0.0008846048274533
v -0.0636130469831517 0.0931531324041164 0.0333482774868599 0.407843 0.274510 0.078431
vn -0.0002334315548939 -0.0000918969295728 0.0003980594633431
v -0.0780552001594187 0.0990164495256271 0.0351269886212632 0.713725 0.541176 0.274510
vn -0.0002406840190622 -0.0001121338369971 0.0006186653702526
v -0.0767919879996772 0.0838241654095137 0.0332471675980476 0.596078 0.427451 0.180392
vn -0.0004196463009340 0.0000883064109839 -0.0002269268404390
v -0.0784182069629078 0.0949650506393759 0.0287920111532980 0.803922 0.619608 0.341176
vn -0.0006755111680780 -0.0004203517574998 0.0008626754028081
v -0.0915813488857283 -0.1508262398419146 0.1403532310228510 0.415686 0.309804 0.098039
vn -0.0008177067221950 -0.0002709512578022 0.0002899690130694
v -0.1027188441285814 -0.1494651854147890 0.1237707078267175 0.423529 0.309804 0.090196
vn -0.0003079319315438 -0.0003488864731042 0.0001198591184557
v -0.0968773900661241 -0.1563842004508192 0.1281562445436563 0.376471 0.290196 0.082353
vn -0.0005847759463345 -0.0001439106741029 0.0002113041984793
v 0.0450091459205942 0.0839282515036121 0.0187607817554476 0.588235 0.415686 0.188235
vn -0.0000897759912602 0.0000355325160059 -0.0002061432309665
v 0.0483950057768740 0.0867277339655985 0.0135480183895694 0.647059 0.474510 0.231373
vn -0.0002391552283782 0.0000480192439262 -0.0004427271497355
v 0.0487471729581825 0.0769752155084859 0.0117723078967999 0.647059 0.470588 0.223529
vn 0.0000366912730093 0.0001026795270227 -0.0007542762928184
v -0.0613986865573512 0.0668450849900225 0.0579469596675971 0.607843 0.435294 0.180392
vn 0.0000867664347304 0.0001844595615215 -0.0005750178146845
v -0.0618426418554952 0.0753059986317043 0.0610807690413312 0.741176 0.549020 0.258824
vn 0.0000402031825264 0.0004214905450266 -0.0013540601552929
v -0.0514552434995697 0.0741315669624429 0.0610550921216783 0.709804 0.525490 0.239216
vn 0.0000051506029570 -0.0009281987306406 -0.0000429567170322
v -0.0425417305045816 -0.1623119669816720 0.1048324349749712 0.309804 0.235294 0.050980
vn -0.0000319448086893 -0.0009523630312480 -0.0000805122531435
v -0.0444386963748866 -0.1603632098582033 0.0928276745326582 0.301961 0.219608 0.043137
vn -0.0000304012657157 -0.0013666139228308 -0.0000601550985381
v -0.0295636958884091 -0.1613687750813256 0.0981868194705020 0.290196 0.215686 0.039216
vn -0.0010150306664776 0.0000453777051069 0.0006370261568080
v -0.0728086833369483 -0.0347047010892113 0.1751303586581298 0.850980 0.674510 0.368627
vn -0.0006067238398251 -0.0001773847127172 0.0008351563052547
v -0.0648443206586646 -0.0412995503565440 0.1831300804493572 0.627451 0.458824 0.192157
vn 0.0000090699785264 -0.0010261741507838 -0.0000831810528608
v -0.0275780307051007 -0.1612184909668161 0.0842860754183600 0.301961 0.227451 0.043137
vn 0.0000236849433153 -0.0009991676469533 -0.0001957186086246
v -0.0353239133731104 -0.1608337892500374 0.0722799141299310 0.254902 0.200000 0.027451
vn 0.0013319949428169 0.0000689789370384 -0.0002034396200814
v 0.1026877655918200 0.0097107117975241 0.0893378113858616 0.658824 0.486275 0.227451
vn 0.0010079670046262 0.0000343124740316 0.0000307601132354
v 0.1046583136527026 0.0067952181915703 0.1059892008895722 0.647059 0.482353 0.223529
vn 0.0007452129926249 0.0000591045812250 -0.0000299555045745
v 0.1039605748091646 -0.0004979715033143 0.0963888158159079 0.603922 0.439216 0.188235
vn -0.0002389679436529 0.0001993059033844 -0.0011614204661784
v 0.0251993907023717 0.0325516735210635 0.0523372064103446 0.572549 0.407843 0.160784
vn -0.0000896737787721 0.0001506923716107 -0.0007873305637699
v 0.0289516929870676 0.0191783505891931 0.0481110239038039 0.631373 0.462745 0.200000
vn -0.0002756127660734 0.0001649188667685 -0.0007608765619271
v 0.0179610170439106 0.0202004495765201 0.0531623610587788 0.517647 0.352941 0.129412
vn 0.0001288227669415 0.0001804147243715 -0.0008141206821050
v -0.0460481124484936 0.0769103970739571 0.0098272924446633 0.674510 0.498039 0.250980
vn 0.0003228082079823 -0.0001315533841505 0.0002298131272963
v -0.0426619051475019 0.0749340462285086 0.0172960828670500 0.572549 0.407843 0.180392
vn 0.0006621409147674 -0.0001243604166286 0.0002466394536664
v -0.0436512240505210 0.0644034577022673 0.0135908870596697 0.545098 0.368627 0.152941
vn -0.0011849147556351 0.0000169152318370 0.0002913880910065
v -0.1049886242043788 -0.0525431656438527 0.1087642004695471 0.721569 0.533333 0.250980
vn -0.0011570213661969 0.0000300441453792 0.0002351947079233
v -0.1038757023991199 -0.0392628843461222 0.1172626640243199 0.509804 0.360784 0.125490
vn 0.0000871314430270 0.0002290656826721 0.0012950644096591
v 0.0067109593942112 0.0500720017687698 0.1600639383253659 0.819608 0.643137 0.356863
vn -0.0000600251756340 0.0002480368787692 -0.0010259546983688
v -0.0434244213030575 0.0915337936711929 0.0131959071253373 0.709804 0.533333 0.286275
vn 0.0002066430893973 0.0001649394880537 -0.0005789385547251
v -0.0401530101585146 0.1060234594799804 0.0174932713760072 0.694118 0.505882 0.262745
vn 0.0003184950645858 -0.0000357210790512 -0.0000528268257808
v -0.0382553762542758 0.0979145394273457 0.0193349608312261 0.635294 0.450980 0.215686
vn 0.0000677977329065 0.0004252405162748 0.0004566098849722
v -0.0513899361060346 -0.0181248151376117 0.1806730264710603 0.905882 0.729412 0.435294
vn 0.0000879298741098 0.0005179845510228 0.0002375372543510
v -0.0527576301619716 -0.0176243030587581 0.1734179636592887 0.592157 0.407843 0.160784
vn -0.0002190607001547 0.0003994843317061 0.0004456345437600
v -0.0628629222486127 -0.0166965482386369 0.1811927534186199 0.941176 0.776471 0.486275
vn -0.0006355741526557 -0.0000504757073985 0.0008762410998256
v -0.0979410762285012 -0.0340433108751553 0.1424115680358944 0.560784 0.427451 0.235294
vn -0.0008060588606811 -0.0000080232972183 0.0001510615327982
v -0.1046518543279290 -0.0346701494014957 0.1340190689940846 0.603922 0.447059 0.239216
vn -0.0007689494639228 -0.0002522786336437 0.0004938017878683
v -0.0948306902176832 -0.0466936860599157 0.1359017599566411 0.658824 0.494118 0.223529
vn -0.0000396409110629 0.0001789330758674 0.0008185145468410
v -0.0324049112950962 0.0586967752984015 0.1602174398356665 0.819608 0.639216 0.360784
vn -0.0001451569962194 0.0000918402598971 0.0006866370457998
v -0.0444033643431916 0.0629843526762555 0.1583155894745110 0.827451 0.650980 0.368627
vn 0.0001898349150761 0.0003135253396307 -0.0012709781579126
v -0.0061262254970716 0.0813204089372195 0.0615141429349710 0.568627 0.407843 0.149020
vn 0.0001470097183575 0.0005000687977018 -0.0009677119565702
v 0.0036291418904833 0.0939219654489940 0.0650633652417549 0.619608 0.447059 0.196078
vn 0.0001498646091053 0.0002326907999630 -0.0010105237522744
v 0.0118404320900507 0.0842044188166809 0.0662326480710187 0.309804 0.211765 0.050980
vn 0.0001627441348433 0.0001867151756777 -0.0009128129497605
v 0.0079288512149005 0.0725970497789865 0.0626006044716887 0.290196 0.184314 0.039216
vn -0.0004814161579036 -0.0001340526672761 0.0008252130138893
v 0.0590714027705372 0.0327303929123003 0.0158765414588638 0.513725 0.364706 0.180392
vn -0.0002630075000322 -0.0001246740676822 0.0005584338621727
v 0.0647083705760187 0.0424901133765382 0.0198538715881260 0.427451 0.278431 0.082353
vn -0.0004915504197798 -0.0001407402229800 0.0006630395934814
v 0.0540682225268118 0.0446612480109821 0.0164113757586011 0.529412 0.364706 0.156863
vn -0.0002413356086965 0.0000320861066006 0.0013130900554131
v -0.0555393119349119 0.0137861670539896 0.1622313758355578 0.682353 0.513725 0.254902
vn -0.0006045119140952 0.0003591921147079 0.0011891935105376
v -0.0678427481798356 0.0246000972378473 0.1564821908610291 0.800000 0.623529 0.341176
vn -0.0005135276533215 0.0001178357563820 0.0010535812992302
v -0.0709379498979124 0.0059464710656815 0.1580690807583195 0.694118 0.521569 0.258824
vn 0.0002904222457114 0.0000822929731130 0.0005327404170981
v 0.0789211649038885 0.0360539931150227 0.1511427993311532 0.811765 0.639216 0.349020
vn 0.0006904740056306 0.0000062684422600 0.0007692546174408
v 0.0754507917247312 0.0203254291926331 0.1545185518049096 0.600000 0.443137 0.196078
vn 0.0004755529821203 -0.0000888724270143 0.0006242942051762
v 0.0857061565305176 0.0348019227520989 0.1441494103468606 0.505882 0.360784 0.137255
vn -0.0003015722526515 0.0000682578219792 0.0008390408462247
v -0.0621774404741070 0.0707739523562016 0.1514653498669529 0.831373 0.654902 0.372549
vn -0.0001384188209331 0.0002608183953996 0.0010036144652757
v -0.0500816803772685 0.0801947793038899 0.1524395979079883 0.831373 0.658824 0.372549
vn -0.0001642554176842 0.0000867696712715 0.0008250035809296
v -0.0612241365086359 0.0825140090720633 0.1491974177793468 0.831373 0.654902 0.368627
vn 0.0005292129733522 0.0001832814246779 0.0006753941074247
v -0.0877258472800176 -0.0914182767804097 0.0261631119874498 0.364706 0.254902 0.062745
vn 0.0007008749699381 -0.0004064160602998 -0.0000286296482213
v -0.0907158419645396 -0.1028681960665379 0.0237026271171680 0.490196 0.364706 0.129412
vn 0.0003818358521729 0.0001406478266312 -0.0009590146328709
v 0.0695772339491733 -0.0299100006356407 0.0534524165136820 0.419608 0.290196 0.078431
vn 0.0005288901667509 0.0000668959440409 -0.0009933804393942
v 0.0785860294819720 -0.0388061351500216 0.0557196845499897 0.431373 0.305882 0.082353
vn 0.0004570303243003 0.0000604232478122 -0.0010836441540544
v 0.0627621762873043 -0.0387624185598371 0.0492385270473295 0.407843 0.282353 0.070588
vn -0.0002442323409815 0.0002821155549069 0.0005275298054092
v -0.0836803013940505 -0.0523729235629412 0.0183862577347782 0.470588 0.329412 0.101961
vn 0.0003132323330980 0.0001391005242615 0.0007459542087726
v -0.0670364426788759 -0.0486071790173172 0.0136653911701761 0.419608 0.286275 0.086275
vn -0.0004103385863132 0.0002208145848022 0.0006144696919664
v -0.0811706751995514 -0.0404778706404956 0.0140322738138621 0.623529 0.466667 0.203922
vn -0.0000361346613483 -0.0006979788665843 -0.0004538258319162
v 0.0671126708220020 -0.1577077637812667 0.0649165185172465 0.192157 0.149020 0.015686
vn 0.0000341422397428 -0.0009512169612265 -0.0001398414360122
v 0.0783760204516517 -0.1596550857729284 0.0756533519765766 0.294118 0.223529 0.043137
vn -0.0000348890939281 -0.0008355061017340 -0.0000604752396454
v 0.0663948933423830 -0.1601586207142306 0.0754848761202853 0.274510 0.203922 0.031373
vn 0.0000771916354080 0.0007254535451349 0.0014247465669654
v 0.0321034136180398 -0.0347449979167334 0.1854265879600647 0.823529 0.639216 0.317647
vn 0.0000445078191429 0.0001673515318530 0.0007372490010842
v -0.0208568593092453 0.0552019079379595 0.1606599637457921 0.835294 0.658824 0.372549
vn 0.0004776043256318 0.0005728558001428 -0.0010287660496589
v 0.0851727611584449 -0.0821557352587331 0.0542710748902668 0.470588 0.333333 0.109804
vn 0.0003349269426746 0.0001468413135001 -0.0006449356475159
v 0.0787576120271602 -0.0717062169816398 0.0565012820960074 0.415686 0.286275 0.078431
vn 0.0007195435670220 0.0001227416859635 -0.0010562276160316
v 0.0906414613048388 -0.0671810543500178 0.0627637357016405 0.478431 0.341176 0.105882
vn 0.0004693857250159 0.0000070500315488 -0.0008750195700649
v 0.0828132906445595 -0.0599242113918128 0.0567383686078988 0.521569 0.380392 0.141176
vn -0.0001101430175486 -0.0005637093464819 0.0011365770503181
v -0.0482752395576942 -0.1246879448943729 0.1786131871963680 0.486275 0.372549 0.133333
vn -0.0001655754865745 -0.0001672471995617 0.0012154841723926
v -0.0443201886377847 -0.1111173768509064 0.1814962929913513 0.454902 0.337255 0.105882
vn -0.0005952495992445 0.0000067594798913 0.0012086061210663
v -0.0581111701379993 -0.1118184868184762 0.1787425384258576 0.498039 0.368627 0.125490
vn 0.0000584134082699 0.0002184231119019 -0.0009008253634867
v 0.0103172040269129 0.0579987473471402 0.0611081054254645 0.090196 0.058824 0.011765
vn -0.0000981686615141 0.0002582672843397 -0.0009957287077743
v 0.0200474836753423 0.0710479773347227 0.0629502114071997 0.568627 0.403922 0.145098
vn -0.0001827103640934 0.0002146004640351 -0.0007992345834750
v 0.0252203446563940 0.0609203387229254 0.0584718692387455 0.611765 0.435294 0.180392
vn 0.0000443184673966 -0.0006739084244940 0.0005520512709257
v 0.0397602012284242 -0.1426132344979697 0.1497596577168275 0.200000 0.145098 0.023529
vn 0.0002129965225860 0.0006896650978425 -0.0001707995446531
v 0.0995175603715051 -0.0920136184098284 0.0476634852518896 0.729412 0.556863 0.266667
vn 0.0005314017310483 0.0004938315051509 -0.0003571971884387
v 0.0943145011324830 -0.0880774180099006 0.0598542990752839 0.647059 0.482353 0.192157
vn 0.0009328513548190 0.0004791293889955 -0.0002249415835418
v 0.1036241153872483 -0.0959516900541350 0.0587879732060412 0.745098 0.560784 0.262745
vn 0.0003611170254586 0.0001583605925294 -0.0015409483316685
v 0.0533352738985510 0.0277096612383432 0.0529919920437797 0.498039 0.349020 0.113725
vn 0.0000946780882155 0.0002271614353071 -0.0011876219141405
v 0.0391930365885933 0.0289112207829234 0.0507392515161848 0.462745 0.317647 0.098039
vn 0.0001703300801141 0.0002256872466854 -0.0013666519435556
v 0.0458163966859270 0.0411165499365590 0.0544382382189804 0.509804 0.356863 0.117647
vn -0.0000063530872121 0.0000941875317542 -0.0008218936834164
v -0.0263199248734769 -0.0645000508914290 0.0439018511132214 0.466667 0.329412 0.098039
vn 0.0000298088490347 0.0000640164621015 -0.0006198892919144
v -0.0270741512991340 -0.0535922442494611 0.0448270271120102 0.458824 0.321569 0.098039
vn 0.0000834606754730 0.0001951091928579 -0.0012115626698939
v -0.0170774185452205 -0.0581166653797531 0.0448282725253253 0.478431 0.333333 0.101961
vn 0.0003582260871399 0.0000521407374904 -0.0001336346672157
v 0.0833165217717002 0.1113970702206912 0.0377531423690024 0.717647 0.533333 0.270588
vn 0.0003541380865309 0.0000501002223203 0.0000049368204728
v 0.0819894414660302 0.1218437321364703 0.0414900324556806 0.760784 0.588235 0.305882
vn 0.0001269340257402 -0.0000669764707869 0.0002817467691940
v 0.0797575667249198 0.1082746680098302 0.0423064356287018 0.576471 0.400000 0.168627
vn 0.0000782210116860 0.0000375968677450 -0.0011018457404969
v -0.0282029958684497 -0.0086405443207634 0.0456665692052074 0.482353 0.337255 0.109804
vn 0.0001611571253489 0.0000042617976853 -0.0010358507994120
v -0.0187441000279077 -0.0210103108455175 0.0468006893804606 0.490196 0.349020 0.113725
vn -0.0000646337098911 0.0000280715025152 -0.0011481893885675
v -0.0384918734979816 -0.0184531696397171 0.0448220023249291 0.470588 0.329412 0.105882
vn -0.0000341947292471 -0.0002524292160118 0.0007849742301998
v 0.0731076756874547 -0.0141423881044024 0.0137567887148773 0.482353 0.337255 0.105882
vn -0.0004071922972206 -0.0002215213706555 0.0008130998570288
v 0.0604947680599450 -0.0133024110056983 0.0102904137950678 0.486275 0.345098 0.117647
vn -0.0001453959663439 -0.0000410795571199 0.0008093956123226
v 0.0690897394954567 -0.0242004748256383 0.0086942130947808 0.478431 0.329412 0.113725
vn -0.0000158017726774 0.0005894597255692 0.0007512980905227
v -0.0038076848576810 -0.0116977313758792 0.1684407787773620 0.862745 0.674510 0.368627
vn -0.0000323514638195 0.0001880832905865 0.0004903875140664
v 0.0033704883611852 -0.0045407343318457 0.1629196275356437 0.545098 0.376471 0.149020
vn -0.0000217086904652 0.0001468279625283 0.0012314407334085
v -0.0096221496269085 -0.0013447230132765 0.1629767960991703 0.560784 0.400000 0.164706
vn -0.0000670567994367 -0.0001777252353463 -0.0010270644935977
v -0.0523186170758094 -0.1300647492293135 0.0488858725747713 0.513725 0.384314 0.145098
vn 0.0000639814296234 -0.0001376208107058 -0.0008777854601402
v -0.0401452209435285 -0.1277493209736301 0.0481466696417361 0.470588 0.345098 0.109804
vn 0.0000592667350274 -0.0003376383205607 -0.0012563331858281
v -0.0444154371715553 -0.1470163288100224 0.0493193961988514 0.372549 0.278431 0.062745
vn -0.0003989461074258 -0.0003261471440214 -0.0005129950559630
v 0.0702498875846344 -0.0550073888013441 0.0072475882217597 0.545098 0.403922 0.164706
vn -0.0003168773889231 -0.0000032329905742 0.0002855350302541
v 0.0673548293252541 -0.0516357786667411 0.0140252823431428 0.431373 0.305882 0.098039
vn -0.0005208660246636 -0.0000288453390504 0.0005761918675112
v 0.0643313200305931 -0.0388059527523277 0.0110059966900322 0.419608 0.290196 0.090196
vn 0.0000478104600114 0.0009061206808275 0.0013336880600625
v 0.0121659133982783 -0.0101949629763371 0.1678086034340266 0.886275 0.709804 0.392157
vn 0.0000125220186387 0.0007981414548405 0.0009843258327072
v 0.0027847058630917 -0.0227530339015457 0.1787069420874767 0.878431 0.690196 0.384314
vn -0.0005423831894320 0.0000263385294397 -0.0007938911271724
v -0.0960816499102726 -0.0483936875481499 0.0704572898805744 0.482353 0.333333 0.101961
vn -0.0002909426888010 0.0000616184752046 -0.0006442944183280
v -0.0896699026974774 -0.0385862853760107 0.0695785722382215 0.447059 0.298039 0.090196
vn -0.0004506995333106 0.0000825541569895 -0.0009409588653490
v -0.0829729909780823 -0.0488197373907318 0.0662839660647711 0.517647 0.360784 0.121569
vn -0.0004828732390494 -0.0001372782950655 -0.0010185558431970
v -0.0809707525869717 -0.0361491920017291 0.0620650412692448 0.537255 0.384314 0.145098
vn 0.0002062716728803 0.0001427043109055 -0.0014926000012171
v 0.0624246150199646 0.0418362588119121 0.0569073993948922 0.509804 0.356863 0.117647
vn 0.0001428913080905 0.0000195274421408 -0.0008902753722430
v 0.0771018187553076 0.0331796511328771 0.0577634352296013 0.486275 0.337255 0.101961
vn -0.0001104812739990 0.0006998122213828 0.0001517365834151
v -0.0196078956402826 0.1105599035529368 0.1274371217260031 0.764706 0.572549 0.290196
vn -0.0000868002356520 0.0008076092343405 0.0001466540678334
v -0.0131693653120465 0.1131393288665085 0.1192716760552652 0.780392 0.588235 0.301961
vn -0.0001661410803741 0.0011043176954555 0.0002114620680002
v -0.0292188496973737 0.1112717906356821 0.1164766872520459 0.760784 0.568627 0.286275
vn 0.0000983861739966 -0.0002220089977058 0.0010748198256431
v 0.0314807868160747 -0.0971073413673881 0.1819307045685284 0.435294 0.321569 0.090196
vn 0.0001005983198428 -0.0001544356714978 0.0007491038694601
v 0.0432518343414035 -0.0988793541478906 0.1802914225963933 0.435294 0.317647 0.090196
vn 0.0001136548088142 -0.0000770020253686 0.0008240877557740
v 0.0426974727977498 -0.0880508243488372 0.1823968446444416 0.458824 0.337255 0.098039
vn 0.0009176025856442 0.0000001596636222 0.0006416141212226
v 0.0942111844123318 -0.0539175229375773 0.1383587727865759 0.470588 0.329412 0.101961
vn 0.0006840198126592 0.0000358084744470 0.0002855495336327
v 0.0978194586642975 -0.0624961418154425 0.1310709160274922 0.517647 0.360784 0.117647
vn 0.0012055056466131 0.0000141553297525 0.0004008514798049
v 0.1001325767244234 -0.0522974151969007 0.1212280392898535 0.525490 0.368627 0.125490
vn -0.0001543059765702 0.0002597433730542 -0.0011986854375626
v -0.0252019828741626 0.0602376980304089 0.0548351118436237 0.650980 0.478431 0.215686
vn -0.0000497035533985 0.0003108048792156 -0.0007850748426017
v -0.0347956424226986 0.0672034606515858 0.0580155608890492 0.619608 0.450980 0.184314
vn -0.0001366925011345 0.0003100066324641 -0.0007722374161510
v -0.0243850413429334 0.0755711852345060 0.0611325439838380 0.619608 0.443137 0.184314
vn 0.0000344840792265 0.0002948013308314 -0.0010104725631173
v -0.0153701808690099 0.0700923518408512 0.0570414555039706 0.619608 0.454902 0.192157
vn 0.0002048983757506 -0.0004306906453962 0.0010666899889810
v 0.0569716898452809 -0.1221440823337830 0.1733406109569320 0.435294 0.325490 0.101961
vn 0.0001654185031791 -0.0002341452773569 0.0010365598136074
v 0.0501660453255324 -0.1127470519513218 0.1763475976287314 0.443137 0.333333 0.101961
vn 0.0001071234606779 -0.0005122319198915 0.0012121703964498
v 0.0398021902859460 -0.1256906952522595 0.1736856298240437 0.415686 0.313725 0.094118
vn 0.0000470150945631 0.0003782213271566 0.0008416868034065
v 0.0014183937799473 -0.0336669206641455 0.1866488414200715 0.862745 0.678431 0.360784
vn 0.0000481595070524 0.0004839311252487 0.0009895979928111
v 0.0142487950079676 -0.0335651229307820 0.1856680192593173 0.850980 0.662745 0.341176
vn 0.0001097884242646 -0.0001858517369951 0.0011516225383158
v 0.0111737792875228 -0.0829037710432227 0.1862044044685599 0.466667 0.341176 0.101961
vn 0.0000520367339576 -0.0000280122890385 0.0008076771332153
v 0.0125949741658069 -0.0699549862718077 0.1878335100728842 0.509804 0.376471 0.129412
vn 0.0000560057314478 -0.0000535704480510 0.0008988963215214
v 0.0022727106862091 -0.0755109841440808 0.1881041893478019 0.486275 0.356863 0.113725
vn -0.0002776115592294 0.0000187606021311 0.0000967017748627
v -0.0762913242100860 0.1168171235263105 0.0398646963771987 0.674510 0.486275 0.235294
vn -0.0004923403271802 0.0002446854753668 -0.0004501430276212
v -0.0744408356210376 0.1246224556207189 0.0372150911662261 0.772549 0.580392 0.313725
vn 0.0004067773086342 -0.0000780866160406 0.0000001676567403
v -0.0403298270253181 0.0851696128516532 0.0168127492367774 0.627451 0.450980 0.219608
vn 0.0003212420771795 -0.0001950816625054 0.0005083245655785
v -0.0422166089087470 0.0950862386486882 0.0241897501855745 0.439216 0.290196 0.090196
vn 0.0002428797451076 -0.0001609874188375 0.0005101216035560
v -0.0458020460383459 0.0832258137633915 0.0223903381495564 0.415686 0.266667 0.070588
vn 0.0000228245346950 -0.0002271008836535 -0.0008199607834979
v -0.0437642357528672 -0.1177036833607187 0.0449341320054945 0.380392 0.274510 0.058824
vn -0.0001349634231080 -0.0001629196438576 -0.0008146362746851
v -0.0544864369471034 -0.1147974761459566 0.0439745162075798 0.376471 0.266667 0.058824
vn -0.0000773149713158 -0.0001010769679581 -0.0008313128486135
v -0.0477432432183689 -0.1060809344492237 0.0430443777013044 0.388235 0.270588 0.062745
vn -0.0001654960710272 0.0002506423471439 0.0004983276476573
v -0.0899865549714259 -0.0633929638924822 0.0212608425081772 0.466667 0.321569 0.101961
vn -0.0003833137153913 0.0000034958912983 -0.0006467879821749
v -0.0901038353728439 -0.0658031330563396 0.0135403247765189 0.541176 0.384314 0.141176
vn -0.0000314420247398 0.0000123431446040 -0.0010032364558272
v -0.0717848929057180 -0.0223392698751440 -0.0024293023901228 0.576471 0.400000 0.192157
vn -0.0003944711314031 -0.0002010777080241 -0.0006423644861369
v -0.0799931198061470 -0.0358333849202538 -0.0004151719635166 0.360784 0.341176 0.325490
vn -0.0001938210769073 0.0000167051147902 -0.0002511611627966
v -0.0824211907128994 -0.0269955987466442 -0.0000303544362981 0.196078 0.105882 0.011765
vn -0.0005311079188572 0.0001170088216021 -0.0003355147793707
v -0.0809344845141795 0.0582086573751709 0.0204109865805419 0.713725 0.521569 0.270588
vn -0.0006386876639733 0.0003305458515023 -0.0012399562906990
v -0.0691052953007987 0.0676831885906264 0.0162425453271864 0.533333 0.349020 0.149020
vn -0.0005595632781696 0.0002562545580724 -0.0010423169434573
v -0.0754669895943734 0.0509199982015647 0.0140101370756324 0.682353 0.498039 0.254902
vn 0.0006928217261322 0.0008684171124353 0.0001130185381180
v 0.0758306682899867 0.0922984058849225 0.1192522525008593 0.564706 0.392157 0.149020
vn 0.0003960072783224 0.0006325180862459 0.0001603984743107
v 0.0706009967708873 0.0976398483487817 0.1085646482926442 0.674510 0.498039 0.231373
vn 0.0006577306796985 0.0011793493411950 0.0001169778598213
v 0.0608920452429704 0.1022778537840990 0.1136023677967122 0.631373 0.454902 0.200000
vn -0.0000288361256251 0.0011783458737744 0.0003003879533630
v -0.0129771267394541 0.1163660828543950 0.0960694290836481 0.760784 0.564706 0.278431
vn -0.0000367607889048 0.0008828907727065 0.0001260244572460
v -0.0048166243144905 0.1148237916808447 0.1126556431508520 0.827451 0.631373 0.341176
vn 0.0000127157129847 0.0009989941569227 0.0000491422371573
v -0.0001290827283937 0.1166354365272389 0.1007322248719997 0.811765 0.615686 0.325490
vn -0.0007546828534250 0.0005534420245931 -0.0008238500990725
v -0.0963980343385451 -0.0841337951903378 0.0673986739186484 0.474510 0.337255 0.101961
vn -0.0003762458483003 0.0001316835727948 -0.0006400909097539
v -0.0894435348452564 -0.0730545344688181 0.0659834841436021 0.541176 0.388235 0.129412
vn -0.0008186967950615 0.0001893863392498 -0.0011833105146143
v -0.0823740239437537 -0.0782174618556795 0.0578259441356318 0.454902 0.317647 0.090196
vn 0.0000274824733245 0.0000216366021858 -0.0008811225745881
v 0.0277236054309786 -0.0894425780713153 0.0355503597952621 0.482353 0.345098 0.109804
vn 0.0001777259849191 -0.0002431949149777 -0.0012258573119630
v 0.0269302653959988 -0.1049696955702132 0.0378608446147231 0.380392 0.266667 0.054902
vn 0.0000417551041250 -0.0000751263574266 -0.0008564176587083
v 0.0363836120781895 -0.0962417717557137 0.0358061338842125 0.470588 0.345098 0.113725
vn 0.0000157298039615 -0.0012454649521522 0.0002191134114788
v -0.0461909163876087 -0.1615382503662214 0.1223885018677312 0.286275 0.219608 0.039216
vn 0.0000096176153044 -0.0012622562287589 -0.0000485342989698
v -0.0555595871304037 -0.1623938422648107 0.1034590993795906 0.298039 0.223529 0.043137
vn 0.0002976237386560 -0.0003038674809125 -0.0006512218316459
v -0.0615753891472078 -0.0380587963566147 0.0006806992559783 0.364706 0.349020 0.337255
vn 0.0004101563820113 -0.0001823997408136 -0.0000800660360425
v -0.0675951130179031 -0.0531665969135867 0.0087525326183451 0.529412 0.384314 0.145098
vn -0.0000341643610983 -0.0002276374645318 -0.0005494773691599
v -0.0714756093958675 -0.0522138294075430 0.0060175731293560 0.498039 0.364706 0.125490
vn 0.0001931937650163 -0.0003271738929981 -0.0007629630411339
v -0.0723732235182544 -0.0665228607904252 0.0130740340858552 0.517647 0.372549 0.137255
vn 0.0009083969296922 0.0000500454859995 -0.0003217240601878
v 0.0999476640360700 0.0241760117338204 0.0774521210582983 0.768627 0.588235 0.298039
vn 0.0011370529690391 0.0001133889865693 -0.0007049486321917
v 0.0988734073698042 0.0099818953134033 0.0738380583800637 0.643137 0.466667 0.192157
vn 0.0002077979842765 -0.0001201620846445 0.0010367967945686
v 0.0356870782708300 -0.0655950358539272 0.1852044542859267 0.490196 0.352941 0.113725
vn 0.0001095914055866 -0.0000927168345580 0.0008548657665617
v 0.0241898918370767 -0.0723459101544477 0.1861315749251510 0.494118 0.364706 0.117647
vn 0.0001116115477856 -0.0000521287236929 0.0006447984417643
v 0.0342302503099351 -0.0785158486603693 0.1838929993716299 0.482353 0.352941 0.109804
vn -0.0007304338077544 0.0000907241151408 -0.0005219000347896
v -0.0968410258652787 0.0355954218383786 0.0774935690773147 0.792157 0.611765 0.309804
vn -0.0010538209673022 0.0001507703001906 -0.0010350431850436
v -0.0869370919309680 0.0244762557777369 0.0668582041734424 0.643137 0.458824 0.176471
vn -0.0008217808593065 0.0001060905151690 -0.0004543746298466
v -0.0990983201792315 0.0223394894065956 0.0811690648179101 0.768627 0.580392 0.290196
vn 0.0001181804394089 0.0001352371881197 -0.0008410194226386
v 0.0684771693506053 -0.0137004491587489 0.0005089857904838 0.533333 0.372549 0.145098
vn -0.0006802439084715 0.0002213656380612 0.0001040166731903
v -0.0902791685212221 0.0680070742867057 0.1215617509806531 0.909804 0.721569 0.427451
vn -0.0009204905327397 0.0003671728002949 0.0001249959271096
v -0.0915619915386083 0.0613939232106780 0.1321834575053388 0.901961 0.713725 0.419608
vn -0.0006349287680226 0.0001900750749549 0.0001055523357881
v -0.0871116520997704 0.0724284349973725 0.1323303567462409 0.886275 0.701961 0.400000
vn 0.0001410582026941 0.0002033321603764 -0.0010634450401995
v -0.0139574292805679 0.0551922552284907 0.0538488269534258 0.580392 0.415686 0.160784
vn 0.0002826733189452 0.0002686565643189 -0.0011645320296789
v -0.0016709534343118 0.0621534573694196 0.0580730509098056 0.517647 0.356863 0.117647
vn -0.0012240301675298 -0.0000034867577994 0.0011715516050221
v -0.0911899115861123 -0.1048982248035786 0.1387555209793032 0.458824 0.333333 0.098039
vn -0.0008892618297085 0.0000391354698815 0.0009731115552707
v -0.0938748573648331 -0.1242815662347899 0.1379102606750129 0.443137 0.313725 0.090196
vn -0.0007685275243036 -0.0000165448719016 0.0006786159066704
v -0.0824922876084818 -0.1173273966385288 0.1456067836182353 0.392157 0.266667 0.062745
vn -0.0000402553775791 -0.0000484338601240 -0.0007880781582951
v -0.0148832953521717 -0.1010384831968125 0.0414557764164767 0.415686 0.294118 0.070588
vn -0.0001162048451118 0.0000353236961883 -0.0008341378359261
v -0.0099645413729424 -0.0893501229076320 0.0408772965715792 0.588235 0.431373 0.168627
vn -0.0003170749252934 -0.0002124913913201 -0.0009817396212962
v 0.0000573089385459 -0.1042610466295928 0.0399231461609718 0.443137 0.317647 0.101961
vn -0.0013683818892860 0.0005238652277367 -0.0001085287271392
v -0.0914043664958885 0.0711330595581956 0.0893931438772920 0.929412 0.752941 0.454902
vn -0.0010564883179817 0.0006080143310422 -0.0003099133610873
v -0.0848246921127529 0.0847277934247721 0.0788496894091669 0.870588 0.686275 0.384314
vn -0.0008666765234923 0.0002008796862040 -0.0003558809330928
v -0.0875790150899903 0.0726101243290070 0.0751447256181666 0.729412 0.537255 0.243137
vn 0.0010209111433899 0.0000220246567519 0.0002221577139770
v 0.0824862225655596 -0.0323187522915610 0.1605266883786167 0.549020 0.396078 0.156863
vn 0.0005429121467016 0.0000158847259677 0.0003327070123203
v 0.0798966844729623 -0.0333376495069082 0.1700414361740274 0.541176 0.384314 0.149020
vn 0.0011136359847078 -0.0001435410962998 0.0003230518510062
v 0.0825620343968628 -0.0473762247169524 0.1620593121498090 0.505882 0.360784 0.137255
vn 0.0000617468094563 0.0004543613082462 0.0010550081605678
v -0.0229432523044778 0.0665351107856744 0.1571494892827776 0.874510 0.701961 0.403922
vn 0.0001594739312579 0.0001365433992954 0.0007449134691562
v 0.0707512823530708 0.0405873822354414 0.1504406958021573 0.858824 0.674510 0.384314
vn 0.0001909489797586 0.0002470174337866 0.0008010770376490
v 0.0700397496339422 0.0282217183460809 0.1567588061461743 0.854902 0.674510 0.384314
vn -0.0000561207770564 0.0001744535518666 0.0010765114918902
v -0.0466925644963175 -0.0370322324736573 0.1891807782473136 0.760784 0.572549 0.274510
vn 0.0000400304857340 0.0005524687494900 0.0008376440805464
v -0.0291705022382074 -0.0280710471843262 0.1836833232464190 0.874510 0.690196 0.380392
vn 0.0000852292216574 0.0005794844841674 0.0008096924802163
v -0.0411397559289488 -0.0251346697260559 0.1840689638535482 0.847059 0.666667 0.368627
vn 0.0000710665727570 0.0000620787285553 0.0014505535970885
v 0.0073858740251870 0.0062626458940033 0.1622907061197708 0.623529 0.458824 0.207843
vn 0.0002304419155434 0.0001948344422600 -0.0006672992816320
v 0.0558665275462901 0.0866331633796959 0.0144986002164948 0.611765 0.423529 0.196078
vn -0.0006258688073429 0.0000674222553114 -0.0006393694372873
v -0.1019546808631663 -0.0687758296015428 0.0724593239918195 0.474510 0.329412 0.098039
vn -0.0007521317236070 0.0001072463627360 -0.0004789116551207
v -0.1045055540685876 -0.0809751660757520 0.0769280162159349 0.505882 0.360784 0.117647
vn -0.0008625592988684 0.0000416317225101 -0.0002720949013201
v -0.1073925062530973 -0.0675072479718339 0.0834186040143773 0.505882 0.364706 0.117647
vn -0.0003700923147301 -0.0002543523918426 0.0008917994243473
v -0.0671189594874704 -0.1248463412382313 0.1753484327201322 0.603922 0.462745 0.200000
vn -0.0000703185231648 0.0005143214515505 0.0005722872977873
v -0.0151884419859271 -0.0121022032539474 0.1678335569851169 0.835294 0.650980 0.345098
vn -0.0000048513987772 0.0005474826074268 0.0005905766735178
v -0.0177999491330206 -0.0242196404263766 0.1808706282335211 0.862745 0.686275 0.372549
vn 0.0000000620915104 0.0004302558230266 0.0004476024950729
v -0.0096458907012218 -0.0207653712358634 0.1764633700225005 0.835294 0.643137 0.345098
vn -0.0004984476446131 0.0001938482223561 -0.0007973095120200
v -0.0561536576806814 -0.0307836208507430 0.0488861767890277 0.556863 0.396078 0.152941
vn -0.0001119159817584 0.0000542103894818 -0.0010825245975731
v -0.0412526524579049 -0.0319040126397949 0.0447926099881830 0.450980 0.313725 0.094118
vn -0.0002127869413072 0.0000733906390144 -0.0010047801951502
v -0.0497650904753784 -0.0415427656277747 0.0451096378875736 0.513725 0.368627 0.133333
vn 0.0010447959031257 -0.0000048802124528 0.0001731386153240
v 0.1037710311389529 -0.0046338649314898 0.1115938725663343 0.572549 0.411765 0.172549
vn 0.0012293439059904 0.0000693246057309 0.0000568809559689
v 0.1059848082384245 -0.0118397087135632 0.1003299225198928 0.580392 0.419608 0.172549
vn -0.0004979774009829 -0.0000785008646749 -0.0007778068446159
v -0.0873345092623476 -0.0271534773611817 0.0709586529536378 0.615686 0.443137 0.176471
vn -0.0008665302085067 0.0000876372648534 -0.0008873775834698
v -0.1009710260937718 -0.0301429442436615 0.0733303835823477 0.576471 0.407843 0.164706
vn 0.0000671253118986 0.0001455340837791 0.0006947123601780
v 0.0287122830814983 0.0664584459215936 0.1550253690027450 0.909804 0.741176 0.435294
vn 0.0000358009925879 0.0001456225904635 0.0006599447606400
v 0.0174410259942049 0.0674881042719762 0.1555520262616703 0.905882 0.729412 0.435294
vn -0.0000541605004800 -0.0002251833155600 0.0008261743617823
v -0.0786418903021627 0.0611376941458760 0.0275534843992649 0.556863 0.384314 0.149020
vn 0.0003454550036765 -0.0002477014778462 0.0009131925857731
v -0.0610059380750375 0.0618599902726284 0.0222560553099138 0.396078 0.254902 0.062745
vn 0.0004707040188163 -0.0003577035519729 0.0011675789353546
v -0.0674020442043348 0.0752798375958102 0.0299960892121672 0.423529 0.282353 0.078431
vn 0.0005356758504560 -0.0002915253606532 0.0010974709303650
v -0.0561618173157089 0.0744144519890332 0.0226418638834155 0.454902 0.309804 0.101961
vn -0.0000018046123054 -0.0009441151921695 -0.0001972480708036
v -0.0131287552951783 -0.1604680426264418 0.0766446475270445 0.301961 0.227451 0.039216
vn 0.0000258411617263 -0.0007009748457341 -0.0000475936547866
v -0.0059424317047795 -0.1607504799859318 0.0859039705529916 0.294118 0.219608 0.039216
vn -0.0000015614292504 -0.0011235477414552 -0.0000587968241764
v -0.0149963458030886 -0.1617508811911541 0.0913609897920022 0.305882 0.235294 0.047059
vn -0.0000424115453448 -0.0007956870569286 -0.0001802783047946
v -0.0018330845690855 -0.1601845970193019 0.0711710928291126 0.235294 0.176471 0.023529
vn 0.0001324533551467 -0.0001974096566222 0.0007348306477496
v 0.0792807736340770 0.0697269616695100 0.0332623957153708 0.509804 0.352941 0.125490
vn 0.0001077683584922 -0.0001547678217634 0.0010753879974247
v 0.0241701242981277 -0.0846926070262268 0.1846252035907048 0.454902 0.329412 0.094118
vn 0.0001081932367727 -0.0002864791013638 0.0012950738620307
v 0.0178398107116645 -0.1017904518008946 0.1821406547427838 0.439216 0.329412 0.094118
vn -0.0000037737154543 0.0001324311477609 -0.0007912751176972
v 0.0156787998511668 0.1096979681467219 0.0781137076120426 0.674510 0.478431 0.235294
vn 0.0000564769941858 0.0003226783336748 -0.0004422184921583
v 0.0082934424250899 0.1009149496509292 0.0731842039156178 0.662745 0.474510 0.200000
vn 0.0000192075585925 0.0006833917606033 -0.0010096368186227
v -0.0011513550505377 0.1071326760026339 0.0764398608298076 0.600000 0.407843 0.160784
vn -0.0007981256310939 -0.0000232174287058 0.0008835269787055
v -0.0938465190840565 -0.0857063259907935 0.1386018389829237 0.552941 0.415686 0.160784
vn -0.0008335851221156 0.0000540232979117 0.0006660307290605
v -0.0814065008949102 -0.0932852206977948 0.1472811616556091 0.501961 0.352941 0.113725
vn -0.0003708431952023 -0.0000107599992876 0.0003611311986669
v -0.0809337675975031 -0.0824334633929615 0.1464628924392857 0.466667 0.325490 0.094118
vn 0.0007813969491764 -0.0000455107136774 0.0003090585713890
v 0.0822176811232483 -0.0212568002858999 0.1573747886683520 0.623529 0.450980 0.192157
vn 0.0002132341975555 0.0002740956299537 0.0001834559513447
v 0.0801285341857006 -0.0162051292550072 0.1636686708895514 0.772549 0.596078 0.290196
vn 0.0006619777034221 0.0001233242811006 -0.0007026571842843
v 0.0965399441789771 -0.0778391564611518 0.0661816628521490 0.443137 0.305882 0.090196
vn -0.0012956880997988 0.0001403792191928 -0.0001639015820388
v -0.1035456411042542 0.0153129199236334 0.0923571410192011 0.721569 0.541176 0.262745
vn 0.0000430513885171 -0.0006981389758015 -0.0000433862401551
v 0.0377840898881651 -0.1598719153206717 0.0970933398343715 0.305882 0.227451 0.043137
vn -0.0000241259931272 -0.0009704918506447 -0.0000840132766108
v 0.0469091099146230 -0.1616924743986621 0.1043991626754471 0.317647 0.243137 0.047059
vn 0.0012726823404557 0.0001033740669105 -0.0002583469320515
v 0.1032922515159435 -0.0029745531477922 0.0842402252656341 0.639216 0.466667 0.211765
vn -0.0001225680628037 -0.0006260433073555 0.0003973978207222
v -0.0644474662438290 -0.1352737691519056 0.1682729244539296 0.388235 0.294118 0.090196
vn 0.0002509994549020 0.0000931312854730 -0.0011819615244211
v 0.0445035467700693 -0.0804439943674504 0.0363700467442248 0.443137 0.309804 0.090196
vn -0.0001339625002554 -0.0001583408268900 -0.0006530759892545
v 0.0188843646289196 0.1208578645357682 0.0756051097905906 0.623529 0.427451 0.203922
vn 0.0005406988689666 0.0001388899088375 0.0007574735673928
v 0.0904029195228470 0.0084729815063173 0.1405914484018017 0.850980 0.666667 0.364706
vn 0.0004694335919903 -0.0000476623287357 0.0008052743682539
v 0.0871937670739962 0.0228170975235275 0.1407085820572108 0.752941 0.568627 0.286275
vn 0.0005797557922824 0.0001168625723479 0.0006098403723460
v 0.0817786123196374 0.0156582437522489 0.1474305513078625 0.572549 0.415686 0.172549
vn -0.0010150426188996 0.0000464777916201 0.0002380837807882
v -0.1085238237173625 -0.0760796487839752 0.1054357729038949 0.490196 0.349020 0.105882
vn -0.0013168642657915 0.0001297703847527 0.0001328907595458
v -0.1086177532034939 -0.0642432532657319 0.0991102055036075 0.568627 0.400000 0.152941
vn 0.0006904148060576 0.0005928816534053 0.0000348903161168
v 0.0830377669284271 0.0924100609806404 0.0903326621753635 0.709804 0.529412 0.254902
vn 0.0005169838359471 0.0007178835798768 -0.0002759162060587
v 0.0774079723190112 0.0970720743013272 0.0814743328760975 0.627451 0.447059 0.188235
vn 0.0004502634232196 0.0006748018236560 0.0000754642573800
v 0.0745248688654023 0.0996905051987796 0.0921296058487232 0.607843 0.431373 0.180392
vn -0.0000074494639931 -0.0005550306344992 -0.0005896512392045
v 0.0475550988714228 -0.1530740011313520 0.0639775790289289 0.196078 0.160784 0.015686
vn -0.0000436810925152 -0.0006314366902628 -0.0002970866272280
v 0.0571090147472493 -0.1593839683885509 0.0694411105484641 0.235294 0.184314 0.023529
vn 0.0000181576210463 -0.0006435660133547 -0.0001641965827659
v 0.0460102976938832 -0.1595854429695042 0.0690769436102009 0.219608 0.172549 0.019608
vn -0.0001596900292628 -0.0001592666990499 -0.0010734794458911
v 0.0315452563821553 0.1150457303743769 0.0736222008326635 0.572549 0.396078 0.156863
vn -0.0010317374616048 0.0000844143832810 0.0006282167433331
v -0.1010754531945920 -0.1166734675920426 0.1289210929404420 0.572549 0.411765 0.156863
vn -0.0012746113016123 0.0000008025532308 0.0003631809322175
v -0.1060955360575924 -0.1263446955611987 0.1177138879807114 0.466667 0.333333 0.101961
vn -0.0011362144963972 -0.0000290031803505 0.0008213974022661
v -0.1006207862840506 -0.1368712676979623 0.1310213991430297 0.588235 0.435294 0.176471
vn 0.0000126377647953 -0.0001733789072506 -0.0008442676526472
v 0.0381576163264687 -0.1074004560816891 0.0378795437029149 0.380392 0.270588 0.062745
vn -0.0001047459475505 0.0009957130228435 0.0001294541512260
v -0.0317382736336564 0.1076528889498590 0.1308952575930503 0.776471 0.584314 0.301961
vn 0.0001184616705039 0.0001115667738158 -0.0010776042246986
v -0.0612117152640174 -0.0110190899932127 0.0001449742771516 0.580392 0.407843 0.176471
vn -0.0004988754560647 0.0001831997621931 -0.0008225573668943
v -0.0794443782933549 -0.0133164531028577 0.0006589999218823 0.458824 0.450980 0.447059
vn -0.0002627385161502 0.0001877846324297 -0.0011832069771582
v -0.0712682023411862 0.0018426478920415 0.0021651275020859 0.549020 0.380392 0.152941
vn 0.0004684371740195 -0.0003146345519609 0.0010335025360004
v -0.0540018061474066 0.0916614378026318 0.0264133897095659 0.447059 0.305882 0.098039
vn -0.0003333964791760 -0.0010638080454182 0.0001646825735652
v -0.0898695796126130 -0.1601178644362092 0.1257740867228635 0.219608 0.164706 0.019608
vn -0.0000999353609154 -0.0007519200912225 0.0005125365631363
v -0.0802733037490912 -0.1567640524056717 0.1383709129311655 0.247059 0.188235 0.039216
vn -0.0001111124921669 0.0002273249678344 0.0009273249495711
v 0.0003050183126624 0.0838427202426606 0.1516599002553181 0.890196 0.717647 0.423529
vn -0.0000218771612669 0.0003201743025744 0.0009220256151644
v -0.0065455346146500 0.0704313265887297 0.1544653701198539 0.921569 0.749020 0.447059
vn 0.0000231262841706 0.0003437531893235 0.0013384422693565
v 0.0061658515529320 0.0652800189851920 0.1566993545533718 0.894118 0.721569 0.427451
vn -0.0003511363138946 0.0001551684760183 -0.0009298543837026
v -0.0693683519524867 0.0333457957192555 0.0086796137287119 0.505882 0.329412 0.129412
vn -0.0003079520673104 0.0001315927972186 -0.0007862335120862
v -0.0619671650153802 0.0417184877186623 0.0068766950169484 0.533333 0.349020 0.149020
vn -0.0001144875124121 0.0001461038150765 -0.0008812291622867
v -0.0540120480237664 0.0272245492351740 0.0015017741124315 0.631373 0.443137 0.207843
vn -0.0007905799058056 0.0002243980802250 0.0002394166588489
v -0.0954667885330755 0.0507257477973076 0.1375818503519566 0.874510 0.698039 0.396078
vn -0.0003089548221524 0.0000294111279559 0.0002570278462993
v -0.0965676356079168 0.0397236053689949 0.1401486473353409 0.772549 0.588235 0.309804
vn -0.0002437788792075 0.0000459672839836 0.0009241880485895
v -0.0904626204436529 0.0475648809916340 0.1425384749373198 0.647059 0.474510 0.211765
vn 0.0000804652775557 -0.0001980653632124 0.0005203357451218
v -0.0683982656489345 0.1020404481524966 0.0379431187234324 0.411765 0.266667 0.066667
vn -0.0000351999323216 -0.0001514976287243 0.0004398850767600
v -0.0728095960163706 0.1111443542247939 0.0411661844561456 0.494118 0.329412 0.113725
vn -0.0001643442150041 -0.0000449004212643 0.0001616076399486
v -0.0771225846324550 0.1079576100221431 0.0373770480444742 0.615686 0.435294 0.188235
vn -0.0011090891371753 -0.0002571971930320 0.0001537712260360
v -0.1062471732333531 -0.1413623830056192 0.1085701167420953 0.403922 0.294118 0.074510
vn -0.0005462865232770 -0.0000417330519433 0.0001452499351853
v -0.1050811187306971 -0.1383766096807784 0.1213517045314342 0.494118 0.360784 0.121569
vn -0.0000042781367862 0.0001559368688663 0.0008213990381594
v -0.0272945495116451 -0.0387336465372748 0.1895844961446518 0.831373 0.643137 0.333333
vn -0.0001240305851536 -0.0001052945437587 0.0012436157785958
v -0.0368265746447031 -0.0489137238461271 0.1878744277006526 0.478431 0.341176 0.121569
vn -0.0001348752961079 -0.0005599989189205 -0.0004340017566234
v -0.0905737888323803 -0.1591629449981634 0.0647185662853503 0.231373 0.172549 0.027451
vn -0.0007146887195189 -0.0002552607941181 -0.0008475560370314
v -0.1015643500653127 -0.1467529980702409 0.0591988043723194 0.415686 0.301961 0.086275
vn -0.0007843823158467 -0.0002265080297762 -0.0001744298961088
v -0.1076702679512611 -0.1455899219333057 0.0706193581147657 0.388235 0.282353 0.070588
vn 0.0001955471984444 -0.0001737099150115 -0.0007295879610144
v 0.0541280464162065 0.1143206452144428 0.0735329070505309 0.596078 0.427451 0.180392
vn 0.0002758414187382 0.0002084384317645 -0.0006217045808804
v 0.0581196114840620 0.1013167929214288 0.0748736075299170 0.654902 0.466667 0.192157
vn -0.0002917047020187 -0.0003739004919631 -0.0007464612830537
v 0.0938200543398930 -0.1044846400787107 0.0187787902676991 0.443137 0.321569 0.101961
vn 0.0003087670324284 -0.0000750111501555 -0.0005946452345541
v 0.1079378142643306 -0.0995068445495352 0.0191457942262616 0.537255 0.388235 0.141176
vn 0.0000242598947241 -0.0004698729318328 -0.0002548975618589
v 0.1006552032267380 -0.1132715767173350 0.0249148511232943 0.470588 0.341176 0.117647
vn -0.0002593419602934 0.0000746383324799 0.0009550782582841
v -0.0409320260196620 0.0489269957195989 0.1597309020772658 0.729412 0.556863 0.290196
vn 0.0010602918504790 -0.0000476618874534 0.0003395081618150
v 0.0803492948537020 -0.0702709711665198 0.1655715155018798 0.494118 0.349020 0.117647
vn 0.0004945859234038 -0.0000342255389932 0.0004117668340754
v 0.0725240526416753 -0.0640385622892667 0.1814658810757172 0.400000 0.262745 0.121569
vn 0.0008017892303686 -0.0003047377477280 0.0010420238939642
v 0.0723093484115588 -0.0753970972877132 0.1747186363183238 0.462745 0.333333 0.101961
vn 0.0003463921490490 0.0001822699206137 -0.0009015813499977
v 0.0685033357203119 -0.0920752866751450 0.0425352058345383 0.396078 0.278431 0.070588
vn -0.0007209243891663 0.0000677650255879 -0.0001099453596190
v -0.1052957196251667 -0.0201100652553804 0.0898944682365120 0.568627 0.407843 0.160784
vn -0.0012352699096660 0.0000091547736721 0.0000021083330500
v -0.1051528618769944 -0.0093143907931542 0.0991527830423819 0.615686 0.447059 0.192157
vn -0.0001982273431248 -0.0001226645808669 0.0002284602020719
v 0.0138668653475700 0.1438570607913577 0.0932706729637841 0.627451 0.431373 0.215686
vn -0.0001384025492781 -0.0000038232602468 0.0003741563878575
v 0.0198296319957276 0.1347386800208769 0.0923920840304924 0.674510 0.478431 0.247059
vn 0.0003054076577687 0.0001662326352856 0.0000909648724302
v 0.0205617959615966 0.1420186825226452 0.0922069701592069 0.745098 0.549020 0.301961
vn -0.0007154827227225 -0.0000377835437362 0.0004341579083232
v -0.0785658951201349 -0.0515215612247069 0.1527804402603998 0.552941 0.396078 0.149020
vn -0.0009697097179172 -0.0000293058362183 0.0006491118846548
v -0.0782158904484068 -0.0624837301956981 0.1527404148420054 0.447059 0.309804 0.090196
vn -0.0001044466688213 -0.0000362548880275 -0.0007740276081638
v -0.0503865533137219 -0.0954851175132288 0.0417141247179933 0.478431 0.345098 0.109804
vn -0.0000764385391208 0.0000967541447475 -0.0011469186752001
v -0.0444941238951733 -0.0832514083198405 0.0420499686456949 0.427451 0.298039 0.078431
vn -0.0000427815078584 -0.0000585206820284 -0.0008386778646226
v -0.0390504097488526 -0.0995053014033396 0.0416856805514217 0.403922 0.290196 0.066667
vn 0.0000311806741749 -0.0011106520646830 -0.0000653922704672
v -0.0030268830237284 -0.1618900405997739 0.0977869383878877 0.294118 0.215686 0.043137
vn -0.0000086349114514 -0.0014140397757709 0.0000085343325005
v -0.0165201501379097 -0.1623138504996523 0.1098371297459991 0.298039 0.227451 0.047059
vn -0.0007112704276961 -0.0000672454163695 0.0007561410177351
v -0.0866249021412241 -0.0725550592150595 0.1425400811963020 0.435294 0.298039 0.082353
vn -0.0010761335534950 -0.0000035152922439 0.0005142770047400
v -0.0774682598513646 -0.0815657398328560 0.1555439329155404 0.482353 0.341176 0.101961
vn -0.0005354689734918 0.0000034972576723 0.0000684012881935
v -0.0830588842388104 -0.0272496535398585 0.0059442399005043 0.227451 0.117647 0.019608
vn 0.0010904850826782 0.0000752638984117 0.0003497098425919
v 0.1060817904340076 -0.0636734006670401 0.1081033938515440 0.533333 0.384314 0.129412
vn 0.0010976134887512 -0.0000622020052497 0.0003188915324358
v 0.1043649468930677 -0.0509050025107667 0.1059970935259415 0.568627 0.407843 0.149020
vn -0.0001206980806584 0.0001669292666753 0.0009332866633987
v -0.0577457258589814 0.0023518344428020 0.1608313979599777 0.560784 0.400000 0.168627
vn 0.0012409590982624 -0.0000589260396212 -0.0004602339207104
v 0.1084344477738913 -0.0478307329727501 0.0819333827762788 0.478431 0.333333 0.098039
vn 0.0007585074076598 0.0000458329189112 -0.0006923492605497
v 0.1018136001405663 -0.0638062115986903 0.0703410100621913 0.498039 0.356863 0.113725
vn 0.0006110950424638 0.0000200762154541 -0.0007055960901777
v 0.0992815494127558 -0.0512872538482542 0.0697906372558896 0.509804 0.368627 0.121569
vn 0.0015418457321732 0.0000287005356936 0.0002790355988514
v 0.1017577459732169 0.0120684942234920 0.1227859875645364 0.635294 0.470588 0.211765
vn 0.0012068561033421 0.0000633455661392 0.0000176259922378
v 0.1035452357483593 0.0212723574524966 0.1050666765108002 0.694118 0.517647 0.258824
vn 0.0001804468328138 -0.0006636372678114 0.0005303150077817
v -0.0417580891185494 0.1334690863990130 0.0431745692581688 0.494118 0.345098 0.133333
vn 0.0002842921689957 -0.0004175217411751 -0.0000520192899356
v -0.0310461378091145 0.1392541333841511 0.0542605013114577 0.501961 0.333333 0.125490
vn 0.0000692050243961 -0.0009481788409771 -0.0003068917778834
v -0.0396763049373814 0.1387409332431081 0.0546682949083650 0.466667 0.301961 0.113725
vn 0.0012883620213997 -0.0001183108525351 -0.0000325265047033
v 0.1105414829171972 -0.1220016072342298 0.0831817629124986 0.411765 0.298039 0.074510
vn 0.0008776328107840 -0.0001441876195404 -0.0003410757051349
v 0.1073597137934639 -0.1278472337121830 0.0700767053912953 0.529412 0.392157 0.145098
vn 0.0001738484138961 0.0007246183722057 -0.0004041473842985
v -0.0324653782392488 0.1444445696774538 0.0417213142185407 0.890196 0.701961 0.400000
vn 0.0001496903421958 0.0006475153044191 0.0000120022427150
v -0.0343976418995034 0.1484347507235162 0.0535322888581515 0.874510 0.674510 0.384314
vn 0.0002553821646632 0.0000972637267600 -0.0000358049840171
v -0.0284819015148738 0.1451418653300106 0.0518601914732448 0.807843 0.600000 0.325490
vn -0.0001833662897372 -0.0008177848677385 0.0008551136191926
v 0.0476418049369289 0.1316314235985582 0.0419973153446700 0.462745 0.317647 0.129412
vn -0.0003991445928359 -0.0005082537093476 0.0011372193427378
v 0.0582133287721490 0.1187054255908497 0.0369403616128393 0.454902 0.301961 0.094118
vn -0.0003108081099478 -0.0008268529849784 0.0009740648935287
v 0.0653138323321076 0.1307920997680367 0.0466998431662709 0.419608 0.274510 0.078431
vn -0.0000592120775222 -0.0010916739723165 0.0000676126847683
v -0.0665123023311045 -0.1619052837239889 0.1136883736368026 0.298039 0.227451 0.043137
vn 0.0000147138800676 -0.0008180333866446 -0.0000596588438964
v -0.0668164696274108 -0.1622028081956426 0.0993577044460626 0.305882 0.231373 0.047059
vn 0.0000162618109207 0.0001256105071138 0.0012641934686637
v 0.0432673294280924 0.0054090726211500 0.1622255348137185 0.615686 0.458824 0.203922
vn -0.0000497277523661 0.0001458302612413 0.0007342521939764
v 0.0332349215083754 0.0006821651507376 0.1600732802491241 0.474510 0.333333 0.117647
vn 0.0000376640929104 0.0006355347925183 0.0010380162820009
v 0.0396873524931507 -0.0125044320749400 0.1666673669831148 0.843137 0.650980 0.341176
vn 0.0000652743719336 0.0004643938449363 0.0007317457056644
v 0.0278299912004726 -0.0099151996646745 0.1669582011513983 0.890196 0.713725 0.400000
vn 0.0000211039796199 0.0001785047287396 0.0005504436280883
v 0.0750355696771344 -0.0339087486142605 0.0123459407872390 0.447059 0.313725 0.101961
vn -0.0000714731104049 0.0001907916801739 0.0006849073796697
v 0.0763640216571077 -0.0459603257684630 0.0157077257964641 0.443137 0.317647 0.098039
vn 0.0000080398438829 -0.0010517213798833 0.0001787959920738
v 0.0033092532796835 -0.1612478701127023 0.1225056790533509 0.305882 0.235294 0.050980
vn -0.0000055779839571 -0.0011506291655694 0.0002974457615545
v 0.0164821160629161 -0.1599041932205310 0.1296142579092121 0.278431 0.215686 0.047059
vn 0.0000018914188488 -0.0010171891059849 0.0004753795901110
v 0.0049281701418949 -0.1573272715599240 0.1346511517014887 0.239216 0.180392 0.043137
vn 0.0000864770055281 0.0007129457362606 0.0008855952302561
v 0.0289847484334899 -0.0199815476173810 0.1738576194941921 0.788235 0.600000 0.309804
vn 0.0000300869448206 0.0005820380068014 0.0007040833751206
v 0.0403597689720498 -0.0234743719580646 0.1768031049742972 0.874510 0.686275 0.384314
vn 0.0000265078334816 -0.0005707668637685 -0.0005113740134161
v -0.0788116916206505 -0.1555021530281452 0.0630388740971136 0.168627 0.125490 0.011765
vn 0.0000036884222576 -0.0003873420046811 -0.0000932627338491
v -0.0819580791549389 -0.1609245483288312 0.0674067643401006 0.227451 0.176471 0.027451
vn 0.0003764098704457 -0.0000424941804084 0.0002482171877360
v 0.0833848876525250 0.1002330598113904 0.0382205100268093 0.705882 0.541176 0.254902
vn -0.0003920108788320 -0.0002897113719945 0.0010440405897610
v 0.0724298150426817 0.1068188093162469 0.0405502774269129 0.466667 0.317647 0.105882
vn 0.0008418279286494 0.0000340274200747 -0.0000987556568784
v 0.1026369976679968 0.0234056636161599 0.0912453155633853 0.690196 0.513725 0.250980
vn 0.0003709104479491 0.0001072453959377 -0.0005600362567757
v 0.0776303967793403 0.0388525293797287 0.0129740865398693 0.694118 0.517647 0.258824
vn 0.0004260293403811 0.0001834869529287 -0.0009203553478896
v 0.0689025005077955 0.0454499043359280 0.0112656484811564 0.462745 0.298039 0.101961
vn 0.0002675383285508 0.0001252450577043 -0.0004539286185119
v 0.0793043017983457 0.0499673008526997 0.0167383583227647 0.709804 0.525490 0.266667
vn 0.0004099181585514 0.0001773623730329 -0.0007753872608925
v 0.0696403585930104 0.0561713627539780 0.0138010700131697 0.501961 0.325490 0.121569
vn 0.0004331690152907 0.0000637244042360 0.0005229278224413
v 0.0982041879182832 -0.0317870076869366 0.1419533551610636 0.525490 0.384314 0.231373
vn 0.0007368994063432 -0.0000021453286929 0.0001367046988140
v 0.1046080488651348 -0.0326331758742567 0.1328520072188116 0.564706 0.431373 0.286275
vn 0.0003581190842532 0.0001352629336776 -0.0011535187448854
v 0.0521458842233022 0.0074513871971813 0.0516267677487096 0.486275 0.341176 0.105882
vn 0.0002036781260251 0.0001683632921442 -0.0011305186131408
v 0.0405099390813329 0.0138173580990463 0.0489609398767340 0.486275 0.337255 0.113725
vn -0.0003029953829306 0.0003521115452854 0.0003575891512369
v -0.0687035382014522 0.1443497088563952 0.0675581067431128 0.898039 0.721569 0.431373
vn 0.0000696526749140 0.0008357581486101 0.0007702629350609
v -0.0505217489039300 0.1424797259852286 0.0701323377768746 0.843137 0.647059 0.368627
vn -0.0000380887297502 0.0007629305195937 0.0001747888486849
v -0.0601975453200303 0.1490283627903554 0.0603276993118507 0.894118 0.698039 0.407843
vn -0.0011142113024242 0.0003059989947633 0.0000993818677744
v -0.0979063446119921 0.0479296054595944 0.1196676631406576 0.913725 0.733333 0.439216
vn -0.0008501637393890 0.0001238246568391 0.0001252554539877
v -0.0982718186936112 0.0392558605874425 0.1291622364674448 0.800000 0.615686 0.325490
vn 0.0001880582616607 0.0007564798890470 0.0006137094932222
v 0.0316684997215847 0.1390865908364581 0.0713830878622685 0.643137 0.458824 0.203922
vn -0.0000921008524894 0.0007497789489316 0.0006241097137412
v 0.0450645029906098 0.1435349187303531 0.0676106992445768 0.572549 0.396078 0.160784
vn 0.0002320435838569 -0.0000938264166335 0.0006296867987727
v -0.0650134533335194 0.0377071165563729 0.0181473214594893 0.352941 0.227451 0.050980
vn 0.0004530847845869 -0.0001424611472520 0.0007369664227840
v -0.0565544777598452 0.0309225585494689 0.0150273898441665 0.498039 0.345098 0.125490
vn 0.0009201122058923 0.0000831345117474 -0.0001334179624586
v 0.1017396619154387 0.0364044270386441 0.0896273058866318 0.772549 0.596078 0.321569
vn 0.0008810508397480 0.0000754290042969 -0.0000083431162687
v 0.1025952919546537 0.0322664705468883 0.1007123527727536 0.749020 0.568627 0.298039
vn -0.0000897009726786 0.0003151343418063 0.0008830526243507
v -0.0079993709101536 0.0790740400136528 0.1504972525968251 0.898039 0.725490 0.427451
vn -0.0000703538712708 0.0008077749998647 0.0001363880486006
v -0.0075724439632437 0.1117466345182117 0.1297365640836708 0.811765 0.615686 0.333333
vn 0.0006659989377966 -0.0000931020054420 0.0001680751437362
v -0.0489616909499236 0.0240934085631328 0.0070377678760992 0.564706 0.388235 0.172549
vn 0.0004919663991835 -0.0000501262768367 0.0003310218484148
v -0.0517132732912789 0.0119327596211812 0.0081762416601146 0.580392 0.407843 0.176471
vn 0.0003099330792403 -0.0000277240955527 -0.0003921075366419
v -0.0522651569870800 0.0149178943425726 0.0006724652687640 0.690196 0.517647 0.266667
vn 0.0004089295992432 -0.0000661744134237 -0.0002567608389078
v -0.0519820798891556 0.0012638653406263 0.0034018896215114 0.584314 0.411765 0.188235
vn -0.0004379081671472 -0.0001886080542836 0.0001373122206401
v -0.0998224061185538 -0.0419609187174950 0.1272154968405356 0.439216 0.305882 0.094118
vn 0.0000238949063756 -0.0005213551949479 0.0013931167564452
v -0.0298463606421465 -0.1210055199509703 0.1794168764420281 0.462745 0.349020 0.121569
vn -0.0000248078747853 -0.0007659149248230 0.0007771423881084
v -0.0324519099558776 -0.1308695782159617 0.1736753174391702 0.439216 0.333333 0.117647
vn 0.0000179793207493 -0.0005104217929232 0.0006900021691197
v -0.0145769751555089 -0.1305039198208972 0.1738981796100995 0.415686 0.313725 0.098039
vn 0.0008850623606635 0.0000811246888792 -0.0005027934456531
v 0.0985962182220366 0.0409323250136909 0.0780596031537183 0.764706 0.588235 0.301961
vn 0.0007642294766553 0.0001127430359285 -0.0006364692747757
v 0.0950976246357161 0.0257300534710362 0.0737089157016729 0.533333 0.368627 0.125490
vn 0.0000940611374608 -0.0004139198169052 -0.0015056581404114
v 0.0595771910405875 -0.1249186658858228 0.0432613819391378 0.376471 0.270588 0.054902
vn 0.0000624667643354 -0.0002380816467674 -0.0011142947060577
v 0.0488751852365552 -0.1114557020554843 0.0386864216277198 0.407843 0.301961 0.078431
vn 0.0002004670973578 -0.0000812476384347 -0.0010890403831602
v 0.0631625989637166 -0.1059860474718714 0.0396909354539075 0.380392 0.270588 0.058824
vn -0.0009458685078306 -0.0000146063105612 0.0000842230183242
v -0.1117974864701457 -0.1151521422217174 0.0908024591371541 0.443137 0.317647 0.090196
vn -0.0006899590359684 0.0000601240044884 0.0000006644775915
v -0.1117731210548923 -0.1033789992404954 0.0849702048284034 0.447059 0.313725 0.086275
vn -0.0010386832907754 -0.0000123126039342 -0.0001361996382066
v -0.1125714608970019 -0.1121241258790415 0.0766087877960009 0.505882 0.364706 0.133333
vn 0.0003794264814035 0.0001827946713261 -0.0002040870996941
v 0.0140413685763538 0.1497187722100800 0.0772203494018861 0.592157 0.388235 0.184314
vn -0.0001186444959452 -0.0001000873390621 -0.0005257726406181
v 0.0099967005070747 0.1446064008830903 0.0723865504429479 0.623529 0.419608 0.207843
vn 0.0003139698450902 0.0005871892594357 -0.0004317231330805
v 0.0056761757425134 0.1613353588897887 0.0750838572720086 0.647059 0.443137 0.207843
vn 0.0000745240544107 -0.0001620776359632 0.0007525303437985
v 0.0801572143329297 0.0554518428698313 0.0295785478869785 0.549020 0.388235 0.145098
vn -0.0003610182166886 -0.0002316520699847 0.0008596431726711
v 0.0684764529280696 0.0647916183267275 0.0279632164810743 0.517647 0.364706 0.129412
vn -0.0002969773335096 -0.0001642871440966 0.0006694815932323
v 0.0682019184174510 0.0522196650244887 0.0246401333711576 0.525490 0.368627 0.137255
vn -0.0000277440854958 0.0000264209565338 -0.0007912135098511
v -0.0311191955306064 -0.0894929982742862 0.0406453524831068 0.556863 0.403922 0.152941
vn -0.0004953543765526 0.0002785136444799 -0.0012582999879752
v -0.0722320806809258 -0.0942113790449156 0.0509360811908243 0.658824 0.486275 0.215686
vn -0.0003865961065632 0.0001066294705999 -0.0010701566102358
v -0.0571311011389323 -0.0872158209351060 0.0432898976377379 0.521569 0.376471 0.137255
vn -0.0004462211460762 -0.0000774788828942 -0.0014617785459246
v -0.0658754442001986 -0.1038714819007035 0.0460204979813627 0.509804 0.364706 0.125490
vn 0.0001447948892246 0.0009483854492441 0.0001239989901353
v 0.0336417423804806 0.1125514506530735 0.1067060005342286 0.752941 0.560784 0.274510
vn 0.0003175450018821 0.0011528861517306 0.0001335219336890
v 0.0467216517095917 0.1089692578416506 0.1166556908113197 0.607843 0.427451 0.176471
vn 0.0001671994965822 0.0007317740610348 0.0000699164634689
v 0.0438311402213848 0.1109867438629747 0.1030622783839986 0.690196 0.501961 0.227451
vn -0.0000737935206170 -0.0005107198341997 0.0009476578067849
v -0.0716559205908822 0.1265904887515087 0.0467434295372242 0.545098 0.376471 0.141176
vn 0.0003847081647919 -0.0000741686013549 0.0002035355990522
v -0.0629253322315543 -0.0375860436258281 0.0095020323910817 0.474510 0.325490 0.113725
vn -0.0000247642332289 0.0001017007297905 -0.0009088558401154
v 0.0308253587453428 -0.0789073474222658 0.0363738959635241 0.474510 0.329412 0.098039
vn -0.0000825456619064 0.0001428909614777 -0.0007730406037494
v 0.0200244503194677 -0.0788975435695653 0.0379871739998452 0.462745 0.321569 0.090196
vn -0.0003302071643862 0.0003210781405486 0.0003869023404839
v -0.0068494750157841 0.1566049610775161 0.0929639345951043 0.466667 0.298039 0.137255
vn -0.0003281958844906 0.0002203303125801 0.0000845433887402
v -0.0136668072894651 0.1493226517851134 0.0891259202879719 0.756863 0.541176 0.282353
vn 0.0009737407906238 -0.0000178262230914 0.0002074555176288
v 0.1086075393901539 -0.1206136102550524 0.0999803961595244 0.450980 0.329412 0.090196
vn 0.0007150146531648 -0.0001089548116453 0.0001631476772997
v 0.1064437475448913 -0.1360224023168901 0.1027014250509495 0.505882 0.376471 0.125490
vn 0.0002841508464276 -0.0002612248574657 -0.0006267662419388
v 0.0856417903452131 -0.1206455803685811 0.0549479405271595 0.466667 0.333333 0.105882
vn 0.0005429688123008 0.0000102001449591 -0.0009037707340212
v 0.0853807479397701 -0.1382879033485925 0.0519114330637410 0.478431 0.352941 0.113725
vn 0.0004379508371409 -0.0001481326399261 -0.0005588573365806
v 0.0784902822303460 -0.1242499672557810 0.0474493928334882 0.490196 0.364706 0.117647
vn -0.0000052937515561 0.0004772934318208 0.0001225654723357
v 0.0011589761414375 0.1607958964098433 0.0908033777546019 0.631373 0.411765 0.192157
vn -0.0002681156563122 0.0004380050489219 -0.0001282881588490
v -0.0049685084173441 0.1609956517282399 0.0771703359825509 0.654902 0.450980 0.215686
vn 0.0008490105260488 0.0000939057881751 -0.0000008205968425
v 0.1113401653691016 -0.0309207115037873 0.0904147052218449 0.556863 0.388235 0.149020
vn 0.0008331515378288 0.0001500811428957 -0.0003462483229961
v 0.1094642419302938 -0.0305540151604232 0.0800091039867802 0.505882 0.360784 0.117647
vn 0.0010796782923643 0.0002786491856929 -0.0001453648580261
v 0.1040449777150081 -0.0208590399721089 0.0862618431838576 0.768627 0.584314 0.294118
vn 0.0002203288939424 0.0002207350996026 0.0011365351039089
v 0.0580585064064025 0.0350629249843533 0.1551310424235244 0.894118 0.717647 0.415686
vn 0.0002149817467948 0.0001748668940986 0.0014243626703919
v 0.0506314470563153 0.0509307797947463 0.1552001062095177 0.764706 0.596078 0.321569
vn 0.0001676929923518 0.0002124620370551 0.0011890529520057
v 0.0447568812229198 0.0319848792748944 0.1581680116059227 0.862745 0.690196 0.392157
vn 0.0005340873042728 0.0001308914576129 -0.0005259551228559
v 0.0808773238113525 -0.0142482514443277 0.0024511979690107 0.466667 0.423529 0.388235
vn 0.0001673938543457 0.0000269455757490 -0.0007643768845748
v 0.0641734482724118 -0.0030871435207389 0.0001779516834560 0.537255 0.384314 0.141176
vn -0.0006113280842683 0.0001046528048955 0.0010456071839730
v -0.0809411243109950 0.0269770855846803 0.1458888002127756 0.631373 0.474510 0.219608
vn -0.0005340087429238 0.0002586881505282 0.0013788250515174
v -0.0743004791380970 0.0373250435985367 0.1475636992723102 0.933333 0.760784 0.458824
vn -0.0002221700941949 -0.0000019682405815 0.0006334471881221
v -0.0897021431638530 0.0358264163384718 0.1403281049374425 0.525490 0.368627 0.145098
vn -0.0000102676660693 0.0003769920414997 -0.0003635402240766
v -0.0404940954055493 0.1393726096033268 0.0335554117127360 0.847059 0.647059 0.364706
vn 0.0003504301207429 0.0001954247868614 -0.0003546291127174
v -0.0329155014094791 0.1344787601795716 0.0316956177765509 0.796078 0.603922 0.333333
vn 0.0002372373228244 -0.0001186410300497 0.0003632024959446
v 0.0805334593380304 -0.1302096891944879 0.1633997422209850 0.419608 0.309804 0.098039
vn 0.0000456749839506 -0.0007797000418331 0.0005646678970071
v 0.0752474769679911 -0.1361847542554588 0.1592376177162819 0.329412 0.239216 0.066667
vn 0.0005222043923057 -0.0001807289677604 0.0001729599108943
v 0.0837233957275499 -0.1334077679389997 0.1580080370462111 0.384314 0.278431 0.082353
vn 0.0007682411822580 -0.0000106369585166 0.0007421231887894
v 0.0960262529840828 0.0374864961506975 0.1412209174023512 0.717647 0.549020 0.274510
vn 0.0010894134883896 0.0001317375588510 0.0002112166807712
v 0.0992813107904633 0.0381688986300460 0.1267870792056328 0.788235 0.615686 0.325490
vn 0.0006453294494933 0.0001236968566633 0.0003662227777076
v 0.0965346953082787 0.0476116591535801 0.1376266261625277 0.745098 0.564706 0.290196
vn -0.0009254472003212 -0.0002689325432921 0.0007683224691768
v -0.0795207122452203 -0.1316193323245851 0.1505129173968231 0.450980 0.325490 0.109804
vn 0.0002198837717269 0.0003133634494757 0.0002229336547503
v 0.0099021794952034 0.1568265108368908 0.0940480524522350 0.666667 0.458824 0.235294
vn 0.0000209879616365 -0.0008244936690887 0.0006721353718443
v 0.0108311506971145 -0.1481242548097683 0.1489790366893094 0.172549 0.125490 0.011765
vn 0.0000292067491387 -0.0009151098423267 0.0006571813453962
v -0.0022242383070195 -0.1536398598305950 0.1446886084901263 0.207843 0.156863 0.023529
vn 0.0003603244715651 0.0000473764292299 -0.0010316634898930
v 0.0820924468652333 -0.0059561283855249 0.0587767969254998 0.513725 0.364706 0.121569
vn 0.0001826779489594 0.0000288584955823 -0.0008378304092053
v 0.0739571543528474 0.0117989605498593 0.0595758267859672 0.494118 0.341176 0.109804
vn 0.0008051228383829 0.0000353241841609 -0.0011569602806169
v 0.0862450616251950 0.0141518955574441 0.0604014657249710 0.513725 0.356863 0.121569
vn 0.0001870705904815 -0.0003987240400730 -0.0010731285708575
v 0.0757626181574467 -0.1341042489188040 0.0465633247519309 0.470588 0.349020 0.109804
vn -0.0010121852397108 0.0001763824099537 -0.0000289217479512
v -0.1008769568380266 0.0366811499645928 0.0978309700449803 0.839216 0.647059 0.356863
vn -0.0006122296517604 0.0001046288743185 -0.0001357641054948
v -0.0994135697798253 0.0387463489816223 0.0879295886112152 0.827451 0.635294 0.345098
vn -0.0008077980290256 0.0001008331475870 -0.0001432819610683
v -0.1017633588274852 0.0273475753894418 0.0905341656782005 0.776471 0.588235 0.305882
vn -0.0002170582597680 -0.0000215898180427 -0.0006637496630531
v 0.0559609555484574 -0.0040228639615581 -0.0003938272574569 0.635294 0.474510 0.223529
vn 0.0010661662884082 0.0001733976778527 -0.0006730581652429
v 0.1009700354189027 -0.0142956614805954 0.0720849049829044 0.619608 0.447059 0.176471
vn 0.0005236867604708 0.0000215320361439 -0.0006354114053802
v 0.1010362158698011 -0.0268199382239544 0.0715110927846597 0.490196 0.333333 0.101961
vn 0.0006833390691491 -0.0000120157473126 -0.0011542444170368
v 0.0881451873993756 -0.0196296825897489 0.0613663661297035 0.494118 0.349020 0.113725
vn 0.0006764465727295 0.0000704707838383 -0.0001300952427707
v -0.0922000870882549 -0.1036410809491343 0.0421536701174254 0.364706 0.243137 0.058824
vn 0.0001703358273098 -0.0002085564037801 -0.0003540914246307
v -0.0919426943496207 -0.1084601507935392 0.0434649502052584 0.470588 0.337255 0.105882
vn 0.0002801613495008 -0.0005030289104411 -0.0000020529832145
v -0.0977968471250412 -0.1123954731521764 0.0355181193078680 0.478431 0.345098 0.125490
vn 0.0005272551977737 -0.0006849662923174 -0.0004286196464102
v 0.0998879972517460 -0.1528150010576542 0.0642503091685112 0.364706 0.270588 0.070588
vn 0.0002432566230840 -0.0000332217289130 0.0006275562364943
v -0.0596116147239463 0.0056117365545367 0.0134058256439302 0.521569 0.360784 0.125490
vn 0.0004061209452144 -0.0001176738177743 0.0008486578070355
v -0.0597484897356644 0.0182737886402928 0.0137265465558590 0.498039 0.345098 0.121569
vn 0.0000505636749312 -0.0001731923523708 0.0012700233326697
v -0.0739545359551718 0.0095444195581697 0.0170819720629055 0.478431 0.325490 0.101961
vn -0.0001193448969777 0.0000855959618608 -0.0012702033530218
v -0.0709458658859088 0.0039863717306733 0.0574914883378582 0.560784 0.400000 0.152941
vn -0.0003038446159340 -0.0000395961665228 -0.0009191750265417
v -0.0790484587112350 -0.0023423905630813 0.0578270054807557 0.596078 0.423529 0.176471
vn -0.0004899026199908 0.0000638096190580 -0.0007462068131851
v -0.0834554362432762 0.0108094925100596 0.0602728603193963 0.694118 0.501961 0.231373
vn -0.0001629170454164 0.0007315025833725 -0.0003181785632585
v 0.0380700405566137 0.1470651812003927 0.0451228196373563 0.925490 0.729412 0.435294
vn -0.0001177332370105 0.0003883837620225 -0.0004336623912426
v 0.0373912587265244 0.1371252832510489 0.0326207689620291 0.839216 0.647059 0.352941
vn -0.0004039046994288 0.0001181374412203 -0.0001805364151481
v 0.0316625095467657 0.1395672057155005 0.0406885336180058 0.768627 0.568627 0.298039
vn 0.0003162332472159 0.0001229065924429 0.0002691950879479
v 0.0826282659485795 -0.0406456651649859 0.0119780494133122 0.760784 0.603922 0.301961
vn 0.0002850233399428 -0.0000346270761492 -0.0002425758117904
v 0.0832853482635754 -0.0458553769563660 0.0077725522938740 0.603922 0.439216 0.192157
vn -0.0005073082805594 -0.0001610672390959 -0.0007099799138449
v -0.0844092713003665 -0.0510719063171565 0.0088392121886950 0.556863 0.403922 0.152941
vn 0.0003735053978724 0.0008785524673801 0.0003957014950344
v 0.0313605733890823 0.1141555412110529 0.0917892934676060 0.721569 0.521569 0.247059
vn -0.0000743759330872 0.0003860260134079 0.0009313847196157
v -0.0544857720660125 0.1231523202073879 0.0806786519949736 0.635294 0.447059 0.211765
vn 0.0000659301684932 0.0003281433594437 0.0006661186076853
v -0.0503273698701473 0.1333374794828850 0.0771791630697920 0.686275 0.490196 0.239216
vn -0.0001714178614542 0.0002654775725304 0.0005664601674350
v -0.0617127198632275 0.1369856995142508 0.0758162597259936 0.737255 0.545098 0.286275
vn 0.0000391315397018 -0.0002647004158045 0.0006337847007890
v 0.0035405279531016 -0.1232782992987124 0.1767939942461736 0.450980 0.349020 0.109804
vn 0.0000596316488095 -0.0003036527145064 0.0008799748765249
v 0.0136431958228645 -0.1174496823692448 0.1781719107042669 0.439216 0.325490 0.101961
vn 0.0000708554396197 -0.0003057981314897 0.0010876049039431
v 0.0053505759006938 -0.1096418050335401 0.1810363187582470 0.458824 0.345098 0.109804
vn -0.0015100756411192 -0.0001948076621715 -0.0006005350720076
v -0.1080029642216829 -0.1294332664158842 0.0689050011947718 0.501961 0.368627 0.121569
vn -0.0008047865708289 -0.0000834463826918 -0.0001000970706185
v -0.1101213379909430 -0.1237174216690155 0.0794580939364221 0.400000 0.286275 0.070588
vn -0.0010729347200698 -0.0002414354004271 -0.0000768349492131
v -0.1097645049721458 -0.1403638544308995 0.0830707009076661 0.396078 0.286275 0.074510
vn 0.0000047320645246 -0.0008532118424958 -0.0000059397807952
v 0.0501230067916629 -0.1578992487482682 0.0802566328193964 0.317647 0.235294 0.043137
vn -0.0002692001272122 0.0010194178868209 -0.0009614498779858
v -0.0523579915356540 0.1422629711948793 0.0403169872722037 0.929412 0.749020 0.454902
vn -0.0002750284395557 0.0004856979396964 -0.0005771665444104
v -0.0668170228226573 0.1364286662056855 0.0389295851693635 0.796078 0.596078 0.325490
vn -0.0001652453745510 0.0007076623895486 -0.0003463952948177
v -0.0598421114634597 0.1466414353348613 0.0484765407207655 0.929412 0.733333 0.447059
vn -0.0011634674061647 0.0007184229946670 0.0000626132610184
v -0.0866405480823478 0.0817748702816746 0.1045802083081730 0.874510 0.690196 0.396078
vn -0.0007024472921039 0.0007347723749824 0.0001446413354478
v -0.0783630824590184 0.0908679035656833 0.1067949221148422 0.721569 0.537255 0.258824
vn -0.0004955942156588 0.0001175206184452 -0.0011113386936504
v -0.0586046121771620 -0.0557329698545151 0.0476358676840711 0.541176 0.392157 0.145098
vn -0.0000819927688842 0.0000502517447803 -0.0009446087939893
v -0.0472918822166593 -0.0535977839685639 0.0440466584691360 0.443137 0.309804 0.090196
vn -0.0002705729381419 0.0001121806209265 -0.0013116655738609
v -0.0507386336570258 -0.0702170809452185 0.0438388685552132 0.478431 0.345098 0.105882
vn -0.0000220022204457 0.0004406426833428 -0.0010277559643967
v 0.0506072736206150 0.0720582037805186 0.0607821725259141 0.654902 0.466667 0.192157
vn 0.0000416289271454 0.0003651026715719 -0.0008048016738552
v 0.0361403419192156 0.0798725479135249 0.0654169383812251 0.568627 0.396078 0.145098
vn -0.0000435003973118 0.0004586128265626 -0.0011266072721882
v 0.0461020093870216 0.0838901588448778 0.0673291988428633 0.592157 0.419608 0.156863
vn -0.0000889664172001 -0.0007814108052699 -0.0008219926878300
v 0.0446520067766532 -0.1443637469671520 0.0522138941244436 0.364706 0.266667 0.058824
vn 0.0000058565905050 -0.0003907269046814 -0.0006205595938741
v 0.0514330693452369 -0.1378561708748737 0.0475744730121688 0.400000 0.294118 0.074510
vn -0.0000667155328945 -0.0007946571535798 -0.0007702927164705
v 0.0572134377479499 -0.1477469338267968 0.0588841153567713 0.360784 0.266667 0.062745
vn -0.0005657419765952 -0.0002764932413501 0.0008971702844250
v 0.0567340495925949 0.0656403971436568 0.0224344011637055 0.505882 0.352941 0.152941
vn -0.0006102183510318 -0.0002933715007722 0.0011125625325032
v 0.0556098832711720 0.0841119676520817 0.0263636118306256 0.474510 0.329412 0.145098
vn -0.0004834963514412 -0.0001403900129730 0.0003576615307415
v 0.0475245240258849 0.0705078788427248 0.0179345127751122 0.662745 0.490196 0.247059
vn 0.0009187444213898 -0.0000807823228004 0.0006488260008922
v 0.0907782888604608 -0.0944211945149928 0.1387621043542772 0.478431 0.337255 0.105882
vn 0.0009481007747140 -0.0000004112044922 0.0003916360173979
v 0.0821212577102787 -0.0968886429373909 0.1529153761510622 0.639216 0.466667 0.196078
vn 0.0009126815867444 0.0000308049510533 0.0006049456205642
v 0.0878780066654830 -0.1073784577560270 0.1388213099671053 0.423529 0.290196 0.078431
vn 0.0002071070252929 0.0001683791092621 -0.0011745523043080
v 0.0372226971163442 -0.0335390745861409 0.0393592959246957 0.513725 0.364706 0.125490
vn 0.0000806015943472 0.0001189622019472 -0.0006804894010940
v 0.0364165179512892 -0.0190546288335471 0.0412770223338558 0.545098 0.396078 0.149020
vn 0.0003393130281742 0.0001277398737158 -0.0007964773677754
v 0.0461239781160084 -0.0183209679181821 0.0471411729517243 0.458824 0.321569 0.094118
vn 0.0004509425392713 0.0002297001437640 -0.0011433767544188
v 0.0546742442687968 -0.0253849416407946 0.0481453584366486 0.443137 0.313725 0.090196
vn -0.0001312502198825 0.0004699164778165 -0.0005872703323389
v -0.0846716369458168 -0.0920790487594605 0.0586162607513605 0.431373 0.298039 0.078431
vn -0.0001633005908344 0.0007260357821310 -0.0002713359215804
v -0.0980576905566033 -0.0919004640823298 0.0491862586740621 0.686275 0.513725 0.227451
vn 0.0004425800484796 0.0003009809003866 -0.0011642926102764
v 0.0644000517759557 0.0277445265478206 0.0059711705471274 0.482353 0.313725 0.109804
vn -0.0000607906654055 0.0001067961309255 -0.0009294880076136
v 0.0555866729234637 0.0144318003732619 -0.0008698142256510 0.549020 0.384314 0.149020
vn -0.0000422439724163 -0.0006236509157379 -0.0006710560124439
v 0.0339223001511851 -0.1503977630304470 0.0637649726136887 0.337255 0.254902 0.054902
vn -0.0000552850893654 -0.0007908029881367 -0.0010378164506198
v 0.0290109073499366 -0.1366889888372901 0.0492824455635323 0.396078 0.286275 0.066667
vn 0.0001417603427005 -0.0009985340902416 -0.0011002298350662
v 0.0201299857007321 -0.1485916674570707 0.0592637891115231 0.368627 0.274510 0.062745
vn -0.0001493053244430 0.0006880449960601 0.0005309548647613
v -0.0434658581285786 0.1104571197194212 0.0857962280840818 0.686275 0.486275 0.219608
vn -0.0002245696331519 0.0008658062305709 0.0000376736091798
v -0.0470863262550997 0.1104976403050776 0.0967718054352433 0.721569 0.525490 0.250980
vn -0.0003819354075986 0.0011075089666941 0.0005624766737503
v -0.0298612460638865 0.1140599992588933 0.0946743904368016 0.721569 0.525490 0.247059
vn 0.0001632338750343 -0.0001623441508694 -0.0010601643769038
v -0.0296260144648067 -0.1400287662712184 0.0513400227752798 0.403922 0.298039 0.074510
vn 0.0001114127070635 -0.0002838772147725 -0.0005879428971932
v -0.0314934274508004 -0.1499079371550217 0.0522125438968488 0.349020 0.254902 0.050980
vn 0.0001166982365597 0.0000557931337881 -0.0005952656418039
v -0.0514203476825486 0.0405289112464420 0.0029422818153676 0.662745 0.478431 0.235294
vn 0.0007317111954589 -0.0001265302285399 0.0001925370918650
v -0.0465769074295805 0.0445226163923454 0.0086490220612305 0.556863 0.380392 0.164706
vn 0.0008720756242414 -0.0000709900560351 0.0004721396429800
v 0.0854627972501869 -0.0451733408330441 0.1449810922022840 0.415686 0.282353 0.074510
vn 0.0012589104580486 -0.0000524688317430 0.0005887260872494
v 0.0810560118180612 -0.0563700227443400 0.1510688784080313 0.486275 0.345098 0.113725
vn -0.0000991485843442 0.0000663026968748 0.0005857737067817
v -0.0776969749441756 -0.0284561751097923 0.0102043195741481 0.647059 0.466667 0.200000
vn 0.0000183161383105 -0.0003690356804441 -0.0008323020558433
v 0.0150195663107308 -0.1190658500482211 0.0392565663615914 0.380392 0.274510 0.062745
vn 0.0000065723126023 -0.0003538565136334 -0.0006860032716528
v 0.0208545623189224 -0.1290899804917485 0.0447045935852375 0.403922 0.298039 0.082353
vn -0.0002512705548150 -0.0005217442082664 -0.0010064520812807
v 0.0100579557134627 -0.1285497451873591 0.0458822719954705 0.333333 0.239216 0.050980
vn 0.0004368100083975 -0.0000502114346280 -0.0001530099332486
v -0.0540879084112122 -0.0109589001408794 0.0036056677512193 0.639216 0.482353 0.235294
vn 0.0003808171171459 -0.0000701944441429 0.0003594691322674
v -0.0559602434730015 -0.0035513271035745 0.0109233926277596 0.474510 0.325490 0.109804
vn 0.0004911060957408 -0.0000191562595368 0.0005283568790950
v 0.0824705997870911 -0.0282159336127106 0.0077111447398825 0.203922 0.109804 0.011765
vn -0.0001021457597637 0.0002676996992215 0.0005422661297956
v -0.0981384934630168 -0.0833965704889057 0.0267182155695640 0.447059 0.325490 0.094118
vn 0.0001029681717561 0.0001536685665047 0.0007320691272462
v -0.0901700078841905 -0.0745443334609865 0.0250911088280241 0.415686 0.290196 0.078431
vn -0.0001547452824566 0.0001207004486827 0.0001676986990190
v -0.0954452370172077 -0.0740125259469915 0.0239869835422644 0.517647 0.372549 0.137255
vn -0.0015360962518931 0.0001934900821267 0.0001475497303119
v -0.1016919056372367 0.0304437218736821 0.1179552895321394 0.831373 0.643137 0.352941
vn -0.0004340235837257 -0.0000151482178440 0.0011035881868560
v -0.0527694143476140 -0.0965701916638853 0.1799002746837251 0.447059 0.321569 0.086275
vn -0.0004991865402003 -0.0000495848808502 0.0007692870151753
v -0.0630556039901130 -0.0906374616664773 0.1754294630621125 0.431373 0.301961 0.078431
vn 0.0000202253013589 0.0003500593394612 0.0004480948663785
v -0.0069008627254576 -0.0270144632666973 0.1823827653488381 0.811765 0.623529 0.321569
vn -0.0000490756664594 -0.0005778851255045 -0.0002476527110339
v -0.0618732983461918 -0.1576723423457099 0.0644560223895753 0.207843 0.160784 0.019608
vn -0.0000808602190515 -0.0005653893562184 -0.0003984613316328
v -0.0693180300814323 -0.1516070392188557 0.0591291636051556 0.415686 0.305882 0.086275
vn -0.0011974471168043 0.0000133461652720 0.0002782154486408
v -0.1089014364614306 -0.1184539533067789 0.1031052941053256 0.466667 0.337255 0.098039
vn -0.0009321724811354 0.0000598009519060 0.0003004597751904
v -0.1058899666105267 -0.1124952143445675 0.1154178677561282 0.486275 0.352941 0.105882
vn -0.0007501587736423 0.0000216318586795 0.0002079442853024
v -0.1073115135101955 -0.1030983362853794 0.1081540581878205 0.470588 0.333333 0.094118
vn -0.0009399273525201 0.0000255554998270 0.0001932704932338
v -0.1103183166803698 -0.1028267299008588 0.0969954459497210 0.474510 0.349020 0.098039
vn -0.0000004324706752 0.0001257561167729 0.0009568815876615
v -0.0180759952956172 0.0855219390023459 0.1485293489004954 0.835294 0.658824 0.376471
vn 0.0000465919848191 -0.0000087334549470 0.0005269999329910
v -0.0255645644848106 0.0883165376017802 0.1459085092697281 0.780392 0.600000 0.325490
vn 0.0000844607389185 0.0000657014010028 0.0008816121551595
v -0.0328290499693748 0.0999656341970203 0.1500730254926892 0.643137 0.478431 0.215686
vn 0.0002927592752810 0.0000693846118374 -0.0011125141650401
v -0.0121313035958154 0.0173175960384607 0.0502081956408129 0.509804 0.360784 0.121569
vn 0.0001817042759637 0.0001117665873181 -0.0008694286133090
v -0.0001561972401972 0.0168688835412919 0.0541074853088919 0.443137 0.301961 0.086275
vn 0.0002970376419757 0.0000769926341798 -0.0014321215421020
v -0.0053401705633270 0.0027002419742684 0.0512711005057955 0.486275 0.337255 0.109804
vn -0.0001879782239694 0.0002267824911427 -0.0011071098724702
v 0.0106514204698469 0.0105145704529986 0.0528319149821151 0.462745 0.313725 0.098039
vn 0.0002744196353679 -0.0004295542389157 0.0008783130124561
v -0.0532635954411282 0.1235728540761434 0.0385408359648806 0.396078 0.254902 0.078431
vn 0.0002822479572414 -0.0003320686424001 0.0007531621100508
v -0.0481305163821044 0.1148339630950651 0.0331211352007984 0.490196 0.333333 0.129412
vn 0.0002428826634388 -0.0003847603203388 0.0006349930906454
v -0.0408083781049241 0.1232653817966698 0.0358391017763173 0.533333 0.372549 0.152941
vn -0.0005044670012637 -0.0004390448156648 0.0000822230473739
v -0.1054008505240567 -0.1063206137276549 0.0380050919571212 0.470588 0.333333 0.101961
vn -0.0007317362813872 -0.0003396738119050 -0.0004622727339672
v -0.1041960419039393 -0.1152315116527621 0.0546416737517991 0.419608 0.301961 0.082353
vn -0.0006231797603741 -0.0000490205469301 -0.0000464761105740
v -0.1045834694891278 -0.1049158754232303 0.0496229665344463 0.666667 0.486275 0.227451
vn 0.0006566476342383 0.0001348084685890 0.0011165251272598
v 0.0711515220895835 0.0034284714750788 0.1583921092556548 0.627451 0.462745 0.215686
vn 0.0002121312504401 0.0000806385151136 0.0008134963971649
v 0.0674421362721205 0.0157240294119381 0.1596744949474777 0.709804 0.533333 0.270588
vn 0.0001475988522507 0.0000710783392826 0.0009216777350429
v 0.0599651401877438 0.0009525289788079 0.1611527072250423 0.603922 0.443137 0.200000
vn -0.0003606485152132 0.0001103309427138 -0.0007193455819862
v -0.0373919890576015 0.0159476073447566 0.0479461229880938 0.647059 0.474510 0.207843
vn -0.0000999989967985 -0.0002834995336174 0.0008424225604036
v 0.0771344588767081 0.1184067005424536 0.0447038501035737 0.537255 0.368627 0.141176
vn -0.0010770496298116 0.0000313603922195 0.0001985173530973
v -0.1001494733768669 0.0170887308946925 0.1275961376154565 0.749020 0.568627 0.286275
vn -0.0014025042775633 0.0000789345699906 0.0001476286494391
v -0.1033683032220815 0.0119147571577015 0.1124811053817295 0.705882 0.525490 0.254902
vn 0.0009670589676907 0.0000941610587306 0.0003273226818881
v 0.1027647726478870 -0.0236660434333811 0.1111342618420784 0.505882 0.349020 0.113725
vn 0.0011387933421571 -0.0000624328173921 0.0002642328175532
v 0.1022022360987251 -0.0391378959239184 0.1214757821870513 0.486275 0.341176 0.117647
vn 0.0007956303494264 0.0000191913643588 0.0002599976258305
v 0.1066824704774782 -0.0376275279453141 0.1090192938197230 0.509804 0.364706 0.133333
vn 0.0002114365161183 -0.0000579770539655 0.0009006616832034
v 0.0539501566063255 -0.0900624108155587 0.1803595000501701 0.443137 0.321569 0.090196
vn 0.0002304097253485 -0.0000750412682275 0.0005803201703022
v 0.0638921825276215 -0.0969468113852453 0.1759660681186269 0.450980 0.329412 0.098039
vn 0.0002731131990569 -0.0000358095865805 0.0007218890958702
v 0.0641417408213385 -0.0854825367313504 0.1772009385792182 0.466667 0.341176 0.105882
vn -0.0001820431396703 0.0003142708291174 -0.0000153963777621
v -0.0688169320359455 0.1469370421580991 0.0591927784014101 0.956863 0.788235 0.486275
vn -0.0002703422314841 0.0003207717366854 -0.0001708127633028
v -0.0712026539462104 0.1436082788431895 0.0503471951499614 0.866667 0.666667 0.376471
vn -0.0004437879542654 -0.0004319644100847 -0.0001625513790246
v -0.0647908568014106 0.1315657135549720 0.0727497288862308 0.584314 0.396078 0.192157
vn -0.0006179581019012 -0.0000243117850221 -0.0000294330910253
v 0.0476251661738818 0.0599771052685797 0.0109606881640657 0.647059 0.470588 0.231373
vn -0.0005231907936036 0.0001529147091817 -0.0009961364904395
v -0.0510113179152617 -0.0173140435845019 0.0488593866436062 0.631373 0.454902 0.192157
vn -0.0001907356262638 0.0001108390973599 -0.0008155633919010
v -0.0357615542643367 0.0053499579611392 0.0459641809104653 0.517647 0.364706 0.125490
vn -0.0003985537742633 0.0001983658098123 -0.0008585650119907
v -0.0458449031776194 0.0136014352042494 0.0566094434522194 0.505882 0.352941 0.121569
vn -0.0004537954651051 0.0002166690516106 -0.0010759522395104
v -0.0432295001767924 -0.0025618542884109 0.0466919138620040 0.654902 0.470588 0.211765
vn 0.0001800227546072 -0.0002070515849367 -0.0007743712240075
v 0.0810972536291628 -0.0539816020947610 0.0083915645068914 0.478431 0.345098 0.113725
vn 0.0003731089853893 0.0001066026845826 -0.0001284822478931
v 0.0870392233725136 -0.0542708704761036 0.0115348450940510 0.611765 0.450980 0.200000
vn 0.0000586862577159 0.0001451863008805 0.0006692079423423
v 0.0210056914077555 0.0860513627644737 0.1509836663115286 0.905882 0.733333 0.435294
vn -0.0008548269461699 -0.0004681671854365 0.0000816823981433
v -0.1068436154837761 -0.1474608915773389 0.0920893724531351 0.368627 0.274510 0.062745
vn -0.0005829475322409 -0.0001376757131572 0.0000868664599086
v -0.1091046398105633 -0.1381396761969089 0.0939427316710244 0.431373 0.317647 0.090196
vn 0.0003790814425063 0.0000502450454300 -0.0007628332385642
v 0.0553313220418219 -0.0494258985826244 0.0466146472849224 0.423529 0.298039 0.078431
vn 0.0004048877224325 0.0000954140654492 -0.0010030138742585
v 0.0461413923176077 -0.0415552396464605 0.0417283053853899 0.474510 0.337255 0.105882
vn -0.0009088112522925 0.0000271763015314 0.0003469945053233
v -0.1033898718472355 -0.0995956611334091 0.1202521674839443 0.486275 0.349020 0.105882
vn 0.0010027866331100 -0.0000701330070850 0.0002356077207338
v 0.1004722061424959 -0.0045941865488511 0.1247898837418037 0.556863 0.396078 0.156863
vn 0.0004818275479397 0.0000640619318891 -0.0003108992281087
v 0.0992708373049093 -0.0022072546328368 0.0729461087186102 0.596078 0.423529 0.164706
vn -0.0005692528739687 -0.0000063248355766 0.0012234182471612
v -0.0645554008469862 0.0553340202912672 0.1501324318767213 0.792157 0.623529 0.341176
vn -0.0004329017535501 -0.0000061807183281 0.0009491029018660
v -0.0520799364492298 0.0535767867347429 0.1553528701039432 0.658824 0.498039 0.250980
vn -0.0002607399178889 0.0001274356549257 0.0008968530205056
v -0.0520971000258095 0.0699608993999527 0.1552985907437889 0.839216 0.670588 0.380392
vn -0.0004005415046616 0.0000917008992641 -0.0000580171961337
v -0.0739683218602826 0.1342092236844875 0.0436603627702397 0.815686 0.615686 0.337255
vn 0.0004032187053685 -0.0006371914359795 0.0004480787222740
v 0.0947927642014255 -0.1538415026182255 0.1352127649574393 0.403922 0.305882 0.094118
vn 0.0004673459299529 -0.0000129611441953 0.0005593396987252
v 0.0952129080576274 -0.1453710287332369 0.1414782904081801 0.490196 0.360784 0.129412
vn 0.0001448853971787 0.0000668402006108 -0.0005434316536681
v -0.0503762085887988 0.0525380863593075 0.0046661544043311 0.678431 0.501961 0.250980
vn 0.0001285268488049 0.0000376122600560 -0.0002853971809110
v -0.0469417707866463 0.0632461258204806 0.0070084488857470 0.662745 0.474510 0.239216
vn 0.0000851489394886 0.0001533990670264 0.0006291289912902
v 0.0357048152865925 0.1033588994544273 0.1497761246240213 0.654902 0.478431 0.223529
vn 0.0001007853083184 0.0006902929941127 0.0001475948130726
v 0.0271664996804575 0.1090078907505234 0.1447266409511304 0.643137 0.447059 0.192157
vn 0.0000379148198229 0.0002181941803996 0.0005656244922216
v 0.0207333873835104 0.1063376800974890 0.1502505373712548 0.721569 0.537255 0.270588
vn -0.0005933755397785 0.0000908406180666 -0.0002828250120514
v -0.0799835284748593 0.0755972647192968 0.0243162135349965 0.764706 0.576471 0.309804
vn -0.0001681890771637 -0.0001387591122059 0.0009055522815997
v 0.0706513641342815 -0.0015332884155387 0.0165226977212189 0.517647 0.372549 0.125490
vn 0.0007327315227920 0.0000588345313884 -0.0010452505266129
v 0.0892008706382702 -0.0468443985797602 0.0633037700011835 0.568627 0.419608 0.160784
vn 0.0002255719446828 0.0002200338111852 0.0003912264797542
v 0.0855279136952786 -0.0510985018778413 0.0167961252858679 0.505882 0.356863 0.125490
vn 0.0002228600728451 0.0000966691939545 -0.0000304633635004
v 0.1119553585662325 -0.1008008475982379 0.0231839870473428 0.721569 0.556863 0.262745
vn 0.0003433796841527 -0.0003100041936278 -0.0000276488835041
v 0.1116458538297271 -0.1058294247900053 0.0282104918852036 0.572549 0.427451 0.168627
vn -0.0000427020834601 0.0006997278273893 -0.0012553594352691
v -0.0133960593514824 0.1003757175303585 0.0703239675814121 0.670588 0.482353 0.211765
vn 0.0004044488592373 0.0002315716018959 -0.0009743675137310
v -0.0131061446931656 0.1155900843426356 0.0775358952990748 0.627451 0.423529 0.207843
vn -0.0000396833364240 -0.0001035752767380 0.0012865773237750
v -0.0205612885119747 -0.0776823497100259 0.1886634765147820 0.466667 0.333333 0.101961
vn 0.0000417823019728 -0.0000315257737840 0.0010054192000700
v -0.0151331466723493 -0.0579528632319045 0.1882874933495400 0.654902 0.482353 0.200000
vn -0.0000976220614304 -0.0000445732875736 0.0010302211855743
v -0.0279851760290308 -0.0602713640806166 0.1893521988084016 0.639216 0.478431 0.196078
vn 0.0005236232487170 -0.0000238090008033 0.0001217691633768
v 0.0996411210542850 0.0088552870451033 0.1329047204993181 0.603922 0.447059 0.192157
vn 0.0000903663893118 -0.0008232045164501 0.0007303592151390
v 0.0268630251868391 -0.1462993578576852 0.1492922606748285 0.184314 0.133333 0.019608
vn 0.0000715291692163 -0.0008567358923617 0.0006346046727232
v 0.0219747678236605 -0.1387643262966661 0.1631295978902532 0.313725 0.239216 0.066667
vn -0.0000042495553397 -0.0005594012584671 0.0003112343934546
v 0.0128694042797752 -0.1407773539493921 0.1585118132694808 0.298039 0.223529 0.050980
vn -0.0005304729872635 -0.0001419587648212 0.0001497065520711
v -0.0711640936166627 0.1406536296068404 0.0569488398726866 0.694118 0.501961 0.235294
vn 0.0000556499964025 -0.0001581880288445 0.0007514262130872
v 0.0065574717064049 -0.0980167443763534 0.1838221404825337 0.447059 0.329412 0.094118
vn 0.0003905263171105 0.0001750574893730 -0.0000441191099640
v 0.0938654251309843 -0.0687013666720623 0.0187018221487393 0.686275 0.529412 0.247059
vn 0.0002504371039457 -0.0001685981880509 -0.0009612120071353
v 0.0910888149227560 -0.0694482098438602 0.0149545007576353 0.541176 0.392157 0.145098
vn 0.0000194107534317 0.0003880449511171 0.0009671941733321
v -0.0149208293792815 -0.0342878249049920 0.1877958586787814 0.862745 0.670588 0.356863
vn 0.0003007828080935 0.0000283848009845 0.0005183384990964
v -0.0744920695986084 -0.0702542491131848 0.0200431068742450 0.423529 0.290196 0.090196
vn 0.0002524137920902 -0.0000405024892260 0.0003668031304042
v -0.0798527188752403 -0.0801145757706290 0.0236624381604374 0.396078 0.270588 0.078431
vn 0.0009357253641043 0.0001754641767769 -0.0004094218032290
v 0.0944190189481735 0.0541295508877555 0.0756790847876101 0.611765 0.435294 0.164706
vn -0.0000509665858040 -0.0004404901696323 -0.0011002094902790
v 0.0446253239766670 -0.1296442081446321 0.0442944105264800 0.407843 0.298039 0.074510
vn -0.0000102704636042 -0.0001237768160540 -0.0010508291440541
v -0.0271087649785717 -0.1011013872129102 0.0413336986724856 0.400000 0.278431 0.062745
vn -0.0000188834724907 -0.0001687860133173 -0.0007205261099669
v -0.0149576937219412 -0.1117749088904805 0.0428197794870107 0.400000 0.286275 0.066667
vn -0.0000066751398470 -0.0003259755238532 -0.0008912832795959
v -0.0227132586206991 -0.1190876960743930 0.0446926040865035 0.380392 0.274510 0.062745
vn 0.0006930510969255 0.0000538413530468 0.0005864331976493
v 0.0779345628993405 -0.1158251706563997 0.1649806535198362 0.682353 0.509804 0.227451
vn 0.0005524421412088 -0.0001608331771401 0.0012061759015054
v 0.0691722048317212 -0.1073765483686805 0.1728243004317457 0.458824 0.337255 0.105882
vn 0.0003143997779030 -0.0003884988232245 0.0009179761931484
v 0.0706609971171538 -0.1225288155864686 0.1702893826216425 0.435294 0.321569 0.101961
vn -0.0012338337450173 0.0001407944526858 -0.0003989693266676
v -0.1093065949030736 -0.1095306846009532 0.0646867394152393 0.525490 0.376471 0.133333
vn -0.0010457887821984 0.0002728228242687 -0.0003787700560681
v -0.1089854527792327 -0.0934886561015153 0.0781770259336956 0.494118 0.352941 0.113725
vn -0.0005834414342929 0.0002848194307320 -0.0002871871584498
v -0.1026029690818080 -0.0926431348992549 0.0697386550335026 0.607843 0.462745 0.247059
vn 0.0005855834711257 0.0001431602097970 -0.0004765390680441
v 0.0823342683411286 0.0922408376123062 0.0298522503699737 0.705882 0.517647 0.262745
vn -0.0005561659957608 -0.0000671134334624 0.0002055510920084
v 0.0489545178803598 0.0299401206610748 0.0063932800781552 0.517647 0.352941 0.141176
vn 0.0000859106825626 -0.0008636692153482 -0.0003132695909711
v 0.0110727565473819 -0.1597624877414239 0.0706918389929728 0.231373 0.180392 0.027451
vn 0.0000158228630724 -0.0006500280231029 -0.0006837717036645
v 0.0040901757691401 -0.1564392735353448 0.0607918944140049 0.325490 0.243137 0.050980
vn -0.0000993741707976 -0.0007350171049436 0.0006001581177110
v -0.0324775172049757 -0.1437791839238648 0.1499653915403597 0.184314 0.133333 0.015686
vn -0.0000187280964128 -0.0006642804787516 0.0005748853579660
v -0.0439475030812704 -0.1514548508301518 0.1464257762739343 0.207843 0.152941 0.031373
vn 0.0000004780205414 -0.0003686369975865 0.0002961282696593
v -0.0340832283272988 -0.1541792922854288 0.1425466302824383 0.235294 0.176471 0.031373
vn 0.0001768187784677 0.0001737895059849 -0.0010747381521044
v 0.0349425188946787 0.0005477807388513 0.0444578851948809 0.580392 0.419608 0.172549
vn -0.0005426153744934 -0.0000738414690357 0.0003499517196739
v -0.0821214839113963 -0.0134433494068802 0.0104844086544894 0.643137 0.470588 0.215686
vn 0.0000348263393783 -0.0001341797955439 0.0008479925647823
v -0.0693375743251998 -0.0179632905026683 0.0096948606492282 0.407843 0.270588 0.078431
vn 0.0000960317242163 -0.0000846128948990 0.0007994241058407
v 0.0467237944848822 -0.0665755325192365 0.1819063211240378 0.466667 0.337255 0.105882
vn 0.0001036121066529 -0.0002136273254771 0.0009868951592049
v 0.0658461769068719 -0.0623840964213692 0.1841525724304074 0.454902 0.305882 0.133333
vn 0.0000204015200053 0.0002156542767929 0.0009455290867687
v 0.0127913123022452 0.0775815846291992 0.1533428143261811 0.898039 0.725490 0.431373
vn -0.0000537901604302 -0.0000620529538652 0.0009831437766055
v -0.0377129938515488 0.0159025208121632 0.1636568742788340 0.584314 0.427451 0.188235
vn -0.0001575522123380 0.0001427830508702 0.0010957684847904
v -0.0407241755527473 0.0272533722950442 0.1632064714926029 0.737255 0.568627 0.294118
vn 0.0002093629103540 -0.0000175052121462 -0.0005229746889731
v -0.0601153789749462 -0.0274270666767300 -0.0012558559285672 0.192157 0.121569 0.039216
vn -0.0000574273123835 0.0000497057171238 -0.0006478948152613
v 0.0262586463114324 -0.0685844640992627 0.0384511950935172 0.478431 0.333333 0.098039
vn -0.0001741649317121 0.0000632171849542 -0.0008465258018570
v 0.0148373057268654 -0.0676287599175218 0.0389290170484638 0.501961 0.352941 0.113725
vn -0.0001085577767233 0.0000797256666628 -0.0009831677309579
v 0.0238304348301858 -0.0573818872488931 0.0388551097655077 0.501961 0.352941 0.109804
vn -0.0004653372614101 -0.0002646084047120 0.0008486732601265
v 0.0477055171070812 0.0988533826786736 0.0277945368854993 0.431373 0.278431 0.086275
vn -0.0004086560000174 -0.0003456035390731 0.0009954904853388
v 0.0560736206220493 0.1076724139142869 0.0320071463832269 0.435294 0.278431 0.090196
vn -0.0005010069067531 -0.0002280206864388 0.0003420597240074
v 0.0394286863700139 0.1134824981097654 0.0272968127714419 0.588235 0.403922 0.176471
vn 0.0000727123242419 0.0004882362052772 -0.0010228157370158
v 0.0183063071209527 0.0959079290686762 0.0707343726876717 0.717647 0.529412 0.247059
vn -0.0001347625085031 0.0001191747893316 -0.0006685477035727
v 0.0260557205773405 0.1049932891297398 0.0757152115029833 0.666667 0.474510 0.203922
vn -0.0000101695201095 0.0009348317366450 -0.0002384252995116
v -0.0484669903427952 0.1486442396007910 0.0513673375592531 0.945098 0.756863 0.470588
vn 0.0005514504152512 0.0002349998843517 -0.0008228506089646
v 0.0770166976972917 0.1067586464005815 0.0297747041799366 0.674510 0.490196 0.235294
vn 0.0003177314011874 0.0001694110138931 -0.0006715325508494
v 0.0692079658667694 0.1000065941800399 0.0248061354050710 0.572549 0.388235 0.172549
vn 0.0001284606668271 0.0001084562223675 0.0005684535853901
v -0.0753608419230496 -0.0610793843110036 0.0194474584891613 0.403922 0.286275 0.078431
vn -0.0005867835163545 0.0000371677919711 0.0003389213045425
v -0.1001334206121195 -0.1057845206752238 0.1279642334054573 0.474510 0.337255 0.101961
vn -0.0005310651205999 0.0000952123752637 -0.0010841352716384
v -0.0663949130799382 -0.0801354840130907 0.0491044318150164 0.450980 0.317647 0.094118
vn 0.0000616898269561 0.0001912095733209 0.0011490108395808
v 0.0495597231309174 0.0816282007690622 0.1492433492945594 0.882353 0.709804 0.411765
vn 0.0000925011626638 0.0002087303644005 0.0008290598571700
v 0.0397594386068281 0.0754079342955415 0.1516684026626185 0.905882 0.733333 0.431373
vn 0.0001201888478394 0.0001823223164276 0.0008799594767058
v 0.0490345006688659 0.0681038836551491 0.1525231045993930 0.894118 0.721569 0.423529
vn -0.0000217871062623 0.0000928352763410 0.0009280048720560
v -0.0196341093396094 0.1031154278337709 0.1507359991380897 0.643137 0.478431 0.227451
vn -0.0001442852799123 0.0000965222997335 0.0009913809034301
v -0.0307284951284064 0.0343404523149898 0.1635514281824364 0.749020 0.576471 0.301961
vn -0.0000467688299922 0.0000981294787605 0.0007248176088486
v -0.0288182758609819 0.0464277493473550 0.1628389407971041 0.796078 0.627451 0.345098
vn 0.0001875902027854 -0.0000643253920630 0.0003275809081673
v 0.0819780077637736 0.0423041091501392 0.0259916810425428 0.580392 0.411765 0.164706
vn -0.0003429591530921 -0.0002030135946332 0.0009640780398642
v 0.0744392970755894 0.0390745975756346 0.0246933627721196 0.466667 0.317647 0.105882
vn -0.0000499300489515 -0.0002163747622088 -0.0004848684385981
v -0.0715414696257405 -0.0416249765754601 0.0033573563992521 0.505882 0.368627 0.133333
vn -0.0000194778466504 -0.0000117997513797 -0.0009270682264359
v -0.0662276629475803 0.0317146962722339 0.0588838042314906 0.549020 0.388235 0.145098
vn -0.0000298468564339 -0.0000078436577049 -0.0006851861425990
v -0.0556024084666514 0.0343170789338689 0.0586189100249170 0.552941 0.392157 0.149020
vn -0.0000581050701434 0.0001006665156240 -0.0013190501609770
v -0.0611237916525455 0.0198362883489226 0.0586062056830195 0.576471 0.415686 0.160784
vn 0.0000291313113409 0.0000224007078922 0.0008549367557669
v -0.0072546176226379 -0.0684285925154959 0.1888005635026978 0.650980 0.494118 0.211765
vn 0.0000278324946272 -0.0001074330744684 0.0007814352722970
v -0.0086981501398757 -0.0796488163122260 0.1882044921481299 0.482353 0.360784 0.113725
vn 0.0000122426546991 -0.0005044852468941 0.0006396283534224
v -0.0025549019221030 -0.1313687386039720 0.1726299754933028 0.396078 0.298039 0.090196
vn -0.0000183870661247 -0.0006426884262197 0.0004370827923686
v -0.0128903927422795 -0.1373685072483746 0.1656062199915433 0.341176 0.266667 0.086275
vn 0.0000067432631539 -0.0007823586149825 0.0004893216229072
v 0.0049329498982967 -0.1390234859400647 0.1649451691021129 0.313725 0.243137 0.066667
vn -0.0012368493299575 0.0004419642995658 0.0000629841985955
v -0.0921429486016201 0.0691987298649994 0.1076668180912198 0.945098 0.768627 0.474510
vn -0.0009019693767315 0.0002989628035266 0.0000905887954877
v -0.0946768208261029 0.0586888245274607 0.1153294467783980 0.956863 0.780392 0.486275
vn 0.0004754658394463 0.0001257077646481 -0.0008567249898516
v 0.0987159748933122 -0.0847936389524603 0.0188096926041734 0.533333 0.384314 0.137255
vn 0.0005764401496954 -0.0000826161590946 0.0006968126602088
v 0.0732550154039958 -0.0938044468151177 0.1711661257596601 0.454902 0.329412 0.098039
vn 0.0006947599805666 0.0000568308735536 -0.0007891578681603
v 0.0872596055444011 0.0312733956099761 0.0606661202536459 0.600000 0.427451 0.164706
vn -0.0006961577628194 -0.0000430188699682 0.0001832141496145
v 0.0103026800641143 0.1302986905721178 0.0777976797544536 0.686275 0.490196 0.250980
vn 0.0002817357325937 -0.0010968543059555 0.0000433442325130
v 0.0890954882221761 -0.1583567010492515 0.1155286114279758 0.329412 0.250980 0.058824
vn 0.0007951097395327 -0.0006376448946782 0.0000706965408242
v 0.1003272522714393 -0.1538908717654756 0.1113776165191311 0.423529 0.321569 0.101961
vn 0.0003561101640821 -0.0004978754248368 0.0000777617712393
v 0.0972643189229989 -0.1544658256750767 0.1238496637648890 0.400000 0.301961 0.090196
vn -0.0003167453652908 0.0002536125390079 -0.0008926565805190
v -0.0614215504895457 0.0851897793574720 0.0173653075186292 0.552941 0.364706 0.156863
vn -0.0005121668809570 0.0002703338286456 -0.0010101775784317
v -0.0729924341396159 0.0858114438828417 0.0221761784207447 0.705882 0.521569 0.270588
vn -0.0004260145040507 0.0003319383535452 -0.0011158227938299
v -0.0590949873095740 0.0981178943711281 0.0202387610063514 0.549020 0.360784 0.156863
vn 0.0001437819020976 -0.0002654188876502 0.0004398925847714
v 0.0747680880544933 0.1322507651384150 0.0499469896270439 0.529412 0.356863 0.133333
vn -0.0000011155602130 -0.0008538667434805 0.0001461811724233
v -0.0579746368129874 -0.1615342442492941 0.1218215245398512 0.282353 0.215686 0.035294
vn 0.0000090509629229 0.0000364414922467 0.0016355699271057
v -0.0218092773669569 0.0259422514278785 0.1639722628959406 0.709804 0.537255 0.274510
vn 0.0002050930873966 -0.0004505757686407 -0.0011152776019815
v -0.0139129964401141 -0.1438179433581224 0.0545616974257878 0.396078 0.294118 0.070588
vn 0.0000619771183717 -0.0003528194868681 -0.0009878413682924
v -0.0189239316277519 -0.1286893693468154 0.0503946176339649 0.419608 0.309804 0.082353
vn -0.0001084060179182 -0.0004714931062679 -0.0011409192218322
v -0.0061490738706037 -0.1287101682638005 0.0503005273639161 0.431373 0.317647 0.086275
vn 0.0000003145133151 -0.0004876876523496 0.0004505143220862
v -0.0536568723187366 -0.1469477195233032 0.1487756383121036 0.215686 0.160784 0.023529
vn -0.0000447094992762 -0.0008769091328537 0.0005430081955089
v -0.0549814593731723 -0.1396849317852033 0.1568753493323553 0.278431 0.207843 0.043137
vn -0.0003060520321696 0.0003002575185748 0.0008709270011140
v -0.0548536613183664 0.0259737938832837 0.1600928019880568 0.827451 0.650980 0.364706
vn 0.0003304487021157 -0.0002521067183939 0.0006629414095110
v -0.0600723718887059 0.1041223909690953 0.0332372409485698 0.423529 0.286275 0.090196
vn 0.0003354685083884 -0.0003037821425847 0.0008274517977869
v -0.0613191491374705 0.1137798609467274 0.0394058844644268 0.462745 0.317647 0.105882
vn 0.0006659103858270 -0.0000187910889237 -0.0007350332795188
v 0.1031173743549210 -0.0392530865709814 0.0717664305717521 0.474510 0.333333 0.101961
vn 0.0000431506546418 0.0003219419345496 -0.0009777200174699
v -0.0461219960037459 0.0866129848995073 0.0660277015128287 0.627451 0.454902 0.184314
vn -0.0000882701670636 0.0003419444150805 -0.0009820144250775
v -0.0292935429665541 0.0880616613741412 0.0665430011723473 0.600000 0.427451 0.168627
vn -0.0000114327841877 0.0003113464874914 -0.0007590315926824
v -0.0350579152831967 0.0778981940335667 0.0640816322453489 0.545098 0.380392 0.133333
vn 0.0000472224892286 0.0000867642140963 0.0007923451023231
v 0.0075034593952104 0.0364680371954853 0.1620393022495913 0.752941 0.584314 0.305882
vn 0.0001313114793067 0.0001808915392424 0.0012791498342738
v 0.0191217055575375 0.0404198150701373 0.1604606183420264 0.784314 0.611765 0.325490
vn -0.0005142102811781 0.0000201608397403 -0.0006102808069725
v -0.0867806679085990 -0.0035600516281110 0.0644631852701155 0.698039 0.513725 0.247059
vn 0.0005225755538375 0.0000521422997282 -0.0012554204215399
v 0.0694373327675681 -0.0520155457410516 0.0526732238979781 0.407843 0.282353 0.070588
vn 0.0002957963694309 -0.0001272469092758 0.0005438168513100
v -0.0524142065108995 0.0432078213566261 0.0152559330865730 0.494118 0.345098 0.129412
vn 0.0004839471990110 -0.0001792177269794 0.0008273063996993
v -0.0513727567274137 0.0554343693026341 0.0175784215734151 0.427451 0.278431 0.078431
vn 0.0005291689760860 -0.0002910421740111 -0.0000333697945654
v 0.0663242720713257 0.1325709211350105 0.0725605759713725 0.572549 0.403922 0.176471
vn 0.0001593400780386 0.0002040455180971 0.0005437702534905
v 0.0605754807216392 0.1304490665310289 0.0785633733240041 0.588235 0.423529 0.176471
vn 0.0003419136247479 -0.0008218763346732 -0.0010451604128666
v 0.0545640329473179 0.1303601659875323 0.0663289719770452 0.576471 0.415686 0.184314
vn -0.0003375818744671 -0.0000427910965716 0.0001745478396646
v -0.0819759904485318 0.0134925170941774 0.0150402614245279 0.596078 0.431373 0.168627
vn -0.0003895975507153 0.0000395958011275 -0.0000469163188697
v -0.0823113309435826 0.0262468491571513 0.0142192767526046 0.709804 0.533333 0.266667
vn 0.0001198362898600 0.0002394661722824 0.0013314816787909
v 0.0213559178282969 0.0570376878028464 0.1575119288265583 0.862745 0.686275 0.396078
vn -0.0007555265281251 0.0000554827497409 -0.0005566033012818
v -0.0858175846816815 0.0469141401082071 0.0674566551003408 0.639216 0.450980 0.180392
vn -0.0004895379881435 -0.0000266640504591 -0.0007068299425095
v -0.0816024182206228 0.0366343990272812 0.0596019391637444 0.670588 0.486275 0.203922
vn -0.0005165934766575 0.0000415115208144 -0.0004525957337410
v -0.0865567302340295 0.0355928137657434 0.0713317316175096 0.584314 0.400000 0.141176
vn 0.0006707868429637 -0.0002777515076919 -0.0004282454969365
v 0.1048009608894681 -0.1175995812521664 0.0581886918507937 0.486275 0.356863 0.113725
vn 0.0006301149038959 -0.0001032261751197 -0.0001809857522289
v 0.1096206427586919 -0.1170325147937318 0.0693686635752278 0.490196 0.352941 0.117647
vn 0.0001843163215447 0.0003179440377504 0.0006964639319835
v 0.0897213219078711 -0.0663868594878221 0.0233782037303094 0.435294 0.305882 0.094118
vn -0.0001767133088952 0.0001920845469433 0.0007460083256608
v 0.0762055879218580 -0.0598981632468559 0.0193957523823489 0.372549 0.258824 0.066667
vn -0.0003835091372282 -0.0000194599868117 0.0005242104417682
v 0.0774638467622894 -0.0727944977232730 0.0223776921364823 0.352941 0.243137 0.062745
vn -0.0000270066654861 0.0001383116633871 -0.0010109332751508
v 0.0028370339354459 -0.0133523930892905 0.0530521486954153 0.439216 0.305882 0.094118
vn -0.0002786258245181 0.0000974393180219 -0.0006244715663556
v 0.0125362383689513 -0.0129347153277125 0.0480330882582386 0.466667 0.317647 0.098039
vn -0.0003701928655912 0.0001878095611450 -0.0011843335180409
v 0.0132507925255790 -0.0255626120479889 0.0447275601639314 0.505882 0.356863 0.121569
vn -0.0008322923906816 0.0004340917215465 -0.0000498317435175
v -0.1049664727625260 -0.0988737539442331 0.0594796582753482 0.690196 0.509804 0.227451
vn -0.0000414320290909 -0.0013698534381905 0.0003578766931478
v -0.0229930245019800 -0.1609966330518104 0.1255815415380761 0.278431 0.211765 0.035294
vn -0.0000011006180335 -0.0012982707845736 0.0001086652748682
v -0.0331314665191857 -0.1622595604028341 0.1135425383814603 0.301961 0.227451 0.047059
vn 0.0002199571577393 0.0003279760680133 -0.0006135150636149
v 0.0666343146031538 0.1319771364826303 0.0350438202437513 0.674510 0.478431 0.223529
vn 0.0002443348052544 0.0005637785427276 -0.0008700700220743
v 0.0548015237687857 0.1346286326278805 0.0333830828589310 0.800000 0.607843 0.333333
vn -0.0008141184120163 -0.0000356977424655 0.0004695015904549
v -0.0978604612946367 -0.0962371301860934 0.1316100263968598 0.533333 0.392157 0.137255
vn -0.0006477688588625 -0.0000200795900686 0.0003203451027949
v -0.0998565491808958 -0.0811747073935429 0.1295319006375995 0.470588 0.337255 0.090196
vn 0.0007123251735476 -0.0000082845778724 0.0000566827809448
v -0.0092379821383120 0.1279244615709458 0.0792510321767273 0.698039 0.494118 0.254902
vn 0.0005295132429350 -0.0004139284080912 0.0000562287769602
v -0.0096687192805715 0.1407433520808641 0.0854756209804456 0.462745 0.282353 0.113725
vn 0.0000413281277898 -0.0008987178026738 0.0001705317454498
v 0.0633453411821810 -0.1609273903209979 0.1243068198839746 0.301961 0.227451 0.043137
vn -0.0001083179124438 0.0005574227458438 0.0007294274693333
v -0.0389464024009419 0.1332290773689046 0.0752457646437398 0.705882 0.513725 0.250980
vn -0.0000210339880145 0.0008706592671597 0.0002736299586323
v 0.0571625844448757 0.1485760355388951 0.0627922853390284 0.721569 0.537255 0.258824
vn 0.0000040806532485 0.0007606884129362 -0.0001398857149185
v 0.0505777994220018 0.1487408665197692 0.0511687099136454 0.925490 0.737255 0.443137
vn 0.0001934044428884 -0.0001896749500678 0.0010137856163921
v 0.0545917731649167 -0.0746049178418911 0.1792096484177903 0.631373 0.474510 0.203922
vn 0.0001737918746796 -0.0000165161171492 0.0007407836870837
v 0.0443939986782101 -0.0777262988755472 0.1814885213563089 0.525490 0.388235 0.137255
vn -0.0002877435888617 0.0004017813459842 -0.0006854542526346
v -0.0546625327014939 0.1250067097423044 0.0289826752754799 0.662745 0.474510 0.231373
vn -0.0002081551170943 0.0003206929074952 -0.0007596389832691
v -0.0476406019470650 0.1190715698012767 0.0229281222809335 0.639216 0.443137 0.215686
vn -0.0002702235875201 0.0001980125279939 -0.0006654121654593
v -0.0611954581283178 0.0748280654301431 0.0144339129907322 0.537255 0.349020 0.145098
vn 0.0004598447131905 0.0002009495424796 -0.0007586292983715
v 0.0761882958555832 0.0831010158514588 0.0236592111392916 0.588235 0.407843 0.180392
vn 0.0003789552059933 0.0002592876091568 -0.0008737424456627
v 0.0658181699098991 0.0898979676026513 0.0206825996805899 0.560784 0.380392 0.164706
vn 0.0008505350065907 -0.0000149667399169 0.0003823218621138
v 0.0800110789064332 -0.0905538985010701 0.1627926604724810 0.447059 0.317647 0.090196
vn 0.0007329050368496 -0.0000338065404700 0.0002256864773753
v 0.0809919648740324 -0.0800458729133281 0.1593639486452393 0.486275 0.341176 0.109804
vn -0.0002504654525358 -0.0002647369165594 -0.0005438739854945
v 0.0050782728968302 -0.1149029355082810 0.0406984507526216 0.415686 0.305882 0.078431
vn 0.0000559052180949 -0.0001475353323996 -0.0006538020659977
v 0.0720973445977361 -0.0325371708466544 0.0005953137230247 0.419608 0.282353 0.098039
vn -0.0000297808339019 -0.0002880053776705 0.0003360697391865
v 0.0719478755617295 -0.1409660686446021 0.1462008469700198 0.298039 0.211765 0.043137
vn 0.0001004970958648 -0.0005785244938036 0.0008263357727547
v 0.0713782525855130 -0.1509151414764869 0.1462710844186514 0.247059 0.184314 0.039216
vn -0.0006299132582693 -0.0000601765424180 0.0007446924887446
v -0.0848127754482433 -0.0469345600615143 0.1461480262504033 0.482353 0.329412 0.105882
vn -0.0006020412053205 -0.0000463239870206 0.0002596716458731
v -0.0787034842559043 -0.0400109943279587 0.1537059348509829 0.521569 0.364706 0.129412
vn -0.0006576181850498 -0.0000105348411342 0.0007453177196822
v -0.0843959329603664 -0.0312710577374636 0.1459804360424918 0.627451 0.454902 0.192157
vn 0.0006253622054711 0.0000476191177482 -0.0001672009459231
v 0.0849215050141440 0.0777715570292675 0.0304126872757568 0.686275 0.505882 0.250980
vn 0.0006715871972357 0.0000807075503286 -0.0003019087607220
v 0.0846147213286090 0.0583217690174362 0.0232584926052412 0.733333 0.552941 0.282353
vn 0.0005212759034828 0.0002078166292109 -0.0008049625333309
v 0.0772363723306583 0.0708677812853412 0.0204804776342615 0.619608 0.439216 0.200000
vn 0.0007747554559430 0.0000562097195396 -0.0009038035268796
v 0.0904413466604874 -0.0024549834633469 0.0644311206401968 0.564706 0.403922 0.152941
vn -0.0005637828273489 0.0002033774303699 -0.0004600309463569
v -0.0809607431560250 0.0767792212971878 0.0611146165375623 0.678431 0.490196 0.207843
vn 0.0000149829284731 -0.0006007351129756 0.0004921331961363
v -0.0127074423303462 -0.1481700746921899 0.1485268949543027 0.207843 0.156863 0.023529
vn -0.0000253538847939 -0.0006818270379550 0.0003630115181681
v -0.0128291239420746 -0.1555424081144529 0.1399096612100982 0.262745 0.200000 0.031373
vn -0.0000230345268052 0.0000853594798796 -0.0005938298188074
v 0.0546455781017959 0.0283382607216332 0.0021555615592630 0.654902 0.478431 0.235294
vn -0.0007161375325966 0.0000667275363050 -0.0004549426136719
v -0.0945548070067333 0.0480882383207263 0.0765333943655812 0.772549 0.584314 0.286275
vn -0.0009898534874303 0.0002609070667506 -0.0004649041110795
v -0.0929736278392590 0.0607038446443538 0.0773089431447603 0.835294 0.647059 0.349020
vn -0.0009342329438345 -0.0001101877795387 0.0003371933851553
v -0.0771065342189813 -0.0450514905701515 0.1644028658111407 0.709804 0.525490 0.250980
vn -0.0004527401193928 -0.0000389506986428 0.0002855619746413
v -0.0827604261192233 0.0025743252524518 0.0118468990855682 0.698039 0.533333 0.250980
vn -0.0004054107194110 0.0001340514057868 -0.0005356735729852
v -0.0805728649930820 0.0158039063336843 0.0063604927691177 0.658824 0.490196 0.227451
vn -0.0004353181107305 0.0000519667436467 -0.0003767940851950
v -0.0805973103679633 0.0040770565751592 0.0056983929656816 0.607843 0.447059 0.196078
vn -0.0000776230209245 0.0007132744539713 0.0001089588057091
v -0.0172056692765125 0.1144614361517850 0.1089293746444043 0.792157 0.600000 0.313725
vn -0.0001153728298918 0.0007159832912679 0.0000878963344814
v -0.0278423616354914 0.1136061422173055 0.1056457616325930 0.760784 0.564706 0.278431
vn 0.0001077053422650 0.0008490751741042 0.0001464557305850
v 0.0325684942261267 0.1103851352717034 0.1190434482792023 0.705882 0.513725 0.243137
vn 0.0000825767158824 0.0006390040332499 0.0001088041686518
v 0.0241479606276368 0.1126932259175802 0.1126028203154778 0.776471 0.580392 0.301961
vn 0.0001211063034838 0.0009396841873748 0.0001708319192072
v 0.0203889411738800 0.1117380618806883 0.1227870954148041 0.772549 0.580392 0.298039
vn -0.0011081374309085 0.0006386576112182 0.0001398887087338
v -0.0871704869659117 0.0797426234865080 0.1229449033164657 0.894118 0.709804 0.411765
vn -0.0006926833836626 0.0004182631054199 0.0002492303022694
v -0.0840295868749044 0.0800866246280876 0.1409001033240712 0.870588 0.694118 0.396078
vn 0.0002580038765742 -0.0000543521694573 0.0001195813688627
v -0.0696929890177587 -0.0593006301557480 0.0160240497476225 0.443137 0.313725 0.105882
vn 0.0001147384291164 -0.0000447798348466 -0.0005891137295757
v 0.0789011704123739 0.0222794800740176 0.0586918129766948 0.474510 0.325490 0.098039
vn -0.0009127547869174 0.0002193948099074 0.0011670804456745
v -0.0824216877253200 0.0096706392839274 0.1487233880967599 0.870588 0.690196 0.396078
vn -0.0005176638558418 0.0001713516795286 0.0007809371481316
v -0.0752099603646238 -0.0038207124222562 0.1558188998063698 0.501961 0.352941 0.133333
vn -0.0003520687351825 -0.0001442307978273 0.0003171035420047
v 0.0819203618672934 -0.0876044975082593 0.0232744101472300 0.407843 0.298039 0.090196
vn -0.0002068262645541 -0.0001618251166308 -0.0003185836873713
v 0.0784772808753743 -0.0798072634257905 0.0171667510004759 0.462745 0.341176 0.113725
vn -0.0001736945899547 -0.0002071780395199 -0.0007529801106805
v 0.0858427776141336 -0.0867255097504491 0.0165652049361928 0.454902 0.329412 0.101961
vn -0.0003855901777669 0.0000068295790276 -0.0000111885293935
v -0.0820548090381640 0.0439149601088178 0.0194454098517561 0.674510 0.490196 0.231373
vn -0.0005834167442778 -0.0002631657361516 0.0009939260907269
v -0.0595305054846861 -0.0606869069089946 0.1779207306273355 0.596078 0.439216 0.172549
vn -0.0003180182650307 -0.0001843721846616 0.0009741262150398
v -0.0540311104318250 -0.0470127704627122 0.1864776232288894 0.545098 0.388235 0.149020
vn 0.0000707665629605 0.0001944957353427 -0.0010026725867520
v 0.0451887346787699 0.0578687261143376 0.0564425765048696 0.564706 0.400000 0.145098
vn -0.0000094113372218 0.0001525232950164 -0.0007406364724089
v 0.0347957591586230 0.0567275292631407 0.0554128700803078 0.627451 0.454902 0.188235
vn -0.0000549383347877 0.0004003841339090 -0.0010640450687838
v 0.0370271699446013 0.0689828293362836 0.0591038097088227 0.662745 0.474510 0.196078
vn 0.0003860641496015 0.0004272325214820 -0.0010711959340762
v 0.0670162810151873 0.1207342817859864 0.0302201486592333 0.580392 0.392157 0.168627
vn 0.0002744898579532 0.0004103531039159 -0.0009736077151667
v 0.0501482636577745 0.1202695187489980 0.0238984359801369 0.662745 0.470588 0.231373
vn 0.0008238880100830 0.0000358742071817 0.0000984383991339
v 0.1102261384327428 -0.0708897919154442 0.0942090438171196 0.517647 0.376471 0.117647
vn 0.0009123893459966 0.0000454321715177 -0.0002013496284368
v 0.1094401359235375 -0.0766348211370026 0.0847250047430951 0.450980 0.313725 0.086275
vn 0.0010807044103570 0.0000480306186648 -0.0002382200549009
v 0.1095532502344492 -0.0635194882673886 0.0831993154926621 0.462745 0.325490 0.094118
vn 0.0000810466141661 0.0006853304828116 0.0008779880029191
v 0.0183188792188266 -0.0234874035227314 0.1787784941225139 0.886275 0.705882 0.396078
vn -0.0009371571348678 0.0000072942614453 -0.0004245127893079
v -0.1048522993303161 -0.0439046185716425 0.0812349366514356 0.619608 0.458824 0.180392
vn -0.0006590823811250 0.0000740566177317 -0.0004617265675591
v -0.1042983756589978 -0.0565328195209020 0.0786535988597327 0.509804 0.360784 0.117647
vn -0.0004293309775730 -0.0002030589759210 0.0002895688968834
v 0.0143344411797012 0.1371614172917611 0.0873810105251978 0.580392 0.380392 0.176471
vn 0.0000601992835305 -0.0004417722459118 0.0011467442764033
v -0.0088512572862469 -0.1211744805238969 0.1783429117500889 0.458824 0.345098 0.117647
vn 0.0001488487412069 -0.0001571570153353 0.0005679262596647
v 0.0812268015656067 0.0288955906126790 0.0234753016855567 0.545098 0.388235 0.149020
vn -0.0003725006994409 0.0000914102052520 -0.0003682165358766
v -0.0798797280415272 0.0374008483125848 0.0131429786703168 0.709804 0.525490 0.266667
vn -0.0010197313968690 -0.0000040512826252 0.0002259396222706
v -0.1017877033733400 -0.0008023656829377 0.1230586291689903 0.647059 0.474510 0.207843
vn -0.0006847618235597 0.0000165307252284 0.0000819185873729
v -0.1037859365888556 -0.0009728058014746 0.1122900279529717 0.635294 0.462745 0.207843
vn 0.0002950964414749 0.0010360924737373 0.0004618220854511
v 0.0493863699320034 0.1107086208604679 0.0935653267729225 0.619608 0.431373 0.180392
vn -0.0009604715003718 0.0001055521842755 0.0000022467500133
v -0.1025369311894184 0.0238122198696172 0.1040781551766230 0.772549 0.584314 0.305882
vn -0.0001196522273621 -0.0001125122729158 0.0009234835036536
v -0.0299035344652750 -0.0899187086915599 0.1859822667980172 0.443137 0.321569 0.090196
vn -0.0002563460170440 -0.0000669621424607 0.0010168311491648
v -0.0409105825064034 -0.0945618346639096 0.1835056693099476 0.454902 0.333333 0.094118
vn -0.0000608628116173 -0.0002044984873156 0.0010723816383498
v -0.0326171916884526 -0.1029754922917459 0.1840071210838455 0.447059 0.329412 0.098039
vn -0.0008453685811022 -0.0000611972399356 0.0000558150884630
v -0.1119950201024173 -0.1289481937094028 0.0903049595766479 0.407843 0.294118 0.074510
vn -0.0004384017279715 0.0000369774993927 -0.0008060223648189
v -0.0657175285593530 -0.0329601752447661 0.0587946435222104 0.462745 0.321569 0.098039
vn -0.0006257028411776 0.0001950463616900 -0.0007681510219209
v -0.0621009650397089 -0.0429195885213731 0.0505042377221028 0.560784 0.400000 0.152941
vn -0.0003803362122982 0.0001096519761941 -0.0005903294556685
v -0.0708951006683607 -0.0437595510113498 0.0628764188042068 0.423529 0.290196 0.078431
vn -0.0001573472535347 0.0004385322315961 -0.0006733083836914
v -0.0450951140206610 0.1308029170925585 0.0279315979344770 0.717647 0.521569 0.266667
vn 0.0000232814594792 -0.0009857165430731 -0.0000525599188244
v -0.0639149332414139 -0.1598174717152462 0.0770532578585465 0.305882 0.235294 0.043137
vn -0.0000439689904814 -0.0008799613412597 -0.0000108627002931
v -0.0496397175029143 -0.1596790357588779 0.0772066363992985 0.286275 0.219608 0.035294
vn 0.0000218872735226 -0.0008841284649158 -0.0000868501047761
v -0.0546963368449307 -0.1598586830278421 0.0888715907065567 0.301961 0.219608 0.043137
vn 0.0000327608481744 -0.0006201994988019 -0.0000689719610932
v -0.0660963274991734 -0.1604598598395893 0.0881463068624324 0.309804 0.235294 0.043137
vn -0.0002087529963181 -0.0001143078068270 -0.0010856430383853
v -0.0713057165347513 -0.0194178922803125 0.0584627111055824 0.525490 0.384314 0.141176
vn -0.0003445383769211 0.0000255927497333 -0.0005693106891420
v -0.0598240060008014 -0.0215626776907491 0.0573155166345351 0.458824 0.317647 0.098039
vn 0.0002146453823945 0.0004605683191957 0.0005808738102731
v 0.0386815734175037 0.1178487412946411 0.0824145409697379 0.631373 0.443137 0.192157
vn 0.0001226240330759 0.0001949860680491 0.0011125156775258
v 0.0388673865929794 0.0596942736500698 0.1554372174944349 0.894118 0.717647 0.423529
vn -0.0000135682274979 -0.0013338789855503 0.0004654212873294
v -0.0358610994066456 -0.1578896892531074 0.1324053088667708 0.254902 0.196078 0.047059
vn 0.0000080302504302 -0.0007303201037528 0.0004743589964849
v -0.0071485059670215 -0.1411573853878511 0.1571564357454114 0.301961 0.223529 0.050980
vn 0.0000543590989610 -0.0005234095952953 0.0008857274776280
v 0.0224886331918994 -0.1284205240485759 0.1734243446402473 0.396078 0.298039 0.086275
vn 0.0000932028859536 -0.0003513467947115 0.0012041667382163
v 0.0250008041220561 -0.1144613356757215 0.1782711322953710 0.431373 0.321569 0.094118
vn -0.0007648470459018 -0.0000723947701861 0.0001590077906562
v -0.1089371424155419 -0.1308734516125790 0.1022132262377722 0.443137 0.321569 0.090196
vn 0.0003725335890865 -0.0006192792636121 0.0008522462480614
v 0.0827739456520602 -0.1459876927114915 0.1460741317609653 0.388235 0.294118 0.078431
vn 0.0000158576899121 0.0000423220878022 -0.0008907076827291
v -0.0368469014657106 -0.0604915826954147 0.0442822942751329 0.447059 0.313725 0.090196
vn 0.0000763865084239 0.0000502445845965 -0.0012118574276978
v -0.0316540781951799 -0.0436400903540891 0.0454466692169075 0.458824 0.325490 0.098039
vn 0.0006587608342787 -0.0000502870270649 0.0001618734257729
v 0.1094768104024899 -0.0375728459556272 0.0982241988532501 0.505882 0.356863 0.125490
vn 0.0008477385014450 0.0001852507398361 0.0001492501506954
v 0.1072105448143175 -0.0240362788604117 0.0996994794877889 0.552941 0.388235 0.145098
vn 0.0009552280366627 -0.0000445382331948 0.0001104243109067
v 0.1079185106282999 -0.0487253661248151 0.0942338457613460 0.662745 0.490196 0.211765
vn 0.0000128409750945 0.0003875610740033 -0.0012662632834610
v -0.0325286460323563 0.0985589730854046 0.0696447905794772 0.627451 0.447059 0.188235
vn -0.0000536644344181 -0.0002403701579829 0.0004128413093765
v 0.0078577194940582 0.1516489293274888 0.0921414002255151 0.650980 0.443137 0.219608
vn -0.0003750514824897 -0.0007218878525808 0.0001841240343915
v 0.0089458987666963 0.1467846255198383 0.0833706992855525 0.470588 0.290196 0.113725
vn -0.0001223379693741 0.0003972026231905 -0.0010837182279031
v -0.0517092767780238 0.0970924254561336 0.0698432778790419 0.749020 0.552941 0.270588
vn -0.0002766694134505 -0.0000785709065433 -0.0007849166338344
v -0.0548118728391382 0.1156508989399653 0.0738487384755435 0.662745 0.482353 0.243137
vn -0.0000320117823083 0.0000335246318790 -0.0010475302902627
v -0.0420023273304529 0.1102140312734315 0.0732502885363919 0.639216 0.454902 0.219608
vn -0.0006046094422855 0.0000980140886997 0.0008420440078402
v -0.0874499762189343 0.0657665824336226 0.1432365671526561 0.752941 0.564706 0.301961
vn -0.0002195216134109 -0.0001733004593712 -0.0011574117656626
v -0.0635175987803189 -0.1247316231842776 0.0493755436344430 0.423529 0.305882 0.086275
vn -0.0000698774825319 -0.0000018111805746 -0.0010109654582714
v -0.0597863020894523 -0.1399331298550604 0.0498594981389673 0.541176 0.396078 0.145098
vn -0.0001306636658110 -0.0000611277705138 0.0002860166905238
v -0.0767901570542926 0.0723756688377381 0.0305913476513673 0.560784 0.396078 0.152941
vn 0.0004376383547626 -0.0001313819033017 0.0004230294326036
v 0.0836435645591780 -0.0085651849899537 0.0132976535278466 0.650980 0.486275 0.207843
vn 0.0001731850820993 0.0001988802937017 0.0014214868072099
v 0.0343946902066017 0.0448739226306703 0.1578561517504224 0.788235 0.615686 0.337255
vn 0.0005994735505818 0.0009126521847945 0.0000281304188086
v 0.0679343968741410 0.0982834270927208 0.1305044412559050 0.549020 0.376471 0.145098
vn -0.0005970181431887 -0.0001084379855079 0.0008661523735944
v 0.0544973611643479 0.0209888347514358 0.0125389069077046 0.501961 0.345098 0.141176
vn -0.0001256205680914 0.0000698729336217 0.0007141270696944
v 0.0877532334135847 -0.0777186402625972 0.0258797590696077 0.384314 0.270588 0.070588
vn 0.0003758929920839 0.0002198342378333 -0.0005521888543339
v 0.0761861716593561 0.1187758675749222 0.0329846348411601 0.717647 0.533333 0.270588
vn -0.0010930363594195 0.0002448186960549 -0.0001211044615827
v -0.0974755667122402 0.0498142856902892 0.0886711821503921 0.870588 0.682353 0.392157
vn 0.0010548111469025 0.0006723493652306 0.0001494079090639
v 0.0902975776483980 0.0797823783487140 0.1043737544011163 0.898039 0.713725 0.419608
vn 0.0008757225637663 0.0006981058845883 0.0001920267523414
v 0.0864169765987697 0.0816860724323087 0.1183493286996246 0.772549 0.588235 0.313725
vn 0.0006532776954620 0.0003284489948252 0.0001489798555622
v 0.0921720189358589 0.0726689952572104 0.1179731890533144 0.894118 0.709804 0.419608
vn 0.0003691197894889 0.0000020612465236 -0.0000529675165816
v 0.0850042705280697 0.0373240471032731 0.0201464003842711 0.721569 0.545098 0.278431
vn -0.0010524857559770 -0.0000323287697446 0.0007138895564711
v -0.0986138939175813 0.0040658868474934 0.1372730481697954 0.658824 0.490196 0.235294
vn -0.0005978595292109 0.0000030675213747 0.0006212808940291
v -0.0919207570679183 -0.0056892648375649 0.1392221059990901 0.584314 0.415686 0.188235
vn -0.0004499205109557 -0.0001638704079254 0.0007113295463168
v 0.0580123739882021 0.0545821484219332 0.0202479208716994 0.482353 0.333333 0.149020
vn 0.0001443835039086 0.0005944901257888 0.0001750890391428
v -0.0989340659711302 -0.0978353049601689 0.0400782839770274 0.490196 0.341176 0.113725
vn 0.0002439577884233 0.0004406156624198 -0.0006018326773056
v -0.0913828885071905 -0.0963138726977059 0.0495248100404614 0.505882 0.345098 0.121569
vn -0.0000420302076961 0.0000435870885124 -0.0011570249159452
v -0.0550228298914508 0.0551332303981810 0.0573586520172884 0.552941 0.392157 0.152941
vn 0.0001958831378182 -0.0001275991991026 -0.0004115842791267
v -0.0157589667698576 0.1347245401350819 0.0737988816430324 0.588235 0.392157 0.180392
vn 0.0000875926112758 0.0001896980751872 0.0009903145512896
v 0.0216644952173413 0.0019817963657880 0.1600553174847813 0.564706 0.403922 0.164706
vn 0.0000609873316848 0.0005871617044147 0.0006667263851125
v 0.0635961050809216 -0.0197191601891045 0.1713234992531832 0.886275 0.694118 0.392157
vn 0.0002127393273410 0.0004561393724202 0.0005046277789672
v 0.0722448201134962 -0.0135638138759547 0.1641027338666458 0.847059 0.662745 0.376471
vn 0.0000699397920532 0.0002801546061811 0.0006129513339386
v 0.0620989764612885 -0.0098522428994320 0.1618510411101972 0.850980 0.662745 0.356863
vn -0.0003593791339052 0.0000552373512613 -0.0005266077855698
v -0.0788751288351834 0.0567050188607101 0.0593850044398982 0.615686 0.431373 0.160784
vn -0.0000430827498079 0.0000012836789772 -0.0007579488508125
v -0.0669514993260734 0.0561973177906813 0.0581263784733458 0.580392 0.415686 0.164706
vn -0.0000712893193764 -0.0000097194789056 -0.0007205426922806
v -0.0754954985668316 0.0460091946609428 0.0580153883928250 0.631373 0.462745 0.192157
vn -0.0001218225073447 -0.0004484843161559 -0.0010495878816748
v -0.0043704272134225 -0.1161671325305686 0.0448864211833451 0.423529 0.309804 0.082353
vn -0.0003289178458539 0.0004597181121452 0.0001594127150098
v -0.0695073061451723 0.0955548418433485 0.1426077821444580 0.647059 0.466667 0.196078
vn -0.0002075883229075 0.0002820831368408 0.0008837074703702
v -0.0590153188311603 0.0951162230937687 0.1484472170871440 0.658824 0.482353 0.227451
vn -0.0002474860771334 0.0006318616379214 0.0002354722100517
v -0.0539276679016128 0.1034221163584183 0.1443646892352793 0.662745 0.474510 0.207843
vn -0.0005400309034198 0.0000602985699584 -0.0003994213545161
v -0.0839043449563777 0.0625172770637820 0.0689086121340210 0.666667 0.470588 0.196078
vn -0.0006179827966674 0.0009924166705995 0.0001330254728975
v -0.0616680595666496 0.1015034092252030 0.1248340237943458 0.607843 0.431373 0.176471
vn -0.0004834490356891 0.0011653086325229 0.0001509372252769
v -0.0558163226211333 0.1063494191510853 0.1059644195117251 0.698039 0.505882 0.235294
vn -0.0005286699909162 0.0007523568617789 0.0001554817085008
v -0.0685199965430576 0.0989551892933724 0.1070057460176777 0.674510 0.494118 0.223529
vn -0.0000566312453835 0.0000024007138046 0.0011220521829901
v -0.0051150254417513 0.0969223006635224 0.1475456853819070 0.776471 0.596078 0.337255
vn 0.0003332257585064 0.0001460381842062 0.0013240024512430
v 0.0663002156807406 0.0536176725781635 0.1523730466028756 0.870588 0.698039 0.403922
vn 0.0000803761007351 0.0000906306283922 0.0004988500304259
v 0.0569519861723294 0.0600050830877920 0.1527437591668029 0.800000 0.619608 0.341176
vn -0.0006323586634957 -0.0001773181175153 0.0000492005462772
v 0.0884197464682273 -0.0987436974800008 0.0246937636012823 0.388235 0.282353 0.086275
vn 0.0001231315390743 -0.0009973284861033 0.0000515606771121
v 0.0737737636959271 -0.1606652217644222 0.1139053098727609 0.317647 0.239216 0.050980
vn 0.0001639785275448 -0.0009165824475187 0.0000382959231421
v 0.0838871444996845 -0.1594819791806961 0.1032207466738869 0.349020 0.262745 0.070588
vn 0.0010478842476960 -0.0000236482844317 0.0004621832115238
v 0.0776842684509626 -0.0574595224085607 0.1703312797163468 0.501961 0.356863 0.121569
vn 0.0001067371480440 -0.0000631793494076 0.0005370765900018
v 0.0808266817993269 0.0023989491741438 0.0175633368736523 0.509804 0.356863 0.125490
vn -0.0004238774842426 0.0002048640862509 0.0010463749541833
v -0.0492741777657024 0.0391198292736201 0.1578625615872159 0.874510 0.698039 0.403922
vn -0.0003330509802262 -0.0000017447935773 -0.0000929752773047
v 0.0494853288195997 0.0192714423465060 0.0048467790047514 0.576471 0.411765 0.176471
vn 0.0000614765623157 0.0000804145766433 0.0006001307022737
v 0.0640489782686106 0.0915577008725700 0.1472981278655718 0.541176 0.400000 0.145098
vn -0.0002598634021413 0.0000398386312830 -0.0010980349409368
v -0.0761271044122766 0.0233959798834050 0.0587316389520798 0.556863 0.384314 0.141176
vn -0.0000387854722847 0.0002256417148752 -0.0012555578777497
v -0.0222282719254851 0.0416862844535469 0.0506164918629057 0.603922 0.439216 0.184314
vn -0.0011687617274394 0.0000232186572410 0.0009474205834716
v -0.0919366702414599 -0.0597984406383943 0.1409483332488186 0.596078 0.439216 0.180392
vn 0.0011398808766718 0.0000932071719931 0.0004265661293478
v 0.0825026429430723 -0.1091799132539886 0.1529534288560085 0.521569 0.364706 0.129412
vn 0.0007360089234824 -0.0000312324678227 0.0004425652525607
v 0.0784700142598523 -0.1031198427133415 0.1642144076055598 0.486275 0.349020 0.113725
vn 0.0001102081929798 0.0001128490375327 -0.0008503681527593
v -0.0777520225978384 -0.1088766793695320 0.0500548225658784 0.588235 0.423529 0.180392
vn -0.0002356200769182 0.0001166818843534 -0.0007553888395771
v 0.0091616533452479 -0.0591115058927947 0.0418033177334444 0.513725 0.368627 0.117647
vn -0.0000886153548530 0.0001075758564914 -0.0006974568895716
v -0.0019516419699318 -0.0550118633444090 0.0468881099891575 0.509804 0.360784 0.121569
vn -0.0002267409653391 0.0001190391186083 -0.0007905756013441
v 0.0069086374575028 -0.0476912958243089 0.0447286495326321 0.501961 0.349020 0.113725
vn 0.0000946713471270 -0.0001216254725288 -0.0002138324628912
v -0.0946035232551222 -0.1048287076921759 0.0185235980862271 0.431373 0.313725 0.090196
vn -0.0001441164930109 -0.0001028218638457 -0.0006554630480372
v -0.1020474873655545 -0.1023020349049361 0.0183636727851142 0.443137 0.321569 0.090196
vn -0.0005110272495408 0.0001319132409548 0.0004954159806850
v -0.0662081852615143 -0.0272526510387762 0.1801362689607721 0.537255 0.384314 0.137255
vn -0.0002288262675234 0.0001337819096595 -0.0012058426338911
v 0.0253727587967022 -0.0420889304110919 0.0401700575622960 0.501961 0.352941 0.117647
vn -0.0001460673175159 0.0000952696490940 -0.0008322001425575
v 0.0260549012427410 -0.0273283422527756 0.0422152430734823 0.509804 0.356863 0.121569
vn -0.0000329779786170 0.0002100179752784 -0.0004814740275391
v -0.0076368796555930 0.0920866797232545 0.0649929094639993 0.603922 0.427451 0.168627
vn -0.0001127666236032 0.0003583226100004 -0.0008500824541854
v -0.0182077521984913 0.0849306634100458 0.0626370694164556 0.654902 0.478431 0.207843
vn -0.0008550442610680 -0.0000227891972446 0.0006233259319378
v -0.0722549824054144 -0.0850047221943726 0.1673021638659322 0.423529 0.294118 0.078431
vn -0.0007352933277674 -0.0000480794844747 0.0010465528756762
v -0.0668244729123719 -0.0711034325446254 0.1742435666512619 0.431373 0.301961 0.082353
vn -0.0000386868065788 0.0000962775861846 0.0007749340224455
v -0.0440828176234106 0.0884286902145454 0.1509381550464077 0.843137 0.670588 0.380392
vn -0.0000186731999750 0.0000739877740200 -0.0006420641289780
v -0.0397981843970998 -0.0710473293991797 0.0437823204618951 0.466667 0.325490 0.101961
vn -0.0000263802497913 0.0001282964432923 -0.0009347087780815
v -0.0297097917487128 -0.0751515563981764 0.0424582363934125 0.474510 0.337255 0.101961
vn 0.0001891479095477 0.0006657504672423 0.0001781167755778
v 0.0500304349682999 0.1053808541848938 0.1433923202720216 0.603922 0.415686 0.172549
vn 0.0000808568664495 0.0006103361351810 0.0001468591557232
v 0.0384271165348461 0.1075382025057361 0.1422820238628490 0.623529 0.439216 0.184314
vn 0.0000412002205229 0.0001318790381111 0.0002498189681221
v 0.0453115061116411 0.1025095158963611 0.1485436946211243 0.666667 0.490196 0.235294
vn -0.0002858772647665 0.0000518104775492 -0.0002227573527447
v -0.1112962631214360 -0.0992477730419646 0.0224277505108438 0.721569 0.560784 0.278431
vn -0.0003526453090844 0.0001050113319552 -0.0008652226093711
v -0.1008114654351773 -0.0859503946660864 0.0177838678124748 0.537255 0.388235 0.137255
vn 0.0000204096432877 0.0000024677131137 0.0005456632986510
v 0.0436551962815382 0.0963465330352852 0.1462969251499274 0.713725 0.537255 0.266667
vn -0.0000077974323870 0.0009002514492377 0.0007648904786758
v -0.0265701363103780 -0.0189952970741438 0.1740511935790040 0.784314 0.603922 0.305882
vn 0.0003180997241755 -0.0001024837591371 -0.0005157689599112
v 0.0951305319697102 -0.1443938772151928 0.0568701654573292 0.443137 0.321569 0.098039
vn -0.0000532743741336 -0.0002635685566576 -0.0004398922714945
v -0.0607435335207000 -0.1479650817825549 0.0492864315439273 0.376471 0.266667 0.066667
vn 0.0000950035911977 0.0009455524110391 0.0000885548260556
v 0.0188347174187704 0.1096638526190188 0.1331650717963322 0.780392 0.588235 0.305882
vn 0.0000319385766748 0.0008449315885137 0.0001620649290519
v 0.0102686490046561 0.1108238954438971 0.1438170368751004 0.658824 0.462745 0.203922
vn 0.0004156798378058 0.0010864750230213 0.0000764213460506
v 0.0547345725495855 0.1055219485661184 0.1290152392029594 0.580392 0.407843 0.160784
vn 0.0002557909175763 0.0005444474100822 0.0001380834686672
v 0.0601868353921881 0.1014443489127737 0.1401225720917812 0.580392 0.403922 0.149020
vn -0.0000049951328114 -0.0007833347512035 0.0000382349890688
v 0.0414586075388625 -0.1618595503852382 0.1163822872194282 0.309804 0.239216 0.047059
vn -0.0000022953817070 -0.0011535077221069 0.0001589231464141
v 0.0296444426753333 -0.1612942298949798 0.1221647681481187 0.309804 0.239216 0.050980
vn 0.0002297644482737 0.0000248052937224 -0.0004392276891220
v 0.0795315152589607 -0.0496169214451165 0.0558575826852081 0.427451 0.298039 0.078431
vn -0.0000797895484461 0.0003184316390758 0.0005472168285716
v -0.0202210666345455 -0.0089900069553531 0.1632227252079370 0.780392 0.596078 0.290196
vn -0.0010930365433227 0.0001251281385843 -0.0001665059530436
v -0.1096504462431503 -0.0784423680273636 0.0885770843436914 0.521569 0.380392 0.125490
vn -0.0001624620425317 -0.0003112023077969 -0.0005912093133331
v 0.0753851056175775 -0.0704626381513659 0.0128383088279804 0.490196 0.360784 0.125490
vn -0.0007758336796284 0.0002143280927553 0.0000129670261680
v -0.0962771869120590 0.0563728595855367 0.1036210790519197 0.945098 0.768627 0.470588
vn -0.0008062708489902 0.0002406671228919 -0.0000456095297624
v -0.0949044153303299 0.0604185685018403 0.0926952444842717 0.937255 0.756863 0.458824
vn -0.0002711054405290 0.0001080225716829 -0.0004706133476145
v -0.0515230477401088 -0.0065432753270819 0.0546385764120001 0.482353 0.337255 0.105882
vn -0.0002345520985423 0.0000199758336330 -0.0011249254647853
v -0.0629346696194609 -0.0104152013177611 0.0562408140850902 0.533333 0.376471 0.137255
vn -0.0002598759424663 0.0002654118606615 -0.0008195933543777
v -0.0512245902602436 0.1090202972839925 0.0202229497988852 0.596078 0.403922 0.188235
vn 0.0006975952762360 0.0000850637731103 0.0001264134969609
v 0.1086471946166482 -0.0598554497013563 0.0974463755088113 0.501961 0.349020 0.109804
vn 0.0005440062044715 0.0004991801953738 0.0001148613660188
v 0.1058723487564038 -0.0971363910551385 0.0435128558656395 0.607843 0.435294 0.180392
vn 0.0003691629741288 0.0001148936274818 0.0001037297693335
v 0.1108575328920915 -0.1013776452885605 0.0345689075201174 0.635294 0.474510 0.203922
vn 0.0004492587032526 0.0005175883682174 0.0001443929172608
v 0.1051966944697555 -0.0912634816224721 0.0272525497472733 0.482353 0.356863 0.121569
vn -0.0000498259660417 -0.0003655553688226 -0.0007239961180939
v -0.0031725571549151 -0.1470598994610025 0.0580139223785958 0.364706 0.266667 0.058824
vn -0.0011540846324014 -0.0000731398977406 0.0002312202538776
v -0.1035413527960832 -0.0117429066559239 0.1142724164922185 0.588235 0.423529 0.176471
vn -0.0010442169280920 0.0000782083421745 0.0001668908083373
v -0.1043564094463281 -0.0248649750772449 0.0998878200754287 0.560784 0.400000 0.152941
vn -0.0009191500199291 0.0000706185894463 0.0002056265498506
v -0.1024416416487821 -0.0262839491486513 0.1129028191149247 0.537255 0.380392 0.141176
vn -0.0000768218149973 0.0001602906286895 -0.0006635097516220
v -0.0045937627713736 -0.0798179016731091 0.0428583891592938 0.450980 0.317647 0.086275
vn -0.0003098785520555 0.0000315549329314 -0.0002359967912914
v 0.0358225948631677 0.1290323474189265 0.0302358737010099 0.698039 0.509804 0.243137
vn 0.0001083731717860 -0.0000090284254372 -0.0010021135669526
v -0.0278007634651531 -0.0289624200022584 0.0460994905431770 0.458824 0.321569 0.098039
vn 0.0001237013739804 0.0000134768816334 -0.0008321943077337
v -0.0131095313731191 -0.0319902881025464 0.0477872687017105 0.454902 0.317647 0.094118
vn -0.0002327300073593 0.0001064999257842 -0.0003855204515347
v 0.0407550628837756 0.1204843453095573 0.0237003843370869 0.654902 0.470588 0.223529
vn 0.0001361723201908 -0.0009898334060212 -0.0000230057698154
v 0.0833395875884366 -0.1604423267521222 0.0873668971063211 0.317647 0.243137 0.050980
vn -0.0002288416649265 0.0001877785588309 -0.0013158452097381
v 0.0240447480933574 -0.0142449948146287 0.0435276333909322 0.537255 0.380392 0.141176
vn -0.0002894521483078 -0.0001213776499387 0.0010828324994158
v 0.0657610977208960 0.0110677793531692 0.0147942880074472 0.450980 0.305882 0.090196
vn -0.0005059797745512 -0.0001543182814216 -0.0008777626286837
v -0.0995433331514664 -0.1305375985543756 0.0586536459163806 0.454902 0.329412 0.101961
vn 0.0002530831902164 0.0001378940583609 0.0000647822309860
v 0.0847139810642395 0.0794018669017672 0.1408257121519131 0.745098 0.564706 0.282353
vn -0.0001128447849162 0.0001012435199710 -0.0012216169264568
v -0.0414661904928885 0.0576917248943011 0.0564130761521606 0.560784 0.400000 0.152941
vn 0.0008709365144737 0.0000676652275349 0.0001841876307727
v 0.0993312089340536 0.0260450460373040 0.1286510170636647 0.678431 0.501961 0.239216
vn 0.0001254402890504 0.0009750493601470 0.0001064742970098
v 0.0396216788903490 0.1082720600418492 0.1293329391554550 0.631373 0.450980 0.192157
vn 0.0002946812001932 0.0000491062660690 -0.0014471104025640
v 0.0512100145423449 -0.0968568342443144 0.0377120972743428 0.419608 0.298039 0.074510
vn -0.0002572642957996 0.0001540271867953 -0.0010942923020602
v -0.0547443196368726 0.0050809320546322 0.0561502974410585 0.556863 0.400000 0.152941
vn 0.0000564281213781 -0.0005343680813226 0.0007369557503134
v 0.0103912528731689 -0.1310166765829524 0.1724752829257148 0.384314 0.286275 0.078431
vn -0.0006522852536279 0.0011069169055762 0.0002954216260624
v -0.0593494674412887 0.1069392748049352 0.0892522023889607 0.670588 0.486275 0.219608
vn -0.0011172807431158 -0.0000050003275091 0.0003063182323808
v -0.1076848944115311 -0.0913301445243059 0.1064083692668304 0.466667 0.333333 0.094118
vn 0.0000766923407468 -0.0003367704279765 -0.0005649221781431
v -0.0053657274239727 0.1504885015639654 0.0767460344482069 0.607843 0.407843 0.188235
vn -0.0010129363803539 0.0000555149500603 -0.0001844195397679
v -0.1046915516841312 0.0005748472003929 0.0894085439084702 0.674510 0.494118 0.227451
vn -0.0001983387183800 -0.0003640710180493 -0.0011305676479559
v -0.0761055155350719 -0.1184135446950006 0.0506805532646104 0.419608 0.305882 0.082353
vn 0.0006118773281617 -0.0002443535864753 0.0004093519174195
v -0.0374815298994881 0.1064843756318256 0.0255905888874245 0.533333 0.364706 0.145098
vn 0.0003226739982092 0.0001752200158482 -0.0005401192291750
v -0.0376213176976989 0.1235702395514137 0.0236810653152682 0.737255 0.549020 0.298039
vn 0.0003961966957211 -0.0001202304416808 0.0000681673070469
v -0.0338887995808919 0.1227266908495061 0.0306465953631409 0.635294 0.470588 0.219608
vn -0.0001128930518874 -0.0000558458944398 0.0000147322501337
v 0.0596777220816523 -0.0372046538881946 0.0037516418776933 0.345098 0.333333 0.321569
vn -0.0002451415451742 -0.0002158216805180 -0.0004752769308585
v 0.0624389785608309 -0.0379172369583108 -0.0001261164512855 0.360784 0.345098 0.337255
vn 0.0000257495853950 0.0007862438057379 0.0000790415555509
v 0.0028631649608507 0.1104096817425530 0.1347193073285889 0.800000 0.600000 0.321569
vn -0.0001329614494331 0.0001700490417598 -0.0011752553945222
v -0.0016759690380661 -0.0663056035494431 0.0444064526728978 0.509804 0.356863 0.117647
vn -0.0002265432895308 0.0002419679372809 -0.0009673833432453
v 0.0062523129103908 -0.0778201122995333 0.0410224987482124 0.470588 0.325490 0.094118
vn 0.0000400831390320 0.0001518545918757 -0.0011713415466174
v -0.0148373026212950 -0.0775249959555726 0.0420943498195218 0.450980 0.313725 0.086275
vn -0.0003505866124697 -0.0001104267057408 0.0000967269214716
v 0.0712421328226517 -0.0640743367537725 0.0169832721888181 0.380392 0.262745 0.074510
vn 0.0002345157787217 0.0000031987968432 -0.0010463931142988
v 0.0680080107275682 0.0215747735524039 0.0567538394115491 0.494118 0.345098 0.109804
vn 0.0002844739522553 0.0000681564577296 -0.0008882617003043
v 0.0633045720586541 0.0104805242972870 0.0553130415508384 0.486275 0.337255 0.105882
vn 0.0000707310347073 0.0007932411277639 0.0005246672950578
v -0.0399837299542451 -0.0180600603735375 0.1736681675962165 0.694118 0.505882 0.231373
vn 0.0000723142902110 0.0000518309766797 0.0012079799022161
v 0.0102831390763303 0.0244474986146906 0.1629733623317146 0.725490 0.556863 0.286275
vn 0.0000558248243841 0.0000276897312255 0.0012149418944890
v -0.0024991013444878 0.0227725124138407 0.1633883324730434 0.729412 0.560784 0.290196
vn 0.0003649151820508 0.0002441603937291 0.0004748606492178
v 0.0749321517498711 -0.0129598427524805 0.1548999598041729 0.690196 0.501961 0.223529
vn -0.0000109055147421 -0.0004761604901907 -0.0007254660752817
v 0.0626914238388816 -0.1395156391834295 0.0481793236860679 0.403922 0.298039 0.078431
vn -0.0000559149378754 -0.0006649118025077 -0.0007803961958601
v 0.0702160624300343 -0.1478300923514476 0.0555553388446854 0.380392 0.286275 0.070588
vn -0.0009845407676444 0.0001556973865667 0.0005418104031102
v -0.0975918598216879 -0.0155657202886146 0.1354732244340944 0.592157 0.435294 0.188235
vn -0.0002277638896467 0.0001257572685715 0.0000333039907010
v -0.1021999931792652 -0.0840091685854881 0.0233467528854100 0.690196 0.525490 0.247059
vn -0.0003792206917791 0.0003027993700436 0.0001391139570837
v -0.1068043576129767 -0.0925354393676540 0.0259084228580068 0.556863 0.407843 0.156863
vn -0.0001256134265678 0.0002426156183031 0.0001605128271736
v -0.1013868988917335 -0.0952155938971514 0.0276072181547321 0.403922 0.294118 0.078431
vn 0.0009691350802634 0.0002255535889516 0.0001674546579205
v 0.0986227013023953 0.0501222465677470 0.1183675122473502 0.886275 0.701961 0.415686
vn 0.0007235754168603 0.0002056701865127 0.0001427098615397
v 0.0959096569247473 0.0538456546494571 0.1284651331918097 0.898039 0.717647 0.419608
vn 0.0001226690162510 0.0000839178794385 -0.0008086483257787
v -0.0090831819215315 0.0440088279241937 0.0536528945880511 0.525490 0.372549 0.125490
vn 0.0002896656772910 0.0000590048350675 -0.0012482254426881
v -0.0059012062672498 0.0323228574908668 0.0529768033450486 0.482353 0.333333 0.101961
vn 0.0009536382596905 0.0001390890722027 0.0000933434573747
v 0.1016733151100289 0.0398209617253969 0.1122186991671223 0.831373 0.643137 0.360784
vn -0.0000325991795379 0.0000296249772276 -0.0009944264829160
v 0.0080418247105092 0.0259364304131237 0.0571703279218804 0.450980 0.313725 0.101961
vn 0.0003017495262033 0.0000996850387151 -0.0003738789957650
v -0.0096541834950258 0.1415700964328419 0.0720232062454444 0.678431 0.482353 0.243137
vn -0.0000511055348380 0.0000503576390280 -0.0001435287642426
v -0.0095289698808220 0.1524549772809086 0.0744443371510047 0.721569 0.505882 0.254902
vn 0.0002201177290848 0.0000564646586423 0.0004933021949244
v 0.0820848348715332 0.0761914061870281 0.1461796061321338 0.729412 0.560784 0.270588
vn 0.0003439176556313 0.0001817142142143 0.0011325595205710
v 0.0774278127978463 0.0624997687827331 0.1469116208291653 0.890196 0.717647 0.419608
vn -0.0000076385535607 -0.0008296228705503 -0.0004711697298332
v 0.0321413253318545 -0.1575140685759226 0.0661618781297683 0.172549 0.133333 0.011765
vn 0.0000036793817240 -0.0006622972937850 -0.0002763688560606
v 0.0236543576631339 -0.1600843827745300 0.0723891156089364 0.262745 0.203922 0.031373
vn 0.0007531773944969 0.0001260672612079 0.0000564045977926
v 0.0986640437297016 -0.0249381454370725 0.1237453990494072 0.525490 0.360784 0.125490
vn 0.0000296862198235 -0.0002624368360545 -0.0008153364088419
v -0.0290605189357888 -0.1263430327595342 0.0490139094920275 0.407843 0.298039 0.074510
vn 0.0001256097177956 0.0005521714902811 0.0009176070988645
v -0.0493200332391059 -0.0102921216624381 0.1635261965607489 0.874510 0.701961 0.388235
vn -0.0000448222592898 -0.0000449371727339 0.0012755783565769
v -0.0425861230034840 0.0048804178640702 0.1611031118562958 0.549020 0.396078 0.160784
vn -0.0003623781155010 0.0004300475603650 0.0008670737589974
v -0.0369361728674513 0.1209404952644115 0.0803542554463110 0.686275 0.490196 0.239216
vn -0.0005145161066404 0.0005071561511723 0.0007876785715731
v -0.0290004796494809 0.1286293587982719 0.0882371815772051 0.654902 0.439216 0.203922
vn 0.0000988515711068 -0.0000526432425851 0.0010790772433605
v 0.0327316117701642 -0.0472641356924921 0.1881374446883288 0.690196 0.513725 0.231373
vn 0.0008659857031710 0.0000228630908288 0.0002981148477322
v 0.1017695603106643 -0.0666911769773433 0.1207498900104835 0.541176 0.384314 0.129412
vn 0.0009910612012770 -0.0000533138072992 0.0004447770095964
v 0.0985257218440452 -0.0756912651181819 0.1299947323286607 0.474510 0.337255 0.098039
vn -0.0005835107073795 -0.0000619427861794 0.0007654336889166
v -0.0885116617469926 -0.1364930851187313 0.1412547864578970 0.454902 0.329412 0.101961
vn 0.0010379003444390 0.0000666525334247 0.0001485893983430
v 0.1024767834462716 0.0278326114498964 0.1169303290831039 0.756863 0.580392 0.298039
vn 0.0007780555722345 0.0001332475356694 0.0005826304016178
v 0.0976711194352530 -0.1140776094889966 0.1314263002185888 0.501961 0.360784 0.117647
vn 0.0006365728290382 0.0000872668261469 0.0005041312843521
v 0.0904815947749941 -0.1200510891434226 0.1392035311217832 0.509804 0.368627 0.117647
vn 0.0009115769228694 0.0000879845688913 0.0008198652482786
v 0.0951459636277893 -0.1311600522866773 0.1375629075723977 0.525490 0.380392 0.137255
vn 0.0003123238365082 0.0001222572808746 -0.0010272366656946
v 0.0457855599158901 -0.0674708103803189 0.0387615254932742 0.482353 0.341176 0.105882
vn 0.0002824693482823 0.0000888274132954 -0.0007354348121053
v 0.0454281301633281 -0.0544744731645791 0.0400336210178120 0.486275 0.345098 0.109804
vn 0.0005773372700860 0.0001483773699929 -0.0010782656514928
v 0.0558585898176338 -0.0623813987579182 0.0444614666485521 0.450980 0.321569 0.090196
vn -0.0000059730414757 0.0005212930766607 0.0008884128933592
v -0.0348502006074575 -0.0091617088034203 0.1618364531255714 0.815686 0.631373 0.325490
vn -0.0000576034419776 -0.0000258203801364 0.0007896912666018
v -0.0275998760967024 -0.0009559332205515 0.1622018077073356 0.549020 0.392157 0.160784
vn -0.0002307722925745 -0.0004040080496508 0.0006918025972104
v 0.0456714465464386 0.1206727323660896 0.0357700000036354 0.517647 0.356863 0.152941
vn 0.0001011775435950 0.0000641393403274 -0.0008864114807885
v -0.0203690166302688 -0.0414817464259801 0.0470646826108484 0.462745 0.325490 0.098039
vn -0.0000453105423843 -0.0009095491357146 0.0007403493911255
v -0.0513248304144922 -0.1328238753154073 0.1687618200118519 0.431373 0.329412 0.109804
vn 0.0003132132710488 0.0000902895901711 -0.0009116593107484
v 0.0597678692761456 -0.0138286676979013 0.0523250275334125 0.450980 0.317647 0.090196
vn 0.0003892802737679 0.0000461776124414 -0.0011881499296644
v 0.0716051469997682 -0.0140924659873287 0.0558027453381444 0.470588 0.329412 0.098039
vn -0.0004495113330916 0.0002585433280935 0.0011017736993142
v -0.0606264471706846 0.0410427267270796 0.1494977101938730 0.901961 0.721569 0.419608
vn 0.0003609804972167 0.0002013929687762 -0.0007375190396198
v 0.0665098810044308 0.0774035637944813 0.0176489579715522 0.564706 0.380392 0.160784
vn 0.0002809292870013 0.0003793190125494 0.0002103099842063
v 0.0701049372195395 0.1469338041590842 0.0646209546028375 0.725490 0.545098 0.274510
vn 0.0000781706881569 0.0004852685772585 0.0005967709664108
v 0.0636782352160116 0.1427747504326999 0.0718452047325713 0.588235 0.419608 0.180392
vn 0.0000185690896103 0.0000970002837118 -0.0008597558189626
v -0.0098962326645287 -0.0466366232556340 0.0478482876597038 0.474510 0.333333 0.101961
vn 0.0000379451206793 0.0006679099093717 0.0002165471495076
v -0.0444274202982114 0.1474497839361935 0.0619248301060930 0.929412 0.737255 0.447059
vn -0.0000294882440588 -0.0007159280657175 -0.0000565486904143
v -0.0761918589217788 -0.1618321024286206 0.0919639058179531 0.301961 0.227451 0.043137
vn -0.0006665051371194 -0.0001601137822363 -0.0009727041161365
v -0.0825753173589481 -0.0179609146590244 0.0612961743325052 0.627451 0.454902 0.196078
vn 0.0001008720397925 -0.0003299788575273 -0.0001974939434859
v -0.0990124052162085 -0.1124067529968793 0.0229156483629295 0.474510 0.345098 0.113725
vn -0.0000914908948142 -0.0001655177926704 0.0006940076587473
v -0.0748246776358285 -0.0080666771158302 0.0149728075294823 0.466667 0.309804 0.094118
vn 0.0001759739643223 -0.0001607580104943 0.0007874690306553
v -0.0635243186184595 -0.0054426641731377 0.0132558439676951 0.447059 0.305882 0.066667
vn -0.0003137432683756 0.0000893267402281 -0.0010240418499643
v -0.0890268005894759 -0.1370460463744291 0.0522574701726998 0.482353 0.349020 0.117647
vn -0.0002155160535325 0.0000605758766738 -0.0011996583153033
v -0.0756155518257256 -0.1325633177686033 0.0513105717553065 0.600000 0.443137 0.184314
vn -0.0001057882169711 -0.0003862807264172 -0.0009139357392852
v -0.0736764828353593 -0.1465725655883288 0.0503973068727767 0.564706 0.423529 0.168627
vn 0.0000304761531557 0.0003868087039015 -0.0006101638812386
v 0.0461670583832732 0.1304353423121815 0.0280013628807236 0.701961 0.501961 0.250980
vn 0.0006431985102141 0.0000164204037667 0.0005328606451720
v 0.0987912186986851 0.0182919685002161 0.1381411569521746 0.658824 0.490196 0.227451
vn 0.0003137633697374 0.0000645255336913 -0.0012799311282060
v -0.0142501600975304 -0.0100734598893137 0.0481418547774355 0.505882 0.356863 0.117647
vn -0.0000221833885086 -0.0000408692929410 -0.0009248890204043
v -0.0643126769328343 0.0445009168140167 0.0586220204214562 0.568627 0.407843 0.156863
vn 0.0007868325398481 0.0008167175792479 0.0001979534758169
v 0.0795426093559805 0.0933978451246015 0.1027733604088366 0.709804 0.533333 0.258824
vn -0.0005313033236448 0.0003219379544099 -0.0001255040585473
v -0.0128430577591854 0.1501208854536881 0.0792794686937971 0.749020 0.529412 0.266667
vn -0.0005976847063036 -0.0000348598970610 -0.0000142060828784
v -0.0600942215580528 0.1210527300648175 0.0774368461576275 0.623529 0.443137 0.211765
vn 0.0000137098922506 -0.0009039871506842 0.0002829628782970
v -0.0080045676706385 -0.1598395712983584 0.1297256896857898 0.262745 0.200000 0.039216
vn -0.0000442296741395 0.0001639384913114 -0.0006611160835958
v 0.0187099427051816 0.0424213194382470 0.0578138751946371 0.443137 0.298039 0.082353
vn 0.0000600685794781 0.0000632530491522 -0.0009689914142785
v 0.0082156049322020 0.0376259992683105 0.0547339523823542 0.356863 0.243137 0.062745
vn 0.0006457132981005 -0.0000683100597459 0.0005535953569611
v 0.0859169534059446 -0.0312179054631647 0.1458034288588669 0.588235 0.427451 0.168627
vn 0.0005877834053349 -0.0000017210847951 0.0004919690565448
v 0.0903194409352427 -0.0201596595148464 0.1441470024141224 0.760784 0.580392 0.298039
vn 0.0000594939424974 -0.0011399105770460 -0.0000330492841336
v 0.0712527919591577 -0.1619347437240360 0.0994479874732109 0.309804 0.231373 0.047059
vn -0.0000192552520351 -0.0007553256032459 0.0001460836775444
v -0.0655778193347112 0.1381434097068308 0.0571454284476350 0.407843 0.262745 0.074510
vn -0.0003898914384569 -0.0000246434550661 0.0010052582820615
v -0.0553824671588461 -0.0808763990010722 0.1794313145023808 0.435294 0.309804 0.082353
vn -0.0003962306706275 -0.0001130921407635 0.0009489616668668
v -0.0494082526840693 -0.0725149979382340 0.1815889721058901 0.607843 0.466667 0.180392
vn -0.0009795744185902 0.0000504059106488 0.0001643773477823
v -0.1067818085302230 -0.0399844049414032 0.1040722904385506 0.419608 0.282353 0.086275
vn -0.0011132054876638 0.0001105883242251 -0.0001683669484999
v -0.1087542309342815 -0.0337019275173658 0.0922573834383563 0.537255 0.372549 0.133333
vn -0.0009803440284981 0.0000196375196697 0.0000325984959197
v -0.1063445015967860 -0.0454791872235511 0.0933350582536611 0.552941 0.388235 0.149020
vn -0.0006238773999241 -0.0004533806209197 -0.0000533573184532
v 0.0942156672083916 -0.1082748858869551 0.0366594514249943 0.403922 0.286275 0.082353
vn 0.0000407589358695 -0.0000315037872493 0.0011518282369088
v -0.0086058794868635 0.0116610810313445 0.1637917473686725 0.662745 0.498039 0.239216
vn -0.0000485479051013 -0.0000975324465820 0.0012353201644859
v -0.0258513503730341 0.0097573735420851 0.1636861117197916 0.588235 0.431373 0.192157
vn 0.0003915899980095 -0.0001484263936209 0.0006019391459441
v 0.0830055436655261 0.0145852222683997 0.0191395333872337 0.631373 0.474510 0.196078
vn 0.0007480713534752 0.0001970481487190 0.0005992936688608
v 0.0903209938763390 0.0577540972787056 0.1436270880007771 0.650980 0.478431 0.227451
vn 0.0000052710257799 -0.0004611606082002 0.0003735156682927
v -0.0446444538689993 -0.1407850519308161 0.1524798522069312 0.227451 0.164706 0.023529
vn 0.0002836300945201 0.0006989330161171 0.0001114692059678
v 0.0540872442548429 0.1075594363828173 0.1047717942387442 0.654902 0.474510 0.211765
vn -0.0001499170910188 0.0002102408765440 -0.0011102472054299
v 0.0292389954048261 0.0468109568745151 0.0539367762036779 0.615686 0.443137 0.184314
vn -0.0000316818444512 -0.0002201707968123 -0.0008861039527193
v -0.0352432752764133 -0.1107592678584194 0.0430630822481236 0.392157 0.282353 0.062745
vn 0.0002209002578490 0.0000620197053391 -0.0011830420561093
v -0.0248800155817626 0.0051750328723461 0.0466410129318739 0.498039 0.349020 0.117647
vn 0.0001255087206737 0.0004748807490210 0.0009631264528001
v 0.0513521110280658 -0.0103345371254978 0.1643119958919759 0.898039 0.721569 0.407843
vn 0.0001594922247993 -0.0001402845355446 0.0006874915580682
v 0.0537576781270739 -0.1014374204805306 0.1780373774949400 0.447059 0.333333 0.098039
vn 0.0005351454463602 0.0000579470751544 0.0001606001562845
v 0.0852279240027205 -0.1262264749065805 0.1580307838767924 0.654902 0.482353 0.207843
vn 0.0009110347964620 0.0005796772880550 -0.0002422131444814
v 0.0855414717522742 0.0867810086089924 0.0786365423070065 0.745098 0.560784 0.274510
vn 0.0015485585871732 0.0004063741337298 -0.0004921481245945
v 0.0936948650471995 0.0679592987233518 0.0780235054340693 0.737255 0.549020 0.262745
vn 0.0006127518242594 0.0002540907831177 -0.0004667376636013
v 0.0863911350789753 0.0787055505055497 0.0654215526828736 0.600000 0.423529 0.168627
vn -0.0002142095187419 0.0000356934870946 -0.0005432148084202
v -0.0614972679449871 -0.0671912467230517 0.0476804396353679 0.611765 0.450980 0.188235
vn 0.0000126869524509 -0.0002824379606948 0.0014307625991297
v -0.0173241539008381 -0.0947598655035133 0.1857231926072044 0.450980 0.329412 0.101961
vn 0.0001949201175415 0.0002483082967055 -0.0009209913623965
v 0.0778958232078376 -0.0925753171040962 0.0496599238815078 0.431373 0.305882 0.098039
vn -0.0007831371375945 0.0010623235781291 -0.0003318424524799
v -0.0713940350844966 0.0999058552201053 0.0792194792307998 0.745098 0.552941 0.270588
vn -0.0004777579279255 0.0005752701776316 -0.0005223144077695
v -0.0771522290971701 0.0873770498241110 0.0666586584202342 0.705882 0.509804 0.219608
vn 0.0001387446299489 0.0001018444179062 -0.0011434264074637
v 0.0672748884794338 0.0546669774619739 0.0584942439127031 0.537255 0.372549 0.129412
vn 0.0002819784503071 0.0001984188222419 0.0004091342663800
v 0.0992385472306579 -0.0802917108044226 0.0259650906265794 0.509804 0.372549 0.133333
vn 0.0000119261674750 -0.0009438636420462 0.0008145833055219
v 0.0389594947307261 -0.1548220379049025 0.1423038972101812 0.243137 0.180392 0.031373
vn 0.0001504552677378 -0.0000164667112570 0.0001800038699772
v 0.0974409980023742 0.0084869550622923 0.1388536934151852 0.596078 0.439216 0.188235
vn -0.0000449765093439 -0.0006833959211701 -0.0012189661933299
v -0.0421879101349193 0.1237913007038843 0.0683927128353143 0.643137 0.458824 0.227451
vn 0.0000424519915820 -0.0006778822447544 -0.0000812868382267
v 0.0285997842460357 -0.1602015175510152 0.0821635106229250 0.294118 0.219608 0.035294
vn -0.0002278897479342 -0.0002579218758242 -0.0004993792651577
v -0.0532793114350991 0.1257250874208160 0.0690202318734391 0.666667 0.490196 0.243137
vn -0.0002450704759436 0.0001563501610777 -0.0009605571953965
v -0.0339482172963394 0.0461267832111006 0.0563779053520932 0.498039 0.345098 0.113725
vn 0.0003505970489434 0.0000370152738376 -0.0007273628071458
v 0.0799260461741890 -0.0274646519018603 0.0584116330892383 0.454902 0.317647 0.090196
vn 0.0002231787717280 -0.0002234675977168 0.0006277315508989
v -0.0490650119995066 0.1038634954670141 0.0298248599482597 0.486275 0.333333 0.129412
vn -0.0000860583444052 -0.0011077442266409 0.0005954681650670
v -0.0408490467645606 -0.1382890328318596 0.1626104924864209 0.317647 0.250980 0.074510
vn 0.0002792928567164 0.0000982664683530 0.0004430374000077
v 0.0728192337853344 -0.0292237600316445 0.1740341064559468 0.635294 0.462745 0.196078
vn 0.0000160387268606 0.0001296898056870 -0.0011663071616746
v -0.0033783166356100 -0.0249466076859134 0.0502738031586366 0.462745 0.325490 0.101961
vn -0.0002979480453458 0.0001038204671461 -0.0009596992316512
v 0.0075374154169803 -0.0348986085233787 0.0465898034904180 0.486275 0.341176 0.109804
vn -0.0000568645098469 0.0000911224773733 -0.0006824313891022
v -0.0035604544562253 -0.0375202264716198 0.0492221629875930 0.462745 0.321569 0.101961
vn 0.0000531715251936 0.0000185877741345 0.0006434868363143
v 0.0190607502198724 0.0978272254345968 0.1492870552281007 0.682353 0.501961 0.258824
vn -0.0006839467979208 0.0000614208630993 -0.0001067829614045
v -0.1083235102114952 -0.0561645545416455 0.0880835370593049 0.521569 0.368627 0.121569
vn -0.0000112376008010 -0.0007210643038787 -0.0000515352467379
v 0.0712831622583792 -0.1604391926668544 0.0870140248552599 0.305882 0.227451 0.043137
vn -0.0000767571761510 -0.0008573004794643 -0.0000815707028974
v 0.0593309435823566 -0.1598168665934284 0.0886508395564105 0.309804 0.231373 0.043137
vn 0.0006336194287806 -0.0001985775593340 0.0002196558804553
v 0.0971869389831318 -0.0429834057490151 0.1325373370806615 0.533333 0.384314 0.145098
vn 0.0004304548550997 -0.0001732413360372 0.0004950099873256
v 0.0940336936764399 -0.0419056358202824 0.1413508168539846 0.505882 0.356863 0.129412
vn -0.0001191795764965 -0.0009138045451415 0.0000076771181258
v -0.0798478941705091 -0.1598720745880634 0.1149565823182130 0.278431 0.203922 0.035294
vn -0.0000345418712040 -0.0007200289374222 0.0000921014579941
v -0.0785924073899014 -0.1605241787447476 0.1261586401242177 0.243137 0.188235 0.023529
vn 0.0000632634923707 -0.0000987489888093 0.0011730276018202
v 0.0229643638878281 -0.0605374664286929 0.1871459776920910 0.611765 0.454902 0.180392
vn -0.0000024607380742 -0.0007191513059527 -0.0000877318732087
v 0.0488728611465602 -0.1594248715641464 0.0934619540955596 0.317647 0.243137 0.047059
vn -0.0000321160474915 -0.0006329673913057 -0.0000818335738779
v 0.0579025455488391 -0.1612885399086972 0.0994538602574522 0.313725 0.235294 0.047059
vn 0.0008052961427250 -0.0000307586864530 0.0006890355005423
v 0.0929959457431930 -0.0682282854218401 0.1402142990909736 0.560784 0.403922 0.152941
vn 0.0001980809748673 0.0002340411696960 -0.0010876776955295
v 0.0029769919303502 0.0483213589915723 0.0556161992650716 0.282353 0.176471 0.031373
vn 0.0002974880971264 0.0000741638367767 -0.0008337660680674
v 0.0498825679304877 -0.0074117188982736 0.0486774452581603 0.447059 0.305882 0.086275
vn -0.0010723423435406 0.0007679678690576 0.0000043498166411
v -0.0838961002051487 0.0884027423866106 0.0901662826135352 0.796078 0.607843 0.313725
vn 0.0002663499134424 0.0003256836623510 0.0002247525259294
v 0.0559556812567115 0.1100628190981874 0.0844111328588487 0.635294 0.458824 0.200000
vn 0.0002681601020682 0.0001438629479630 -0.0007879523033052
v 0.0706471634176438 -0.1033897172512855 0.0425581124114153 0.392157 0.278431 0.066667
vn -0.0003973866165540 0.0000773388673369 -0.0007504811341860
v -0.0958049886437615 -0.0600745706240516 0.0699310096902512 0.549020 0.400000 0.145098
vn 0.0000214631492429 -0.0009311981056666 0.0000202030263307
v 0.0604257592370232 -0.1621835692116218 0.1101189301018945 0.309804 0.235294 0.050980
vn 0.0000942917431614 0.0000713000524060 -0.0008070715746141
v 0.0555242007917639 0.0522249739959897 0.0572848966420006 0.517647 0.356863 0.117647
vn 0.0000531543383391 0.0002272742302894 -0.0010785721341270
v 0.0612087573200621 0.0659368295460581 0.0584453416989309 0.615686 0.443137 0.176471
vn 0.0012333548225556 -0.0000156492073356 0.0002430747358390
v 0.1101876390202111 -0.1088564348889255 0.0950426059665336 0.443137 0.317647 0.082353
vn 0.0013719738630704 0.0000982746048987 -0.0000618876946057
v 0.1113814757458565 -0.0958812840931476 0.0842558416633258 0.454902 0.321569 0.090196
vn 0.0005005084267863 0.0009955175692797 0.0001638885471609
v 0.0656598546765926 0.1038762884104151 0.0978387257763047 0.619608 0.443137 0.184314
vn -0.0004262497107812 -0.0000656634675366 -0.0000471433668621
v 0.0423614873924995 0.0989230544237379 0.0216745694725997 0.564706 0.384314 0.164706
vn -0.0002802518174092 0.0002091798461742 -0.0007902242056496
v -0.0547216618125081 0.0680043555389726 0.0090799435021336 0.631373 0.435294 0.207843
vn -0.0001013499552797 -0.0007437635482524 -0.0006037266092670
v -0.0964293661756972 -0.1128369444764017 0.0489950640695680 0.196078 0.129412 0.027451
vn 0.0012841469577509 0.0003007657800650 -0.0001354922959549
v 0.0982071609272928 0.0606877652073375 0.0926641942524186 0.870588 0.682353 0.400000
vn 0.0007632590357938 0.0001478217223609 -0.0001552461562677
v 0.0998949444951624 0.0489428529635087 0.0879270235101428 0.800000 0.615686 0.337255
vn -0.0001680830584994 0.0009510140433763 0.0001567626261959
v -0.0407402015911667 0.1060717498874977 0.1419774505279201 0.674510 0.474510 0.215686
vn -0.0000721245751038 0.0007227605835043 0.0002631816049075
v -0.0276478362483268 0.1080445069287392 0.1463243757921639 0.713725 0.521569 0.247059
vn -0.0003573038811435 -0.0002631494152764 0.0010844455407561
v 0.0687148365109592 0.0237138208101285 0.0189224930984110 0.478431 0.325490 0.113725
vn -0.0005930184674535 0.0000657441421639 -0.0006709017880004
v -0.0888978936408702 0.0064879856313509 0.0681173538712536 0.713725 0.525490 0.250980
vn 0.0001110991777344 0.0000988539809989 -0.0008528949149130
v -0.0198721138802490 0.0284050383313860 0.0492997432453700 0.549020 0.392157 0.152941
vn -0.0002350220991182 0.0002223699065202 0.0010204604689177
v -0.0582982487791245 -0.0323083213376316 0.1861305006534953 0.819608 0.635294 0.325490
vn 0.0000004300218927 -0.0002923569855248 -0.0008410847472976
v 0.0429479551195095 0.1184431313376950 0.0711951851567095 0.603922 0.431373 0.188235
vn -0.0010061050224004 0.0001498468851599 0.0000952164499724
v -0.0984246187133163 -0.0254485222902594 0.1259941225140093 0.592157 0.427451 0.172549
vn 0.0000089199614056 -0.0008718773399343 -0.0000269267134927
v -0.0774458663992897 -0.1601299259326938 0.0812911870155009 0.294118 0.219608 0.035294
vn 0.0011068440120066 0.0000412893161971 0.0004031312903407
v 0.1029394790832107 -0.0989321215536507 0.1161860363355101 0.458824 0.325490 0.090196
vn 0.0009557465290542 0.0000833645911675 0.0003349087228335
v 0.1027906858372776 -0.1160210190522934 0.1206550247913266 0.482353 0.349020 0.105882
vn 0.0010167285932453 0.0000356218837749 0.0003066163259199
v 0.1056443541153581 -0.1118045500530020 0.1092999457905745 0.482353 0.349020 0.105882
vn 0.0000626729994306 -0.0001489321480829 -0.0010552857815486
v 0.0897292760519678 -0.1071008115259935 0.0462294844128928 0.407843 0.286275 0.082353
vn -0.0001229790508403 -0.0005147744201869 -0.0003570608162914
v 0.0969744333990003 -0.1119723137533769 0.0441365701939916 0.415686 0.294118 0.101961
vn 0.0000358476271509 0.0010928197622333 0.0002136938713575
v 0.0024058025134027 0.1133753665969938 0.1234977470996385 0.803922 0.611765 0.325490
vn 0.0000690715409862 0.0009523494168555 0.0001434458710447
v 0.0074967944588306 0.1147044151762244 0.1122593337845136 0.819608 0.627451 0.337255
vn 0.0011475497852024 0.0003815413980854 0.0001285887088858
v 0.0956979637119510 0.0669739991611778 0.1089323776139173 0.937255 0.760784 0.470588
vn 0.0008467765807305 0.0003248145945622 -0.0000243845008632
v 0.0945920759205580 0.0723300360045864 0.0953322112822551 0.941176 0.760784 0.470588
vn 0.0003620492212493 -0.0001405434964958 0.0001444910556260
v 0.0718729397528271 0.1415327835440697 0.0595901614754454 0.568627 0.392157 0.164706
vn 0.0004383275715098 0.0000036495517445 -0.0002877169969661
v 0.0903836556652245 0.0361658481098248 0.0711767473592490 0.545098 0.368627 0.121569
vn -0.0004834039910148 0.0003343843032528 -0.0004116711097336
v -0.0592606178069291 0.1027275040276715 0.0770532538300493 0.647059 0.454902 0.180392
vn -0.0001350495978902 0.0005230574192724 -0.0005393368722896
v -0.0656981757574341 0.0961674469105779 0.0704783779961711 0.611765 0.427451 0.164706
vn -0.0000200292027939 -0.0001921874879266 -0.0006003319534646
v 0.0398355968332217 -0.1189887997977550 0.0413810274426416 0.376471 0.270588 0.054902
vn -0.0000104960666591 -0.0002312546886893 -0.0005657117482135
v 0.0330154312077745 -0.1272909050615814 0.0446306331810350 0.396078 0.290196 0.070588
vn 0.0000487076009876 -0.0002610368952043 -0.0008128200464369
v 0.0281501118463415 -0.1178862131264660 0.0409050479193580 0.376471 0.266667 0.054902
vn 0.0000646665750797 0.0000619607368733 0.0007674878632817
v 0.0563900911969415 0.0120353255089111 0.1613143712906259 0.701961 0.533333 0.266667
vn 0.0002532980336559 -0.0001558715590060 -0.0010856720225562
v 0.0731471423520569 -0.1170168934747178 0.0426493030498901 0.384314 0.270588 0.062745
vn 0.0000026354714464 -0.0006943140667539 0.0000793861219499
v -0.0106586361952846 -0.1615604053943388 0.1191566148952135 0.309804 0.239216 0.054902
vn 0.0002570018177919 0.0000683577997657 -0.0008104535538637
v 0.0596616143326116 -0.0017409992285918 0.0523897996027828 0.462745 0.321569 0.098039
vn 0.0008424147680109 0.0000142656071103 0.0004265840933385
v 0.0821357270099739 -0.0842322276343758 0.1489541569159463 0.521569 0.364706 0.121569
vn 0.0000420516792953 -0.0000255676250869 -0.0005984675090237
v -0.0611418810531052 0.0018427894237549 0.0004017046675599 0.615686 0.439216 0.207843
vn -0.0001755275688358 0.0001084172125310 -0.0006541850296510
v -0.0597855120568704 0.0146408358725495 -0.0000353563631297 0.611765 0.435294 0.200000
vn -0.0000372468605002 0.0001217164750462 0.0009662415546368
v 0.0075920679027554 0.0934688031305862 0.1504353170975792 0.866667 0.694118 0.407843
vn -0.0001466345628339 -0.0000654243555722 0.0007002790890838
v -0.0306479985881502 -0.0761574763461575 0.1871551072828854 0.470588 0.341176 0.101961
vn -0.0002530203297789 -0.0000519703313513 0.0008797705002999
v -0.0403088433904414 -0.0814747586083594 0.1845078220674589 0.486275 0.352941 0.109804
vn -0.0005226956273997 0.0000070917352467 0.0004442892461489
v -0.0959587348930470 -0.0724462251130850 0.1364268590363875 0.509804 0.364706 0.125490
vn 0.0007276170878563 -0.0000441460507303 0.0002936337233557
v 0.0834762270436594 -0.1250299016475460 0.1478054665750096 0.619608 0.454902 0.188235
vn 0.0012742900484015 -0.0000052945968904 0.0003878833003329
v 0.1076212043725440 -0.0974304299004088 0.1029428873930941 0.474510 0.345098 0.101961
vn 0.0000480442266842 0.0000605015029806 -0.0008674704343775
v 0.0360678669001905 -0.0481053573135435 0.0389588773200571 0.494118 0.345098 0.109804
vn 0.0001980990449343 -0.0010219787653511 0.0005869096522823
v -0.0540530706695451 0.1340662314714936 0.0452487788884679 0.474510 0.329412 0.129412
vn 0.0006843606496333 -0.0000250673365558 -0.0000599696000800
v 0.1056364125554681 -0.1065234281665629 0.0521739695128741 0.521569 0.372549 0.129412
vn 0.0000123198998253 -0.0010151160128490 -0.0000596907483598
v 0.0059621133985553 -0.1599825955952583 0.0805879273912177 0.294118 0.219608 0.039216
vn 0.0004383272100378 0.0001661225443102 0.0003389063303980
v 0.0804012559117344 -0.0200689918596379 0.1691758858912171 0.807843 0.635294 0.321569
vn -0.0002653874135756 0.0007876836620409 0.0000892150139256
v -0.0526215661184625 0.1046974610100497 0.1305563270652231 0.678431 0.494118 0.227451
vn 0.0001446459724013 -0.0002271573589278 -0.0007046420594093
v 0.0738862348212497 -0.0428956823125569 0.0040954164849485 0.509804 0.368627 0.133333
vn 0.0003743043614590 -0.0003744391599198 -0.0001790175025209
v 0.1028710809147564 -0.1128426831276550 0.0477480749074516 0.501961 0.368627 0.129412
vn 0.0004584532489585 -0.0002031855391924 0.0000961563896716
v 0.1058144881215883 -0.1037622922077250 0.0398491795035564 0.568627 0.411765 0.152941
vn 0.0000375852126213 -0.0006121020891922 -0.0002123574464655
v -0.0722396938407245 -0.1605477684558614 0.0690996025138767 0.239216 0.188235 0.027451
vn -0.0001373820532966 0.0000353601455107 -0.0006394676576283
v 0.0049249053493059 -0.0025612968214692 0.0528132281963504 0.431373 0.298039 0.090196
vn -0.0000554914250856 -0.0010474421421925 0.0006829861880830
v -0.0218414005603498 -0.1405444526086414 0.1602661314893453 0.282353 0.211765 0.047059
vn 0.0000243777286139 -0.0002467794176814 0.0009336892938999
v -0.0224274133707474 -0.1107129440290529 0.1820874914778269 0.450980 0.333333 0.105882
vn 0.0001197849351328 -0.0008321438321783 0.0004784156597644
v 0.0777739236599780 -0.1589175070167006 0.1348422832651299 0.298039 0.227451 0.043137
vn 0.0002475336642544 -0.0002013642105603 0.0002093253634008
v -0.0337250432378280 0.1308377306382199 0.0378548079486888 0.427451 0.278431 0.082353
vn 0.0006519135688304 0.0000446152644675 -0.0002103579858180
v 0.0836799650066266 -0.0000294052690632 0.0096638137451218 0.760784 0.588235 0.301961
vn -0.0000100133630305 -0.0012233819961797 -0.0000741950399778
v 0.0106384580745410 -0.1613069352338641 0.0986715749233060 0.305882 0.231373 0.047059
vn 0.0000848600282847 -0.0002265713963444 0.0008845575011298
v 0.0390120893316204 -0.1089182038525626 0.1784905241568621 0.435294 0.317647 0.094118
vn -0.0004151631563468 0.0002229489507949 -0.0010147821703326
v -0.0598507980795831 0.0527732700702121 0.0080778750322171 0.560784 0.372549 0.164706
vn -0.0001095635372489 -0.0005431458738966 -0.0010005131741489
v 0.0062184149946806 -0.1414176871490086 0.0537996306410981 0.388235 0.290196 0.074510
vn 0.0000122987957285 -0.0010852725054737 0.0000141327430806
v -0.0032553346171321 -0.1622143759989363 0.1109989948358941 0.301961 0.231373 0.047059
vn -0.0002353141805283 0.0003611059672606 -0.0006906962308855
v -0.0644164292812225 0.1271729332705527 0.0335339095813227 0.647059 0.454902 0.219608
vn -0.0002787591495914 0.0002703392559669 0.0005284340349054
v -0.0643889813810092 -0.0079362497762417 0.1592892236556996 0.521569 0.356863 0.129412
vn 0.0000078020549080 -0.0010782350540218 -0.0000363600478080
v 0.0501141325944267 0.1405725463039887 0.0542867461702765 0.607843 0.435294 0.207843
vn -0.0005558416066625 0.0004033567181349 0.0001236893375156
v -0.1075539033121586 -0.0974509950907325 0.0405932501085036 0.588235 0.415686 0.180392
vn -0.0004875377327979 -0.0001005805746998 0.0000849595354345
v -0.1119840146058365 -0.1050039838803860 0.0291704660798128 0.498039 0.364706 0.125490
vn 0.0003515454828377 -0.0002027951682553 0.0000335721311606
v -0.0299200748590457 0.1389254271132439 0.0430841818401480 0.749020 0.556863 0.290196
vn -0.0003741411142545 0.0003069516008518 0.0005451396931431
v -0.0728698779597042 0.0886124774344525 0.1478241628023147 0.788235 0.603922 0.333333
vn -0.0002895662196793 0.0000279475993919 0.0008199090612602
v -0.0795129451644387 0.0769063721095644 0.1458796714281582 0.741176 0.568627 0.290196
vn 0.0002295161194741 0.0000852220224317 -0.0007160680450449
v 0.0706206037944705 0.0008418846432893 0.0562365704259915 0.490196 0.341176 0.105882
vn 0.0009020921603289 -0.0000133946395896 0.0004816375481590
v 0.0819416598638931 -0.0696221046418762 0.1495203046012410 0.513725 0.364706 0.125490
vn 0.0000792910537155 -0.0005738687868465 0.0003281257277037
v 0.0322441969234140 -0.1402421535831661 0.1581634197879361 0.294118 0.223529 0.050980
vn 0.0000363033674055 -0.0001582834769422 0.0006960254231783
v -0.0064680653899003 -0.0984995401256098 0.1845337279011711 0.450980 0.329412 0.098039
vn 0.0003970079554370 0.0000231959678229 -0.0000738423421815
v 0.0848983055715218 0.0478063034571731 0.0213239415059458 0.760784 0.588235 0.309804
vn -0.0000502477631647 0.0004545482206115 0.0007101378059300
v 0.0503316107507535 0.1214744583191634 0.0818832438676065 0.607843 0.435294 0.180392
vn -0.0000758970183945 0.0005436847124069 0.0008643356128096
v 0.0503367091676433 0.1354304739418331 0.0750213277378462 0.576471 0.403922 0.164706
vn 0.0003229192214213 0.0004732579255463 0.0007726810256154
v 0.0401368987754413 0.1289334044274252 0.0777945892617766 0.603922 0.423529 0.180392
vn -0.0006545616170621 0.0008202767891688 0.0000816757454761
v -0.0743302122298571 0.0980973481601267 0.0948375001082594 0.643137 0.466667 0.196078
vn -0.0001933246706072 -0.0003163391170680 0.0000226571827228
v -0.1024912130427870 -0.1130919859285970 0.0298925620077844 0.470588 0.345098 0.117647
vn -0.0002807959830963 0.0001307261739243 -0.0007480861674153
v 0.0154802387053179 -0.0014748536867964 0.0479621565440727 0.474510 0.321569 0.101961
vn 0.0001420593842947 0.0000826497447978 -0.0006196993390035
v 0.0398207266295388 -0.0092505341002147 0.0447686633815580 0.474510 0.333333 0.109804
vn 0.0000902568107481 0.0002252561816895 0.0008999501536027
v 0.0542888844677466 0.0241135813478080 0.1595327745039142 0.807843 0.631373 0.345098
vn 0.0001145150987170 0.0009628769833607 -0.0007616703530784
v 0.0489250251470070 0.1434915520480406 0.0399466486409801 0.925490 0.741176 0.443137
vn 0.0005486626181896 0.0000081537043252 -0.0003669349094005
v 0.1050008330389907 -0.0725846872200280 0.0748171162877395 0.482353 0.333333 0.105882
vn -0.0001969247198649 -0.0007938805406731 -0.0000293971390882
v -0.0902072656564207 -0.1601006256083671 0.0849049645729968 0.305882 0.227451 0.043137
vn 0.0001342426022848 0.0002263858060687 -0.0010688553144855
v 0.0751702066321539 0.0731308310429882 0.0610582751413590 0.549020 0.372549 0.125490
vn 0.0003185298115406 0.0006080281708532 -0.0007370014651363
v 0.0798824608275528 0.0863638596276729 0.0655662324896821 0.635294 0.454902 0.176471
vn 0.0010134001765102 0.0002953593758369 -0.0005834886545408
v 0.1064788413760220 -0.0839486052131854 0.0753868807661246 0.694118 0.517647 0.231373
vn -0.0002233152045673 0.0000343356916353 -0.0000704782160089
v -0.0793558054867989 0.0851864261208235 0.0267643996599278 0.737255 0.541176 0.278431
vn 0.0000557795751113 0.0003052272666565 -0.0007148670034176
v -0.0565962329350140 0.0888652760252343 0.0656183074418013 0.647059 0.466667 0.192157
vn 0.0000031293002682 0.0002848157576842 -0.0005350158955408
v -0.0666564898223196 0.0869214304770740 0.0632692046893796 0.505882 0.337255 0.109804
vn 0.0007040438695177 0.0006542770792258 0.0000630274571444
v 0.0768235874374856 0.0903564058722959 0.1309704114892131 0.615686 0.439216 0.188235
vn 0.0005798068156791 0.0001078938181541 0.0007620178448838
v 0.0838376707876126 0.0000103360252208 0.1506033961212596 0.901961 0.721569 0.419608
vn 0.0005069226820586 -0.0000356724514603 -0.0006782825801523
v 0.0999772828018595 -0.1347053067943400 0.0622171947692172 0.458824 0.329412 0.105882
vn 0.0003077769059177 -0.0003496409027200 -0.0007276435831673
v 0.0954880085141605 -0.1242898111809140 0.0598487017966492 0.431373 0.305882 0.090196
vn -0.0005938735288401 0.0003628579673552 -0.0004580607789035
v 0.0931674173613181 -0.0990837013183277 0.0436591373816580 0.415686 0.286275 0.078431
vn -0.0001764361300724 0.0001169952522982 -0.0004247261826338
v -0.0785276600750759 0.0267312248055933 0.0102519495071713 0.682353 0.498039 0.239216
vn -0.0005143468089714 -0.0007507863611351 0.0000418444787046
v -0.0987012623168209 -0.1562755505655119 0.0930900863499070 0.262745 0.196078 0.031373
vn -0.0000979563726442 0.0002534636026746 0.0005545312843944
v -0.0460876333674801 0.1009406733671755 0.1499158616868617 0.749020 0.568627 0.294118
vn -0.0002956946677607 0.0000514186406301 0.0010512927588832
v -0.0763781602340094 0.0555426011139722 0.1417673996593575 0.537255 0.400000 0.172549
vn -0.0001240556944619 0.0005758487883189 0.0004569863349076
v -0.0625290996641252 -0.0124399115148265 0.1703271552734830 0.831373 0.639216 0.341176
vn -0.0000151376208168 -0.0005552830984982 0.0004035844769223
v -0.0225596046682132 -0.1339667448160957 0.1694890561601697 0.419608 0.321569 0.105882
vn -0.0000355795887611 0.0001776935493737 0.0001687950389200
v -0.0375421706283313 0.1052064239612561 0.1488286564646933 0.803922 0.631373 0.352941
vn -0.0008433158347168 0.0000487472922934 0.0000269903583230
v -0.1111496309704042 -0.0921437067197774 0.0894876535891424 0.450980 0.321569 0.090196
vn 0.0000059071158654 0.0000330473199959 -0.0008562214710316
v -0.0207502270659175 -0.0872291367716783 0.0410065109597041 0.568627 0.411765 0.160784
vn 0.0000803414759599 0.0001482663892300 0.0010214321241617
v 0.0432335530368491 0.0188728526533502 0.1614790094956818 0.745098 0.572549 0.294118
vn 0.0000895866205146 -0.0007717993379535 -0.0000002252772343
v 0.0657777585868548 0.1399352163840196 0.0586012803594511 0.490196 0.333333 0.129412
vn 0.0005200740650162 0.0000782142696233 0.0011817625576047
v 0.0819528880357899 0.0485833203284000 0.1484599270885894 0.768627 0.592157 0.309804
vn -0.0000181586304002 0.0003834747372217 -0.0010661595550550
v 0.0244208207560087 0.0822401795516766 0.0651844082364626 0.686275 0.505882 0.235294
vn -0.0001611342519190 -0.0004739633532972 -0.0007027457498711
v -0.0886976149805326 -0.1469290536764306 0.0540343887317627 0.431373 0.313725 0.098039
vn 0.0002481872737044 0.0000133346290921 0.0001261902876998
v 0.0800145712984150 0.1309203660355733 0.0453828866480881 0.721569 0.541176 0.266667
vn -0.0002101848596139 -0.0001149081829669 0.0009396193884257
v -0.0378447747735564 -0.0673281301822014 0.1860321531916587 0.454902 0.325490 0.094118
vn -0.0002685493700742 -0.0001737851756674 0.0008410798708926
v -0.0478825729141493 -0.0580979092021675 0.1867736427770894 0.576471 0.427451 0.172549
vn 0.0000677820633564 -0.0011466458046606 -0.0000618063748383
v 0.0394518326542112 -0.1603691348297838 0.0855469522888505 0.313725 0.239216 0.047059
vn -0.0008707899353726 -0.0007411854451855 0.0000638081049425
v -0.1014922014189990 -0.1519377421829581 0.1116557390026695 0.392157 0.290196 0.078431
vn -0.0005312457933816 0.0000030109215512 0.0005691242503729
v -0.0982171862393065 0.0284077467022697 0.1391607913844183 0.745098 0.572549 0.286275
vn -0.0003945212150286 0.0000319195145018 0.0007087110951199
v -0.0915065278735759 0.0161207764448329 0.1386840461572878 0.505882 0.352941 0.125490
vn -0.0002679754462872 0.0005485429452709 0.0006373201920503
v 0.0941648337679585 -0.0936150975796074 0.0277260207194954 0.403922 0.290196 0.082353
vn -0.0011198785722582 0.0002674034547997 0.0000192876324198
v -0.0991727714140680 0.0446715972189560 0.1075036550156277 0.901961 0.713725 0.423529
vn 0.0000089451049530 -0.0005115024461060 0.0003745437511580
v 0.0034636088121568 -0.1409764191026208 0.1562664762379996 0.309804 0.231373 0.050980
vn 0.0000931946643252 0.0002332605326152 0.0006663664338831
v 0.0543491615684921 0.0991216902528287 0.1478539346556730 0.682353 0.513725 0.243137
vn -0.0001165495457507 0.0000135511695599 -0.0006247594121273
v -0.0739388759645820 0.0656285028654568 0.0586420466954388 0.482353 0.321569 0.101961
vn -0.0003790770366116 -0.0000144594281381 -0.0002886549229054
v -0.0812632015461012 0.0661459451125906 0.0618109835428275 0.729412 0.537255 0.243137
vn -0.0008129902913625 0.0000513003861887 0.0000284949236731
v -0.1042532932243966 0.0035049564936688 0.1023042390221641 0.658824 0.482353 0.219608
vn 0.0000299753181610 0.0004301726532597 -0.0013330821861939
v 0.0340426042887855 0.0978254662421310 0.0711986557768769 0.607843 0.431373 0.168627
vn 0.0010408361955885 -0.0000487772841403 0.0005055300289220
v 0.0983071740336295 -0.0903675311992987 0.1275519708855926 0.486275 0.349020 0.105882
vn 0.0008201816521266 -0.0000911405516279 0.0006817456940797
v 0.0915145000184931 -0.0813300201575728 0.1401524658004382 0.458824 0.325490 0.101961
vn -0.0000369923627325 0.0001987965416585 -0.0006374177688789
v -0.0731375058677300 0.0776503298618873 0.0589482392730932 0.509804 0.345098 0.113725
vn -0.0000455876789559 0.0005908206447761 -0.0013370622026198
v 0.0641271837801232 0.0812476313889525 0.0641562659702788 0.603922 0.415686 0.164706
vn 0.0000134190432238 0.0000354146588744 0.0010071100448832
v -0.0089353603034148 -0.0452434583041484 0.1899877505440810 0.756863 0.556863 0.262745
vn -0.0000173388409272 0.0000043575803827 0.0009093226554461
v -0.0230224444750200 -0.0479233264239044 0.1893487749732906 0.466667 0.325490 0.117647
vn -0.0007815864817954 -0.0000740753334001 0.0002010581901287
v -0.1001150196584431 -0.0118288656099676 0.1250752483791774 0.588235 0.423529 0.172549
vn 0.0005905208275330 0.0003811188427915 -0.0000617285416800
v 0.0154229688131026 0.1507669311205306 0.0879925441350011 0.678431 0.474510 0.239216
vn -0.0005977901093190 0.0000411871927413 0.0000949880233264
v -0.0995663996610582 0.0279485530843780 0.1283526124668445 0.749020 0.560784 0.278431
vn -0.0003523805553153 0.0001242434373417 -0.0003617664749978
v -0.0966293093021475 -0.0742609947585823 0.0190524341957935 0.752941 0.580392 0.294118
vn 0.0000358457879699 -0.0002200132112182 0.0008195840837650
v -0.0095424544488633 -0.1093363795356198 0.1820106952340914 0.462745 0.349020 0.113725
vn 0.0008354795137200 0.0001882281825203 0.0000597360528057
v 0.0993745195985702 0.0549282709226934 0.1064982965241632 0.898039 0.717647 0.427451
vn 0.0009249892238695 0.0001364004240385 -0.0000180061835129
v 0.1013499672110883 0.0440428704704947 0.1000062208576432 0.803922 0.623529 0.341176
vn 0.0000836543268063 0.0007766494594768 0.0000735321999193
v 0.0296140708947114 0.1079581366574560 0.1333132292721051 0.709804 0.521569 0.247059
vn 0.0004952732178091 0.0000148764424269 0.0004146243465743
v 0.0846046596849154 -0.1351107160546858 0.1415208716521973 0.580392 0.423529 0.164706
vn -0.0002353417783628 0.0004307268851082 0.0000721406206152
v -0.0653660307267131 0.1033822452459942 0.0979643588733018 0.666667 0.486275 0.215686
vn -0.0002383563014198 0.0002605907157163 -0.0011989605344743
v 0.0257454173564134 0.0066350530851059 0.0465628396015720 0.615686 0.450980 0.192157
vn 0.0002760415350774 0.0004130794472238 0.0008460554340236
v -0.0181038606876298 0.1241716622834842 0.0860856432448048 0.733333 0.525490 0.270588
vn -0.0002846397138002 -0.0001255900528684 0.0007386522925914
v -0.0707039499147570 0.0674083395489149 0.1465695374144098 0.627451 0.470588 0.223529
vn 0.0005725563786980 0.0000054004891785 -0.0008951720151004
v 0.0917962377308218 -0.0328840575053821 0.0655915987550170 0.490196 0.341176 0.109804
vn -0.0000064263065269 0.0003447139253524 -0.0007192946025215
v 0.0559024972195258 0.0931859760041033 0.0691087023371297 0.803922 0.615686 0.305882
vn 0.0000549565925815 -0.0001599469852151 0.0008762089885217
v -0.0006295509842873 -0.0886721171286315 0.1861425029312109 0.450980 0.329412 0.101961
vn 0.0001974515468621 0.0006875202720589 -0.0007208149599555
v 0.0677912175996358 0.0962565075901294 0.0727926891295313 0.654902 0.462745 0.192157
vn 0.0008049138828516 0.0004152720257007 -0.0000671617714413
v 0.0899879697157238 0.0826467528866717 0.0900315337195851 0.839216 0.658824 0.368627
vn 0.0005452526673134 0.0000903713679172 -0.0009093348135735
v 0.0846476388705719 0.0657714424429274 0.0621539222582357 0.584314 0.411765 0.152941
vn -0.0006157119678136 0.0000498885707883 0.0006343733829365
v -0.0858557931751233 -0.0075474388547248 0.1493967457474935 0.701961 0.529412 0.254902
vn -0.0003780476114349 0.0006230389438088 0.0000275076963542
v -0.0611723330211302 0.0995882237709726 0.1360227871575608 0.654902 0.470588 0.203922
vn 0.0000511228500245 0.0001089209167007 -0.0009062878496684
v -0.0251849059954003 0.0174681095494606 0.0473365189309421 0.537255 0.384314 0.141176
vn -0.0001968225891804 -0.0002063396132599 -0.0001985863051299
v -0.1077298189825325 -0.1061622872242275 0.0223617322035882 0.435294 0.305882 0.086275
vn -0.0001845535372101 0.0001048097895298 -0.0006778308592195
v 0.0169255063347876 -0.0490534748774286 0.0407421653318048 0.513725 0.360784 0.121569
vn -0.0001580497842462 -0.0009508448702737 -0.0004583029783441
v -0.0529819083938614 0.1357805554108303 0.0639259597032188 0.509804 0.352941 0.152941
vn -0.0000275677575044 -0.0008926886977123 0.0005965763555298
v 0.0226963572110110 -0.1543690886863994 0.1432795600570720 0.239216 0.188235 0.035294
vn -0.0006543859572658 0.0000330785442987 0.0007968115865108
v -0.0887828470158121 -0.0200394153062689 0.1449183261389378 0.686275 0.521569 0.243137
vn -0.0004919785913502 0.0000154746621522 0.0000654155555002
v -0.1099950559299257 -0.0843893186080425 0.0978958179929316 0.474510 0.337255 0.094118
vn -0.0012942096654499 0.0000047997724992 0.0004719368030070
v -0.1038218463817457 -0.0835959399427212 0.1186998250509182 0.458824 0.325490 0.090196
vn -0.0000618342907661 -0.0010253624539884 0.0006632211916214
v -0.0233496460615578 -0.1530750563061618 0.1443756042940290 0.223529 0.164706 0.027451
vn 0.0005320985665253 0.0000586607588773 -0.0002505197614359
v 0.0841754136889200 0.0253412818603213 0.0156217186140194 0.725490 0.541176 0.278431
vn 0.0008417271691181 0.0000331656263810 0.0005253102504616
v 0.0989176006693380 -0.1020538498448826 0.1265062864790653 0.474510 0.337255 0.101961
vn 0.0000883737690252 0.0006932353258122 0.0008370981871205
v 0.0527551467499724 -0.0237731199462722 0.1758675992090195 0.925490 0.741176 0.427451
vn 0.0000566465104195 -0.0006389357880637 0.0006033243503160
v 0.0334938667489274 -0.1327120342004145 0.1689760937639307 0.372549 0.278431 0.074510
vn -0.0005864895625710 0.0007583896399128 0.0000295232874082
v -0.0183639399910271 0.1394484233561569 0.0799987908989935 0.705882 0.494118 0.247059
vn 0.0003257786813673 -0.0009345659890871 -0.0000416608365382
v 0.0921264453979120 -0.1583414706370710 0.0800340066977710 0.333333 0.250980 0.054902
vn -0.0002614803377094 -0.0001359752938821 0.0000916259347679
v 0.0384745102230897 0.1211148167058805 0.0324077418144096 0.517647 0.345098 0.137255
vn 0.0001677177062283 -0.0006309797135817 0.0000751307575853
v 0.0867363255390954 -0.1587684052255961 0.1271170254152380 0.274510 0.203922 0.031373
vn 0.0000452074434770 -0.0008024456065021 0.0000894004625049
v 0.0741282280417721 -0.1602013172557291 0.1247475631908273 0.286275 0.211765 0.035294
vn 0.0000715678760040 0.0001621720363239 -0.0005261617110038
v -0.0235668562453658 0.1043889303435599 0.0738485475575842 0.623529 0.439216 0.180392
vn -0.0000716308310533 0.0001294111436278 -0.0006184330128500
v 0.0197994508362434 0.0521315542130195 0.0588324841821696 0.490196 0.333333 0.101961
vn 0.0000012166230234 -0.0008292375229020 0.0002850295907161
v 0.0302136564318242 -0.1578148611152440 0.1340471386522361 0.231373 0.180392 0.039216
vn -0.0001640420209630 -0.0001443983010810 -0.0008491201197840
v -0.0898745646025601 -0.1215901000893922 0.0577071273624930 0.443137 0.325490 0.094118
vn 0.0000261654125469 0.0000663359402741 -0.0008746182369989
v 0.0369236646955206 -0.0603644166269008 0.0379426280976065 0.494118 0.345098 0.109804
vn -0.0003177490263165 0.0002514745226481 -0.0009722153595903
v -0.0688329898495152 0.0207859731542908 0.0065261631441835 0.478431 0.313725 0.101961
vn -0.0000208688743669 -0.0008803261865831 -0.0000592380436328
v 0.0179422906973025 -0.1606604268525028 0.0832592933185463 0.309804 0.235294 0.047059
vn -0.0003284041621671 0.0000743812919478 0.0001917473617110
v 0.0196193208128443 0.1242418274204991 0.0850572828003897 0.760784 0.556863 0.298039
vn -0.0003887550980679 -0.0000066356842538 0.0002251538372632
v -0.0990612152360769 0.0161454971810295 0.1376348452019675 0.682353 0.505882 0.243137
vn 0.0001883187854741 -0.0004390318985927 0.0000416910625542
v 0.1020743201531274 -0.1117704796384955 0.0344711416894403 0.501961 0.364706 0.129412
vn 0.0000492071639666 0.0001731417650899 -0.0012357911450860
v 0.0468469906243540 0.1024214065001295 0.0744072666741526 0.709804 0.509804 0.227451
vn -0.0000040672060325 -0.0007142110609630 0.0000539767534135
v 0.0528758939724924 -0.1615659494824117 0.1190639013531871 0.305882 0.231373 0.047059
vn 0.0009284175868423 -0.0000755638108856 0.0002481521333861
v 0.1015599779747627 -0.0146567209743148 0.1186877235675856 0.525490 0.372549 0.137255
vn 0.0000319119745217 -0.0000554757082236 0.0006289686058516
v -0.0045993698834250 -0.0589703570490161 0.1874479362143189 0.725490 0.552941 0.258824
vn 0.0004358939683522 0.0004853378869391 0.0003473918958718
v 0.0267147315876302 0.1336699413011334 0.0872082859180445 0.686275 0.486275 0.258824
vn -0.0001024719053258 0.0007070967657349 0.0000519299694409
v -0.0190916991181954 0.1080658541593516 0.1386470509656693 0.682353 0.474510 0.211765
vn 0.0000958625029466 0.0002622365352986 0.0003930140823183
v 0.0707355651123396 -0.0226848256826558 0.1742686264300588 0.819608 0.639216 0.337255
vn -0.0003450173763359 0.0000999629164328 0.0004559460294827
v -0.0746382317928581 0.0173080106846664 0.1499042992033862 0.894118 0.709804 0.407843
vn -0.0000481365053144 -0.0007352608468879 -0.0000078822171347
v -0.0380230036324884 -0.1610489549361830 0.0827172543607911 0.301961 0.227451 0.043137
vn -0.0006715626177218 0.0000736146364783 -0.0002475620182404
v -0.1005757213647016 -0.0212131739042421 0.0799098919918846 0.525490 0.364706 0.129412
vn -0.0000386782201322 -0.0004095261684858 -0.0005820701094713
v 0.0173828177530734 -0.1387960871696686 0.0506405153749962 0.392157 0.290196 0.074510
vn 0.0000701759802838 0.0000442493160600 0.0001437420865130
v 0.0149988539072886 0.1501134149030232 0.0933451652971463 0.690196 0.482353 0.254902
vn 0.0004470815305103 0.0000396105945776 0.0005147550616383
v 0.0694219505190862 -0.0516700459225247 0.1798074784974846 0.321569 0.278431 0.235294
vn 0.0002948314497070 0.0001909760929673 -0.0006168613402899
v 0.0747112693880463 0.0283285295207543 0.0103732254987585 0.513725 0.341176 0.129412
vn -0.0001896883889233 0.0000235098475757 -0.0002096387144118
v -0.0826899970227911 0.0472760145669372 0.0608762678040170 0.721569 0.537255 0.243137
# 1506 vertices, 0 vertices normals

f 1//1 2//2 3//3
f 4//4 5//5 6//6
f 4//4 7//7 5//5
f 8//8 9//9 10//10
f 11//11 12//12 13//13
f 14//14 15//15 16//16
f 17//17 15//15 14//14
f 18//18 19//19 20//20
f 21//21 22//22 23//23
f 24//24 25//25 26//26
f 27//27 21//21 28//28
f 29//29 30//30 31//31
f 32//32 33//33 34//34
f 35//35 28//28 23//23
f 36//36 37//37 38//38
f 39//39 40//40 41//41
f 42//42 43//43 44//44
f 45//45 46//46 47//47
f 48//48 49//49 50//50
f 51//51 52//52 53//53
f 54//54 55//55 56//56
f 57//57 58//58 59//59
f 60//60 61//61 62//62
f 63//63 64//64 65//65
f 66//66 67//67 68//68
f 69//69 70//70 71//71
f 72//72 73//73 74//74
f 75//75 76//76 77//77
f 78//78 79//79 80//80
f 81//81 82//82 83//83
f 84//84 85//85 86//86
f 87//87 88//88 89//89
f 90//90 91//91 92//92
f 93//93 94//94 95//95
f 96//96 97//97 98//98
f 99//99 39//39 100//100
f 99//99 100//100 101//101
f 102//102 103//103 104//104
f 105//105 106//106 107//107
f 108//108 109//109 110//110
f 43//43 111//111 112//112
f 113//113 114//114 115//115
f 116//116 117//117 118//118
f 119//119 120//120 121//121
f 122//122 123//123 124//124
f 125//125 126//126 127//127
f 128//128 129//129 61//61
f 128//128 61//61 130//130
f 131//131 132//132 133//133
f 134//134 135//135 136//136
f 137//137 29//29 138//138
f 139//139 140//140 39//39
f 141//141 39//39 140//140
f 142//142 143//143 144//144
f 145//145 146//146 147//147
f 148//148 149//149 150//150
f 151//151 152//152 153//153
f 54//54 154//154 155//155
f 156//156 157//157 158//158
f 159//159 160//160 161//161
f 134//134 162//162 135//135
f 163//163 164//164 165//165
f 166//166 112//112 167//167
f 168//168 169//169 170//170
f 171//171 172//172 173//173
f 171//171 173//173 174//174
f 175//175 176//176 177//177
f 178//178 179//179 77//77
f 180//180 181//181 182//182
f 183//183 184//184 185//185
f 186//186 187//187 188//188
f 189//189 190//190 191//191
f 192//192 193//193 194//194
f 195//195 196//196 197//197
f 198//198 199//199 200//200
f 201//201 202//202 203//203
f 203//203 202//202 204//204
f 205//205 206//206 207//207
f 208//208 209//209 210//210
f 211//211 212//212 213//213
f 214//214 215//215 216//216
f 217//217 131//131 218//218
f 219//219 220//220 79//79
f 221//221 222//222 223//223
f 224//224 225//225 226//226
f 227//227 228//228 229//229
f 230//230 81//81 231//231
f 113//113 115//115 232//232
f 233//233 234//234 235//235
f 236//236 237//237 238//238
f 239//239 240//240 241//241
f 242//242 51//51 243//243
f 244//244 245//245 246//246
f 244//244 246//246 247//247
f 248//248 249//249 250//250
f 251//251 252//252 253//253
f 254//254 255//255 256//256
f 257//257 258//258 259//259
f 260//260 261//261 15//15
f 262//262 263//263 264//264
f 265//265 266//266 267//267
f 268//268 269//269 270//270
f 271//271 112//112 111//111
f 113//113 272//272 114//114
f 60//60 130//130 61//61
f 273//273 274//274 275//275
f 276//276 275//275 274//274
f 277//277 278//278 279//279
f 280//280 281//281 282//282
f 129//129 283//283 61//61
f 284//284 285//285 286//286
f 287//287 288//288 289//289
f 290//290 291//291 292//292
f 293//293 294//294 295//295
f 296//296 297//297 298//298
f 299//299 300//300 301//301
f 302//302 303//303 304//304
f 305//305 306//306 307//307
f 308//308 309//309 310//310
f 311//311 302//302 312//312
f 313//313 314//314 315//315
f 316//316 315//315 314//314
f 317//317 96//96 318//318
f 319//319 320//320 321//321
f 322//322 323//323 324//324
f 325//325 326//326 327//327
f 328//328 329//329 330//330
f 328//328 330//330 331//331
f 332//332 333//333 334//334
f 335//335 103//103 336//336
f 337//337 338//338 339//339
f 189//189 340//340 341//341
f 342//342 343//343 344//344
f 345//345 346//346 347//347
f 348//348 265//265 349//349
f 350//350 351//351 352//352
f 353//353 354//354 355//355
f 356//356 357//357 358//358
f 359//359 360//360 361//361
f 362//362 363//363 364//364
f 143//143 365//365 366//366
f 367//367 366//366 365//365
f 368//368 369//369 214//214
f 90//90 8//8 91//91
f 370//370 371//371 372//372
f 373//373 372//372 371//371
f 374//374 221//221 375//375
f 376//376 377//377 378//378
f 379//379 380//380 381//381
f 138//138 382//382 156//156
f 383//383 384//384 385//385
f 386//386 331//331 387//387
f 388//388 389//389 390//390
f 388//388 390//390 3//3
f 89//89 6//6 5//5
f 391//391 392//392 393//393
f 142//142 393//393 392//392
f 394//394 395//395 396//396
f 397//397 398//398 399//399
f 242//242 400//400 51//51
f 401//401 402//402 254//254
f 403//403 404//404 405//405
f 311//311 303//303 302//302
f 406//406 303//303 311//311
f 199//199 407//407 209//209
f 408//408 409//409 410//410
f 277//277 279//279 411//411
f 412//412 413//413 414//414
f 415//415 416//416 417//417
f 418//418 419//419 223//223
f 418//418 223//223 222//222
f 176//176 420//420 421//421
f 422//422 124//124 423//423
f 43//43 42//42 111//111
f 424//424 425//425 426//426
f 427//427 228//228 344//344
f 428//428 429//429 430//430
f 431//431 429//429 428//428
f 136//136 135//135 432//432
f 433//433 434//434 322//322
f 435//435 436//436 437//437
f 438//438 439//439 440//440
f 441//441 148//148 442//442
f 443//443 273//273 275//275
f 175//175 444//444 381//381
f 13//13 445//445 446//446
f 221//221 223//223 447//447
f 247//247 280//280 387//387
f 68//68 448//448 411//411
f 367//367 365//365 449//449
f 55//55 450//450 435//435
f 451//451 452//452 453//453
f 454//454 82//82 455//455
f 456//456 457//457 458//458
f 459//459 460//460 461//461
f 450//450 41//41 462//462
f 463//463 464//464 465//465
f 366//366 367//367 466//466
f 321//321 118//118 467//467
f 468//468 469//469 470//470
f 468//468 350//350 469//469
f 427//427 344//344 471//471
f 472//472 473//473 205//205
f 472//472 205//205 207//207
f 474//474 475//475 476//476
f 55//55 435//435 437//437
f 437//437 56//56 55//55
f 477//477 478//478 479//479
f 480//480 481//481 482//482
f 483//483 484//484 485//485
f 486//486 206//206 487//487
f 488//488 403//403 489//489
f 490//490 84//84 491//491
f 492//492 491//491 84//84
f 493//493 74//74 494//494
f 495//495 496//496 497//497
f 242//242 243//243 498//498
f 499//499 500//500 501//501
f 180//180 182//182 502//502
f 352//352 469//469 350//350
f 177//177 503//503 504//504
f 505//505 506//506 507//507
f 132//132 508//508 509//509
f 510//510 511//511 512//512
f 513//513 514//514 430//430
f 515//515 440//440 516//516
f 351//351 517//517 352//352
f 125//125 364//364 126//126
f 518//518 519//519 327//327
f 251//251 253//253 520//520
f 521//521 522//522 523//523
f 10//10 473//473 91//91
f 524//524 222//222 525//525
f 526//526 527//527 528//528
f 529//529 21//21 530//530
f 100//100 141//141 109//109
f 531//531 532//532 533//533
f 534//534 535//535 536//536
f 537//537 195//195 538//538
f 539//539 540//540 541//541
f 542//542 541//541 540//540
f 543//543 310//310 544//544
f 545//545 546//546 547//547
f 541//541 542//542 548//548
f 541//541 548//548 549//549
f 550//550 551//551 490//490
f 552//552 295//295 553//553
f 554//554 525//525 221//221
f 555//555 556//556 557//557
f 558//558 557//557 556//556
f 559//559 560//560 149//149
f 561//561 562//562 287//287
f 563//563 564//564 565//565
f 480//480 566//566 567//567
f 110//110 568//568 569//569
f 570//570 159//159 571//571
f 572//572 573//573 554//554
f 400//400 574//574 52//52
f 475//475 574//574 400//400
f 575//575 320//320 319//319
f 576//576 577//577 578//578
f 579//579 578//578 577//577
f 241//241 240//240 580//580
f 241//241 580//580 81//81
f 581//581 582//582 583//583
f 584//584 374//374 585//585
f 586//586 587//587 588//588
f 589//589 590//590 591//591
f 592//592 593//593 594//594
f 595//595 596//596 597//597
f 598//598 512//512 511//511
f 599//599 600//600 601//601
f 433//433 377//377 337//337
f 602//602 603//603 604//604
f 484//484 605//605 340//340
f 606//606 370//370 163//163
f 163//163 165//165 606//606
f 607//607 365//365 608//608
f 95//95 609//609 610//610
f 95//95 610//610 93//93
f 611//611 174//174 612//612
f 613//613 614//614 615//615
f 54//54 155//155 506//506
f 609//609 616//616 617//617
f 618//618 619//619 620//620
f 594//594 617//617 616//616
f 621//621 622//622 623//623
f 49//49 624//624 382//382
f 49//49 382//382 625//625
f 626//626 627//627 628//628
f 629//629 531//531 630//630
f 631//631 632//632 633//633
f 634//634 635//635 636//636
f 637//637 390//390 389//389
f 113//113 476//476 475//475
f 594//594 616//616 638//638
f 639//639 640//640 547//547
f 641//641 642//642 643//643
f 32//32 644//644 614//614
f 23//23 22//22 612//612
f 637//637 67//67 390//390
f 645//645 646//646 647//647
f 31//31 648//648 29//29
f 649//649 650//650 651//651
f 652//652 653//653 654//654
f 655//655 33//33 32//32
f 656//656 657//657 658//658
f 659//659 660//660 661//661
f 662//662 663//663 664//664
f 665//665 666//666 158//158
f 667//667 349//349 265//265
f 602//602 668//668 154//154
f 669//669 670//670 671//671
f 672//672 673//673 674//674
f 675//675 676//676 591//591
f 677//677 676//676 675//675
f 461//461 460//460 678//678
f 679//679 680//680 681//681
f 682//682 151//151 683//683
f 684//684 685//685 686//686
f 687//687 688//688 689//689
f 690//690 691//691 692//692
f 683//683 151//151 153//153
f 300//300 30//30 29//29
f 693//693 694//694 695//695
f 483//483 485//485 202//202
f 696//696 697//697 698//698
f 699//699 700//700 701//701
f 699//699 701//701 702//702
f 362//362 364//364 703//703
f 362//362 703//703 704//704
f 705//705 50//50 706//706
f 287//287 289//289 317//317
f 690//690 707//707 708//708
f 709//709 708//708 707//707
f 710//710 711//711 712//712
f 713//713 714//714 307//307
f 715//715 716//716 576//576
f 717//717 399//399 718//718
f 267//267 719//719 517//517
f 720//720 721//721 722//722
f 723//723 724//724 164//164
f 725//725 665//665 158//158
f 665//665 725//725 543//543
f 726//726 727//727 728//728
f 566//566 729//729 567//567
f 730//730 731//731 1//1
f 732//732 414//414 413//413
f 733//733 734//734 18//18
f 735//735 736//736 737//737
f 735//735 737//737 738//738
f 605//605 341//341 340//340
f 739//739 740//740 53//53
f 741//741 53//53 740//740
f 742//742 743//743 744//744
f 745//745 744//744 743//743
f 746//746 747//747 748//748
f 749//749 750//750 751//751
f 80//80 79//79 19//19
f 752//752 753//753 754//754
f 121//121 120//120 755//755
f 756//756 536//536 535//535
f 757//757 729//729 758//758
f 759//759 760//760 761//761
f 762//762 763//763 764//764
f 765//765 681//681 766//766
f 563//563 767//767 671//671
f 768//768 7//7 250//250
f 769//769 298//298 416//416
f 755//755 770//770 771//771
f 772//772 771//771 770//770
f 773//773 666//666 774//774
f 482//482 628//628 627//627
f 775//775 124//124 123//123
f 776//776 777//777 677//677
f 264//264 778//778 779//779
f 736//736 780//780 737//737
f 150//150 149//149 781//781
f 447//447 649//649 782//782
f 783//783 784//784 785//785
f 783//783 785//785 257//257
f 341//341 786//786 680//680
f 787//787 172//172 788//788
f 756//756 295//295 294//294
f 332//332 128//128 130//130
f 229//229 789//789 790//790
f 716//716 789//789 229//229
f 791//791 792//792 793//793
f 433//433 322//322 324//324
f 424//424 794//794 353//353
f 256//256 255//255 452//452
f 453//453 452//452 255//255
f 795//795 30//30 300//300
f 523//523 275//275 796//796
f 473//473 92//92 91//91
f 774//774 666//666 797//797
f 496//496 798//798 799//799
f 496//496 799//799 497//497
f 800//800 801//801 437//437
f 56//56 359//359 361//361
f 802//802 803//803 804//804
f 781//781 805//805 150//150
f 375//375 221//221 447//447
f 806//806 807//807 808//808
f 605//605 809//809 786//786
f 674//674 434//434 810//810
f 774//774 811//811 812//812
f 222//222 221//221 525//525
f 813//813 404//404 488//488
f 814//814 727//727 815//815
f 98//98 816//816 584//584
f 817//817 587//587 586//586
f 818//818 819//819 820//820
f 821//821 822//822 823//823
f 824//824 825//825 826//826
f 136//136 827//827 552//552
f 675//675 824//824 750//750
f 828//828 7//7 4//4
f 709//709 829//829 830//830
f 831//831 832//832 833//833
f 561//561 834//834 562//562
f 835//835 719//719 836//836
f 166//166 837//837 838//838
f 839//839 423//423 124//124
f 426//426 425//425 427//427
f 251//251 840//840 841//841
f 842//842 350//350 468//468
f 607//607 608//608 843//843
f 844//844 845//845 843//843
f 188//188 37//37 36//36
f 846//846 847//847 848//848
f 64//64 63//63 801//801
f 637//637 68//68 67//67
f 849//849 435//435 850//850
f 531//531 851//851 532//532
f 198//198 852//852 853//853
f 814//814 854//854 348//348
f 463//463 855//855 736//736
f 686//686 600//600 856//856
f 447//447 782//782 375//375
f 857//857 858//858 859//859
f 860//860 741//741 740//740
f 860//860 740//740 739//739
f 498//498 861//861 862//862
f 863//863 595//595 864//864
f 370//370 865//865 351//351
f 372//372 865//865 370//370
f 671//671 670//670 564//564
f 866//866 867//867 868//868
f 869//869 802//802 870//870
f 871//871 583//583 872//872
f 871//871 872//872 873//873
f 874//874 875//875 383//383
f 811//811 876//876 812//812
f 276//276 274//274 181//181
f 287//287 562//562 288//288
f 877//877 764//764 763//763
f 643//643 585//585 375//375
f 878//878 585//585 643//643
f 593//593 139//139 879//879
f 880//880 881//881 882//882
f 883//883 884//884 885//885
f 191//191 204//204 189//189
f 536//536 756//756 886//886
f 92//92 537//537 887//887
f 840//840 888//888 841//841
f 625//625 648//648 706//706
f 889//889 890//890 891//891
f 8//8 892//892 893//893
f 251//251 841//841 894//894
f 483//483 895//895 896//896
f 897//897 650//650 619//619
f 898//898 899//899 900//900
f 232//232 901//901 902//902
f 21//21 27//27 530//530
f 903//903 661//661 660//660
f 904//904 264//264 263//263
f 905//905 906//906 192//192
f 74//74 907//907 908//908
f 74//74 909//909 907//907
f 910//910 161//161 911//911
f 232//232 912//912 476//476
f 913//913 914//914 915//915
f 530//530 916//916 917//917
f 918//918 919//919 920//920
f 921//921 922//922 923//923
f 806//806 808//808 639//639
f 824//824 826//826 924//924
f 514//514 925//925 926//926
f 77//77 927//927 928//928
f 929//929 438//438 930//930
f 94//94 931//931 932//932
f 933//933 185//185 184//184
f 934//934 105//105 107//107
f 108//108 935//935 936//936
f 762//762 937//937 938//938
f 939//939 940//940 190//190
f 883//883 227//227 941//941
f 942//942 943//943 853//853
f 501//501 944//944 945//945
f 144//144 946//946 393//393
f 158//158 947//947 156//156
f 948//948 60//60 949//949
f 950//950 951//951 952//952
f 885//885 884//884 191//191
f 953//953 954//954 955//955
f 956//956 782//782 649//649
f 957//957 396//396 395//395
f 640//640 958//958 959//959
f 960//960 705//705 706//706
f 961//961 962//962 913//913
f 963//963 147//147 951//951
f 521//521 523//523 897//897
f 964//964 965//965 966//966
f 813//813 335//335 732//732
f 967//967 359//359 968//968
f 969//969 970//970 971//971
f 972//972 385//385 973//973
f 373//373 974//974 814//814
f 814//814 974//974 854//854
f 375//375 585//585 374//374
f 643//643 975//975 878//878
f 619//619 618//618 521//521
f 162//162 694//694 135//135
f 563//563 671//671 564//564
f 253//253 976//976 977//977
f 978//978 979//979 980//980
f 981//981 193//193 353//353
f 982//982 983//983 218//218
f 984//984 985//985 986//986
f 492//492 675//675 491//491
f 987//987 198//198 988//988
f 109//109 141//141 110//110
f 989//989 990//990 991//991
f 312//312 992//992 311//311
f 993//993 313//313 994//994
f 995//995 506//506 505//505
f 996//996 871//871 672//672
f 997//997 863//863 864//864
f 3//3 67//67 66//66
f 116//116 321//321 968//968
f 355//355 998//998 981//981
f 353//353 355//355 981//981
f 999//999 758//758 1000//1000
f 668//668 604//604 1001//1001
f 963//963 951//951 508//508
f 1002//1002 647//647 444//444
f 1003//1003 1004//1004 1005//1005
f 869//869 803//803 802//802
f 394//394 874//874 682//682
f 341//341 190//190 189//189
f 364//364 125//125 856//856
f 677//677 1006//1006 676//676
f 1007//1007 1008//1008 1009//1009
f 679//679 629//629 1010//1010
f 1011//1011 1012//1012 1013//1013
f 1011//1011 1013//1013 1014//1014
f 1007//1007 1015//1015 1016//1016
f 1017//1017 155//155 668//668
f 493//493 909//909 74//74
f 242//242 272//272 400//400
f 622//622 859//859 1018//1018
f 1019//1019 90//90 368//368
f 346//346 345//345 305//305
f 381//381 647//647 379//379
f 640//640 1020//1020 958//958
f 332//332 130//130 823//823
f 309//309 544//544 310//310
f 1021//1021 334//334 1022//1022
f 735//735 1023//1023 464//464
f 1024//1024 633//633 632//632
f 1025//1025 685//685 1026//1026
f 761//761 1027//1027 1028//1028
f 1029//1029 991//991 521//521
f 1029//1029 521//521 618//618
f 898//898 1030//1030 899//899
f 505//505 1031//1031 1032//1032
f 95//95 1032//1032 1031//1031
f 1033//1033 1034//1034 1035//1035
f 1036//1036 385//385 384//384
f 973//973 385//385 1036//1036
f 346//346 305//305 1037//1037
f 1038//1038 1037//1037 305//305
f 794//794 1039//1039 203//203
f 1040//1040 725//725 624//624
f 912//912 902//902 1041//1041
f 356//356 358//358 1042//1042
f 1043//1043 31//31 30//30
f 131//131 982//982 218//218
f 978//978 1044//1044 920//920
f 119//119 121//121 867//867
f 987//987 1045//1045 852//852
f 645//645 1046//1046 646//646
f 411//411 66//66 68//68
f 1047//1047 1048//1048 1049//1049
f 662//662 664//664 109//109
f 662//662 108//108 936//936
f 109//109 108//108 662//662
f 974//974 373//373 371//371
f 780//780 855//855 929//929
f 1050//1050 863//863 997//997
f 1051//1051 1052//1052 976//976
f 954//954 557//557 558//558
f 768//768 250//250 1053//1053
f 1054//1054 704//704 1055//1055
f 213//213 1056//1056 211//211
f 106//106 1057//1057 65//65
f 766//766 786//786 809//809
f 1058//1058 540//540 59//59
f 1007//1007 1016//1016 415//415
f 1059//1059 1060//1060 1061//1061
f 1062//1062 1063//1063 1064//1064
f 1065//1065 722//722 891//891
f 665//665 544//544 797//797
f 408//408 410//410 994//994
f 919//919 797//797 544//544
f 1066//1066 1067//1067 1068//1068
f 962//962 396//396 1069//1069
f 1070//1070 1071//1071 1072//1072
f 739//739 1073//1073 860//860
f 622//622 1074//1074 1075//1075
f 980//980 1076//1076 978//978
f 1038//1038 305//305 307//307
f 679//679 1010//1010 939//939
f 1077//1077 1078//1078 880//880
f 500//500 499//499 1079//1079
f 16//16 15//15 261//261
f 987//987 852//852 198//198
f 1040//1040 1080//1080 795//795
f 841//841 861//861 1081//1081
f 220//220 20//20 19//19
f 214//214 369//369 215//215
f 706//706 31//31 1082//1082
f 851//851 681//681 565//565
f 1083//1083 857//857 37//37
f 380//380 914//914 1084//1084
f 380//380 1084//1084 661//661
f 35//35 880//880 1078//1078
f 106//106 532//532 107//107
f 386//386 1085//1085 328//328
f 83//83 1086//1086 81//81
f 1087//1087 1088//1088 821//821
f 821//821 1088//1088 822//822
f 601//601 1089//1089 599//599
f 1090//1090 1091//1091 1092//1092
f 432//432 596//596 595//595
f 16//16 1093//1093 1094//1094
f 300//300 29//29 137//137
f 217//217 1095//1095 145//145
f 238//238 145//145 1095//1095
f 699//699 1096//1096 1097//1097
f 919//919 544//544 309//309
f 773//773 774//774 812//812
f 800//800 1098//1098 1099//1099
f 1100//1100 1//1 731//731
f 1100//1100 731//731 1101//1101
f 741//741 1102//1102 53//53
f 511//511 1103//1103 1104//1104
f 931//931 801//801 63//63
f 664//664 101//101 100//100
f 1105//1105 1106//1106 1107//1107
f 618//618 1027//1027 1029//1029
f 89//89 558//558 556//556
f 1094//1094 1108//1108 1109//1109
f 864//864 597//597 249//249
f 1110//1110 1107//1107 791//791
f 1111//1111 405//405 404//404
f 1111//1111 404//404 413//413
f 32//32 1112//1112 655//655
f 18//18 1113//1113 307//307
f 168//168 170//170 1049//1049
f 904//904 276//276 181//181
f 868//868 1084//1084 866//866
f 792//792 1114//1114 1115//1115
f 1116//1116 1105//1105 1117//1117
f 13//13 1118//1118 1119//1119
f 276//276 1120//1120 796//796
f 605//605 484//484 896//896
f 412//412 1121//1121 1111//1111
f 163//163 370//370 842//842
f 723//723 164//164 163//163
f 468//468 579//579 723//723
f 468//468 723//723 842//842
f 842//842 723//723 163//163
f 825//825 1122//1122 409//409
f 370//370 350//350 842//842
f 370//370 351//351 350//350
f 308//308 773//773 1123//1123
f 757//757 758//758 999//999
f 1124//1124 1125//1125 1046//1046
f 678//678 460//460 270//270
f 769//769 1126//1126 772//772
f 1127//1127 1126//1126 769//769
f 230//230 82//82 81//81
f 190//190 1128//1128 885//885
f 190//190 885//885 191//191
f 1029//1029 519//519 1129//1129
f 1013//1013 215//215 369//369
f 1130//1130 1131//1131 1132//1132
f 78//78 1133//1133 830//830
f 1134//1134 1135//1135 1136//1136
f 695//695 768//768 693//693
f 392//392 1137//1137 142//142
f 663//663 1138//1138 664//664
f 664//664 1138//1138 101//101
f 1045//1045 294//294 293//293
f 1139//1139 297//297 1140//1140
f 298//298 772//772 296//296
f 739//739 52//52 574//574
f 988//988 200//200 1141//1141
f 1142//1142 35//35 1078//1078
f 1143//1143 700//700 1097//1097
f 987//987 928//928 927//927
f 1080//1080 1144//1144 795//795
f 750//750 1145//1145 675//675
f 491//491 675//675 1145//1145
f 169//169 168//168 1146//1146
f 213//213 329//329 1147//1147
f 135//135 596//596 432//432
f 800//800 437//437 245//245
f 233//233 342//342 227//227
f 634//634 1148//1148 635//635
f 1106//1106 1105//1105 1149//1149
f 180//180 1150//1150 449//449
f 266//266 371//371 606//606
f 370//370 606//606 371//371
f 1127//1127 1151//1151 1126//1126
f 807//807 1152//1152 873//873
f 710//710 1153//1153 711//711
f 175//175 381//381 380//380
f 388//388 3//3 439//439
f 266//266 974//974 371//371
f 27//27 28//28 655//655
f 1019//1019 926//926 925//925
f 344//344 228//228 342//342
f 227//227 342//342 228//228
f 1154//1154 737//737 780//780
f 138//138 29//29 648//648
f 797//797 666//666 665//665
f 1032//1032 1155//1155 593//593
f 1155//1155 594//594 593//593
f 175//175 1156//1156 444//444
f 235//235 342//342 233//233
f 706//706 648//648 31//31
f 665//665 543//543 544//544
f 1123//1123 773//773 812//812
f 943//943 407//407 199//199
f 1157//1157 1089//1089 601//601
f 1158//1158 234//234 1159//1159
f 1160//1160 1158//1158 1159//1159
f 310//310 1161//1161 1162//1162
f 310//310 1162//1162 308//308
f 1115//1115 1163//1163 24//24
f 383//383 875//875 384//384
f 924//924 362//362 704//704
f 1164//1164 1165//1165 1137//1137
f 1164//1164 1137//1137 1166//1166
f 84//84 86//86 492//492
f 1160//1160 1159//1159 630//630
f 919//919 1167//1167 920//920
f 1167//1167 1123//1123 920//920
f 17//17 814//814 815//815
f 659//659 1151//1151 1127//1127
f 1168//1168 642//642 1169//1169
f 1170//1170 237//237 236//236
f 1171//1171 1172//1172 406//406
f 1122//1122 410//410 409//409
f 935//935 108//108 569//569
f 1173//1173 442//442 148//148
f 828//828 248//248 250//250
f 881//881 35//35 23//23
f 692//692 1174//1174 1175//1175
f 240//240 239//239 1176//1176
f 486//486 487//487 464//464
f 1177//1177 1178//1178 726//726
f 1179//1179 726//726 1178//1178
f 1180//1180 170//170 1181//1181
f 386//386 1182//1182 1085//1085
f 1085//1085 1182//1182 1183//1183
f 635//635 1184//1184 1180//1180
f 1185//1185 745//745 743//743
f 233//233 227//227 883//883
f 359//359 712//712 968//968
f 667//667 265//265 267//267
f 1155//1155 1186//1186 1187//1187
f 870//870 339//339 869//869
f 169//169 1188//1188 1189//1189
f 430//430 219//219 428//428
f 707//707 1190//1190 709//709
f 1190//1190 1191//1191 709//709
f 149//149 560//560 1192//1192
f 890//890 1193//1193 820//820
f 520//520 1194//1194 1195//1195
f 1196//1196 1197//1197 934//934
f 1198//1198 167//167 112//112
f 748//748 1158//1158 1160//1160
f 461//461 1190//1190 459//459
f 707//707 459//459 1190//1190
f 71//71 1199//1199 1200//1200
f 1127//1127 1015//1015 660//660
f 465//465 205//205 1201//1201
f 465//465 1201//1201 389//389
f 818//818 391//391 819//819
f 177//177 1156//1156 175//175
f 407//407 87//87 210//210
f 1202//1202 635//635 1148//1148
f 1203//1203 1204//1204 1205//1205
f 1206//1206 1207//1207 1208//1208
f 234//234 1158//1158 235//235
f 1158//1158 343//343 235//235
f 1209//1209 1210//1210 1195//1195
f 1211//1211 848//848 847//847
f 1140//1140 1212//1212 1139//1139
f 411//411 1213//1213 277//277
f 448//448 1213//1213 411//411
f 144//144 393//393 142//142
f 47//47 46//46 917//917
f 1022//1022 322//322 434//434
f 463//463 465//465 389//389
f 262//262 1214//1214 1215//1215
f 1216//1216 784//784 783//783
f 879//879 1032//1032 593//593
f 1217//1217 955//955 88//88
f 1217//1217 88//88 87//87
f 1218//1218 1219//1219 907//907
f 457//457 73//73 458//458
f 10//10 91//91 8//8
f 1092//1092 1091//1091 1220//1220
f 90//90 92//92 887//887
f 90//90 887//887 368//368
f 75//75 77//77 179//179
f 532//532 851//851 1221//1221
f 538//538 1222//1222 1014//1014
f 1039//1039 424//424 426//426
f 313//313 421//421 314//314
f 624//624 156//156 382//382
f 316//316 420//420 1223//1223
f 1094//1094 1093//1093 1224//1224
f 229//229 790//790 227//227
f 658//658 1225//1225 1226//1226
f 656//656 658//658 1226//1226
f 198//198 943//943 199//199
f 1227//1227 1228//1228 1229//1229
f 928//928 988//988 1230//1230
f 1231//1231 805//805 524//524
f 95//95 1031//1031 609//609
f 921//921 1232//1232 744//744
f 38//38 1075//1075 1074//1074
f 1233//1233 1064//1064 1063//1063
f 1234//1234 357//357 356//356
f 607//607 449//449 365//365
f 862//862 114//114 272//272
f 1235//1235 1187//1187 1186//1186
f 702//702 264//264 779//779
f 669//669 671//671 1236//1236
f 1236//1236 671//671 767//767
f 565//565 765//765 563//563
f 1237//1237 640//640 959//959
f 1238//1238 224//224 1239//1239
f 118//118 321//321 116//116
f 1240//1240 1241//1241 441//441
f 422//422 423//423 912//912
f 1242//1242 1078//1078 1077//1077
f 601//601 346//346 1037//1037
f 601//601 1037//1037 1157//1157
f 809//809 767//767 563//563
f 1243//1243 767//767 809//809
f 1244//1244 1245//1245 1101//1101
f 1246//1246 1247//1247 1248//1248
f 497//497 1249//1249 495//495
f 563//563 765//765 809//809
f 622//622 1018//1018 1041//1041
f 1227//1227 491//491 1145//1145
f 421//421 993//993 1247//1247
f 1229//1229 1038//1038 1113//1113
f 278//278 1005//1005 1004//1004
f 304//304 1250//1250 1251//1251
f 1080//1080 1252//1252 1144//1144
f 243//243 51//51 785//785
f 980//980 812//812 876//876
f 636//636 1181//1181 1253//1253
f 738//738 589//589 735//735
f 1254//1254 893//893 892//892
f 835//835 964//964 966//966
f 835//835 966//966 469//469
f 778//778 264//264 904//904
f 1128//1128 234//234 233//233
f 1255//1255 604//604 603//603
f 289//289 288//288 1256//1256
f 766//766 809//809 765//765
f 717//717 718//718 325//325
f 474//474 476//476 839//839
f 162//162 553//553 847//847
f 1257//1257 1193//1193 345//345
f 1036//1036 384//384 480//480
f 480//480 482//482 1036//1036
f 324//324 938//938 378//378
f 113//113 475//475 400//400
f 77//77 76//76 927//927
f 744//744 1232//1232 1258//1258
f 1159//1159 940//940 1010//1010
f 1259//1259 1061//1061 754//754
f 394//394 396//396 962//962
f 1012//1012 20//20 220//220
f 213//213 1147//1147 1056//1056
f 1099//1099 331//331 330//330
f 822//822 333//333 332//332
f 1260//1260 333//333 822//822
f 631//631 633//633 1261//1261
f 368//368 214//214 926//926
f 1262//1262 1263//1263 1264//1264
f 553//553 295//295 756//756
f 686//686 1265//1265 684//684
f 802//802 1003//1003 1266//1266
f 535//535 553//553 756//756
f 142//142 1165//1165 143//143
f 802//802 1266//1266 870//870
f 644//644 615//615 614//614
f 419//419 1028//1028 620//620
f 217//217 147//147 963//963
f 7//7 768//768 5//5
f 290//290 1025//1025 291//291
f 406//406 1172//1172 1250//1250
f 216//216 514//514 926//926
f 145//145 147//147 217//217
f 278//278 730//730 279//279
f 400//400 272//272 113//113
f 817//817 691//691 690//690
f 1189//1189 38//38 1074//1074
f 242//242 498//498 862//862
f 182//182 1267//1267 502//502
f 395//395 1268//1268 1269//1269
f 502//502 1150//1150 180//180
f 1185//1185 1239//1239 224//224
f 96//96 317//317 1270//1270
f 455//455 82//82 230//230
f 914//914 380//380 915//915
f 1271//1271 876//876 811//811
f 90//90 892//892 8//8
f 832//832 892//892 90//90
f 1//1 3//3 66//66
f 1111//1111 1209//1209 1170//1170
f 183//183 1272//1272 184//184
f 150//150 1273//1273 451//451
f 528//528 65//65 1274//1274
f 178//178 935//935 1218//1218
f 1191//1191 1190//1190 1275//1275
f 703//703 1055//1055 704//704
f 835//835 517//517 719//719
f 267//267 517//517 351//351
f 667//667 267//267 351//351
f 437//437 801//801 56//56
f 931//931 56//56 801//801
f 619//619 521//521 897//897
f 1236//1236 767//767 1276//1276
f 1085//1085 120//120 1277//1277
f 651//651 1278//1278 1215//1215
f 1258//1258 1232//1232 296//296
f 343//343 1279//1279 471//471
f 95//95 94//94 932//932
f 1254//1254 1280//1280 893//893
f 1025//1025 1026//1026 291//291
f 205//205 465//465 206//206
f 1062//1062 913//913 1069//1069
f 957//957 395//395 1269//1269
f 1141//1141 200//200 848//848
f 44//44 398//398 1281//1281
f 1282//1282 1283//1283 1284//1284
f 576//576 578//578 479//479
f 576//576 479//479 715//715
f 44//44 399//399 398//398
f 233//233 885//885 1128//1128
f 793//793 26//26 1285//1285
f 1115//1115 26//26 793//793
f 883//883 885//885 233//233
f 1286//1286 1248//1248 993//993
f 1287//1287 1242//1242 1288//1288
f 1289//1289 560//560 1290//1290
f 1291//1291 1292//1292 472//472
f 542//542 311//311 548//548
f 1293//1293 376//376 1198//1198
f 964//964 835//835 1225//1225
f 552//552 134//134 136//136
f 256//256 452//452 634//634
f 1139//1139 1212//1212 1026//1026
f 1294//1294 1288//1288 1295//1295
f 409//409 362//362 826//826
f 325//325 718//718 1296//1296
f 106//106 65//65 527//527
f 194//194 193//193 981//981
f 387//387 280//280 1297//1297
f 769//769 416//416 415//415
f 1116//1116 1117//1117 1042//1042
f 561//561 1298//1298 834//834
f 394//394 1299//1299 395//395
f 395//395 1299//1299 1268//1268
f 682//682 1299//1299 394//394
f 680//680 766//766 681//681
f 451//451 1231//1231 452//452
f 581//581 278//278 277//277
f 72//72 1001//1001 1300//1300
f 1301//1301 502//502 1267//1267
f 609//609 638//638 616//616
f 1115//1115 24//24 26//26
f 994//994 410//410 1286//1286
f 408//408 1302//1302 363//363
f 658//658 657//657 159//159
f 187//187 1042//1042 1117//1117
f 1303//1303 446//446 1295//1295
f 1303//1303 1295//1295 1242//1242
f 384//384 566//566 480//480
f 1270//1270 1304//1304 1305//1305
f 1306//1306 46//46 1307//1307
f 71//71 70//70 518//518
f 73//73 1308//1308 458//458
f 846//846 848//848 1309//1309
f 790//790 1310//1310 227//227
f 1//1 1100//1100 2//2
f 13//13 446//446 1118//1118
f 988//988 1141//1141 1230//1230
f 1240//1240 441//441 397//397
f 1208//1208 778//778 904//904
f 126//126 315//315 127//127
f 586//586 644//644 1174//1174
f 599//599 856//856 600//600
f 151//151 972//972 152//152
f 614//614 1112//1112 32//32
f 923//923 1143//1143 1097//1097
f 1233//1233 866//866 1064//1064
f 919//919 309//309 1167//1167
f 433//433 337//337 434//434
f 749//749 654//654 1311//1311
f 749//749 1311//1311 750//750
f 1312//1312 1313//1313 816//816
f 918//918 811//811 774//774
f 918//918 774//774 797//797
f 1314//1314 1315//1315 467//467
f 234//234 940//940 1159//1159
f 864//864 249//249 248//248
f 289//289 984//984 1304//1304
f 997//997 864//864 1316//1316
f 149//149 148//148 1241//1241
f 149//149 1241//1241 559//559
f 380//380 661//661 1317//1317
f 120//120 1085//1085 1318//1318
f 1319//1319 1095//1095 218//218
f 1309//1309 199//199 208//208
f 846//846 1309//1309 208//208
f 909//909 1320//1320 40//40
f 231//231 240//240 1321//1321
f 231//231 1321//1321 1136//1136
f 1231//1231 1148//1148 634//634
f 953//953 432//432 954//954
f 1040//1040 795//795 299//299
f 860//860 1315//1315 741//741
f 954//954 432//432 595//595
f 623//623 622//622 1041//1041
f 1014//1014 1222//1222 1322//1322
f 80//80 19//19 714//714
f 1323//1323 1324//1324 1325//1325
f 1260//1260 762//762 323//323
f 1326//1326 1327//1327 613//613
f 386//386 387//387 1297//1297
f 523//523 522//522 275//275
f 542//542 540//540 1058//1058
f 10//10 637//637 1201//1201
f 10//10 1201//1201 205//205
f 1174//1174 691//691 586//586
f 360//360 1328//1328 1329//1329
f 599//599 364//364 856//856
f 462//462 41//41 40//40
f 648//648 382//382 138//138
f 1251//1251 1195//1195 1210//1210
f 1316//1316 248//248 1043//1043
f 1047//1047 1330//1330 1331//1331
f 1325//1325 174//174 611//611
f 1325//1325 611//611 1306//1306
f 1332//1332 75//75 179//179
f 1332//1332 179//179 1218//1218
f 358//358 1116//1116 1042//1042
f 591//591 590//590 825//825
f 1316//1316 1252//1252 997//997
f 342//342 235//235 343//343
f 98//98 1333//1333 878//878
f 584//584 1333//1333 98//98
f 1043//1043 248//248 828//828
f 1334//1334 1033//1033 1335//1335
f 181//181 180//180 1208//1208
f 510//510 601//601 600//600
f 1232//1232 921//921 1282//1282
f 47//47 917//917 916//916
f 637//637 9//9 68//68
f 1336//1336 817//817 1337//1337
f 1336//1336 1337//1337 1338//1338
f 1339//1339 539//539 754//754
f 586//586 588//588 1340//1340
f 1282//1282 1140//1140 297//297
f 270//270 460//460 268//268
f 85//85 551//551 1322//1322
f 1237//1237 925//925 1341//1341
f 1237//1237 1341//1341 545//545
f 1235//1235 617//617 1187//1187
f 1155//1155 1187//1187 617//617
f 1219//1219 1218//1218 935//935
f 89//89 556//556 6//6
f 122//122 124//124 858//858
f 53//53 52//52 739//739
f 649//649 651//651 956//956
f 518//518 1129//1129 519//519
f 943//943 942//942 1217//1217
f 581//581 277//277 582//582
f 1215//1215 1214//1214 1342//1342
f 1343//1343 944//944 697//697
f 992//992 548//548 311//311
f 578//578 1344//1344 1345//1345
f 579//579 724//724 723//723
f 260//260 727//727 726//726
f 338//338 337//337 377//377
f 205//205 473//473 10//10
f 131//131 217//217 963//963
f 839//839 1346//1346 474//474
f 545//545 547//547 1237//1237
f 373//373 14//14 349//349
f 744//744 1258//1258 742//742
f 1003//1003 1347//1347 1348//1348
f 1349//1349 515//515 1086//1086
f 605//605 786//786 341//341
f 19//19 79//79 220//220
f 501//501 945//945 499//499
f 32//32 34//34 1175//1175
f 1096//1096 923//923 1097//1097
f 824//824 751//751 750//750
f 1081//1081 1216//1216 894//894
f 1261//1261 633//633 1350//1350
f 881//881 172//172 882//882
f 71//71 1323//1323 1351//1351
f 71//71 1351//1351 69//69
f 85//85 490//490 551//551
f 1096//1096 1352//1352 845//845
f 321//321 467//467 319//319
f 1353//1353 605//605 746//746
f 911//911 161//161 160//160
f 1354//1354 1130//1130 286//286
f 286//286 1130//1130 284//284
f 498//498 1081//1081 861//861
f 431//431 1355//1355 429//429
f 1205//1205 788//788 172//172
f 796//796 275//275 276//276
f 715//715 479//479 478//478
f 648//648 625//625 382//382
f 516//516 1100//1100 133//133
f 1060//1060 1356//1356 442//442
f 1314//1314 1357//1357 1068//1068
f 912//912 1041//1041 1018//1018
f 305//305 345//345 306//306
f 170//170 1180//1180 1330//1330
f 775//775 123//123 1285//1285
f 1205//1205 172//172 171//171
f 65//65 64//64 1274//1274
f 308//308 1162//1162 1358//1358
f 308//308 1358//1358 773//773
f 35//35 881//881 880//880
f 1203//1203 1205//1205 171//171
f 1250//1250 1172//1172 888//888
f 602//602 604//604 668//668
f 1354//1354 1359//1359 1360//1360
f 1131//1131 799//799 798//798
f 1361//1361 734//734 733//733
f 379//379 915//915 380//380
f 712//712 711//711 116//116
f 1350//1350 1205//1205 1204//1204
f 860//860 1073//1073 25//25
f 971//971 1328//1328 1114//1114
f 921//921 744//744 1362//1362
f 1020//1020 872//872 1363//1363
f 559//559 1241//1241 1240//1240
f 1364//1364 581//581 996//996
f 1349//1349 930//930 438//438
f 383//383 385//385 972//972
f 1365//1365 1024//1024 949//949
f 787//787 1024//1024 1365//1365
f 1251//1251 1210//1210 304//304
f 1160//1160 1366//1366 748//748
f 1237//1237 547//547 640//640
f 772//772 1126//1126 1151//1151
f 136//136 432//432 953//953
f 520//520 1195//1195 251//251
f 1367//1367 1252//1252 1080//1080
f 1367//1367 1080//1080 1040//1040
f 11//11 1368//1368 12//12
f 334//334 333//333 1369//1369
f 950//950 952//952 239//239
f 715//715 1370//1370 789//789
f 459//459 692//692 460//460
f 304//304 303//303 406//406
f 722//722 1371//1371 891//891
f 1372//1372 545//545 1341//1341
f 768//768 210//210 87//87
f 1368//1368 513//513 1355//1355
f 967//967 321//321 320//320
f 307//307 19//19 18//18
f 849//849 436//436 435//435
f 925//925 1237//1237 959//959
f 190//190 1373//1373 939//939
f 520//520 253//253 1374//1374
f 656//656 1226//1226 724//724
f 536//536 1375//1375 534//534
f 279//279 1//1 66//66
f 279//279 66//66 411//411
f 495//495 980//980 876//876
f 495//495 876//876 496//496
f 1071//1071 116//116 711//711
f 1376//1376 749//749 751//751
f 1376//1376 1377//1377 749//749
f 307//307 306//306 713//713
f 531//531 533//533 1378//1378
f 1379//1379 973//973 1380//1380
f 973//973 1036//1036 1380//1380
f 1381//1381 641//641 1215//1215
f 1382//1382 945//945 1343//1343
f 807//807 806//806 1383//1383
f 1377//1377 1178//1178 1108//1108
f 1377//1377 1376//1376 1178//1178
f 1179//1179 1178//1178 1376//1376
f 776//776 486//486 777//777
f 729//729 645//645 1002//1002
f 729//729 1002//1002 758//758
f 422//422 858//858 124//124
f 166//166 43//43 112//112
f 838//838 43//43 166//166
f 810//810 1384//1384 674//674
f 1072//1072 153//153 1070//1070
f 555//555 1385//1385 1050//1050
f 526//526 1378//1378 527//527
f 38//38 37//37 857//857
f 1386//1386 1387//1387 1388//1388
f 484//484 483//483 896//896
f 378//378 377//377 433//433
f 859//859 622//622 1075//1075
f 363//363 126//126 364//364
f 469//469 966//966 470//470
f 965//965 470//470 966//966
f 634//634 452//452 1231//1231
f 1153//1153 1268//1268 1389//1389
f 1356//1356 397//397 441//441
f 654//654 1224//1224 261//261
f 1114//1114 1163//1163 1115//1115
f 704//704 1376//1376 924//924
f 1224//1224 654//654 1390//1390
f 102//102 336//336 103//103
f 923//923 922//922 1143//1143
f 595//595 597//597 864//864
f 1391//1391 1143//1143 922//922
f 605//605 896//896 746//746
f 282//282 985//985 1256//1256
f 834//834 1298//1298 1392//1392
f 753//753 402//402 1393//1393
f 972//972 682//682 874//874
f 345//345 347//347 1257//1257
f 1128//1128 940//940 234//234
f 143//143 1165//1165 608//608
f 1072//1072 1389//1389 683//683
f 102//102 1198//1198 271//271
f 112//112 271//271 1198//1198
f 164//164 836//836 165//165
f 1025//1025 1103//1103 686//686
f 178//178 1394//1394 936//936
f 772//772 770//770 296//296
f 702//702 262//262 264//264
f 522//522 1395//1395 443//443
f 85//85 1322//1322 1396//1396
f 1139//1139 298//298 297//297
f 1266//1266 1003//1003 1005//1005
f 1264//1264 1397//1397 1398//1398
f 6//6 556//556 705//705
f 973//973 152//152 972//972
f 143//143 366//366 144//144
f 1399//1399 990//990 1307//1307
f 189//189 204//204 202//202
f 204//204 884//884 1400//1400
f 348//348 728//728 727//727
f 17//17 373//373 814//814
f 515//515 1349//1349 438//438
f 528//528 527//527 65//65
f 356//356 1048//1048 1234//1234
f 388//388 463//463 389//389
f 1335//1335 1401//1401 1402//1402
f 1282//1282 1284//1284 1140//1140
f 1306//1306 1351//1351 1325//1325
f 1319//1319 403//403 405//405
f 168//168 1048//1048 1403//1403
f 168//168 1403//1403 186//186
f 1404//1404 453//453 752//752
f 1277//1277 120//120 119//119
f 405//405 1111//1111 1170//1170
f 324//324 323//323 762//762
f 1301//1301 1326//1326 1340//1340
f 162//162 134//134 553//553
f 134//134 552//552 553//553
f 768//768 1053//1053 693//693
f 132//132 963//963 508//508
f 14//14 373//373 17//17
f 1109//1109 14//14 16//16
f 1109//1109 16//16 1094//1094
f 1405//1405 1406//1406 916//916
f 1280//1280 831//831 1363//1363
f 654//654 653//653 1311//1311
f 1157//1157 1311//1311 653//653
f 703//703 364//364 599//599
f 1407//1407 1326//1326 1267//1267
f 1301//1301 1267//1267 1326//1326
f 950//950 508//508 951//951
f 477//477 1408//1408 998//998
f 800//800 245//245 1098//1098
f 982//982 1101//1101 1245//1245
f 1051//1051 757//757 999//999
f 794//794 203//203 1400//1400
f 884//884 794//794 1400//1400
f 373//373 667//667 372//372
f 349//349 667//667 373//373
f 249//249 597//597 1053//1053
f 86//86 1396//1396 1409//1409
f 878//878 96//96 98//98
f 318//318 96//96 878//878
f 51//51 400//400 52//52
f 652//652 654//654 261//261
f 1249//1249 1326//1326 1407//1407
f 1326//1326 1249//1249 1327//1327
f 1271//1271 918//918 1044//1044
f 696//696 1343//1343 697//697
f 806//806 1272//1272 283//283
f 888//888 1251//1251 1250//1250
f 1021//1021 673//673 1152//1152
f 672//672 1152//1152 673//673
f 1175//1175 34//34 268//268
f 936//936 935//935 178//178
f 444//444 758//758 1002//1002
f 839//839 775//775 1346//1346
f 1268//1268 1299//1299 1389//1389
f 878//878 1333//1333 585//585
f 137//137 301//301 300//300
f 310//310 301//301 137//137
f 1113//1113 1038//1038 307//307
f 1176//1176 1052//1052 1051//1051
f 1043//1043 1144//1144 1316//1316
f 1043//1043 30//30 1144//1144
f 952//952 951//951 147//147
f 760//760 560//560 1289//1289
f 502//502 1301//1301 588//588
f 161//161 910//910 658//658
f 1079//1079 718//718 399//399
f 1011//1011 20//20 1012//1012
f 252//252 627//627 626//626
f 1066//1066 1379//1379 1067//1067
f 1376//1376 751//751 924//924
f 824//824 924//924 751//751
f 844//844 1165//1165 1164//1164
f 567//567 481//481 480//480
f 1068//1068 1067//1067 1410//1410
f 625//625 50//50 49//49
f 635//635 1181//1181 636//636
f 171//171 1324//1324 1203//1203
f 1087//1087 698//698 697//697
f 224//224 1256//1256 288//288
f 1036//1036 482//482 1411//1411
f 524//524 525//525 1202//1202
f 581//581 1005//1005 278//278
f 450//450 850//850 435//435
f 450//450 462//462 850//850
f 287//287 317//317 1168//1168
f 1042//1042 1403//1403 356//356
f 912//912 423//423 476//476
f 317//317 318//318 1168//1168
f 238//238 1412//1412 145//145
f 334//334 1369//1369 1022//1022
f 1335//1335 1033//1033 1401//1401
f 1171//1171 901//901 1172//1172
f 115//115 1172//1172 901//901
f 38//38 1189//1189 36//36
f 387//387 244//244 247//247
f 1358//1358 1162//1162 947//947
f 1358//1358 947//947 158//158
f 1115//1115 793//793 792//792
f 603//603 969//969 1149//1149
f 203//203 204//204 1400//1400
f 788//788 1024//1024 787//787
f 68//68 9//9 448//448
f 827//827 852//852 552//552
f 136//136 953//953 827//827
f 54//54 879//879 55//55
f 908//908 1387//1387 1386//1386
f 1307//1307 45//45 1399//1399
f 1363//1363 1413//1413 1280//1280
f 586//586 691//691 817//817
f 817//817 690//690 708//708
f 881//881 23//23 173//173
f 881//881 173//173 172//172
f 851//851 679//679 681//681
f 1236//1236 1276//1276 1034//1034
f 1410//1410 741//741 1414//1414
f 1404//1404 752//752 1173//1173
f 622//622 621//621 1074//1074
f 1150//1150 367//367 449//449
f 145//145 1412//1412 1374//1374
f 449//449 1206//1206 180//180
f 579//579 468//468 1344//1344
f 579//579 1344//1344 578//578
f 735//735 464//464 736//736
f 463//463 736//736 464//464
f 358//358 1308//1308 1255//1255
f 738//738 1415//1415 590//590
f 738//738 590//590 589//589
f 1308//1308 1001//1001 1255//1255
f 57//57 1171//1171 58//58
f 430//430 514//514 216//216
f 1379//1379 152//152 973//973
f 874//874 1125//1125 1124//1124
f 677//677 777//777 1006//1006
f 1410//1410 1414//1414 1314//1314
f 1246//1246 1136//1136 1135//1135
f 1166//1166 1137//1137 392//392
f 159//159 194//194 160//160
f 465//465 464//464 487//487
f 329//329 900//900 330//330
f 1048//1048 1047//1047 1234//1234
f 392//392 391//391 1416//1416
f 59//59 1417//1417 57//57
f 1045//1045 76//76 294//294
f 447//447 223//223 419//419
f 188//188 1188//1188 186//186
f 886//886 1418//1418 536//536
f 844//844 608//608 1165//1165
f 674//674 996//996 672//672
f 754//754 753//753 1339//1339
f 634//634 636//636 1419//1419
f 1419//1419 256//256 634//634
f 675//675 492//492 677//677
f 993//993 421//421 313//313
f 443//443 1395//1395 1399//1399
f 849//849 1420//1420 246//246
f 849//849 246//246 245//245
f 491//491 1421//1421 490//490
f 963//963 132//132 131//131
f 1405//1405 1112//1112 614//614
f 1309//1309 200//200 199//199
f 1259//1259 1059//1059 1061//1061
f 699//699 1097//1097 700//700
f 63//63 1057//1057 1186//1186
f 1288//1288 270//270 1287//1287
f 886//886 1422//1422 75//75
f 732//732 312//312 414//414
f 769//769 1016//1016 1127//1127
f 632//632 60//60 948//948
f 165//165 266//266 606//606
f 348//348 854//854 265//265
f 664//664 100//100 109//109
f 403//403 488//488 404//404
f 1423//1423 1245//1245 1348//1348
f 1424//1424 982//982 1245//1245
f 1423//1423 1424//1424 1245//1245
f 1348//1348 1245//1245 1244//1244
f 721//721 720//720 1338//1338
f 415//415 1008//1008 1007//1007
f 289//289 1304//1304 317//317
f 1165//1165 142//142 1137//1137
f 692//692 1175//1175 268//268
f 441//441 442//442 1356//1356
f 23//23 28//28 21//21
f 1127//1127 660//660 659//659
f 643//643 375//375 956//956
f 363//363 1302//1302 126//126
f 1294//1294 446//446 445//445
f 1294//1294 445//445 1425//1425
f 1409//1409 1426//1426 776//776
f 232//232 115//115 901//901
f 993//993 994//994 1286//1286
f 626//626 1427//1427 1428//1428
f 626//626 1428//1428 976//976
f 697//697 1088//1088 1087//1087
f 697//697 944//944 1088//1088
f 1407//1407 1429//1429 1076//1076
f 1076//1076 1249//1249 1407//1407
f 1054//1054 726//726 1179//1179
f 148//148 441//441 1241//1241
f 637//637 10//10 9//9
f 1242//1242 1077//1077 1303//1303
f 1272//1272 183//183 62//62
f 961//961 646//646 1046//1046
f 219//219 79//79 428//428
f 1046//1046 1430//1430 1124//1124
f 808//808 873//873 1431//1431
f 808//808 1431//1431 639//639
f 1109//1109 1178//1178 1177//1177
f 102//102 1293//1293 1198//1198
f 866//866 914//914 1064//1064
f 886//886 1332//1332 1418//1418
f 907//907 1418//1418 1332//1332
f 1432//1432 1105//1105 1107//1107
f 1247//1247 1246//1246 1135//1135
f 401//401 254//254 1419//1419
f 401//401 1419//1419 1074//1074
f 836//836 1226//1226 1225//1225
f 495//495 1249//1249 1076//1076
f 89//89 5//5 768//768
f 1281//1281 42//42 44//44
f 1433//1433 1062//1062 1434//1434
f 239//239 241//241 950//950
f 1086//1086 950//950 241//241
f 1156//1156 1435//1435 444//444
f 601//601 510//510 347//347
f 601//601 347//347 346//346
f 1039//1039 794//794 424//424
f 104//104 338//338 1293//1293
f 104//104 1293//1293 102//102
f 1321//1321 240//240 1176//1176
f 987//987 988//988 928//928
f 1436//1436 849//849 850//850
f 1325//1325 1324//1324 174//174
f 873//873 872//872 1020//1020
f 686//686 1103//1103 511//511
f 696//696 1437//1437 1438//1438
f 1437//1437 1200//1200 1438//1438
f 332//332 823//823 822//822
f 630//630 1378//1378 1366//1366
f 630//630 1366//1366 1160//1160
f 635//635 1202//1202 1184//1184
f 561//561 1169//1169 1342//1342
f 1194//1194 1170//1170 1209//1209
f 353//353 794//794 354//354
f 203//203 426//426 201//201
f 1402//1402 1439//1439 1269//1269
f 1269//1269 1439//1439 957//957
f 912//912 232//232 902//902
f 376//376 167//167 1198//1198
f 187//187 1403//1403 1042//1042
f 1225//1225 658//658 964//964
f 159//159 570//570 194//194
f 1399//1399 1395//1395 990//990
f 991//991 990//990 1395//1395
f 1440//1440 687//687 689//689
f 325//325 327//327 1289//1289
f 911//911 160//160 998//998
f 476//476 113//113 232//232
f 1314//1314 467//467 118//118
f 380//380 1317//1317 175//175
f 803//803 1441//1441 1442//1442
f 803//803 1442//1442 804//804
f 510//510 512//512 347//347
f 167//167 376//376 837//837
f 780//780 736//736 855//855
f 216//216 926//926 214//214
f 1019//1019 368//368 926//926
f 694//694 693//693 135//135
f 575//575 1328//1328 320//320
f 1056//1056 1147//1147 119//119
f 455//455 1248//1248 1286//1286
f 1056//1056 119//119 1233//1233
f 1144//1144 1252//1252 1316//1316
f 515//515 509//509 1086//1086
f 1405//1405 530//530 27//27
f 916//916 530//530 1405//1405
f 531//531 1378//1378 630//630
f 928//928 1394//1394 77//77
f 257//257 785//785 258//258
f 680//680 1373//1373 341//341
f 406//406 311//311 1058//1058
f 1051//1051 1443//1443 1176//1176
f 489//489 403//403 983//983
f 638//638 1444//1444 594//594
f 310//310 137//137 1161//1161
f 641//641 1381//1381 642//642
f 107//107 1221//1221 564//564
f 1142//1142 1078//1078 1242//1242
f 1134//1134 1443//1443 999//999
f 552//552 293//293 295//295
f 1233//1233 867//867 866//866
f 996//996 583//583 871//871
f 246//246 281//281 247//247
f 695//695 694//694 208//208
f 567//567 1445//1445 1427//1427
f 729//729 1445//1445 567//567
f 909//909 1375//1375 1418//1418
f 679//679 1373//1373 680//680
f 939//939 1373//1373 679//679
f 26//26 1346//1346 1285//1285
f 647//647 646//646 379//379
f 1251//1251 840//840 1195//1195
f 63//63 65//65 1057//1057
f 443//443 285//285 273//273
f 1040//1040 299//299 725//725
f 1070//1070 117//117 1071//1071
f 188//188 1083//1083 37//37
f 726//726 728//728 1177//1177
f 1446//1446 1177//1177 728//728
f 393//393 946//946 1065//1065
f 360//360 320//320 1328//1328
f 768//768 695//695 210//210
f 208//208 210//210 695//695
f 535//535 1211//1211 847//847
f 877//877 822//822 1088//1088
f 1447//1447 1384//1384 1266//1266
f 663//663 1230//1230 1138//1138
f 1141//1141 1138//1138 1230//1230
f 425//425 192//192 906//906
f 1448//1448 1184//1184 1449//1449
f 846//846 208//208 694//694
f 1307//1307 46//46 45//45
f 986//986 985//985 282//282
f 1256//1256 985//985 289//289
f 1419//1419 254//254 256//256
f 701//701 700//700 1392//1392
f 1151//1151 771//771 772//772
f 813//813 732//732 413//413
f 1236//1236 1153//1153 669//669
f 969//969 971//971 1450//1450
f 1391//1391 1362//1362 745//745
f 133//133 132//132 509//509
f 541//541 1259//1259 539//539
f 1026//1026 685//685 417//417
f 1081//1081 498//498 784//784
f 524//524 1202//1202 1148//1148
f 524//524 1148//1148 1231//1231
f 854//854 974//974 266//266
f 127//127 684//684 125//125
f 358//358 357//357 1308//1308
f 743//743 742//742 1183//1183
f 1183//1183 1185//1185 743//743
f 678//678 1294//1294 1425//1425
f 299//299 795//795 300//300
f 412//412 414//414 302//302
f 354//354 941//941 1310//1310
f 827//827 853//853 852//852
f 942//942 853//853 827//827
f 1312//1312 1330//1330 1448//1448
f 1205//1205 1451//1451 788//788
f 251//251 894//894 252//252
f 90//90 1019//1019 832//832
f 709//709 830//830 1371//1371
f 1309//1309 848//848 200//200
f 1005//1005 1364//1364 1266//1266
f 1266//1266 1364//1364 1447//1447
f 1005//1005 581//581 1364//1364
f 1294//1294 1295//1295 446//446
f 1199//1199 71//71 518//518
f 327//327 1199//1199 518//518
f 1310//1310 941//941 227//227
f 1072//1072 1071//1071 1452//1452
f 4//4 6//6 960//960
f 618//618 1028//1028 1027//1027
f 791//791 123//123 122//122
f 1183//1183 742//742 1318//1318
f 662//662 936//936 1394//1394
f 662//662 1394//1394 663//663
f 1285//1285 1346//1346 775//775
f 1217//1217 942//942 955//955
f 645//645 1430//1430 1046//1046
f 1361//1361 733//733 1011//1011
f 252//252 894//894 1216//1216
f 756//756 294//294 1422//1422
f 76//76 1422//1422 294//294
f 886//886 756//756 1422//1422
f 923//923 1283//1283 1282//1282
f 520//520 1374//1374 1412//1412
f 745//745 1453//1453 1391//1391
f 1404//1404 1173//1173 148//148
f 539//539 1339//1339 1417//1417
f 891//891 1371//1371 1133//1133
f 1006//1006 735//735 589//589
f 1013//1013 369//369 538//538
f 1024//1024 948//948 949//949
f 246//246 1420//1420 281//281
f 1208//1208 1207//1207 778//778
f 1454//1454 94//94 1197//1197
f 94//94 93//93 1197//1197
f 144//144 720//720 946//946
f 1345//1345 479//479 578//578
f 1006//1006 1023//1023 735//735
f 825//825 590//590 1415//1415
f 1070//1070 153//153 152//152
f 1104//1104 1166//1166 1416//1416
f 1070//1070 1357//1357 117//117
f 682//682 972//972 151//151
f 1036//1036 1455//1455 1380//1380
f 257//257 1380//1380 1455//1455
f 1357//1357 118//118 117//117
f 559//559 1290//1290 560//560
f 815//815 15//15 17//17
f 260//260 652//652 261//261
f 13//13 1119//1119 11//11
f 260//260 15//15 815//815
f 794//794 884//884 354//354
f 897//897 796//796 1456//1456
f 327//327 519//519 760//760
f 761//761 760//760 519//519
f 689//689 1457//1457 1440//1440
f 213//213 898//898 900//900
f 1033//1033 1030//1030 898//898
f 389//389 1201//1201 637//637
f 337//337 1458//1458 810//810
f 434//434 337//337 810//810
f 1457//1457 1459//1459 1440//1440
f 1459//1459 1398//1398 1440//1440
f 424//424 193//193 192//192
f 353//353 193//193 424//424
f 821//821 823//823 631//631
f 1460//1460 1331//1331 1263//1263
f 1263//1263 1331//1331 1312//1312
f 1123//1123 1167//1167 308//308
f 309//309 308//308 1167//1167
f 904//904 181//181 1208//1208
f 522//522 443//443 275//275
f 813//813 488//488 1442//1442
f 813//813 1442//1442 1441//1441
f 868//868 1151//1151 659//659
f 1456//1456 651//651 650//650
f 969//969 1450//1450 1149//1149
f 835//835 836//836 1225//1225
f 1456//1456 650//650 897//897
f 189//189 202//202 485//485
f 1440//1440 1398//1398 1397//1397
f 1461//1461 1397//1397 1264//1264
f 619//619 650//650 649//649
f 374//374 554//554 221//221
f 476//476 423//423 839//839
f 976//976 1462//1462 977//977
f 967//967 968//968 321//321
f 1424//1424 1423//1423 489//489
f 804//804 489//489 1423//1423
f 857//857 122//122 858//858
f 1019//1019 833//833 832//832
f 1357//1357 1463//1463 1068//1068
f 39//39 141//141 100//100
f 977//977 1374//1374 253//253
f 909//909 1418//1418 907//907
f 426//426 471//471 201//201
f 1357//1357 1070//1070 1463//1463
f 152//152 1066//1066 1463//1463
f 152//152 1463//1463 1070//1070
f 1153//1153 1071//1071 711//711
f 1446//1446 728//728 348//348
f 120//120 1464//1464 755//755
f 120//120 1318//1318 1464//1464
f 710//710 669//669 1153//1153
f 978//978 1076//1076 1429//1429
f 1262//1262 1460//1460 1263//1263
f 1460//1460 456//456 1047//1047
f 1234//1234 1047//1047 456//456
f 1459//1459 73//73 457//457
f 1224//1224 1390//1390 1465//1465
f 1106//1106 1149//1149 1450//1450
f 1166//1166 290//290 292//292
f 1096//1096 1466//1466 1283//1283
f 448//448 9//9 893//893
f 8//8 893//893 9//9
f 528//528 1274//1274 1467//1467
f 528//528 1467//1467 1353//1353
f 1060//1060 752//752 1061//1061
f 903//903 1317//1317 661//661
f 817//817 1336//1336 587//587
f 206//206 465//465 487//487
f 6//6 705//705 960//960
f 48//48 50//50 705//705
f 779//779 699//699 702//702
f 328//328 331//331 386//386
f 1370//1370 355//355 354//354
f 1370//1370 354//354 1310//1310
f 639//639 547//547 1468//1468
f 1214//1214 1298//1298 1342//1342
f 1468//1468 547//547 546//546
f 1156//1156 177//177 504//504
f 1034//1034 1274//1274 1035//1035
f 913//913 962//962 1069//1069
f 1298//1298 561//561 1342//1342
f 791//791 1106//1106 792//792
f 239//239 1469//1469 1176//1176
f 1282//1282 921//921 923//923
f 355//355 1370//1370 478//478
f 1013//1013 538//538 1014//1014
f 48//48 1367//1367 49//49
f 624//624 49//49 1367//1367
f 1367//1367 1040//1040 624//624
f 1369//1369 333//333 323//323
f 708//708 721//721 1337//1337
f 708//708 1337//1337 817//817
f 721//721 1338//1338 1337//1337
f 107//107 564//564 934//934
f 760//760 1289//1289 327//327
f 11//11 1119//1119 546//546
f 11//11 546//546 545//545
f 1183//1183 1239//1239 1185//1185
f 639//639 1468//1468 806//806
f 1439//1439 1433//1433 957//957
f 340//340 485//485 484//484
f 189//189 485//485 340//340
f 1283//1283 1092//1092 1284//1284
f 245//245 436//436 849//849
f 929//929 855//855 388//388
f 1420//1420 849//849 1436//1436
f 1315//1315 1414//1414 741//741
f 1314//1314 1414//1414 1315//1315
f 1154//1154 454//454 1470//1470
f 1340//1340 644//644 586//586
f 108//108 110//110 569//569
f 39//39 99//99 40//40
f 1227//1227 1421//1421 491//491
f 1227//1227 1229//1229 1421//1421
f 116//116 968//968 712//712
f 1350//1350 1451//1451 1205//1205
f 755//755 771//771 121//121
f 1306//1306 529//529 46//46
f 503//503 1247//1247 1135//1135
f 21//21 529//529 22//22
f 1399//1399 45//45 286//286
f 916//916 1359//1359 1354//1354
f 1458//1458 339//339 870//870
f 1318//1318 1085//1085 1183//1183
f 190//190 940//940 1128//1128
f 600//600 511//511 510//510
f 3//3 2//2 439//439
f 978//978 920//920 979//979
f 83//83 1349//1349 1086//1086
f 929//929 1471//1471 780//780
f 889//889 1133//1133 78//78
f 1371//1371 830//830 1133//1133
f 428//428 79//79 78//78
f 438//438 929//929 388//388
f 1472//1472 1019//1019 925//925
f 390//390 67//67 3//3
f 337//337 339//339 1458//1458
f 1220//1220 1284//1284 1092//1092
f 292//292 1164//1164 1166//1166
f 1104//1104 598//598 511//511
f 818//818 820//820 1257//1257
f 392//392 1416//1416 1166//1166
f 686//686 511//511 600//600
f 408//408 362//362 409//409
f 48//48 1473//1473 1252//1252
f 1367//1367 48//48 1252//1252
f 997//997 1252//1252 1473//1473
f 997//997 1473//1473 1050//1050
f 1473//1473 555//555 1050//1050
f 627//627 1216//1216 783//783
f 1037//1037 1228//1228 1157//1157
f 87//87 407//407 1217//1217
f 1037//1037 1038//1038 1228//1228
f 1229//1229 1228//1228 1038//1038
f 502//502 588//588 1150//1150
f 909//909 493//493 1320//1320
f 1190//1190 461//461 1425//1425
f 438//438 440//440 515//515
f 602//602 969//969 603//603
f 405//405 1170//1170 236//236
f 759//759 1192//1192 760//760
f 198//198 200//200 988//988
f 1065//1065 890//890 820//820
f 891//891 890//890 1065//1065
f 623//623 1041//1041 57//57
f 57//57 1041//1041 902//902
f 1171//1171 57//57 902//902
f 1321//1321 1176//1176 1443//1443
f 261//261 1224//1224 1093//1093
f 16//16 261//261 1093//1093
f 176//176 903//903 1223//1223
f 240//240 231//231 580//580
f 1243//1243 1467//1467 767//767
f 903//903 660//660 1223//1223
f 516//516 2//2 1100//1100
f 784//784 498//498 243//243
f 582//582 1280//1280 1413//1413
f 1158//1158 747//747 1279//1279
f 1150//1150 588//588 587//587
f 825//825 409//409 826//826
f 1024//1024 632//632 948//948
f 1458//1458 870//870 1266//1266
f 1324//1324 1474//1474 1203//1203
f 229//229 228//228 427//427
f 1471//1471 1154//1154 780//780
f 1471//1471 454//454 1154//1154
f 889//889 714//714 713//713
f 80//80 714//714 889//889
f 307//307 714//714 19//19
f 455//455 1122//1122 454//454
f 969//969 602//602 970//970
f 1454//1454 359//359 56//56
f 931//931 1454//1454 56//56
f 360//360 967//967 320//320
f 724//724 577//577 656//656
f 724//724 579//579 577//577
f 358//358 603//603 1116//1116
f 603//603 1149//1149 1116//1116
f 1149//1149 1105//1105 1116//1116
f 160//160 194//194 981//981
f 998//998 160//160 981//981
f 203//203 1039//1039 426//426
f 1180//1180 1181//1181 635//635
f 1360//1360 799//799 1131//1131
f 514//514 1341//1341 925//925
f 1360//1360 1130//1130 1354//1354
f 696//696 1438//1438 1343//1343
f 1089//1089 1157//1157 653//653
f 541//541 549//549 1475//1475
f 1299//1299 683//683 1389//1389
f 1269//1269 1335//1335 1402//1402
f 1269//1269 1268//1268 1335//1335
f 567//567 1427//1427 481//481
f 211//211 1439//1439 212//212
f 1303//1303 1077//1077 933//933
f 541//541 1475//1475 1259//1259
f 1122//1122 1470//1470 454//454
f 787//787 882//882 172//172
f 334//334 1476//1476 128//128
f 187//187 1117//1117 1432//1432
f 1021//1021 1476//1476 334//334
f 81//81 1086//1086 241//241
f 1197//1197 105//105 934//934
f 891//891 1133//1133 889//889
f 862//862 861//861 114//114
f 114//114 861//861 888//888
f 519//519 1027//1027 761//761
f 419//419 620//620 447//447
f 447//447 620//620 649//649
f 619//619 649//649 620//620
f 292//292 1091//1091 1164//1164
f 1090//1090 1164//1164 1091//1091
f 1266//1266 1384//1384 1458//1458
f 810//810 1458//1458 1384//1384
f 331//331 244//244 387//387
f 62//62 949//949 60//60
f 949//949 62//62 183//183
f 868//868 659//659 1084//1084
f 659//659 661//661 1084//1084
f 159//159 161//161 658//658
f 312//312 732//732 335//335
f 244//244 331//331 1099//1099
f 1247//1247 993//993 1248//1248
f 1476//1476 1021//1021 807//807
f 1235//1235 1186//1186 1477//1477
f 1194//1194 1209//1209 1195//1195
f 572//572 584//584 1313//1313
f 1440//1440 1305//1305 687//687
f 564//564 1221//1221 565//565
f 532//532 1221//1221 107//107
f 613//613 1406//1406 614//614
f 1405//1405 614//614 1406//1406
f 1200//1200 1437//1437 71//71
f 1323//1323 71//71 1437//1437
f 919//919 918//918 797//797
f 197//197 1222//1222 195//195
f 1240//1240 397//397 717//717
f 397//397 399//399 717//717
f 1142//1142 1478//1478 35//35
f 594//594 1444//1444 592//592
f 655//655 1478//1478 33//33
f 28//28 1478//1478 655//655
f 125//125 684//684 1265//1265
f 1238//1238 1239//1239 1297//1297
f 1353//1353 526//526 528//528
f 1111//1111 1121//1121 1209//1209
f 175//175 1317//1317 176//176
f 176//176 1317//1317 903//903
f 224//224 288//288 225//225
f 712//712 359//359 1454//1454
f 1197//1197 712//712 1454//1454
f 952//952 1469//1469 239//239
f 890//890 713//713 1193//1193
f 1215//1215 1278//1278 262//262
f 158//158 666//666 1358//1358
f 1319//1319 238//238 1095//1095
f 64//64 1030//1030 1035//1035
f 64//64 1035//1035 1274//1274
f 1035//1035 1030//1030 1033//1033
f 101//101 1479//1479 1211//1211
f 101//101 1138//1138 1479//1479
f 982//982 1424//1424 983//983
f 489//489 983//983 1424//1424
f 1058//1058 311//311 542//542
f 882//882 1480//1480 880//880
f 846//846 694//694 162//162
f 226//226 1185//1185 224//224
f 628//628 1427//1427 626//626
f 1066//1066 152//152 1379//1379
f 1077//1077 1481//1481 933//933
f 627//627 783//783 1411//1411
f 627//627 1411//1411 482//482
f 628//628 481//481 1427//1427
f 94//94 1454//1454 931//931
f 631//631 1261//1261 821//821
f 1261//1261 1087//1087 821//821
f 1350//1350 1087//1087 1261//1261
f 1030//1030 64//64 1482//1482
f 1030//1030 1482//1482 800//800
f 692//692 691//691 1174//1174
f 280//280 282//282 1483//1483
f 598//598 1104//1104 1416//1416
f 534//534 99//99 101//101
f 1238//1238 1483//1483 1256//1256
f 1256//1256 1483//1483 282//282
f 1022//1022 1369//1369 322//322
f 715//715 789//789 716//716
f 1370//1370 1310//1310 789//789
f 790//790 789//789 1310//1310
f 1390//1390 749//749 1377//1377
f 1390//1390 654//654 749//749
f 176//176 1223//1223 420//420
f 873//873 1020//1020 1431//1431
f 130//130 632//632 823//823
f 631//631 823//823 632//632
f 1220//1220 1212//1212 1140//1140
f 62//62 61//61 283//283
f 77//77 1394//1394 178//178
f 268//268 34//34 269//269
f 531//531 679//679 851//851
f 629//629 679//679 531//531
f 74//74 908//908 72//72
f 72//72 908//908 1386//1386
f 1199//1199 326//326 1200//1200
f 1468//1468 1484//1484 1272//1272
f 1272//1272 806//806 1468//1468
f 702//702 1214//1214 262//262
f 287//287 1168//1168 1169//1169
f 1485//1485 1227//1227 1145//1145
f 86//86 1409//1409 776//776
f 1089//1089 653//653 652//652
f 316//316 1223//1223 1015//1015
f 1232//1232 297//297 296//296
f 828//828 250//250 7//7
f 872//872 1413//1413 1363//1363
f 582//582 1413//1413 583//583
f 1436//1436 850//850 462//462
f 1151//1151 868//868 771//771
f 191//191 884//884 204//204
f 279//279 730//730 1//1
f 796//796 263//263 1456//1456
f 1260//1260 763//763 762//762
f 22//22 529//529 611//611
f 284//284 273//273 285//285
f 273//273 284//284 1407//1407
f 174//174 1324//1324 171//171
f 1259//1259 1475//1475 1059//1059
f 211//211 1433//1433 1439//1439
f 201//201 483//483 202//202
f 859//859 38//38 857//857
f 999//999 1443//1443 1051//1051
f 536//536 1418//1418 1375//1375
f 798//798 1132//1132 1131//1131
f 430//430 216//216 219//219
f 428//428 78//78 431//431
f 1046//1046 962//962 961//961
f 1090//1090 845//845 844//844
f 1047//1047 1049//1049 1330//1330
f 1330//1330 1049//1049 170//170
f 929//929 930//930 1471//1471
f 607//607 1486//1486 1206//1206
f 1322//1322 1222//1222 1396//1396
f 197//197 1396//1396 1222//1222
f 20//20 733//733 18//18
f 327//327 326//326 1199//1199
f 325//325 1296//1296 326//326
f 1166//1166 1104//1104 290//290
f 1243//1243 605//605 1353//1353
f 1200//1200 326//326 1296//1296
f 1243//1243 809//809 605//605
f 184//184 1272//1272 1484//1484
f 184//184 1484//1484 1119//1119
f 546//546 1119//1119 1484//1484
f 754//754 1061//1061 752//752
f 513//513 1368//1368 1372//1372
f 473//473 1292//1292 92//92
f 11//11 1372//1372 1368//1368
f 1485//1485 1157//1157 1228//1228
f 1485//1485 1228//1228 1227//1227
f 335//335 1441//1441 103//103
f 836//836 164//164 1226//1226
f 1307//1307 69//69 1351//1351
f 1307//1307 1351//1351 1306//1306
f 1323//1323 1325//1325 1351//1351
f 932//932 931//931 1186//1186
f 1186//1186 931//931 63//63
f 1398//1398 1262//1262 1264//1264
f 1440//1440 1397//1397 1305//1305
f 686//686 856//856 1265//1265
f 953//953 942//942 827//827
f 24//24 860//860 25//25
f 24//24 1315//1315 860//860
f 965//965 1408//1408 1487//1487
f 477//477 1487//1487 1408//1408
f 1268//1268 1334//1334 1335//1335
f 394//394 1125//1125 874//874
f 1382//1382 499//499 945//945
f 1343//1343 945//945 944//944
f 1390//1390 1377//1377 1465//1465
f 24//24 1163//1163 575//575
f 437//437 436//436 245//245
f 1429//1429 1407//1407 284//284
f 284//284 1130//1130 1429//1429
f 280//280 1483//1483 1297//1297
f 1238//1238 1297//1297 1483//1483
f 627//627 252//252 1216//1216
f 1262//1262 1398//1398 457//457
f 1263//1263 1312//1312 816//816
f 874//874 383//383 972//972
f 818//818 1257//1257 512//512
f 598//598 818//818 512//512
f 1238//1238 1256//1256 224//224
f 495//495 1076//1076 980//980
f 1467//1467 1243//1243 1353//1353
f 765//765 565//565 681//681
f 516//516 440//440 439//439
f 1162//1162 1161//1161 137//137
f 1162//1162 137//137 138//138
f 168//168 1049//1049 1048//1048
f 1368//1368 1355//1355 1488//1488
f 198//198 853//853 943//943
f 781//781 418//418 524//524
f 524//524 418//418 222//222
f 956//956 641//641 643//643
f 956//956 375//375 782//782
f 286//286 285//285 1399//1399
f 1306//1306 611//611 529//529
f 1190//1190 1425//1425 1275//1275
f 1472//1472 959//959 958//958
f 828//828 960//960 1082//1082
f 828//828 1082//1082 1043//1043
f 1415//1415 738//738 1154//1154
f 1006//1006 777//777 1023//1023
f 486//486 1023//1023 777//777
f 195//195 1291//1291 196//196
f 472//472 196//196 1291//1291
f 195//195 537//537 1291//1291
f 1326//1326 615//615 1340//1340
f 1326//1326 613//613 615//615
f 932//932 1032//1032 95//95
f 995//995 1032//1032 879//879
f 796//796 897//897 523//523
f 280//280 247//247 281//281
f 55//55 139//139 450//450
f 139//139 55//55 879//879
f 1489//1489 506//506 995//995
f 1428//1428 1427//1427 1490//1490
f 1428//1428 1490//1490 1051//1051
f 1428//1428 1051//1051 976//976
f 1051//1051 1490//1490 757//757
f 837//837 376//376 938//938
f 1476//1476 129//129 128//128
f 501//501 877//877 944//944
f 378//378 433//433 324//324
f 1323//1323 1474//1474 1324//1324
f 1437//1437 1474//1474 1323//1323
f 1229//1229 1113//1113 734//734
f 640//640 1431//1431 1020//1020
f 588//588 1301//1301 1340//1340
f 807//807 873//873 808//808
f 900//900 329//329 213//213
f 89//89 768//768 87//87
f 1155//1155 617//617 594//594
f 954//954 558//558 955//955
f 111//111 549//549 271//271
f 265//265 854//854 266//266
f 623//623 57//57 1417//1417
f 539//539 1417//1417 59//59
f 819//819 1065//1065 820//820
f 857//857 1083//1083 1432//1432
f 1368//1368 1488//1488 12//12
f 167//167 837//837 166//166
f 83//83 82//82 1471//1471
f 454//454 1471//1471 82//82
f 545//545 1372//1372 11//11
f 1360//1360 1491//1491 799//799
f 86//86 677//677 492//492
f 86//86 776//776 677//677
f 267//267 165//165 719//719
f 608//608 844//844 843//843
f 469//469 517//517 835//835
f 352//352 517//517 469//469
f 814//814 348//348 727//727
f 856//856 125//125 1265//1265
f 131//131 1101//1101 982//982
f 431//431 830//830 829//829
f 504//504 1435//1435 1156//1156
f 444//444 1435//1435 758//758
f 73//73 494//494 74//74
f 73//73 1459//1459 494//494
f 689//689 1492//1492 1457//1457
f 689//689 1436//1436 1492//1492
f 1303//1303 933//933 1493//1493
f 1216//1216 1081//1081 784//784
f 684//684 1008//1008 417//417
f 415//415 417//417 1008//1008
f 266//266 165//165 267//267
f 1015//1015 1127//1127 1016//1016
f 684//684 127//127 1008//1008
f 1259//1259 754//754 539//539
f 1277//1277 328//328 1085//1085
f 119//119 1147//1147 1277//1277
f 1277//1277 1147//1147 328//328
f 986//986 687//687 984//984
f 1003//1003 802//802 1347//1347
f 1226//1226 164//164 724//724
f 769//769 772//772 298//298
f 470//470 1345//1345 1344//1344
f 470//470 1344//1344 468//468
f 258//258 785//785 51//51
f 192//192 425//425 424//424
f 207//207 206//206 1426//1426
f 1379//1379 259//259 1067//1067
f 258//258 1067//1067 259//259
f 1382//1382 718//718 499//499
f 1296//1296 718//718 1382//1382
f 1079//1079 499//499 718//718
f 795//795 1144//1144 30//30
f 738//738 737//737 1154//1154
f 952//952 146//146 1469//1469
f 1462//1462 1469//1469 146//146
f 952//952 147//147 146//146
f 713//713 890//890 889//889
f 971//971 970//970 1329//1329
f 621//621 401//401 1074//1074
f 621//621 402//402 401//401
f 1365//1365 1480//1480 787//787
f 628//628 482//482 481//481
f 820//820 1193//1193 1257//1257
f 1322//1322 551//551 1361//1361
f 225//225 288//288 562//562
f 218//218 983//983 1319//1319
f 1319//1319 983//983 403//403
f 516//516 439//439 2//2
f 516//516 133//133 509//509
f 515//515 516//516 509//509
f 1101//1101 133//133 1100//1100
f 131//131 133//133 1101//1101
f 1192//1192 759//759 1494//1494
f 788//788 1451//1451 1024//1024
f 633//633 1024//1024 1451//1451
f 880//880 1481//1481 1077//1077
f 1480//1480 1481//1481 880//880
f 1134//1134 504//504 1135//1135
f 503//503 1135//1135 504//504
f 231//231 1246//1246 230//230
f 1136//1136 1246//1246 231//231
f 706//706 50//50 625//625
f 812//812 980//980 979//979
f 812//812 979//979 1123//1123
f 1123//1123 979//979 920//920
f 841//841 1081//1081 894//894
f 1172//1172 115//115 888//888
f 417//417 685//685 684//684
f 1089//1089 1055//1055 599//599
f 877//877 763//763 822//822
f 825//825 1415//1415 1122//1122
f 703//703 599//599 1055//1055
f 1089//1089 652//652 1055//1055
f 902//902 901//901 1171//1171
f 1467//1467 1276//1276 767//767
f 984//984 687//687 1305//1305
f 816//816 98//98 97//97
f 1461//1461 1264//1264 1263//1263
f 555//555 557//557 1385//1385
f 335//335 813//813 1441//1441
f 1398//1398 1459//1459 457//457
f 18//18 734//734 1113//1113
f 999//999 1000//1000 1134//1134
f 187//187 1083//1083 188//188
f 1263//1263 816//816 97//97
f 1461//1461 97//97 96//96
f 358//358 1255//1255 603//603
f 687//687 986//986 688//688
f 689//689 688//688 1436//1436
f 1143//1143 834//834 1392//1392
f 1143//1143 1392//1392 700//700
f 1254//1254 892//892 832//832
f 959//959 1472//1472 925//925
f 1246//1246 1248//1248 230//230
f 1432//1432 1083//1083 187//187
f 644//644 32//32 1175//1175
f 644//644 1175//1175 1174//1174
f 834//834 1143//1143 1453//1453
f 1391//1391 1453//1453 1143//1143
f 1186//1186 1057//1057 106//106
f 1136//1136 1321//1321 1134//1134
f 368//368 887//887 369//369
f 1492//1492 493//493 494//494
f 1492//1492 494//494 1457//1457
f 1338//1338 720//720 366//366
f 560//560 760//760 1192//1192
f 526//526 748//748 1366//1366
f 1106//1106 1450//1450 792//792
f 1232//1232 1282//1282 297//297
f 910//910 965//965 964//964
f 417//417 416//416 1026//1026
f 1139//1139 416//416 298//298
f 1139//1139 1026//1026 416//416
f 1397//1397 1270//1270 1305//1305
f 1461//1461 1263//1263 97//97
f 1461//1461 1270//1270 1397//1397
f 96//96 1270//1270 1461//1461
f 104//104 1495//1495 869//869
f 1229//1229 550//550 1421//1421
f 490//490 1421//1421 550//550
f 512//512 1257//1257 347//347
f 186//186 1146//1146 168//168
f 513//513 1372//1372 514//514
f 1090//1090 1092//1092 1466//1466
f 582//582 277//277 1213//1213
f 1280//1280 582//582 1213//1213
f 1280//1280 1213//1213 893//893
f 448//448 893//893 1213//1213
f 1188//1188 1146//1146 186//186
f 1188//1188 169//169 1146//1146
f 803//803 869//869 1495//1495
f 215//215 1013//1013 1012//1012
f 525//525 554//554 573//573
f 1168//1168 318//318 975//975
f 170//170 1253//1253 1181//1181
f 144//144 366//366 720//720
f 636//636 1253//1253 1419//1419
f 1388//1388 1017//1017 1386//1386
f 316//316 1015//1015 1007//1007
f 660//660 1015//1015 1223//1223
f 960//960 706//706 1082//1082
f 764//764 501//501 937//937
f 500//500 838//838 501//501
f 838//838 937//937 501//501
f 62//62 283//283 1272//1272
f 1296//1296 1438//1438 1200//1200
f 1296//1296 1382//1382 1438//1438
f 1438//1438 1382//1382 1343//1343
f 359//359 967//967 360//360
f 558//558 89//89 88//88
f 805//805 1231//1231 1273//1273
f 805//805 1273//1273 150//150
f 864//864 248//248 1316//1316
f 828//828 4//4 960//960
f 1068//1068 1463//1463 1066//1066
f 1096//1096 1283//1283 923//923
f 257//257 259//259 1380//1380
f 257//257 1455//1455 783//783
f 1411//1411 783//783 1455//1455
f 1411//1411 1455//1455 1036//1036
f 1379//1379 1380//1380 259//259
f 1480//1480 1365//1365 1481//1481
f 1314//1314 118//118 1357//1357
f 632//632 130//130 60//60
f 1114//1114 792//792 1450//1450
f 1220//1220 292//292 1212//1212
f 1119//1119 1118//1118 184//184
f 1101//1101 731//731 1244//1244
f 730//730 1244//1244 731//731
f 1196//1196 669//669 710//710
f 710//710 712//712 1196//1196
f 325//325 1290//1290 717//717
f 1289//1289 1290//1290 325//325
f 1196//1196 712//712 1197//1197
f 362//362 408//408 363//363
f 388//388 439//439 438//438
f 624//624 157//157 156//156
f 773//773 1358//1358 666//666
f 180//180 1206//1206 1208//1208
f 607//607 1206//1206 449//449
f 1312//1312 1331//1331 1330//1330
f 148//148 150//150 451//451
f 1404//1404 148//148 451//451
f 453//453 1404//1404 451//451
f 40//40 99//99 1375//1375
f 40//40 1375//1375 909//909
f 534//534 1375//1375 99//99
f 813//813 413//413 404//404
f 1043//1043 1082//1082 31//31
f 943//943 1217//1217 407//407
f 950//950 1086//1086 508//508
f 1171//1171 406//406 58//58
f 406//406 1058//1058 58//58
f 78//78 830//830 431//431
f 1058//1058 59//59 58//58
f 506//506 155//155 1496//1496
f 507//507 506//506 1496//1496
f 426//426 427//427 471//471
f 693//693 596//596 135//135
f 1106//1106 791//791 1107//1107
f 36//36 1188//1188 188//188
f 1189//1189 1188//1188 36//36
f 535//535 847//847 553//553
f 1218//1218 179//179 178//178
f 501//501 764//764 877//877
f 533//533 527//527 1378//1378
f 533//533 106//106 527//527
f 1318//1318 742//742 1464//1464
f 1267//1267 182//182 273//273
f 283//283 129//129 1383//1383
f 807//807 1383//1383 1476//1476
f 129//129 1476//1476 1383//1383
f 658//658 910//910 964//964
f 1084//1084 914//914 866//866
f 165//165 836//836 719//719
f 554//554 374//374 572//572
f 374//374 584//584 572//572
f 713//713 306//306 1193//1193
f 1407//1407 1267//1267 273//273
f 1315//1315 24//24 1497//1497
f 683//683 153//153 1072//1072
f 716//716 571//571 576//576
f 905//905 571//571 716//716
f 1211//1211 1479//1479 848//848
f 924//924 826//826 362//362
f 1018//1018 422//422 912//912
f 304//304 406//406 1250//1250
f 522//522 521//521 991//991
f 876//876 1271//1271 1132//1132
f 496//496 1132//1132 798//798
f 876//876 1132//1132 496//496
f 1429//1429 1132//1132 1271//1271
f 1130//1130 1132//1132 1429//1429
f 1360//1360 1131//1131 1130//1130
f 879//879 54//54 1489//1489
f 879//879 1489//1489 995//995
f 56//56 361//361 54//54
f 1489//1489 54//54 506//506
f 154//154 54//54 361//361
f 977//977 145//145 1374//1374
f 146//146 145//145 977//977
f 146//146 977//977 1462//1462
f 1251//1251 888//888 840//840
f 1195//1195 840//840 251//251
f 961//961 379//379 646//646
f 384//384 875//875 566//566
f 1180//1180 1448//1448 1330//1330
f 1448//1448 1180//1180 1184//1184
f 1312//1312 1448//1448 1449//1449
f 1271//1271 1044//1044 1429//1429
f 1108//1108 1178//1178 1109//1109
f 1429//1429 1044//1044 978//978
f 575//575 1163//1163 1328//1328
f 260//260 726//726 1054//1054
f 1376//1376 704//704 1054//1054
f 1054//1054 652//652 260//260
f 335//335 336//336 312//312
f 992//992 312//312 336//336
f 271//271 336//336 102//102
f 992//992 336//336 271//271
f 59//59 540//540 539//539
f 1059//1059 1498//1498 1060//1060
f 1060//1060 1498//1498 1356//1356
f 1281//1281 1498//1498 42//42
f 1498//1498 1059//1059 42//42
f 1281//1281 1356//1356 1498//1498
f 1215//1215 1342//1342 1381//1381
f 1073//1073 26//26 25//25
f 1073//1073 1346//1346 26//26
f 474//474 1346//1346 1073//1073
f 1299//1299 682//682 683//683
f 918//918 1271//1271 811//811
f 1485//1485 1311//1311 1157//1157
f 816//816 1313//1313 584//584
f 1114//1114 1328//1328 1163//1163
f 1485//1485 1145//1145 1311//1311
f 750//750 1311//1311 1145//1145
f 1054//1054 1055//1055 652//652
f 572//572 1313//1313 1449//1449
f 1449//1449 1313//1313 1312//1312
f 253//253 252//252 1499//1499
f 253//253 1499//1499 976//976
f 215//215 1012//1012 1500//1500
f 1012//1012 220//220 1500//1500
f 215//215 1500//1500 216//216
f 877//877 1088//1088 944//944
f 1046//1046 1125//1125 962//962
f 1420//1420 688//688 986//986
f 1436//1436 688//688 1420//1420
f 989//989 69//69 990//990
f 35//35 1478//1478 28//28
f 668//668 155//155 154//154
f 1074//1074 1419//1419 1189//1189
f 1253//1253 1189//1189 1419//1419
f 177//177 1501//1501 503//503
f 176//176 421//421 1501//1501
f 176//176 1501//1501 177//177
f 1253//1253 169//169 1189//1189
f 1004//1004 1003//1003 1348//1348
f 278//278 1004//1004 730//730
f 1244//1244 730//730 1004//1004
f 1244//1244 1004//1004 1348//1348
f 1361//1361 551//551 550//550
f 746//746 526//526 1353//1353
f 115//115 114//114 888//888
f 263//263 1120//1120 904//904
f 709//709 1371//1371 1502//1502
f 143//143 608//608 365//365
f 591//591 824//824 675//675
f 825//825 824//824 591//591
f 1211//1211 535//535 534//534
f 101//101 1211//1211 534//534
f 1142//1142 1287//1287 269//269
f 270//270 269//269 1287//1287
f 1142//1142 1242//1242 1287//1287
f 680//680 786//786 766//766
f 834//834 1453//1453 562//562
f 225//225 562//562 1453//1453
f 216//216 1500//1500 219//219
f 219//219 1500//1500 220//220
f 315//315 1009//1009 127//127
f 889//889 78//78 80//80
f 1002//1002 645//645 647//647
f 444//444 647//647 381//381
f 729//729 1430//1430 645//645
f 566//566 1430//1430 729//729
f 844//844 1164//1164 1090//1090
f 316//316 314//314 420//420
f 421//421 420//420 314//314
f 296//296 770//770 1258//1258
f 477//477 479//479 1487//1487
f 470//470 1487//1487 1345//1345
f 470//470 965//965 1487//1487
f 910//910 911//911 965//965
f 1345//1345 1487//1487 479//479
f 781//781 524//524 805//805
f 583//583 996//996 581//581
f 196//196 1426//1426 1409//1409
f 640//640 639//639 1431//1431
f 868//868 121//121 771//771
f 1153//1153 1334//1334 1268//1268
f 1236//1236 1334//1334 1153//1153
f 1236//1236 1034//1034 1334//1334
f 1334//1334 1034//1034 1033//1033
f 744//744 745//745 1362//1362
f 106//106 533//533 532//532
f 922//922 921//921 1362//1362
f 1391//1391 922//922 1362//1362
f 995//995 505//505 1032//1032
f 507//507 1444//1444 1503//1503
f 507//507 1503//1503 505//505
f 341//341 1373//1373 190//190
f 1169//1169 1381//1381 1342//1342
f 1170//1170 1194//1194 237//237
f 238//238 1319//1319 236//236
f 1319//1319 405//405 236//236
f 1025//1025 686//686 685//685
f 746//746 748//748 526//526
f 119//119 867//867 1233//1233
f 121//121 868//868 867//867
f 1111//1111 413//413 412//412
f 1447//1447 996//996 674//674
f 1364//1364 996//996 1447//1447
f 1258//1258 1464//1464 742//742
f 690//690 459//459 707//707
f 692//692 459//459 690//690
f 1396//1396 86//86 85//85
f 651//651 1215//1215 641//641
f 956//956 651//651 641//641
f 657//657 656//656 577//577
f 577//577 576//576 657//657
f 576//576 571//571 657//657
f 571//571 159//159 657//657
f 538//538 195//195 1222//1222
f 1350//1350 1204//1204 1087//1087
f 698//698 1087//1087 1204//1204
f 698//698 1204//1204 1203//1203
f 1022//1022 673//673 1021//1021
f 696//696 698//698 1474//1474
f 696//696 1474//1474 1437//1437
f 1203//1203 1474//1474 698//698
f 1235//1235 610//610 609//609
f 1235//1235 609//609 617//617
f 537//537 538//538 369//369
f 845//845 1352//1352 1486//1486
f 1332//1332 1218//1218 907//907
f 1281//1281 398//398 1356//1356
f 1332//1332 886//886 75//75
f 162//162 847//847 846//846
f 1410//1410 1314//1314 1068//1068
f 1410//1410 1102//1102 741//741
f 258//258 53//53 1102//1102
f 258//258 1102//1102 1067//1067
f 949//949 183//183 185//185
f 949//949 185//185 1365//1365
f 753//753 1393//1393 1339//1339
f 116//116 1071//1071 117//117
f 315//315 1302//1302 313//313
f 509//509 508//508 1086//1086
f 1011//1011 1322//1322 1361//1361
f 1011//1011 1014//1014 1322//1322
f 1079//1079 44//44 1504//1504
f 1079//1079 1504//1504 500//500
f 838//838 1504//1504 43//43
f 500//500 1504//1504 838//838
f 43//43 1504//1504 44//44
f 1021//1021 1152//1152 807//807
f 871//871 1152//1152 672//672
f 1158//1158 1279//1279 343//343
f 334//334 128//128 332//332
f 989//989 991//991 1129//1129
f 1460//1460 1047//1047 1331//1331
f 778//778 1207//1207 779//779
f 716//716 906//906 905//905
f 716//716 229//229 906//906
f 229//229 427//427 906//906
f 425//425 906//906 427//427
f 315//315 126//126 1302//1302
f 111//111 1475//1475 549//549
f 1059//1059 1475//1475 42//42
f 111//111 42//42 1475//1475
f 818//818 598//598 1416//1416
f 818//818 1416//1416 391//391
f 1472//1472 958//958 1363//1363
f 958//958 1020//1020 1363//1363
f 1472//1472 1363//1363 831//831
f 546//546 1484//1484 1468//1468
f 473//473 472//472 1292//1292
f 971//971 1329//1329 1328//1328
f 154//154 361//361 1329//1329
f 361//361 360//360 1329//1329
f 955//955 942//942 953//953
f 1028//1028 419//419 759//759
f 354//354 884//884 941//941
f 14//14 1109//1109 1446//1446
f 14//14 1446//1446 349//349
f 1417//1417 1339//1339 1393//1393
f 621//621 623//623 1393//1393
f 402//402 621//621 1393//1393
f 1417//1417 1393//1393 623//623
f 302//302 414//414 312//312
f 304//304 412//412 302//302
f 1472//1472 833//833 1019//1019
f 304//304 1121//1121 412//412
f 1425//1425 445//445 12//12
f 12//12 445//445 13//13
f 1230//1230 663//663 1394//1394
f 1230//1230 1394//1394 928//928
f 1359//1359 1491//1491 1360//1360
f 1327//1327 1491//1491 1359//1359
f 1240//1240 717//717 1290//1290
f 1240//1240 1290//1290 559//559
f 1409//1409 197//197 196//196
f 1409//1409 1396//1396 197//197
f 1029//1029 1129//1129 991//991
f 779//779 1352//1352 699//699
f 699//699 1352//1352 1096//1096
f 431//431 829//829 1355//1355
f 1191//1191 1488//1488 829//829
f 1191//1191 829//829 709//709
f 1488//1488 1355//1355 829//829
f 1108//1108 1465//1465 1377//1377
f 1094//1094 1465//1465 1108//1108
f 1224//1224 1465//1465 1094//1094
f 27//27 655//655 1112//1112
f 1112//1112 1405//1405 27//27
f 1286//1286 410//410 455//455
f 1122//1122 455//455 410//410
f 1029//1029 1027//1027 519//519
f 618//618 620//620 1028//1028
f 1122//1122 1415//1415 1470//1470
f 761//761 1028//1028 759//759
f 888//888 861//861 841//841
f 76//76 75//75 1422//1422
f 386//386 1297//1297 1182//1182
f 610//610 1235//1235 1477//1477
f 610//610 1477//1477 93//93
f 932//932 1155//1155 1032//1032
f 1186//1186 1155//1155 932//932
f 271//271 548//548 992//992
f 271//271 549//549 548//548
f 1354//1354 286//286 47//47
f 286//286 45//45 47//47
f 47//47 916//916 1354//1354
f 1372//1372 1341//1341 514//514
f 859//859 1075//1075 38//38
f 1045//1045 927//927 76//76
f 1045//1045 987//987 927//927
f 274//274 273//273 182//182
f 274//274 182//182 181//181
f 430//430 429//429 513//513
f 513//513 429//429 1355//1355
f 1303//1303 1493//1493 446//446
f 1118//1118 446//446 1493//1493
f 1118//1118 1493//1493 184//184
f 1388//1388 1496//1496 155//155
f 701//701 1392//1392 1298//1298
f 490//490 85//85 84//84
f 282//282 281//281 986//986
f 986//986 281//281 1420//1420
f 873//873 1152//1152 871//871
f 1305//1305 1304//1304 984//984
f 589//589 591//591 676//676
f 589//589 676//676 1006//1006
f 263//263 1278//1278 1456//1456
f 651//651 1456//1456 1278//1278
f 611//611 612//612 22//22
f 263//263 262//262 1278//1278
f 173//173 612//612 174//174
f 173//173 23//23 612//612
f 461//461 678//678 1425//1425
f 1505//1505 705//705 556//556
f 1505//1505 556//556 555//555
f 678//678 270//270 1288//1288
f 1492//1492 1320//1320 493//493
f 40//40 1320//1320 462//462
f 462//462 1320//1320 1492//1492
f 1436//1436 462//462 1492//1492
f 184//184 1493//1493 933//933
f 561//561 287//287 1169//1169
f 186//186 1403//1403 187//187
f 356//356 1403//1403 1048//1048
f 1185//1185 226//226 745//745
f 745//745 226//226 1453//1453
f 225//225 1453//1453 226//226
f 1219//1219 1387//1387 908//908
f 908//908 907//907 1219//1219
f 569//569 1387//1387 1219//1219
f 1219//1219 935//935 569//569
f 568//568 1387//1387 569//569
f 568//568 1388//1388 1387//1387
f 568//568 1496//1496 1388//1388
f 33//33 269//269 34//34
f 1270//1270 317//317 1304//1304
f 344//344 343//343 471//471
f 44//44 1079//1079 399//399
f 1447//1447 674//674 1384//1384
f 328//328 1147//1147 329//329
f 593//593 140//140 139//139
f 110//110 141//141 140//140
f 110//110 140//140 568//568
f 592//592 140//140 593//593
f 568//568 140//140 1496//1496
f 507//507 1496//1496 140//140
f 1444//1444 638//638 1503//1503
f 862//862 272//272 242//242
f 1430//1430 875//875 1124//1124
f 1430//1430 566//566 875//875
f 874//874 1124//1124 875//875
f 292//292 1220//1220 1091//1091
f 456//456 1460//1460 1262//1262
f 456//456 1262//1262 457//457
f 1356//1356 398//398 397//397
f 1233//1233 1063//1063 1056//1056
f 211//211 1063//1063 1433//1433
f 1062//1062 1433//1433 1063//1063
f 304//304 1210//1210 1121//1121
f 784//784 243//243 785//785
f 211//211 1056//1056 1063//1063
f 1293//1293 377//377 376//376
f 338//338 377//377 1293//1293
f 1109//1109 1177//1177 1446//1446
f 348//348 349//349 1446//1446
f 815//815 727//727 260//260
f 1110//1110 1432//1432 1107//1107
f 1105//1105 1432//1432 1117//1117
f 804//804 1347//1347 802//802
f 1423//1423 1347//1347 804//804
f 1348//1348 1347//1347 1423//1423
f 230//230 1248//1248 455//455
f 705//705 1505//1505 48//48
f 48//48 1505//1505 1473//1473
f 555//555 1473//1473 1505//1505
f 1169//1169 642//642 1381//1381
f 237//237 1412//1412 238//238
f 1194//1194 1412//1412 237//237
f 520//520 1412//1412 1194//1194
f 630//630 1159//1159 1010//1010
f 630//630 1010//1010 629//629
f 709//709 1502//1502 708//708
f 1242//1242 1295//1295 1288//1288
f 1307//1307 990//990 69//69
f 721//721 708//708 1502//1502
f 721//721 1502//1502 722//722
f 722//722 1502//1502 1371//1371
f 486//486 776//776 1426//1426
f 486//486 1426//1426 206//206
f 1449//1449 573//573 572//572
f 1184//1184 573//573 1449//1449
f 486//486 464//464 1023//1023
f 525//525 573//573 1202//1202
f 1202//1202 573//573 1184//1184
f 443//443 1399//1399 285//285
f 1018//1018 858//858 422//422
f 859//859 858//858 1018//1018
f 418//418 781//781 1494//1494
f 418//418 1494//1494 419//419
f 419//419 1494//1494 759//759
f 149//149 1192//1192 1494//1494
f 149//149 1494//1494 781//781
f 310//310 543//543 301//301
f 725//725 299//299 301//301
f 725//725 301//301 543//543
f 244//244 1098//1098 245//245
f 1467//1467 1274//1274 1276//1276
f 537//537 369//369 887//887
f 989//989 518//518 70//70
f 989//989 70//70 69//69
f 800//800 899//899 1030//1030
f 1099//1099 899//899 800//800
f 1182//1182 1239//1239 1183//1183
f 1182//1182 1297//1297 1239//1239
f 748//748 747//747 1158//1158
f 882//882 787//787 1480//1480
f 434//434 674//674 673//673
f 434//434 673//673 1022//1022
f 1352//1352 779//779 1207//1207
f 1486//1486 1207//1207 1206//1206
f 1352//1352 1207//1207 1486//1486
f 415//415 1016//1016 769//769
f 1471//1471 930//930 83//83
f 1349//1349 83//83 930//930
f 898//898 1401//1401 1033//1033
f 1007//1007 1009//1009 316//316
f 315//315 316//316 1009//1009
f 1008//1008 127//127 1009//1009
f 1017//1017 668//668 1001//1001
f 155//155 1017//1017 1388//1388
f 1114//1114 1450//1450 971//971
f 869//869 339//339 104//104
f 338//338 104//104 339//339
f 20//20 1011//1011 733//733
f 1490//1490 1427//1427 1445//1445
f 757//757 1445//1445 729//729
f 1490//1490 1445//1445 757//757
f 976//976 1052//1052 1462//1462
f 1176//1176 1469//1469 1052//1052
f 1462//1462 1052//1052 1469//1469
f 289//289 985//985 984//984
f 962//962 1125//1125 394//394
f 1457//1457 494//494 1459//1459
f 1283//1283 1466//1466 1092//1092
f 1410//1410 1067//1067 1102//1102
f 258//258 51//51 53//53
f 678//678 1288//1288 1294//1294
f 526//526 1366//1366 1378//1378
f 913//913 915//915 961//961
f 379//379 961//961 915//915
f 489//489 804//804 1442//1442
f 489//489 1442//1442 488//488
f 863//863 1050//1050 1385//1385
f 595//595 863//863 1385//1385
f 595//595 1385//1385 954//954
f 557//557 954//954 1385//1385
f 839//839 124//124 775//775
f 764//764 937//937 762//762
f 388//388 855//855 463//463
f 1220//1220 1140//1140 1284//1284
f 518//518 989//989 1129//1129
f 1415//1415 1154//1154 1470//1470
f 33//33 1478//1478 269//269
f 1142//1142 269//269 1478//1478
f 1054//1054 1179//1179 1376//1376
f 920//920 1044//1044 918//918
f 1060//1060 442//442 1173//1173
f 837//837 937//937 838//838
f 93//93 1477//1477 1197//1197
f 105//105 1197//1197 1477//1477
f 105//105 1477//1477 106//106
f 106//106 1477//1477 1186//1186
f 965//965 911//911 1408//1408
f 998//998 1408//1408 911//911
f 806//806 283//283 1383//1383
f 1336//1336 466//466 587//587
f 1150//1150 587//587 466//466
f 1150//1150 466//466 367//367
f 1336//1336 1338//1338 466//466
f 1338//1338 366//366 466//466
f 1359//1359 1406//1406 1327//1327
f 1327//1327 1406//1406 613//613
f 1359//1359 916//916 1406//1406
f 185//185 933//933 1481//1481
f 185//185 1481//1481 1365//1365
f 633//633 1451//1451 1350//1350
f 896//896 747//747 746//746
f 584//584 585//585 1333//1333
f 845//845 1486//1486 843//843
f 607//607 843//843 1486//1486
f 1214//1214 702//702 701//701
f 1196//1196 934//934 670//670
f 669//669 1196//1196 670//670
f 564//564 670//670 934//934
f 1315//1315 1497//1497 467//467
f 319//319 467//467 1497//1497
f 575//575 1497//1497 24//24
f 575//575 319//319 1497//1497
f 1212//1212 292//292 291//291
f 957//957 1433//1433 1434//1434
f 1026//1026 1212//1212 291//291
f 1285//1285 123//123 793//793
f 793//793 123//123 791//791
f 396//396 1434//1434 1069//1069
f 396//396 957//957 1434//1434
f 1434//1434 1062//1062 1069//1069
f 471//471 1279//1279 895//895
f 471//471 895//895 201//201
f 1279//1279 747//747 895//895
f 896//896 895//895 747//747
f 1099//1099 1098//1098 244//244
f 475//475 474//474 574//574
f 1153//1153 1452//1452 1071//1071
f 1072//1072 1452//1452 1389//1389
f 1389//1389 1452//1452 1153//1153
f 1439//1439 1402//1402 212//212
f 626//626 976//976 1499//1499
f 626//626 1499//1499 252//252
f 994//994 1302//1302 408//408
f 313//313 1302//1302 994//994
f 249//249 1053//1053 250//250
f 81//81 580//580 231//231
f 596//596 1053//1053 597//597
f 693//693 1053//1053 596//596
f 1104//1104 1103//1103 290//290
f 1025//1025 290//290 1103//1103
f 1321//1321 1443//1443 1134//1134
f 715//715 478//478 1370//1370
f 355//355 478//478 477//477
f 998//998 355//355 477//477
f 900//900 899//899 330//330
f 1099//1099 330//330 899//899
f 154//154 970//970 602//602
f 1329//1329 970//970 154//154
f 207//207 1426//1426 472//472
f 196//196 472//472 1426//1426
f 537//537 1292//1292 1291//1291
f 92//92 1292//1292 537//537
f 1234//1234 456//456 458//458
f 357//357 458//458 1308//1308
f 357//357 1234//1234 458//458
f 1034//1034 1276//1276 1274//1274
f 1214//1214 701//701 1298//1298
f 638//638 609//609 1031//1031
f 192//192 194//194 570//570
f 796//796 1120//1120 263//263
f 192//192 570//570 905//905
f 570//570 571//571 905//905
f 1062//1062 1506//1506 913//913
f 913//913 1506//1506 914//914
f 1506//1506 1064//1064 914//914
f 1506//1506 1062//1062 1064//1064
f 565//565 1221//1221 851//851
f 1141//1141 848//848 1479//1479
f 1141//1141 1479//1479 1138//1138
f 801//801 800//800 1482//1482
f 801//801 1482//1482 64//64
f 218//218 1095//1095 217//217
f 832//832 831//831 1254//1254
f 822//822 763//763 1260//1260
f 268//268 460//460 692//692
f 170//170 169//169 1253//1253
f 642//642 975//975 643//643
f 642//642 1168//1168 975//975
f 318//318 878//878 975//975
f 138//138 947//947 1162//1162
f 138//138 156//156 947//947
f 1191//1191 1275//1275 1488//1488
f 12//12 1488//1488 1275//1275
f 1425//1425 12//12 1275//1275
f 725//725 157//157 624//624
f 158//158 157//157 725//725
f 852//852 1045//1045 293//293
f 1260//1260 323//323 333//333
f 322//322 1369//1369 323//323
f 852//852 293//293 552//552
f 306//306 345//345 1193//1193
f 819//819 393//393 1065//1065
f 393//393 819//819 391//391
f 529//529 917//917 46//46
f 529//529 530//530 917//917
f 139//139 41//41 450//450
f 39//39 41//41 139//139
f 522//522 991//991 1395//1395
f 483//483 201//201 895//895
f 558//558 88//88 955//955
f 1010//1010 940//940 939//939
f 1280//1280 1254//1254 831//831
f 1017//1017 1001//1001 1386//1386
f 1255//1255 1001//1001 604//604
f 72//72 1386//1386 1001//1001
f 1249//1249 1491//1491 1327//1327
f 497//497 1491//1491 1249//1249
f 799//799 1491//1491 497//497
f 1247//1247 1501//1501 421//421
f 503//503 1501//1501 1247//1247
f 1435//1435 1000//1000 758//758
f 1435//1435 504//504 1000//1000
f 1134//1134 1000//1000 504//504
f 1073//1073 739//739 574//574
f 1073//1073 574//574 474//474
f 1121//1121 1210//1210 1209//1209
f 1110//1110 857//857 1432//1432
f 1110//1110 122//122 857//857
f 1110//1110 791//791 122//122
f 1472//1472 831//831 833//833
f 550//550 1229//1229 734//734
f 550//550 734//734 1361//1361
f 1060//1060 1173//1173 752//752
f 722//722 946//946 720//720
f 1065//1065 946//946 722//722
f 845//845 1466//1466 1096//1096
f 1090//1090 1466//1466 845//845
f 140//140 592//592 1444//1444
f 140//140 1444//1444 507//507
f 505//505 1503//1503 1031//1031
f 638//638 1031//1031 1503//1503
f 762//762 938//938 324//324
f 837//837 938//938 937//937
f 904//904 1120//1120 276//276
f 1258//1258 770//770 1464//1464
f 1464//1464 770//770 755//755
f 667//667 351//351 865//865
f 667//667 865//865 372//372
f 583//583 1413//1413 872//872
f 451//451 1273//1273 1231//1231
f 72//72 1300//1300 73//73
f 1308//1308 73//73 1300//1300
f 1308//1308 1300//1300 1001//1001
f 407//407 210//210 209//209
f 884//884 883//883 941//941
f 376//376 378//378 938//938
f 213//213 1401//1401 898//898
f 212//212 1402//1402 1401//1401
f 213//213 212//212 1401//1401
f 644//644 1340//1340 615//615
f 199//199 209//209 208//208
f 803//803 1495//1495 1441//1441
f 1441//1441 1495//1495 103//103
f 104//104 103//103 1495//1495
f 254//254 402//402 255//255
f 753//753 255//255 402//402
f 753//753 752//752 255//255
f 453//453 255//255 752//752
# 3020 faces, 0 coords texture

# End of File
