####
#
# OBJ File Generated by Meshlab
#
####
# Object input_mesh.obj
#
# Vertices: 780
# Faces: 1556
#
####
vn -0.0000063370371720 -0.0000204445421208 0.0012844120420021
v -0.0579221283152031 -0.0719772950272522 0.0072561281561829 0.380392 0.541176 0.549020
vn -0.0000111358003992 -0.0000066489686275 0.0016549073883297
v -0.0795369356301504 -0.0746312792146469 0.0070616445505925 0.341176 0.521569 0.525490
vn 0.0000062618654179 0.0000246729531295 0.0013906319542551
v -0.0681429130479351 -0.0859881006311147 0.0071385448109376 0.368627 0.533333 0.541176
vn 0.0003790000092309 -0.0000106972556587 0.0009976202469682
v 0.1595822475315849 -0.0584869881161267 0.0080652731701895 0.454902 0.623529 0.623529
vn 0.0005117475432075 0.0000068535671819 0.0005022050089431
v 0.1625904047779858 -0.0381833923597690 0.0071314479149651 0.337255 0.505882 0.501961
vn -0.0000093319678352 0.0000047435826488 0.0015238855168360
v 0.1479350697180150 -0.0398643766238584 0.0077727844835701 0.333333 0.501961 0.498039
vn -0.0000053717944849 0.0000175730387379 0.0008194432357730
v -0.0581431698640936 0.0604390262987730 0.0075108216911097 0.313725 0.482353 0.482353
vn -0.0000062960357422 0.0000008542901858 0.0008254748535474
v -0.0639506743819990 0.0772428133247106 0.0070981482199151 0.360784 0.521569 0.529412
vn -0.0000089471027440 0.0000220670945763 0.0012236883858237
v -0.0688924409850361 0.0665640608395095 0.0073040620687629 0.274510 0.439216 0.443137
vn 0.0000366461062870 0.0000150308531930 0.0013347056825258
v 0.1203546422262525 0.0346533250107807 0.0070754258940973 0.333333 0.498039 0.501961
vn 0.0000237818790697 0.0000097413822308 0.0014491715019147
v 0.1059826720088190 0.0297845345555648 0.0073551928366708 0.349020 0.521569 0.521569
vn 0.0000146370865338 0.0000039139145263 0.0008689356964826
v 0.1141104488079776 0.0205937058163206 0.0072629430187215 0.329412 0.494118 0.498039
vn -0.0000157265529695 0.0002746288375288 -0.0011379954533293
v 0.0700982362491230 0.1073560773371224 -0.0045292833341721 0.462745 0.619608 0.631373
vn -0.0000394526627453 -0.0000441088436019 -0.0014745512817972
v 0.0511021458288617 0.1004693774237712 -0.0037073740296443 0.239216 0.419608 0.427451
vn 0.0000074613076252 0.0004353377029142 -0.0003055739299166
v 0.0528888115953378 0.1097017198784981 -0.0032354321197334 0.121569 0.278431 0.278431
vn -0.0000518014007519 -0.0002906845691636 -0.0004319793467269
v -0.0216642778351458 -0.1091778546545538 -0.0014150345350033 0.227451 0.392157 0.392157
vn -0.0000285948127210 -0.0001652736374847 -0.0010495891667814
v -0.0288850212365847 -0.1003117262713362 -0.0021819635478394 0.447059 0.619608 0.627451
vn -0.0000084558356527 -0.0000733668267923 -0.0008858091453915
v -0.0124569220960327 -0.1009986776577560 -0.0025807026482728 0.168627 0.341176 0.337255
vn 0.0000108984971426 0.0000229126950483 0.0011036534428897
v 0.0830807949679809 0.0661749141115641 0.0071965619621663 0.431373 0.588235 0.592157
vn 0.0000069179706242 0.0000315178746828 0.0008959537763206
v 0.0728800776800215 0.0735234205508758 0.0071294959198559 0.235294 0.411765 0.411765
vn 0.0000105019612749 0.0000263611036272 0.0013506067725454
v 0.0697052970171889 0.0614188617312151 0.0074011380921323 0.325490 0.490196 0.494118
vn 0.0000282139169008 -0.0002898626481090 0.0010980199691309
v 0.0897254771959757 -0.0982607025323522 0.0054707673825306 0.352941 0.533333 0.541176
vn 0.0000531158486675 -0.0003294890868820 0.0008471330885224
v 0.0796410064404127 -0.1078505946815986 0.0044621905323657 0.396078 0.549020 0.556863
vn 0.0000191324163254 -0.0003836748987635 0.0000237109370310
v 0.0864395425688341 -0.1107089173311405 -0.0022135631870972 0.356863 0.513725 0.517647
vn -0.0000163007522332 -0.0000142925284922 -0.0009306508573641
v -0.0350986090489467 -0.0906505558812847 -0.0022349049771034 0.309804 0.490196 0.494118
vn -0.0000046094412351 0.0000232949136683 -0.0011825571721657
v -0.0255803283432243 -0.0842482779322767 -0.0022362161878616 0.282353 0.450980 0.458824
vn 0.0000021261105750 0.0000268130631360 -0.0011124886145749
v -0.0140703398790583 -0.0602839627054233 -0.0015153981028054 0.419608 0.580392 0.576471
vn 0.0000043443769536 0.0000329953597386 -0.0012772701410125
v -0.0267980894621775 -0.0625283256316224 -0.0016037542378582 0.407843 0.568627 0.572549
vn 0.0000040231804076 0.0000200895413894 -0.0009842545781556
v -0.0284963606680201 -0.0478030236859369 -0.0012804146214646 0.364706 0.529412 0.537255
vn 0.0000146011500131 0.0000191971271177 0.0012946971891845
v 0.0798118806007664 0.0540375432778388 0.0074376138984103 0.435294 0.607843 0.619608
vn 0.0000177895680077 -0.0000170286275739 -0.0014302046478198
v -0.0777650389692547 0.0354195066431863 -0.0015114811708410 0.462745 0.627451 0.631373
vn 0.0000132386411706 -0.0000229561982972 -0.0013745335320179
v -0.0667455369516065 0.0495300939687151 -0.0015889615868402 0.337255 0.501961 0.509804
vn 0.0000137753695843 -0.0000183727035896 -0.0013568148375349
v -0.0591401408898636 0.0353886999254847 -0.0012965272391126 0.231373 0.396078 0.400000
vn 0.0000194416392315 -0.0000123437049633 -0.0015803161729109
v -0.0668254236608058 0.0212912196644365 -0.0012345324769247 0.286275 0.454902 0.458824
vn -0.0000252224557922 0.0001231036603901 0.0011787962982196
v 0.1137551399712801 0.0939190353022434 0.0068656754100772 0.278431 0.454902 0.447059
vn -0.0001149899681808 0.0000834448295711 0.0011677442911447
v 0.1279881856820225 0.0923140078506425 0.0079801192183626 0.505882 0.674510 0.678431
vn -0.0000484112514035 0.0006354130975954 0.0003070298696983
v 0.1244260857402630 0.1112818639376272 0.0031219607126282 0.250980 0.431373 0.427451
vn 0.0000112059432681 -0.0001476429753488 0.0018264594120058
v 0.0644209655296308 -0.0943487204029254 0.0057605697185096 0.352941 0.521569 0.529412
vn -0.0000047111072901 -0.0000981451094538 0.0012716611358304
v 0.0804405999882813 -0.0878864250711887 0.0063519489375355 0.407843 0.564706 0.568627
vn -0.0000366302492453 -0.0002357845694738 0.0009743409312382
v 0.1403546546567112 -0.1065252361202533 0.0095178856484415 0.341176 0.505882 0.509804
vn 0.0000024640363191 -0.0003376365117883 -0.0000272986614250
v 0.1379315284047962 -0.1112822895253283 0.0046286691288379 0.372549 0.533333 0.541176
vn 0.0001475585388561 -0.0004178864853465 -0.0001503405834999
v 0.1509861410278963 -0.1112302941080977 0.0054147027719278 0.349020 0.509804 0.513725
vn 0.0001570969428981 0.0003297046163137 -0.0002001644758066
v 0.1626331591968498 0.1101291772116863 0.0056411230466296 0.505882 0.682353 0.674510
vn 0.0000750051618652 0.0004175517907674 -0.0007719700679518
v 0.1432660195626618 0.1088359223725740 0.0010974853353621 0.352941 0.517647 0.525490
vn -0.0000566974563663 0.0004430034382247 0.0004700597561986
v 0.1430016071147934 0.1101353538495795 0.0082354209448463 0.360784 0.525490 0.533333
vn 0.0000399314393351 0.0000249993911829 0.0017436296499133
v -0.1439206271409563 -0.0407611756856528 0.0074509810238561 0.333333 0.498039 0.505882
vn 0.0000357742369770 0.0000065002962629 0.0019294067852816
v -0.1261076448522445 -0.0535819346552842 0.0070723710332625 0.356863 0.517647 0.525490
vn 0.0000029018612433 0.0000004453860037 0.0014071077604820
v -0.1261866457848996 -0.0349739202920463 0.0070738101290940 0.313725 0.478431 0.490196
vn -0.0000029221865449 -0.0000289436557817 0.0014518883843041
v -0.0119573767094693 -0.0457169017691432 0.0080483511026966 0.329412 0.494118 0.498039
vn -0.0000030208576148 -0.0000166519117677 0.0012147237951920
v -0.0147999502377650 -0.0315319244040425 0.0082834979410136 0.352941 0.521569 0.525490
vn -0.0000071096532978 -0.0000262177356809 0.0015209611139904
v -0.0276087515219270 -0.0393628414819704 0.0081128545738680 0.349020 0.513725 0.513725
vn 0.0000171815467271 -0.0000228364230125 -0.0015142659497002
v -0.0822367883361891 0.0502744969868909 -0.0017649774895465 0.309804 0.478431 0.478431
vn 0.0000258807794865 -0.0000072653160119 -0.0014110700551186
v -0.1056077945613940 0.0213826217279992 -0.0018220394126240 0.458824 0.623529 0.627451
vn 0.0000452572786497 -0.0000102565106788 -0.0015780487206642
v -0.1152693156547737 0.0348614535455071 -0.0020692510317670 0.317647 0.482353 0.486275
vn 0.0000238211577978 -0.0000163429727676 -0.0016419727464768
v -0.0956312511253190 0.0359388082371823 -0.0017653523369172 0.247059 0.411765 0.415686
vn -0.0002079257175352 0.0002843669653534 0.0000855988325801
v -0.1601121285027467 0.1112451340031676 0.0066092908524515 0.400000 0.556863 0.564706
vn -0.0004329338824763 0.0001878573038067 -0.0007528832647750
v -0.1608127533286614 0.0960473835489756 0.0006818293695343 0.407843 0.564706 0.568627
vn -0.0002929402656167 0.0000099082862117 0.0005514759288637
v -0.1608871607476127 0.0944886626784025 0.0096206056846424 0.407843 0.564706 0.568627
vn 0.0000112857273003 0.0000086884499630 0.0013545390952821
v 0.0438740229983952 0.0146773501232369 0.0082889887391883 0.145098 0.313725 0.309804
vn 0.0000082965205767 0.0000097063521384 0.0014570518081498
v 0.0278039609513008 0.0151998294474688 0.0084009389962583 0.396078 0.576471 0.572549
vn 0.0000117040169324 -0.0000002144183415 0.0014567546027151
v 0.0397210970017360 -0.0010358578712373 0.0083706055987956 0.400000 0.564706 0.572549
vn -0.0000218187096552 -0.0000116240210341 -0.0011469837693012
v 0.1117731753031083 0.0510886311300877 -0.0021495059816064 0.372549 0.541176 0.545098
vn -0.0000073595748284 -0.0000181859456542 -0.0012573350060573
v 0.1091241499616699 0.0667379229954824 -0.0022961721022829 0.184314 0.345098 0.345098
vn -0.0000258736002480 0.0000003347980370 -0.0008161558621463
v 0.1212040019832377 0.0633079432045896 -0.0024480700483743 0.309804 0.486275 0.490196
vn 0.0004730006494941 0.0000151774912145 0.0004150223912478
v 0.1635539281282821 -0.0190887058649586 0.0056168885861212 0.325490 0.498039 0.501961
vn 0.0003565285400180 -0.0000548848071796 -0.0005448879449861
v 0.1605142939163064 -0.0306645830636068 -0.0014811139766782 0.360784 0.525490 0.533333
vn 0.0003361354057154 -0.0000242232009827 -0.0004119860380503
v 0.1619986101857509 -0.0162715675892123 -0.0016216515223224 0.329412 0.501961 0.505882
vn -0.0000276862690081 0.0005103423075779 0.0004432089872462
v 0.0171993443940523 0.1103530609774807 0.0039441664524573 0.396078 0.564706 0.568627
vn -0.0000269789142696 0.0001893430420190 0.0011104282514406
v 0.0105316580647979 0.0970573655195342 0.0067456262046062 0.498039 0.666667 0.670588
vn 0.0000100761489038 0.0001318757767809 0.0010002668766371
v 0.0239560482977035 0.1022385363879291 0.0060301408826691 0.470588 0.631373 0.639216
vn -0.0000217547864234 0.0000210454219905 0.0018299007600008
v -0.0732827332635671 0.0325361250797477 0.0078103917318374 0.407843 0.576471 0.580392
vn -0.0000217493072773 0.0000103108695596 0.0017911484626607
v -0.0648410164594027 0.0147186662921891 0.0080666059933588 0.411765 0.572549 0.580392
vn -0.0000159734921560 0.0000197368556567 0.0016068510490363
v -0.0551602990548225 0.0302124813245928 0.0080411242301638 0.243137 0.415686 0.415686
vn -0.0000219420441843 -0.0003248053093096 -0.0004495460708858
v 0.0732595036945033 -0.1102681390492512 -0.0028704314179298 0.403922 0.556863 0.560784
vn -0.0000245164070266 -0.0000196234824597 -0.0008247596318862
v 0.0839562674568603 -0.1019808944505620 -0.0041926697235551 0.427451 0.592157 0.592157
vn 0.0000566578078470 -0.0000099159319411 -0.0014981722295043
v -0.1213491586171195 0.0160989146157757 -0.0021500789837401 0.380392 0.545098 0.549020
vn 0.0000083861819697 0.0000135830745402 -0.0009703013145121
v -0.0504376161047116 -0.0374173764286167 -0.0012435515831549 0.435294 0.603922 0.607843
vn 0.0000129189733745 0.0000216099169124 -0.0013408842154214
v -0.0619666613976494 -0.0462042147943344 -0.0014869014644590 0.411765 0.572549 0.580392
vn 0.0000153274771398 0.0000146530162047 -0.0014057912345266
v -0.0619241460743505 -0.0285649858205988 -0.0012442765311807 0.301961 0.474510 0.478431
vn 0.0000006785385683 -0.0003266508766261 -0.0008489369827147
v 0.0205573226967680 -0.1082020050478501 -0.0032965319940834 0.317647 0.486275 0.490196
vn -0.0000042333232898 -0.0003157354625638 0.0003255817096346
v 0.0205804052481728 -0.1100472701688867 0.0042025073978805 0.317647 0.486275 0.490196
vn -0.0000313669891182 -0.0004561837583881 0.0000925560167379
v 0.0075668474376532 -0.1112814944737693 0.0015841381534007 0.380392 0.541176 0.549020
vn 0.0000348772161957 0.0000170446995313 0.0015311038805894
v 0.1118993611787818 0.0472951093011286 0.0071184813676707 0.356863 0.521569 0.529412
vn 0.0000124369572878 -0.0000057408836585 0.0016027624366097
v 0.1140393581879554 0.0664634837249407 0.0068883690752943 0.200000 0.360784 0.360784
vn 0.0000072444503548 0.0000076911487437 0.0006161407432873
v 0.1062361531833219 0.0576319616207700 0.0070830595094735 0.349020 0.513725 0.513725
vn 0.0000001745086574 -0.0000195226195458 0.0012775809625049
v -0.0000005479528504 -0.0338003546643744 0.0082704407530723 0.325490 0.490196 0.494118
vn 0.0000030356519838 -0.0000226688491754 0.0012462299883667
v 0.0132964299630195 -0.0385286670080657 0.0081773574591826 0.360784 0.521569 0.525490
vn 0.0000061718971637 -0.0000200102661832 0.0017701741340484
v 0.0171537421576463 -0.0245291546970246 0.0083650014614650 0.325490 0.490196 0.498039
vn 0.0000141588531867 0.0000138693824520 -0.0011728723755838
v -0.0749407168172501 -0.0358809613881168 -0.0014809797705502 0.282353 0.447059 0.450980
vn 0.0000179858488571 0.0000089491837875 -0.0013369099790742
v -0.0740617514651992 -0.0198326729015988 -0.0013176671434694 0.341176 0.505882 0.513725
vn -0.0000039643394901 -0.0000310965435402 -0.0012287734268151
v 0.0284844509911499 0.0679782121078058 -0.0017473234592140 0.333333 0.505882 0.505882
vn -0.0000079112880183 -0.0000386298924807 -0.0009869722110734
v 0.0272719822192052 0.0818073404137240 -0.0021130232620495 0.356863 0.545098 0.545098
vn -0.0000061985252593 -0.0000277267172351 -0.0008439071449108
v 0.0391092721029264 0.0771691177967833 -0.0020265841450260 0.364706 0.525490 0.529412
vn 0.0000363145524819 -0.0002963937625898 0.0013204253717498
v -0.0049597803344461 -0.1028485039590512 0.0064652832162291 0.254902 0.427451 0.431373
vn 0.0000079466079837 -0.0000454258242866 0.0013717313257002
v -0.0064897058641449 -0.0823612309614412 0.0070521995674029 0.513725 0.682353 0.682353
vn 0.0000207021215672 -0.0000628616232844 0.0016372575499473
v -0.0176708797299883 -0.0913789391129241 0.0067717862075129 0.494118 0.658824 0.666667
vn -0.0000110340395374 0.0000411696335445 -0.0011799791915677
v -0.0040904324338085 -0.0879905503907481 -0.0025168635733935 0.388235 0.560784 0.576471
vn -0.0000116078516246 0.0000148245152276 -0.0008536846098439
v -0.0154886445952644 -0.0898678716296946 -0.0024614992030451 0.501961 0.666667 0.670588
vn -0.0000006816511408 0.0000370999180204 -0.0011117751213496
v -0.0170054456052909 -0.0728671156702266 -0.0018513085180277 0.223529 0.403922 0.403922
vn -0.0000147320085305 -0.0000281555415607 -0.0013708291322582
v 0.0933442941279506 0.0684790728709087 -0.0021677947550337 0.431373 0.600000 0.603922
vn 0.0000433714290423 -0.0000417906640925 -0.0016021337778684
v 0.1043873954085986 0.0843054532496446 -0.0027349414255826 0.341176 0.517647 0.521569
vn 0.0000192999375152 -0.0000167775994562 0.0014759081091206
v 0.1029848286736897 -0.0548978256356587 0.0071565006575637 0.321569 0.494118 0.498039
vn 0.0000070328334610 -0.0000118809789388 0.0007351039100173
v 0.0993986290656915 -0.0660515408535505 0.0070446879570617 0.356863 0.525490 0.533333
vn -0.0000279251317926 0.0000027481199203 0.0017685039665603
v 0.1095899577659650 -0.0718317644401131 0.0068654924043459 0.270588 0.439216 0.447059
vn 0.0001492361157606 0.0000303521954021 0.0015349477538052
v 0.1488196730435339 -0.0007106778967720 0.0068998163290376 0.149020 0.317647 0.317647
vn 0.0000071265916070 0.0000128211221640 0.0008835210098547
v 0.1328456775042876 -0.0025139848517032 0.0072403036064276 0.207843 0.376471 0.376471
vn 0.0000009303111095 0.0000168918314249 0.0010124022423988
v 0.1383041775300441 -0.0143840183105251 0.0074002403414623 0.396078 0.568627 0.576471
vn -0.0000796074740762 -0.0001220934133535 -0.0012707992711135
v -0.1520161465477236 -0.0804067577721821 0.0002950987900933 0.282353 0.454902 0.458824
vn -0.0000602087818789 -0.0001025094867289 -0.0010112511339031
v -0.1472288934594177 -0.0954353591410749 0.0014326978073389 0.443137 0.619608 0.623529
vn -0.0002745944041764 -0.0000999863750437 -0.0008264326554397
v -0.1613180651166162 -0.0940008448062730 0.0017659564396481 0.356863 0.529412 0.533333
vn 0.0000526707091840 -0.0001009703316679 0.0014499679862965
v 0.1436520094205841 0.0709219613742568 0.0062380076476182 0.501961 0.647059 0.658824
vn -0.0000336916409390 -0.0000999149346621 0.0010218771010754
v 0.1384747556154212 0.0858141919768116 0.0080528337800832 0.215686 0.388235 0.388235
vn 0.0000070677027198 -0.0000658145762563 0.0013205548831180
v 0.1288523477389015 0.0780713531116381 0.0072019162385786 0.133333 0.298039 0.298039
vn 0.0000087263182217 0.0000180501813532 0.0014601844816756
v 0.0342100416108551 0.0304964002436114 0.0082095438239332 0.396078 0.576471 0.572549
vn 0.0000100167940419 0.0000135431241401 0.0011471970925918
v 0.0507450404049390 0.0292078636310972 0.0080956260589975 0.388235 0.556863 0.560784
vn 0.0000062596161785 0.0000170115709028 0.0009849419064565
v 0.0371816584189735 0.0421596096734424 0.0080117295412018 0.317647 0.490196 0.486275
vn -0.0001142426537511 0.0000792590392646 0.0015836701692940
v 0.1429621262662974 -0.0906598390666992 0.0095329755115071 0.192157 0.380392 0.376471
vn 0.0001942998539440 -0.0000991563744854 0.0010301472849585
v 0.1598913363156233 -0.0970201602418444 0.0110711157715785 0.349020 0.513725 0.517647
vn 0.0002246106469647 0.0001135334710694 0.0009951013555324
v 0.1562502071135276 -0.0821784562588837 0.0096574482980794 0.145098 0.333333 0.341176
vn -0.0000136417873851 0.0000699029308169 0.0009315173004730
v -0.1443994275012686 -0.0887204938828314 0.0100393879320672 0.521569 0.686275 0.690196
vn 0.0000464255296077 0.0000453373499923 0.0007584213949925
v -0.1355564322910666 -0.0967482610143468 0.0102169807810966 0.129412 0.301961 0.301961
vn 0.0000750387499399 0.0001070326993206 0.0011377772648866
v -0.1345312245141749 -0.0804824075229909 0.0086513010944267 0.490196 0.658824 0.662745
vn 0.0001251853875232 -0.0000248008638186 0.0014179881644454
v -0.1238263875209133 -0.0946725879040527 0.0093455630293871 0.133333 0.301961 0.301961
vn 0.0000591382640443 0.0000963639687343 0.0017791909099795
v -0.1049959795540318 -0.0852608958423382 0.0072168859338810 0.156863 0.333333 0.337255
vn 0.0000541176697846 0.0000783019915089 0.0010610539525887
v -0.1217040122335045 -0.0793488200933898 0.0074499606363356 0.470588 0.639216 0.635294
vn -0.0000174322789532 0.0000124876764573 0.0012236138223212
v -0.1051101491108729 0.0436898989831879 0.0072513836466219 0.298039 0.462745 0.462745
vn -0.0000435740897431 0.0000079345484284 0.0012817296832089
v -0.1177158726891498 0.0471867068241023 0.0070316095396452 0.360784 0.529412 0.529412
vn -0.0000397860286744 0.0000073612123477 0.0012729851918025
v -0.1169268822213997 0.0341289656509088 0.0071402735259704 0.317647 0.482353 0.486275
vn 0.0000070077709683 -0.0000748827039786 0.0012161525284705
v 0.0538269903100139 -0.0807440308851488 0.0070283726687428 0.407843 0.568627 0.576471
vn 0.0000115544837785 -0.0000715403462229 0.0018226656093701
v 0.0700235238978630 -0.0735992085373661 0.0071451490704371 0.294118 0.466667 0.458824
vn -0.0000333496040375 -0.0000230808637637 -0.0009200179377018
v -0.1402476973906244 -0.0625808692195767 -0.0017390286398840 0.356863 0.517647 0.525490
vn -0.0000667661376723 -0.0001020033598391 -0.0013357464897537
v -0.1323167509431311 -0.0735245774752998 -0.0015022344179610 0.325490 0.498039 0.501961
vn -0.0000325698676076 -0.0000532660541005 -0.0007740001193470
v -0.1495783160991191 -0.0692247566991879 -0.0009710043157215 0.321569 0.486275 0.494118
vn -0.0000095679439841 0.0000080114467471 0.0010518623914033
v -0.0477121273367376 0.0198901161792808 0.0082163548462835 0.407843 0.572549 0.576471
vn -0.0000087800279176 0.0000142945393048 0.0012366352914097
v -0.0369693497710182 0.0267182670936256 0.0082373988159178 0.270588 0.443137 0.447059
vn -0.0000036028123417 -0.0003435128328094 -0.0001114462962960
v -0.0817730617655495 -0.1108375203625855 0.0015028057458615 0.364706 0.517647 0.521569
vn -0.0000000641961730 -0.0003470746083895 0.0005136832269260
v -0.0738571269340202 -0.1073200905444604 0.0080398177527066 0.325490 0.490196 0.498039
vn -0.0000113018739189 -0.0001936166150556 0.0006443184099253
v -0.0866327899480229 -0.1064949227302591 0.0080803012806163 0.341176 0.501961 0.505882
vn -0.0000299999237901 -0.0003889227086030 -0.0001608985189943
v -0.0947407364882520 -0.1112825350298592 0.0034832512525047 0.345098 0.509804 0.513725
vn -0.0001501161684265 -0.0002271784084506 0.0009166781914794
v 0.1125968379697610 -0.1035342205383080 0.0066804780814258 0.176471 0.333333 0.333333
vn -0.0000408740576272 -0.0004966712332380 0.0004220758902573
v 0.1008012573769152 -0.1112721139120825 0.0008659801684034 0.243137 0.407843 0.411765
vn -0.0000265544447840 -0.0003264009077589 -0.0000751352614844
v 0.1144730712176609 -0.1112818717523859 0.0018746489402114 0.270588 0.447059 0.454902
vn -0.0000588640528915 -0.0003578114029257 0.0004168428365750
v 0.1264842395188765 -0.1098553363088891 0.0066287577246705 0.407843 0.572549 0.576471
vn 0.0000015980813235 0.0000075507697411 0.0015383802459710
v 0.0052574124468144 0.0115715427841683 0.0084994209690623 0.470588 0.635294 0.639216
vn -0.0000006066413899 -0.0000025821180229 0.0011324792661896
v -0.0046121206132221 -0.0069439299549034 0.0085198544772695 0.235294 0.415686 0.423529
vn 0.0000026251601096 -0.0000041084570802 0.0014204616795364
v 0.0084975758460564 -0.0070801354222615 0.0085137910777136 0.113725 0.270588 0.266667
vn -0.0000470985009877 -0.0004349764102945 -0.0004909845904429
v -0.1512784367994210 -0.1100468090713360 0.0035925850000001 0.227451 0.392157 0.396078
vn -0.0002324802402567 -0.0001312574128124 -0.0001446412701962
v -0.1638827291381028 -0.1086967047737663 0.0057325976444795 0.270588 0.431373 0.435294
vn 0.0000204541971950 0.0000051923826793 -0.0012649557620900
v -0.0904059629412573 -0.0121668488257922 -0.0015228755924257 0.352941 0.517647 0.517647
vn 0.0000199206991625 0.0000020756655964 -0.0013878180698079
v -0.0767500018051670 -0.0051206252214226 -0.0012921380783023 0.309804 0.482353 0.482353
vn -0.0000614070302303 0.0000107168860440 0.0011457264997468
v -0.1454734223110855 0.0385379190837696 0.0055378720787890 0.290196 0.458824 0.462745
vn -0.0001919745111523 0.0000260675559407 0.0010190543062928
v -0.1574969563664393 0.0415998530689353 0.0048584043679263 0.384314 0.545098 0.549020
vn -0.0000679327781770 0.0000249317552767 0.0009022622230079
v -0.1529172810381813 0.0231425715045731 0.0054666848069800 0.415686 0.568627 0.576471
vn -0.0000143951911807 0.0000015459919428 -0.0011521952892585
v 0.1464857518791052 0.0544955723001821 -0.0038026694302654 0.368627 0.533333 0.533333
vn 0.0000898717898111 0.0001310871355826 -0.0010116384683687
v 0.1524874016703143 0.0670293058224337 -0.0038473833065913 0.388235 0.552941 0.549020
vn 0.0002590295629057 0.0000501928060387 -0.0004535952100803
v 0.1632767220779053 0.0630628710578917 -0.0031275960490208 0.333333 0.505882 0.509804
vn -0.0004715889321225 0.0000892448814877 0.0009634003418827
v -0.1637063847610914 -0.0939484867507345 0.0089591597580263 0.364706 0.537255 0.541176
vn -0.0000762004496667 -0.0000257762050753 0.0013661357900385
v -0.1440766874415364 0.0542361370610493 0.0056155937606662 0.345098 0.513725 0.517647
vn -0.0000060189547256 0.0003955731226502 0.0001206870127197
v -0.1431339182556930 0.1112824716498120 0.0063472057250222 0.349020 0.513725 0.513725
vn 0.0000468955190938 0.0002480448172986 0.0009768510652899
v -0.1319891691425078 0.1064809700373764 0.0103319354744826 0.258824 0.435294 0.431373
vn -0.0000470820642672 0.0004948175556444 -0.0006625587823079
v -0.1308884801977350 0.1075898684834505 0.0011209395788358 0.254902 0.435294 0.427451
vn -0.0000391762362227 -0.0000097122632502 -0.0009304332096073
v 0.1255612092370828 0.0515499901708974 -0.0025372111061820 0.321569 0.482353 0.490196
vn -0.0000642885928602 0.0000336570965031 -0.0014145592264005
v 0.1345319613353461 0.0619156432464475 -0.0031661768155888 0.372549 0.537255 0.549020
vn 0.0003616944341380 0.0000139818081332 -0.0001446586065007
v 0.1639332474914736 -0.0509395779510976 0.0010598589427911 0.294118 0.462745 0.466667
vn -0.0000344158805742 -0.0000044458439036 -0.0011213158192020
v 0.1515532799364077 0.0414094594945844 -0.0039308856978345 0.313725 0.482353 0.482353
vn 0.0003565227378306 -0.0000028861438295 -0.0004984009432854
v 0.1630690558174671 0.0513033585971772 -0.0034410436679490 0.352941 0.513725 0.517647
vn -0.0000767786520729 -0.0002247586433132 -0.0012238444895097
v -0.1364310948099950 -0.1045229637299788 0.0013270994474608 0.266667 0.447059 0.443137
vn -0.0001106415779403 -0.0001470232087485 -0.0019712870453220
v -0.1211285721941493 -0.0890508996735633 -0.0006994192065051 0.152941 0.333333 0.329412
vn -0.0000392219505510 -0.0002028938226236 -0.0008398934172848
v -0.1196577227267922 -0.1048657224263097 0.0003357755717861 0.388235 0.549020 0.560784
vn -0.0000071473244716 -0.0000137826150845 0.0013664545831732
v -0.0269825128295107 -0.0237297852748525 0.0083309684447535 0.298039 0.466667 0.470588
vn -0.0000024688770307 -0.0000075616890759 0.0009141101110569
v -0.0127491393199049 -0.0172199971758845 0.0084480449506949 0.176471 0.345098 0.341176
vn 0.0000252033611865 -0.0004023387554063 -0.0007863713365781
v -0.0429178264490915 -0.1087258970035127 -0.0010921921772872 0.364706 0.521569 0.525490
vn -0.0000031510482570 -0.0000319210862744 -0.0015291753772813
v -0.0464888362018339 -0.0889323641614184 -0.0021480823411478 0.384314 0.556863 0.568627
vn -0.0000565160800338 -0.0001641930481429 0.0003616559533147
v -0.1599671164826761 -0.1073891593741430 0.0117440675772704 0.270588 0.431373 0.435294
vn -0.0000023080032209 0.0000034023945022 -0.0010501068260990
v 0.0112565609021687 -0.0060273307502914 -0.0007197177000412 0.133333 0.294118 0.298039
vn -0.0000015182024828 -0.0000025097330417 -0.0007553705216106
v 0.0100705400512108 0.0068242695472004 -0.0007200794658034 0.443137 0.607843 0.611765
vn -0.0000077524228225 -0.0000045465406403 -0.0015350159832393
v 0.0212226185294950 0.0019634054636727 -0.0007465527348968 0.125490 0.294118 0.286275
vn 0.0000191414409774 0.0000172731997272 -0.0014577274145616
v -0.0961644533113812 -0.0486507571035375 -0.0019119402531872 0.266667 0.439216 0.435294
vn 0.0000178501933635 0.0000101845321453 -0.0014700724339499
v -0.1091186632972811 -0.0374454208244991 -0.0019867889875750 0.341176 0.509804 0.517647
vn 0.0000244015510753 0.0000105145710819 -0.0015095491462997
v -0.1004832370971822 -0.0271986917280152 -0.0017693270301154 0.372549 0.537255 0.541176
vn -0.0000028733926210 -0.0000431320460758 0.0015358604450385
v -0.0607431549355789 0.0920371255832199 0.0075284904850279 0.254902 0.435294 0.439216
vn -0.0000084457601588 -0.0000001388317150 0.0013916560037340
v -0.0522441759624237 0.0760389004423288 0.0071859026291745 0.231373 0.403922 0.407843
vn -0.0000398429152156 0.0001651988766780 0.0006975672180353
v -0.0645654071253766 0.1048835374772191 0.0079661234503908 0.419608 0.576471 0.592157
vn -0.0000232644730545 0.0003544871278452 -0.0001704286829213
v -0.0605342987405404 0.1112798155563564 0.0035150645699748 0.427451 0.584314 0.600000
vn 0.0000296906991932 0.0004770252444234 -0.0002448846397118
v -0.0746625610790829 0.1112824368016152 0.0035086818207765 0.101961 0.258824 0.250980
vn -0.0000082332130641 0.0000369235112195 -0.0013636496477557
v 0.0533915972070008 -0.0667861726198166 -0.0018314174510385 0.200000 0.376471 0.376471
vn -0.0000052720671772 0.0000681156730484 -0.0010927440753395
v 0.0597041442220188 -0.0836575579347238 -0.0025208153697004 0.364706 0.529412 0.541176
vn -0.0000059231806984 0.0000385521407347 -0.0009122762826777
v 0.0429450476177743 -0.0744957893825582 -0.0019702572199756 0.219608 0.403922 0.403922
vn 0.0000035932153808 -0.0004882643860459 0.0000933947521557
v -0.0574328331107563 -0.1111986957166014 0.0041910368172000 0.392157 0.549020 0.549020
vn 0.0000115858242431 -0.0000670783760580 0.0010350123078335
v -0.0597730774948145 -0.1048578417304687 0.0078729569021233 0.317647 0.494118 0.494118
vn -0.0000186365978559 -0.0003760865895240 -0.0006960973037057
v -0.0692559167007641 -0.1086225716875305 -0.0007371329219252 0.298039 0.474510 0.478431
vn 0.0000026842401027 -0.0000038448063472 0.0006561506144890
v 0.0222205850637470 -0.0134168532228930 0.0084418812686697 0.458824 0.623529 0.619608
vn 0.0004538183487297 0.0000000873515999 0.0002037979285135
v 0.1645520361074220 -0.0731724594420487 0.0035925850000000 0.192157 0.364706 0.364706
vn 0.0003117880422150 -0.0000221250355901 -0.0004663641673902
v 0.1629073396167821 -0.0624385155319823 -0.0001543487884321 0.498039 0.674510 0.666667
vn -0.0000700376969562 -0.0000521322903694 -0.0014925103395366
v 0.1463065994745303 0.0116805881119582 -0.0026933022009948 0.462745 0.627451 0.631373
vn -0.0000208764241475 -0.0000180215198465 -0.0011765393536720
v 0.1339697238169687 0.0089506228589108 -0.0021891521987427 0.490196 0.658824 0.662745
vn -0.0000333538762083 -0.0000194031576832 -0.0011047758770381
v 0.1279806912765144 0.0200042698267187 -0.0022314970995457 0.282353 0.450980 0.454902
vn -0.0000717193724590 -0.0000338658974563 -0.0013034291587350
v 0.1438673923678270 0.0281818091189509 -0.0030848558558090 0.274510 0.450980 0.447059
vn -0.0000169281738056 0.0001177024720577 -0.0012058475644638
v 0.1395523668544332 0.0769454037922623 -0.0022619666283240 0.211765 0.403922 0.411765
vn 0.0001258455679082 0.0000675155477982 -0.0008494225161733
v 0.1518091462981165 0.0793893315167533 -0.0020900599181218 0.384314 0.552941 0.552941
vn -0.0000562246098277 0.0002763748880922 -0.0015515472512802
v -0.0661040956882502 0.0975857352634313 -0.0015009387251461 0.317647 0.486275 0.490196
vn -0.0000034815738096 0.0003278108896377 -0.0006809876436908
v -0.0505854979543994 0.1080018086194500 -0.0012194088993855 0.431373 0.592157 0.596078
vn 0.0000066420024442 -0.0000321819922931 -0.0014033339722143
v -0.0356980135825805 0.0602322688078822 -0.0015848330621511 0.368627 0.545098 0.549020
vn 0.0000109826261108 -0.0000268071691996 -0.0014686936914976
v -0.0487352610759354 0.0476322533851198 -0.0013999380217058 0.427451 0.584314 0.592157
vn 0.0000093563599173 -0.0000301804832380 -0.0013949668685268
v -0.0562235508503663 0.0629122752484197 -0.0017626280058812 0.333333 0.501961 0.501961
vn 0.0000118364961864 -0.0000212765779994 0.0012318436375221
v 0.0778004812261880 -0.0560052546093707 0.0074243674716844 0.337255 0.517647 0.513725
vn 0.0000075010543222 -0.0000101982051004 0.0006870957441477
v 0.0913428775521746 -0.0560549784810219 0.0072796720611876 0.305882 0.474510 0.482353
vn 0.0000160236337324 -0.0000154922635508 0.0012543737501800
v 0.0878091356155390 -0.0449014640155180 0.0074762892598315 0.235294 0.411765 0.415686
vn 0.0000001311611431 0.0000006529300120 -0.0010431012665414
v -0.0000000000000000 0.0000000000000000 -0.0006967343023898 0.411765 0.580392 0.588235
vn -0.0000248750852582 -0.0000047726003630 -0.0014939990755882
v 0.1129047775886059 0.0121773662019324 -0.0019197134610758 0.247059 0.427451 0.423529
vn -0.0000241192084535 -0.0000056314572500 -0.0014302695102205
v 0.0956986984638577 0.0121481058388756 -0.0016109604348747 0.321569 0.486275 0.490196
vn -0.0000196576048437 -0.0000070750520912 -0.0011665194776420
v 0.1044735892073381 0.0269433275311533 -0.0018338463106023 0.364706 0.537255 0.529412
vn -0.0000078847684040 -0.0000182215631296 0.0012261937876427
v -0.0748207491105836 0.0817524716368665 0.0070375708741799 0.345098 0.501961 0.505882
vn -0.0000114526400130 0.0000161030094083 0.0014274031346591
v -0.0874328160900929 0.0714528040891265 0.0070637039026132 0.341176 0.509804 0.505882
vn -0.0000091385692803 -0.0000217889123999 0.0011385945179998
v -0.0576636671721417 -0.0544429667257355 0.0076363757674302 0.141176 0.305882 0.305882
vn -0.0000150586935160 -0.0000207929421225 0.0013813690843463
v -0.0712321707731724 -0.0464795210456047 0.0076491347598255 0.462745 0.623529 0.631373
vn -0.0000100477813285 -0.0000226484908465 0.0011802625079325
v -0.0711722395447329 -0.0610004351428084 0.0073969329498372 0.121569 0.286275 0.286275
vn 0.0000239273134397 0.0001550720591424 0.0013633214761773
v 0.0415404470272170 0.1005466292609221 0.0057582631419992 0.129412 0.294118 0.294118
vn 0.0000178893786439 0.0005022482460159 0.0005090229832652
v 0.0355187971878144 0.1094855879041115 0.0042807588950157 0.454902 0.627451 0.635294
vn 0.0000065768833915 -0.0000114063056267 -0.0013870311158788
v -0.0444351098263021 0.0721475234716123 -0.0019161940693033 0.254902 0.443137 0.443137
vn -0.0000053822119314 -0.0000033081324169 0.0011687609993002
v -0.0195737904723497 -0.0065984371840600 0.0084830712447603 0.513725 0.670588 0.682353
vn 0.0000063141018819 -0.0000174569735948 0.0008846176221891
v 0.0507345560156717 -0.0526974659366736 0.0077232320984057 0.470588 0.635294 0.639216
vn 0.0000064108972736 -0.0000124183680919 0.0008011968289486
v 0.0493572021330142 -0.0397355036756694 0.0079637318655030 0.313725 0.474510 0.482353
vn 0.0000060016773726 -0.0000183353926465 0.0009942785724850
v 0.0387180196248153 -0.0472633712821195 0.0079089418914960 0.313725 0.474510 0.486275
vn -0.0000044250939780 -0.0000433746475575 -0.0007931754811404
v 0.0926701514485051 0.0807983230109016 -0.0024404534354768 0.325490 0.505882 0.509804
vn -0.0000091158025755 -0.0001053845038563 -0.0013102516494208
v 0.0847685161864299 0.0901322525701995 -0.0031517594927457 0.172549 0.341176 0.337255
vn 0.0000109591431715 -0.0000544557083675 -0.0007661913793253
v 0.0963819128197205 0.0932488143552377 -0.0035027990823959 0.415686 0.580392 0.580392
vn 0.0000188652190512 -0.0000146647767076 0.0015695363889844
v 0.0670577016075310 -0.0262489480587231 0.0079526578885159 0.294118 0.458824 0.462745
vn 0.0000096902915838 -0.0000147670298058 0.0009786783610944
v 0.0596793273439960 -0.0451919050617846 0.0077845150246909 0.462745 0.635294 0.639216
vn 0.0000138096031142 -0.0000173625540222 0.0012442459048883
v 0.0710747671613863 -0.0426451209805687 0.0077066874595556 0.447059 0.611765 0.615686
vn 0.0000092046999011 -0.0000108571876524 0.0009414941300769
v 0.0544238989105921 -0.0280271259982138 0.0080730962650865 0.349020 0.513725 0.517647
vn 0.0000051901150161 -0.0001481783867842 0.0008467870655999
v -0.0984946813868969 -0.1020125836507491 0.0080396067760376 0.360784 0.525490 0.533333
vn -0.0000109747836450 0.0000262931284647 0.0015165379157073
v -0.0436126515910200 0.0443678315051400 0.0079307005545953 0.223529 0.396078 0.392157
vn 0.0000405444844990 -0.0002109596511725 0.0018475615023441
v -0.1385134503219818 0.0868273040580760 0.0086876722066183 0.486275 0.650980 0.658824
vn 0.0000759486089835 -0.0000842994218849 0.0013539258028713
v -0.1192201582182640 0.0944826157429515 0.0085809827148863 0.501961 0.670588 0.674510
vn 0.0002146821129490 0.0000074901878908 -0.0006143930286137
v 0.1577549092034179 -0.0418549186844515 -0.0012785442388245 0.321569 0.486275 0.486275
vn 0.0000083764536681 -0.0000175163130945 0.0009666584520654
v 0.0877371968183696 -0.0671838709722265 0.0071370365385176 0.396078 0.560784 0.564706
vn -0.0000100809834742 -0.0002142074868285 0.0010045008822404
v -0.1456283648300197 -0.1032419576880417 0.0110616863747805 0.196078 0.360784 0.360784
vn -0.0000074796923327 -0.0000575434122235 -0.0013946344738057
v 0.0770496315720256 0.0758614860850561 -0.0021813385784345 0.243137 0.415686 0.419608
vn -0.0000158684455519 -0.0001148705048049 -0.0015642569757745
v 0.0674579508528312 0.0903098304372187 -0.0029902747224046 0.317647 0.490196 0.486275
vn 0.0000017602927454 -0.0000012566849190 -0.0016416261961081
v -0.0636980661181507 -0.0783560698277600 -0.0021608535767349 0.325490 0.494118 0.498039
vn 0.0000044928051882 -0.0000256433452972 -0.0012326387290649
v -0.0828782834196048 -0.0845461207491423 -0.0021530303868339 0.435294 0.596078 0.600000
vn 0.0000113854119410 0.0000207497857004 -0.0014846566993786
v -0.0778033960667707 -0.0677856554988424 -0.0020233241901686 0.156863 0.329412 0.333333
vn 0.0000582969394423 -0.0000371187763005 -0.0016287915950850
v -0.1470376537090364 0.0229230243782931 -0.0035529963474696 0.423529 0.576471 0.584314
vn 0.0000746039056078 -0.0000111452123244 -0.0013594710399690
v -0.1419869814540861 0.0399735956665209 -0.0035200603058144 0.294118 0.462745 0.466667
vn 0.0000629891780700 -0.0000097144343055 -0.0011990174795569
v -0.1301782163143004 0.0293289865427045 -0.0027502416684163 0.364706 0.525490 0.529412
vn -0.0000115839357502 -0.0000555816011916 -0.0017209943462229
v 0.0612039418893855 0.0740363092009896 -0.0020451220672135 0.368627 0.533333 0.537255
vn -0.0000131855804342 -0.0000687443350364 -0.0012748763557294
v 0.0515763258216087 0.0855163815506359 -0.0024443639934276 0.372549 0.525490 0.537255
vn -0.0002058735093744 -0.0000152455566675 -0.0006439100772223
v -0.1611314370987159 0.0125282707498734 -0.0033660050094914 0.349020 0.517647 0.513725
vn -0.0000349956192995 -0.0000478359639460 -0.0010753560112989
v -0.1529576322591639 0.0023442610052578 -0.0030139915945580 0.278431 0.454902 0.454902
vn -0.0005480406845541 -0.0000465629554386 -0.0005691260519655
v -0.1635825368888913 -0.0079048242184547 -0.0007711473843626 0.349020 0.521569 0.525490
vn -0.0000491590123996 -0.0000227480396059 -0.0007256492482080
v -0.1547937675965291 -0.0105771138251315 -0.0024520903636803 0.474510 0.639216 0.643137
vn 0.0000130766242799 0.0000007119723609 0.0012396557672030
v 0.0545022094135622 0.0026218022963018 0.0082279764152223 0.372549 0.541176 0.545098
vn -0.0000900460381606 -0.0001516314344520 0.0013434697395601
v 0.1023298629435446 -0.0922529994179882 0.0063031516812598 0.450980 0.619608 0.623529
vn 0.0000539749698651 0.0001388663262088 -0.0012816801771249
v 0.1429591694049907 0.0927777695642711 -0.0003595249666809 0.360784 0.525490 0.529412
vn 0.0000061509669744 -0.0000005464849864 0.0011493813389449
v 0.0244910487308037 -0.0014198113893498 0.0084703977771162 0.243137 0.419608 0.419608
vn 0.0000031719219049 0.0000047627223279 0.0010379763517068
v 0.0172919197382687 0.0086555777052931 0.0084861384610569 0.368627 0.533333 0.549020
vn 0.0000041961454882 -0.0000086783561628 -0.0018638387590809
v -0.1258656570700740 -0.0308355674225065 -0.0021697625368966 0.329412 0.494118 0.498039
vn -0.0000070134502878 0.0000020143071894 -0.0012949297213200
v -0.1244852368943431 -0.0489574365066445 -0.0021801343137140 0.352941 0.517647 0.521569
vn -0.0000506159877381 -0.0000195643086753 -0.0019340553662458
v -0.1425919486710206 -0.0418781196305465 -0.0018093437581702 0.325490 0.490196 0.498039
vn 0.0000090446974608 0.0000172868360324 -0.0011498184721781
v -0.0902336582988024 0.0814736351753769 -0.0023108572326611 0.411765 0.576471 0.568627
vn 0.0000096971719885 -0.0000143672514038 -0.0010313892721797
v -0.0962421432695185 0.0698371279943399 -0.0022170531725782 0.337255 0.513725 0.505882
vn -0.0000239735948270 0.0000395372473429 -0.0011607681339554
v -0.1045604591097519 0.0799511050557024 -0.0024426042113184 0.341176 0.521569 0.525490
vn 0.0000038814274772 0.0000642811465274 0.0012275303150394
v -0.0777500187198941 0.0977327710847026 0.0076978340904225 0.298039 0.478431 0.486275
vn 0.0000335877838764 0.0003365382138465 0.0010768018562265
v -0.0882805232661963 0.1079647472587841 0.0078864053757837 0.360784 0.537255 0.541176
vn 0.0000095203704343 0.0000177533365813 -0.0015387606333215
v -0.1102747267340241 -0.0556760307346068 -0.0021778161791926 0.274510 0.447059 0.450980
vn -0.0000239977017727 0.0000009029506405 -0.0013120558957701
v 0.1045361645210754 -0.0026125890629160 -0.0017487924648351 0.400000 0.568627 0.572549
vn -0.0000089250160748 -0.0000037528784631 -0.0013135329028982
v 0.1191971586337736 -0.0011513903264504 -0.0020265308529395 0.521569 0.686275 0.690196
vn -0.0000002140130590 -0.0000341705195404 0.0011527719067013
v -0.0180973037269862 -0.0741576110412688 0.0073461760043920 0.207843 0.388235 0.388235
vn -0.0000004602455174 -0.0000318915300569 0.0012637341849937
v -0.0305113798784871 -0.0780414392188564 0.0072104013742171 0.294118 0.466667 0.470588
vn -0.0000165142824752 -0.0000287988295961 -0.0012371000952389
v 0.0308703082089209 0.0982994658062789 -0.0030650073448225 0.247059 0.427451 0.427451
vn -0.0000335825785379 0.0002810596746574 -0.0008505947146834
v 0.0161490192647318 0.1078432513286251 -0.0032666387587850 0.388235 0.556863 0.560784
vn -0.0000131574533875 0.0004121772832674 -0.0006321365470314
v 0.0346524488772980 0.1100309514530753 -0.0025149518582560 0.466667 0.639216 0.647059
vn 0.0000065981914776 0.0000728751375255 -0.0014357651783425
v -0.1283511515659688 0.0733739092378855 -0.0023249227791020 0.145098 0.313725 0.301961
vn -0.0000427301080298 0.0001687343143261 -0.0015136615801128
v -0.1346873067506932 0.0900574782126897 -0.0003565969336610 0.490196 0.654902 0.662745
vn -0.0000405666327306 0.0000871197657259 -0.0011626051766847
v -0.1183932262967637 0.0841064731050437 -0.0016933167825457 0.160784 0.329412 0.329412
vn -0.0004387182515388 0.0000669127407713 0.0005882259996725
v -0.1594353929059724 -0.0755538980324423 0.0092266619277003 0.388235 0.556863 0.560784
vn -0.0003907536075225 0.0000167438479917 -0.0002509035876339
v -0.1629959594018256 -0.0800371105921108 0.0014913213180864 0.325490 0.482353 0.486275
vn 0.0000143505888960 0.0000144818312738 -0.0016290549064831
v -0.0447034524145511 -0.0218477756971229 -0.0010052135333951 0.384314 0.541176 0.545098
vn 0.0000061120071490 0.0000050107831652 -0.0009515975516029
v -0.0316360907694734 -0.0118741063612591 -0.0008343621068801 0.435294 0.603922 0.611765
vn 0.0000051174140055 0.0000092218557221 -0.0008397744549440
v -0.0312274065586625 -0.0251186977682673 -0.0009405694753864 0.356863 0.529412 0.529412
vn 0.0000133484715570 0.0000015732775490 -0.0016043533162939
v -0.0419450085183051 -0.0035574147095076 -0.0008830340078426 0.360784 0.537255 0.541176
vn 0.0000110963914083 -0.0000200211625151 0.0016260658411892
v 0.0375355871942410 -0.0301378715897050 0.0081911039227728 0.337255 0.505882 0.509804
vn 0.0000190944184365 0.0000074504152526 -0.0016770169144927
v -0.0590816824151343 -0.0103174260297791 -0.0010755014672611 0.243137 0.423529 0.427451
vn 0.0000066071838576 -0.0000004572521416 -0.0006334554378925
v -0.0523139106564160 0.0026452958517174 -0.0009807270811951 0.270588 0.447059 0.447059
vn -0.0000201681818718 -0.0000158267492981 0.0015460070920549
v -0.0761290065544910 -0.0328069663339649 0.0077719666563690 0.321569 0.486275 0.490196
vn -0.0000201978502803 -0.0000067253638755 0.0014034427230573
v -0.0809532334365016 -0.0146181074908881 0.0078474579319013 0.349020 0.517647 0.513725
vn -0.0000296624724079 -0.0000120528627531 0.0018734033270635
v -0.0954158209638597 -0.0237698102088943 0.0075693771348586 0.345098 0.513725 0.517647
vn -0.0000296160611079 0.0001900178225957 -0.0013720918847546
v -0.1511388311583826 0.0816683891159813 -0.0014376891082021 0.450980 0.611765 0.619608
vn 0.0000542059986846 0.0000726753602799 -0.0010477126945203
v -0.1472599974568624 0.0616142565946841 -0.0037615028750664 0.270588 0.435294 0.439216
vn -0.0002575550947874 0.0000411623135897 -0.0008912971540797
v -0.1613618774830488 0.0633656030582387 -0.0042637615095242 0.360784 0.529412 0.533333
vn -0.0004517710885070 0.0000783875598236 -0.0003904165085324
v -0.1636402112883145 0.0781157386590480 -0.0006276016834083 0.352941 0.529412 0.537255
vn -0.0000189041995983 -0.0000031021545477 0.0012007263596353
v -0.1186026122705630 0.0635681321306425 0.0068672341361339 0.368627 0.537255 0.545098
vn -0.0000428454184850 -0.0000079516193209 0.0009293998661472
v -0.1284138179273689 0.0546351554957312 0.0065288087106818 0.325490 0.494118 0.494118
vn -0.0000063314405181 0.0000607081361659 -0.0014827088890071
v 0.0835141839006192 -0.0764164118130163 -0.0022361068733309 0.337255 0.505882 0.505882
vn 0.0000179407443738 0.0000938924752861 -0.0013628758554394
v 0.0910028689270437 -0.0897023238237450 -0.0030349203337598 0.341176 0.517647 0.521569
vn 0.0000056113150430 0.0000826162129081 -0.0016562289757676
v 0.0730647993559311 -0.0915966850824630 -0.0032555041850649 0.356863 0.529412 0.533333
vn 0.0000181884485429 0.0000073593193308 0.0008618984282724
v 0.1259465178887313 0.0173272242576240 0.0070898895329183 0.290196 0.458824 0.458824
vn 0.0000141322516802 0.0000065086030951 0.0012709122105583
v 0.1212904231972023 0.0045854842365089 0.0071915835071283 0.494118 0.654902 0.658824
vn -0.0000041023070147 -0.0000284393759555 -0.0013086434908685
v 0.0184851144287280 0.0533688137978937 -0.0013621890937283 0.356863 0.525490 0.529412
vn -0.0000050029066122 -0.0000224114345733 -0.0010271789493826
v 0.0345770238616123 0.0553112045245314 -0.0014671776300064 0.329412 0.498039 0.501961
vn -0.0000172209726377 -0.0000248749966336 0.0016029653900255
v -0.0864639837409147 -0.0555064784931535 0.0073425534140473 0.462745 0.627451 0.635294
vn -0.0000163698542925 -0.0000185672254920 0.0016632104537907
v -0.1067812852926541 -0.0544787869547736 0.0071135284836923 0.282353 0.450980 0.458824
vn -0.0000070257420319 -0.0000089700753305 0.0013695212259400
v -0.0946890522964257 -0.0695263390613799 0.0070364352153950 0.278431 0.466667 0.466667
vn 0.0000075929417645 -0.0000008719746875 -0.0014451434030151
v -0.0234614632580047 0.0012404670741600 -0.0007558818085645 0.305882 0.478431 0.482353
vn 0.0000501013481771 -0.0000200950507442 0.0015170748268243
v 0.1299854002360418 0.0571401738975417 0.0063976131019111 0.337255 0.498039 0.501961
vn -0.0000655919908556 0.0000311901731793 0.0016286904350643
v -0.1403673298771874 0.0199639134460259 0.0060419513485200 0.309804 0.478431 0.482353
vn 0.0000058568162854 0.0000143479603737 -0.0007777223003084
v -0.0505059747799035 -0.0492824703972494 -0.0014430311931511 0.156863 0.333333 0.329412
vn 0.0000069156428951 0.0000228823900265 -0.0010527614404392
v -0.0527504579893888 -0.0612464190648285 -0.0017027296106095 0.388235 0.556863 0.556863
vn -0.0000358068754305 0.0000458720520815 0.0018520182208299
v -0.1442827694158668 -0.0009557182794159 0.0064140765062680 0.486275 0.650980 0.658824
vn -0.0001517114292351 0.0000512410701948 0.0012334321723783
v -0.1575625165502328 0.0110107001927992 0.0058369146324097 0.352941 0.517647 0.517647
vn -0.0004222474175074 0.0000280200858052 0.0013205185000622
v -0.1616278183398398 -0.0091136788621283 0.0065280449707755 0.384314 0.552941 0.552941
vn -0.0000181090320785 0.0000294101214175 0.0011685723524352
v 0.1032673533202296 0.0815643779754723 0.0067071761001043 0.423529 0.592157 0.592157
vn -0.0000306257693853 -0.0000115992554991 0.0009027867046879
v 0.1162769905005691 0.0811877762331938 0.0071239772916445 0.478431 0.639216 0.647059
vn -0.0005071779814609 0.0000098903109387 0.0005513183632298
v -0.1604896489798808 -0.0550491022511052 0.0080678605203491 0.305882 0.470588 0.474510
vn -0.0005483712276147 -0.0000128638016608 -0.0006868920315256
v -0.1609796089178600 -0.0453593542433249 -0.0010774702333406 0.403922 0.568627 0.576471
vn -0.0005356648942149 -0.0000291128464517 -0.0005426716211025
v -0.1607564638413219 -0.0665017664434483 -0.0008802857499972 0.341176 0.505882 0.513725
vn -0.0000171425411309 -0.0000085077052666 -0.0016386815542383
v 0.0531017371753453 0.0171213611070411 -0.0010470565546104 0.231373 0.415686 0.419608
vn -0.0000130643865196 -0.0000020841279444 -0.0015844247133572
v 0.0427925633153048 0.0032913235224151 -0.0008901600453592 0.439216 0.596078 0.600000
vn -0.0000082917277029 -0.0000082793809550 -0.0012827670459711
v 0.0331811627200936 0.0176179906749088 -0.0008811010504844 0.388235 0.556863 0.560784
vn -0.0000018755221777 -0.0000099932099326 0.0016878425637116
v -0.1035196109619716 0.0754540225839440 0.0068667001721541 0.392157 0.560784 0.568627
vn -0.0000130069453928 0.0000128620846554 0.0010691746720819
v -0.1061292731559069 0.0588552169332626 0.0070683789947888 0.380392 0.549020 0.552941
vn -0.0000149520526129 0.0000190352324029 0.0013365609761477
v -0.0916472812158536 0.0575555486185061 0.0072542891402448 0.309804 0.482353 0.482353
vn 0.0000021568173151 0.0000030081270217 -0.0009011181129023
v -0.0120913490618917 -0.0061997184449834 -0.0007225378980291 0.439216 0.611765 0.615686
vn 0.0000050676457080 0.0000106280906906 -0.0013403570253679
v -0.0196434556667098 -0.0174955599087340 -0.0008088358767330 0.211765 0.380392 0.384314
vn 0.0000484288184974 -0.0000035375056826 -0.0009523236629777
v -0.1264387396062573 0.0421267785383027 -0.0025758186435311 0.360784 0.521569 0.525490
vn 0.0000080674348348 0.0000189240631360 -0.0012139490668671
v -0.0359590060745408 -0.0381585856014297 -0.0011471281840566 0.250980 0.423529 0.419608
vn 0.0000062577539228 0.0000249941489928 -0.0011545305627847
v -0.0393569929769981 -0.0533475756863964 -0.0014496383406580 0.423529 0.580392 0.588235
vn -0.0000234430162360 0.0000129576934033 -0.0017347352244030
v 0.1044306267245333 -0.0306487822692342 -0.0018588534713921 0.345098 0.509804 0.517647
vn -0.0000108907188655 0.0000084234587349 -0.0007809931814559
v 0.0903925720239065 -0.0378439157497170 -0.0017091595335874 0.250980 0.423529 0.419608
vn -0.0000206516615083 0.0000106695959422 -0.0013943465089920
v 0.0870515134155655 -0.0264548236037021 -0.0015529636422883 0.411765 0.576471 0.580392
vn -0.0000263454992201 -0.0003521425977604 0.0004032072359803
v 0.0661664089286199 -0.1073545528318905 0.0046310015350473 0.356863 0.521569 0.525490
vn 0.0005349541394019 0.0000305419703004 0.0008512424293827
v 0.1622334482894333 0.0171988289793131 0.0049414139192543 0.388235 0.560784 0.564706
vn 0.0005823275706491 -0.0000057494844789 0.0007011677151706
v 0.1612614140004877 0.0350486412184276 0.0046898095643213 0.286275 0.458824 0.462745
vn 0.0000771053260846 0.0000282956401569 0.0010723598050281
v 0.1465068053458835 0.0284308784510760 0.0060000852576361 0.286275 0.458824 0.454902
vn -0.0000011190245722 0.0000332967114383 -0.0013893941884269
v -0.0512682899586046 0.0933725585960334 -0.0016454546230411 0.192157 0.372549 0.368627
vn -0.0000028454824565 0.0000093382678536 -0.0010804038241881
v -0.0338508703692025 0.0824189036738410 -0.0020053894292851 0.278431 0.458824 0.462745
vn -0.0001380981319495 0.0000768490879985 0.0008633398696276
v 0.1386137150142720 0.1019642930354059 0.0091840660074742 0.423529 0.580392 0.592157
vn -0.0000158693731310 0.0000245569319349 0.0015486918757986
v -0.0773635995183783 0.0530153645108254 0.0074795340378727 0.313725 0.478431 0.482353
vn -0.0000169520202838 0.0000153991466597 0.0012827543117875
v -0.0899215107627378 0.0431274953970621 0.0074703365741880 0.317647 0.486275 0.486275
vn 0.0004455009278080 -0.0000164168096993 0.0007506212314240
v 0.1622147929956337 0.0540926720245502 0.0040524234812256 0.360784 0.521569 0.525490
vn -0.0000017672844665 -0.0000114565217770 -0.0008112026833760
v 0.0112150536231769 0.0314988048233523 -0.0009395550122958 0.270588 0.443137 0.447059
vn 0.0000002213925874 -0.0000133837633016 -0.0007833105945072
v 0.0006057045647396 0.0382117047380281 -0.0010343609199011 0.356863 0.521569 0.529412
vn -0.0000014721866891 -0.0000202155463789 -0.0010189245790094
v 0.0114259928491911 0.0435722785989629 -0.0011421387760777 0.380392 0.541176 0.541176
vn -0.0000267015281256 -0.0000378235516013 -0.0010496488152792
v -0.1200363174723591 -0.0680493602635156 -0.0024256526320420 0.368627 0.533333 0.541176
vn 0.0000229360091832 -0.0000067289776729 0.0015523211896943
v 0.0798217787295180 -0.0140478109465898 0.0078671656587964 0.254902 0.439216 0.435294
vn 0.0000205715253266 -0.0000134530105320 0.0014709807425746
v 0.0826524818934947 -0.0297781099225751 0.0077140300664969 0.435294 0.603922 0.607843
vn 0.0000265630127403 -0.0000074519921424 0.0015946975212569
v 0.0972116952593066 -0.0171108702379356 0.0075771333816458 0.427451 0.600000 0.603922
vn 0.0000369633685270 0.0001521048619088 0.0008883466508299
v -0.0380163691665890 0.1040899397453502 0.0075705396856671 0.400000 0.568627 0.568627
vn 0.0000082090372786 -0.0000011431799780 0.0013624713878626
v -0.0253116331691248 0.0886974027716193 0.0073946628264384 0.270588 0.439216 0.447059
vn 0.0000081096008501 0.0001097818274267 0.0010618721452336
v -0.0247144219506611 0.1011354653377594 0.0073502746694530 0.321569 0.486275 0.498039
vn 0.0000115154565765 0.0000068526899100 0.0010474079694149
v 0.0580813998902532 0.0164847448332810 0.0081361392092298 0.364706 0.541176 0.545098
vn -0.0000124625543481 -0.0000132685110170 -0.0010295687177613
v 0.0986742347096698 0.0556678363304453 -0.0020334205569974 0.345098 0.517647 0.513725
vn -0.0000076545387732 -0.0000106239080806 -0.0006994983553681
v 0.0868616939509773 0.0570094596597006 -0.0019186425233924 0.427451 0.592157 0.596078
vn -0.0000091151745239 -0.0000309103863261 0.0015333528356308
v -0.0430578268761161 -0.0509592559851736 0.0078102107684250 0.372549 0.533333 0.537255
vn -0.0000050723011433 -0.0000111286927183 0.0006944386912409
v -0.0394217284464627 -0.0397200513696036 0.0080391609576840 0.203922 0.368627 0.364706
vn -0.0000427994688094 -0.0002782890878949 -0.0013169585306583
v -0.1040747090849921 -0.1019753570636610 -0.0008151017760272 0.427451 0.580392 0.588235
vn -0.0000111774634356 -0.0000478889700094 -0.0008459134232003
v -0.0938955389591105 -0.0920305344970189 -0.0018232942104049 0.411765 0.568627 0.572549
vn -0.0000385672579493 -0.0002161275095240 -0.0011453309987788
v -0.0844016125940371 -0.1013850401833593 -0.0013756874031276 0.345098 0.513725 0.513725
vn -0.0000079120646075 -0.0000073680274742 0.0009682237984143
v -0.0405587080638967 -0.0169875488635328 0.0083016831337203 0.443137 0.607843 0.607843
vn -0.0000079803038354 -0.0000134064804597 0.0010713802656946
v -0.0430925982911413 -0.0284903770931749 0.0081700306934642 0.431373 0.600000 0.603922
vn -0.0000079299004052 -0.0000027720994186 0.0012572688875035
v -0.0319870646795493 -0.0089075498158413 0.0084101800065274 0.384314 0.556863 0.568627
vn 0.0000004023787541 0.0000142427273069 -0.0017089579373424
v -0.0013156102024640 -0.0183208544585201 -0.0007769282747837 0.317647 0.505882 0.501961
vn 0.0000110746109210 0.0000757832665095 0.0011596570038440
v 0.0561420006186506 0.0892699284743405 0.0065050413629282 0.364706 0.533333 0.549020
vn 0.0000117687681849 0.0000968739936915 0.0008705005647293
v 0.0630851311801595 0.0989402451389305 0.0055786072768666 0.356863 0.525490 0.529412
vn 0.0000370610861239 0.0000210359337111 0.0013216896327418
v -0.1458091040098095 -0.0553221450719518 0.0076611044431643 0.352941 0.513725 0.517647
vn -0.0000080528356980 -0.0000251724678612 -0.0013732879558232
v 0.0365829480310136 0.0431525372955222 -0.0012355202284129 0.325490 0.498039 0.494118
vn 0.0001601992595670 -0.0000297071408702 -0.0008408692991090
v 0.1600201550961454 -0.0022012214001347 -0.0027674369214414 0.392157 0.564706 0.568627
vn -0.0000269669760506 -0.0000303304720240 -0.0011759088655017
v 0.1468939017637154 -0.0043488149808583 -0.0021654064091597 0.203922 0.388235 0.388235
vn 0.0000063636775137 0.0000112173788182 0.0014360694925467
v -0.1099597726664868 -0.0694135801138381 0.0068941575026367 0.490196 0.650980 0.658824
vn 0.0000386467568554 0.0000331917654919 0.0009443961346792
v -0.1273961901161400 -0.0671442466651961 0.0070914872275226 0.290196 0.462745 0.462745
vn -0.0000047197142031 0.0000843467357979 -0.0006052751188951
v -0.1462029910844066 0.0921751081180417 0.0001858731736143 0.290196 0.462745 0.466667
vn -0.0000230423273557 -0.0000189525588457 0.0017025994424139
v -0.0932135932844495 -0.0407342300431924 0.0074539762319077 0.345098 0.513725 0.513725
vn 0.0000123423953379 0.0000434814547791 0.0012387754063913
v 0.0179738285105751 0.0847209704028949 0.0071262499825971 0.105882 0.278431 0.274510
vn 0.0000971899061841 -0.0000087681640569 -0.0013711364191507
v 0.1190546129168684 -0.0892511517527945 -0.0015428392909829 0.470588 0.639216 0.639216
vn 0.0000478196238968 -0.0000534013501021 -0.0007751157310380
v 0.1294448390746652 -0.0842539015458369 -0.0010824322715050 0.415686 0.588235 0.596078
vn 0.0000909238593562 -0.0000234840152546 -0.0011958318007633
v 0.1370179496940835 -0.0928697591782447 -0.0000293616553470 0.152941 0.325490 0.321569
vn 0.0000203688093239 0.0000456141030957 -0.0015633272489365
v 0.1219884089166301 0.0758098438292962 -0.0022816822371702 0.168627 0.349020 0.352941
vn 0.0000021224048112 -0.0000024531299513 -0.0007885809742706
v -0.0121316407541087 0.0061573722428137 -0.0007225400071276 0.360784 0.529412 0.533333
vn 0.0000035751650274 -0.0000106154222047 -0.0010914100306264
v -0.0947936419443112 -0.0788337238403873 -0.0023561674949415 0.160784 0.333333 0.337255
vn 0.0000117156655072 0.0000174060213438 -0.0011597888595280
v -0.0966901673231489 -0.0657565758988749 -0.0021564048774115 0.454902 0.615686 0.619608
vn -0.0000042360473804 -0.0000170225900642 0.0007489711063030
v -0.0502125662379018 -0.0633205122263783 0.0075013487494482 0.396078 0.568627 0.560784
vn 0.0000782803124760 0.0000224819260843 0.0010533572675874
v 0.1485564475435143 0.0414054712860171 0.0055276973414510 0.333333 0.501961 0.498039
vn -0.0001126837927197 0.0000304693623671 0.0010097148372979
v -0.1531447569039680 -0.0278459880001991 0.0074116923102329 0.341176 0.509804 0.513725
vn 0.0000013251387217 0.0000416928705583 0.0014964055016611
v -0.1432775102741383 -0.0188868710503621 0.0069339575023037 0.200000 0.364706 0.364706
vn -0.0000053887425207 -0.0000067851818648 -0.0006530249689249
v 0.0438435974018223 0.0244845233766020 -0.0010244052075536 0.380392 0.556863 0.560784
vn -0.0000087670281838 0.0000168829096380 -0.0014411242435088
v 0.0328044489180124 -0.0265123603853342 -0.0009651679447722 0.329412 0.490196 0.501961
vn -0.0000043361208237 0.0000107857348933 -0.0012152203084027
v 0.0172102077243824 -0.0173281858696513 -0.0007978377002652 0.419608 0.576471 0.584314
vn -0.0000075687846783 0.0000053004976709 -0.0012563486429027
v 0.0284282318167563 -0.0096006696244647 -0.0008026638872450 0.427451 0.584314 0.588235
vn -0.0000040253459296 -0.0000026865046873 0.0006473927083670
v -0.1161148195583571 -0.0469283462458516 0.0070591856615209 0.360784 0.521569 0.525490
vn -0.0000067639892833 -0.0000453598861141 0.0019550883896146
v -0.0253316426071163 -0.0585081954868128 0.0077326227640405 0.352941 0.513725 0.521569
vn -0.0000013059095548 -0.0000473331916971 0.0018165460952245
v -0.0062690888234872 -0.0616100662504605 0.0076971147234661 0.341176 0.509804 0.509804
vn 0.0000093060541274 -0.0000090597981838 0.0013212259302819
v 0.0342932860799377 -0.0152614333182161 0.0083603242002261 0.313725 0.478431 0.482353
vn 0.0000139367168374 0.0000075981029865 -0.0009471191355105
v -0.0870814743435052 -0.0271766639782670 -0.0015591564227508 0.345098 0.517647 0.517647
vn -0.0000092041460446 -0.0000122338180046 -0.0008208583489031
v 0.0789095267175944 0.0481741881104256 -0.0016944567226541 0.447059 0.603922 0.607843
vn -0.0000089724901770 -0.0000188526977921 -0.0010074887470299
v 0.0660444200299626 0.0527405683314213 -0.0016377100970930 0.329412 0.498039 0.501961
vn -0.0000095410489920 -0.0000219207852430 -0.0011653448966523
v 0.0753551198886330 0.0600001074226752 -0.0018551946237540 0.341176 0.505882 0.509804
vn 0.0000039583422239 -0.0000321476895177 -0.0013630734080940
v -0.0186853943592952 0.0598306887354109 -0.0015145150031175 0.290196 0.458824 0.462745
vn -0.0000010647045833 -0.0000138199670690 -0.0009120997295703
v -0.0104441524241153 0.0747227995864961 -0.0018947447445759 0.215686 0.403922 0.403922
vn 0.0000005309555405 -0.0000204540048614 -0.0007934079161193
v -0.0075508335489419 0.0633980030092197 -0.0015848272705936 0.309804 0.482353 0.486275
vn -0.0003396138453219 -0.0000126190211804 0.0002573825323604
v -0.1622091583706921 0.0832774212311030 0.0072043466532578 0.203922 0.380392 0.384314
vn 0.0000088005065871 0.0000112544817289 0.0012603570165248
v -0.0124900063914878 0.0841677158756332 0.0072738982059535 0.529412 0.690196 0.690196
vn 0.0000067636697511 0.0000170026333602 0.0008427023208750
v 0.0053919705802442 0.0856342218644755 0.0071939566969452 0.298039 0.470588 0.478431
vn 0.0000671246939329 0.0001463889514117 0.0012448974986275
v -0.0036460022884462 0.0943788674638756 0.0071348280645974 0.427451 0.600000 0.596078
vn 0.0000026518125482 0.0000304451652479 0.0014817643767543
v 0.0032583282737666 0.0732374907531559 0.0073872703463185 0.192157 0.368627 0.356863
vn 0.0000242317109365 0.0000034928799028 0.0013976178259054
v 0.1060756664068627 0.0113189455682350 0.0074421736930564 0.250980 0.435294 0.431373
vn 0.0000010204373573 0.0000404273282869 -0.0011999383609469
v -0.0027774143177124 -0.0724439280565279 -0.0018256844124737 0.329412 0.501961 0.501961
vn 0.0000004950134128 0.0000315904609013 -0.0014143280184962
v -0.0023177004537169 -0.0549080930300012 -0.0013734815129108 0.380392 0.545098 0.549020
vn 0.0000023996384315 0.0000234855675235 -0.0012078165027161
v -0.0166713530399046 -0.0448226158635550 -0.0011784758601971 0.278431 0.450980 0.454902
vn 0.0000364934249078 -0.0000020363110046 -0.0014142460503181
v -0.1170093967119746 0.0544715709221446 -0.0022558473627054 0.337255 0.509804 0.509804
vn 0.0000084930296368 -0.0000090508980661 -0.0007312601071935
v -0.1071588255953511 0.0601451929416045 -0.0021927919790012 0.368627 0.537255 0.537255
vn 0.0000128222539562 -0.0000092685558353 -0.0009139561855867
v -0.1056259711136541 0.0460132050633994 -0.0020131993549055 0.329412 0.494118 0.494118
vn 0.0000423094226594 0.0000521903799053 -0.0008964475827606
v 0.1308083620789024 0.0872514663398575 -0.0012572683003036 0.403922 0.572549 0.588235
vn 0.0000177418957315 0.0000134684421763 0.0012996587573290
v 0.0883162947662468 0.0351910517503266 0.0075818104783974 0.388235 0.549020 0.564706
vn 0.0000157216635955 0.0000176472804256 0.0013212812796764
v 0.0960666855942613 0.0516767001264620 0.0072842680465975 0.294118 0.462745 0.466667
vn 0.0000087641753719 -0.0003746777963830 0.0000181347756927
v -0.1090280509084110 -0.1112140683728890 0.0035217956641735 0.325490 0.486275 0.490196
vn 0.0000114118667275 -0.0001772890583461 0.0009215647873641
v -0.1099626989684995 -0.1020010095571502 0.0088814949474246 0.439216 0.584314 0.592157
vn -0.0000131538358045 0.0000002737343602 -0.0007751658524826
v 0.0936472279088087 0.0008922325007828 -0.0015556156775278 0.207843 0.380392 0.384314
vn -0.0000337603864411 0.0000013834663694 0.0013183218952690
v -0.1145818581840387 -0.0030635676675310 0.0072961884508637 0.121569 0.286275 0.278431
vn -0.0000523151631876 0.0000148212573376 0.0014788354863908
v -0.1273768735880262 0.0058097371349761 0.0068188987755133 0.501961 0.670588 0.674510
vn -0.0000288313859225 0.0000140005603480 0.0013936573562395
v -0.1279601743368677 -0.0111413192831643 0.0069335497869164 0.141176 0.298039 0.282353
vn -0.0000103781863268 0.0000056898146574 -0.0008693387326038
v 0.0633326597886467 -0.0175056190477146 -0.0011636050900924 0.215686 0.388235 0.392157
vn -0.0000072892011422 0.0000054689907750 -0.0007397595850341
v 0.0517314748010100 -0.0194411163682696 -0.0010504731817619 0.356863 0.517647 0.521569
vn -0.0000153073926598 0.0000014710785388 -0.0014285380136676
v 0.0558415512817622 -0.0043547802084575 -0.0010204954769061 0.341176 0.509804 0.517647
vn -0.0000160030252402 0.0000067135064330 0.0011084381009434
v -0.0812634691089457 0.0190984504873691 0.0078178852310735 0.145098 0.305882 0.305882
vn -0.0000196981140582 0.0000018317838515 0.0013474617678127
v -0.0793418454237310 0.0035887124262028 0.0079048468540815 0.427451 0.584314 0.580392
vn -0.0000015102333592 -0.0000123079858092 0.0011227972222678
v 0.1177846926416337 -0.0588897763887779 0.0069243408211945 0.415686 0.568627 0.576471
vn 0.0000288482954031 0.0000096412667449 0.0018423716707127
v 0.0902036621717175 0.0180526898487186 0.0076874299640097 0.360784 0.525490 0.533333
vn 0.0000229575378392 0.0000021781202522 0.0015317764504102
v 0.0808540096629503 0.0035672020135305 0.0078820437859138 0.180392 0.349020 0.349020
vn 0.0000275477068206 -0.0000004037519629 0.0016245622923588
v 0.0961149823577559 -0.0011714020049875 0.0076351976292469 0.231373 0.407843 0.407843
vn 0.0000004669495816 -0.0000137451902504 0.0012552792319478
v -0.0483262734502715 -0.0803787137559393 0.0070973980570043 0.172549 0.349020 0.349020
vn -0.0000043604221429 -0.0000252349748327 0.0010425060385782
v -0.0407995568195561 -0.0700851134117159 0.0073873818056553 0.454902 0.619608 0.623529
vn 0.0000024618891220 -0.0000166847942819 -0.0011021299974561
v -0.0121550192361193 0.0323777462826134 -0.0009550546639057 0.337255 0.505882 0.509804
vn 0.0000014848782294 -0.0000275944312408 -0.0013261477077654
v -0.0080915301735638 0.0498730779580325 -0.0012654803700823 0.321569 0.490196 0.494118
vn 0.0000187967185357 -0.0000044396988937 -0.0012924449262802
v -0.0770730899216077 0.0112945125269061 -0.0013148635007250 0.384314 0.556863 0.564706
vn 0.0000169311627526 -0.0000038669779087 -0.0010268823321768
v -0.0912762170709951 0.0130488953270070 -0.0015398512476017 0.121569 0.274510 0.278431
vn 0.0000192603841007 -0.0000095222729970 -0.0012940278781405
v -0.0869896373848533 0.0257247988450916 -0.0015468905843997 0.482353 0.647059 0.647059
vn -0.0000027702554074 0.0000764978627182 -0.0009747147782553
v 0.0590624818394921 -0.0959958140699800 -0.0036404753869944 0.368627 0.533333 0.541176
vn -0.0000038670552571 0.0000693815031996 -0.0009051673051706
v 0.0476877066806921 -0.0867152425407174 -0.0027666556010254 0.360784 0.525490 0.529412
vn 0.0000027175690800 -0.0000275960699813 0.0010632738497706
v 0.0280970595613973 -0.0661127142530624 0.0075368964024373 0.490196 0.654902 0.662745
vn 0.0000035532572653 -0.0000222646502429 0.0010377548444823
v 0.0264899732375832 -0.0537287378982440 0.0078372720612869 0.301961 0.466667 0.470588
vn 0.0000029746497709 -0.0000392092178067 0.0015973486357262
v 0.0159808632540208 -0.0604797588562969 0.0077105841261810 0.321569 0.486275 0.490196
vn 0.0000011818073564 0.0000091026718120 -0.0008819449535544
v 0.1200173720331174 -0.0404905061572411 -0.0021848412256083 0.345098 0.505882 0.509804
vn -0.0000138586497573 0.0000116075696172 -0.0011805814847350
v 0.1103396958524982 -0.0488011808821414 -0.0021073218119547 0.305882 0.474510 0.474510
vn 0.0000062040875400 0.0000175510490824 -0.0009379970715995
v -0.0525174357813839 -0.0734531301756473 -0.0019858802918416 0.305882 0.470588 0.470588
vn 0.0000013854749286 0.0000330175815653 -0.0015517477920043
v -0.0403129055374372 -0.0730828207393962 -0.0019225791797412 0.443137 0.611765 0.615686
vn -0.0003014360022874 0.0000113061522928 0.0008451572406077
v -0.1595759693567705 -0.0394921237996973 0.0079446278728178 0.313725 0.486275 0.486275
vn 0.0000621195078154 -0.0002814328281648 -0.0008787800755019
v 0.1257633168116810 -0.1080674174847228 -0.0012365289883006 0.403922 0.568627 0.572549
vn 0.0000393643820772 0.0000205648159946 0.0009679507519888
v 0.1369185512304956 0.0216121214530671 0.0066898738011765 0.309804 0.470588 0.478431
vn -0.0000086517652430 -0.0000084583556638 0.0008315313130268
v -0.0555624811281785 -0.0272874150878343 0.0080704543462416 0.309804 0.482353 0.482353
vn -0.0000158551011374 -0.0000236797922712 0.0016446416800281
v -0.0585152913344281 -0.0394603705334288 0.0078855448774747 0.462745 0.635294 0.631373
vn 0.0001909781396858 -0.0001376704498662 -0.0001652758574937
v 0.1639953818085045 -0.1088640990035294 0.0064676605426197 0.333333 0.498039 0.505882
vn 0.0004616294178001 0.0000043115265034 -0.0000901584787003
v 0.1642417324261915 -0.0913371804694424 0.0041612485691648 0.407843 0.576471 0.576471
vn -0.0000162262062684 -0.0000086689356011 -0.0010704754629745
v 0.0919855660387103 0.0312199056180589 -0.0016667112554480 0.345098 0.505882 0.517647
vn 0.0000007344903104 0.0000210364987337 0.0008739482780485
v 0.0044016110698177 0.0599648238121313 0.0077389432840433 0.360784 0.529412 0.533333
vn 0.0000029410471415 0.0000323958686772 0.0013454291284942
v 0.0176487622150639 0.0614498423534010 0.0076834909479772 0.337255 0.501961 0.505882
vn -0.0000672106621201 -0.0000960885623260 -0.0011118010809287
v -0.1365031274958899 -0.0863581551114360 0.0000312658259707 0.501961 0.666667 0.674510
vn 0.0000892816543002 -0.0001685467582158 0.0010758159932008
v 0.1508361433013867 0.0857551458808372 0.0081851136954305 0.133333 0.298039 0.298039
vn 0.0001253124025553 -0.0000534258108706 0.0008455743558919
v 0.1549629547990019 0.0670606537236871 0.0053899213197345 0.368627 0.537255 0.537255
vn 0.0000067184605480 -0.0000243740662417 -0.0012872496683956
v -0.0348545207994227 0.0463150059040267 -0.0012838797229996 0.270588 0.439216 0.443137
vn 0.0000109544232720 -0.0000190570828439 -0.0014838154306898
v -0.0405620829639688 0.0314697744693762 -0.0010799114214645 0.392157 0.556863 0.556863
vn 0.0000103690313618 0.0002659776345020 0.0008120361752261
v -0.0513461791929147 0.1070933022111736 0.0078121431446415 0.447059 0.607843 0.611765
vn -0.0000109814388194 -0.0000044890439914 -0.0008388807018232
v 0.0725648588629777 0.0153370915853707 -0.0012698371608159 0.435294 0.596078 0.596078
vn -0.0000152917781549 -0.0000019689203969 -0.0011959844947601
v 0.0682982549648179 0.0042258906993441 -0.0011720838491055 0.368627 0.541176 0.537255
vn 0.0000007655017824 -0.0000240918250972 0.0011486863130952
v 0.0042627394645238 -0.0493662228211605 0.0079834943286539 0.345098 0.509804 0.509804
vn -0.0000064774166965 0.0000136432397311 0.0017292622322864
v -0.0344408221012302 0.0728542676073937 0.0073399066718715 0.427451 0.596078 0.600000
vn 0.0000026408512482 -0.0000211526394128 0.0015814604953919
v -0.0429384944055066 0.0914218710622015 0.0075094397219227 0.235294 0.411765 0.403922
vn 0.0006012902424888 0.0000416429683718 0.0005554148036659
v 0.1642296972109658 0.0000000000000000 0.0035925849999999 0.388235 0.556863 0.556863
vn 0.0001140961034946 0.0000623043164522 0.0011195461328282
v 0.1510960727041375 -0.0170458947833976 0.0073821267519818 0.435294 0.584314 0.588235
vn 0.0000096868082797 -0.0000219156855265 0.0011369356176078
v 0.0628948998733241 -0.0573992377286249 0.0075365102144811 0.133333 0.294118 0.290196
vn 0.0005380187541833 -0.0000010590757737 0.0001140047878894
v 0.1643297978943196 0.0729202734821651 0.0030421210088121 0.388235 0.552941 0.552941
vn 0.0000428238893776 -0.0004280533988104 0.0002450549183407
v -0.1233285186992863 -0.1110775903532529 0.0038503588709139 0.400000 0.564706 0.572549
vn 0.0000856091722050 -0.0002022016616766 0.0005288572160446
v -0.1315925911451374 -0.1080057137732244 0.0101150176828773 0.396078 0.568627 0.572549
vn 0.0000122755169467 0.0000098375728084 -0.0008782159766770
v -0.0869916507986440 -0.0398747058371632 -0.0016843612404547 0.325490 0.490196 0.490196
vn -0.0000081222119733 0.0000525796074969 -0.0013913550837941
v 0.0683975765367096 -0.0747844053641127 -0.0021043092175700 0.215686 0.388235 0.376471
vn 0.0000064033464341 -0.0000065308412501 -0.0006577289432455
v -0.0513960602373207 0.0261153671182858 -0.0011081480720384 0.356863 0.529412 0.533333
vn 0.0000135356982117 -0.0000084572407390 -0.0014555237343895
v -0.0490149884138240 0.0142691656566929 -0.0009882495106193 0.466667 0.623529 0.623529
vn 0.0000022608679931 -0.0000373168064231 -0.0012344673317255
v 0.1518082988482603 -0.0166577088401574 -0.0018805366078141 0.419608 0.572549 0.576471
vn 0.0000135902205350 -0.0000187541830424 -0.0013278733120223
v -0.0808497145814438 0.0707012526808261 -0.0021043126291600 0.360784 0.525490 0.525490
vn 0.0000083070324832 0.0000201350664457 -0.0014324090589624
v -0.0722146075940361 0.0833371849282574 -0.0021287329057628 0.352941 0.513725 0.517647
vn 0.0000020010558774 0.0000137275495086 -0.0010178706349597
v -0.0119787445196683 -0.0304879923987520 -0.0009272475041404 0.345098 0.513725 0.517647
vn 0.0000504935774430 0.0000195000392173 0.0009836707997089
v 0.1355407194414385 0.0356373474044216 0.0064434829303223 0.333333 0.490196 0.501961
vn 0.0000003898369263 -0.0000111078449065 -0.0009445642828887
v 0.0004185047562351 0.0261753756769585 -0.0008574493347669 0.345098 0.509804 0.505882
vn -0.0000479346871397 0.0000170327398013 0.0012405353299449
v 0.1455309583917084 -0.0592948105665660 0.0075542621800553 0.309804 0.474510 0.482353
vn 0.0000970233992433 0.0000300358571283 0.0007342768313267
v 0.1537693471984398 -0.0698560919342448 0.0083764989112271 0.407843 0.580392 0.584314
vn -0.0000372996970313 -0.0003545577178977 0.0000300717792394
v -0.1375674420758858 -0.1110817615282822 0.0046710020461346 0.333333 0.501961 0.509804
vn -0.0000234306959321 0.0000055841968748 -0.0013778846667212
v 0.0986276475912509 -0.0166082401829383 -0.0016787017415622 0.419608 0.592157 0.596078
vn -0.0000203589326602 0.0000032464904708 -0.0013140108077473
v 0.0850155830707593 -0.0066175227783272 -0.0014206516021343 0.329412 0.509804 0.513725
vn -0.0000374087337881 -0.0000127222891872 -0.0013197714194716
v 0.1203921253888335 0.0358127146606489 -0.0021715103813306 0.325490 0.494118 0.494118
vn -0.0000171410251143 -0.0000105996574342 -0.0011236558762047
v 0.1035484134011948 0.0403999410340238 -0.0019257936009650 0.325490 0.498039 0.498039
vn 0.0000056295859542 0.0000255001255975 0.0020710550818502
v 0.0131987351733931 0.0287559432936542 0.0083249119311026 0.270588 0.443137 0.447059
vn -0.0000009922079703 0.0000155186668477 0.0012914725157033
v -0.0065949646906218 0.0263461022012078 0.0083686238298191 0.396078 0.549020 0.556863
vn -0.0000299283364310 -0.0000165610165227 0.0013843904000937
v 0.1325191624851727 -0.0539151105192198 0.0072311050617246 0.329412 0.494118 0.501961
vn -0.0000081946843071 0.0000310851742674 0.0014136592193063
v -0.0457800434892239 0.0607867525060864 0.0075848518018639 0.384314 0.549020 0.549020
vn -0.0000160701336422 0.0000293598091572 0.0017572988645462
v -0.0619749775842012 0.0486827969043466 0.0077049546918068 0.403922 0.572549 0.572549
vn 0.0000035442762283 -0.0000191568436248 -0.0010127749372495
v -0.0213071835960983 0.0430101336009811 -0.0011595233051965 0.333333 0.501961 0.505882
vn -0.0000059336462471 0.0000851925825334 -0.0015200484939387
v 0.0293900595985476 -0.0780296572290974 -0.0020222902993962 0.137255 0.301961 0.294118
vn -0.0000044587300413 0.0000520978870180 -0.0008276250452211
v 0.0218699872209386 -0.0879219619386153 -0.0027342856529044 0.243137 0.435294 0.435294
vn -0.0000017999521875 0.0000449026927022 -0.0011607400788232
v 0.0137170456486445 -0.0728760034267894 -0.0018470636276337 0.494118 0.658824 0.666667
vn 0.0000445320453555 0.0000546726736623 0.0010557925051755
v -0.1407529808763881 -0.0691861277880720 0.0078971908459876 0.258824 0.431373 0.439216
vn 0.0000239172180084 -0.0000027959219962 -0.0012157140120510
v -0.1088713360065142 0.0074928276720057 -0.0018342444256045 0.356863 0.521569 0.525490
vn -0.0000149742416736 -0.0000024556879149 -0.0009795282864867
v 0.0822263021996588 0.0074001486773159 -0.0013791545921942 0.247059 0.423529 0.427451
vn -0.0000154555242372 -0.0000071679824405 -0.0010456362782785
v 0.0820118664535805 0.0225753093401233 -0.0014490331754387 0.333333 0.501961 0.505882
vn -0.0000282097846549 0.0000058892372349 0.0016964140669132
v -0.0953726277177032 0.0123760418839033 0.0076267243450951 0.176471 0.345098 0.345098
vn -0.0000141390201922 0.0000077942690349 0.0009462574260545
v -0.0873978516136861 0.0304654594438459 0.0076403214753238 0.462745 0.627451 0.635294
vn -0.0000220731541131 0.0000097444311659 0.0013735653002115
v -0.1002414125853270 0.0291045966632609 0.0074532301113857 0.345098 0.505882 0.513725
vn -0.0000138654928129 0.0000037642955080 0.0015340170467100
v -0.0451650311909340 0.0074206373721947 0.0083117922438235 0.227451 0.407843 0.407843
vn -0.0000016155491656 0.0000111485152677 -0.0008486324920591
v 0.0111902242611585 -0.0281735814709480 -0.0008949461982713 0.333333 0.494118 0.505882
vn 0.0002390805116823 -0.0001901246208845 -0.0013042518970434
v 0.1554544377530319 -0.0912103756859614 0.0011048308472690 0.407843 0.584314 0.576471
vn 0.0000152816315210 0.0000134920057760 0.0013314924365179
v -0.0368935697306704 -0.0893854501201020 0.0070068328220331 0.333333 0.509804 0.517647
vn 0.0000196248049382 -0.0002741337333778 0.0008999159885141
v -0.0456185435222871 -0.1069217144529555 0.0077115645318904 0.388235 0.545098 0.549020
vn 0.0000470802565230 -0.0000864916663992 0.0009254248018255
v -0.0311835927538209 -0.1032856177748987 0.0072191717824129 0.376471 0.549020 0.556863
vn 0.0000104222913282 0.0000089884078020 -0.0014186122114320
v -0.0570086073043055 0.0799100263784212 -0.0021671458428342 0.427451 0.588235 0.588235
vn -0.0000349838136442 -0.0000149828897360 -0.0009229892768976
v -0.1521949814081964 -0.0558742103973192 -0.0013721504099951 0.329412 0.498039 0.501961
vn 0.0000143330258490 -0.0000177905925098 -0.0012778067104643
v -0.0963201261969970 0.0567412859738074 -0.0020207206253912 0.352941 0.521569 0.521569
vn -0.0000199522398254 -0.0000112080342084 0.0014131128994889
v -0.1095048490443286 -0.0369083258328952 0.0072447945458210 0.345098 0.513725 0.521569
vn -0.0000029466648105 -0.0000079379487187 -0.0009908167965470
v 0.0112199480870644 0.0189360521221272 -0.0007946945727211 0.376471 0.537255 0.541176
vn -0.0000046811134372 -0.0000103439305792 -0.0010864874632047
v 0.0225914473876668 0.0247934840962347 -0.0008915453312746 0.380392 0.552941 0.552941
vn 0.0000298505729638 0.0000081361450579 -0.0012074066366503
v 0.1355716355261137 -0.0534803036472565 -0.0019096688606127 0.305882 0.474510 0.478431
vn 0.0000248475092509 0.0000003821366609 -0.0010424165658679
v 0.1463053768141797 -0.0406337207605748 -0.0015006227116701 0.349020 0.513725 0.513725
vn 0.0001007051634310 -0.0000087626686432 -0.0011895342630489
v 0.1557475280275865 -0.0543322240564033 -0.0012714602201424 0.325490 0.494118 0.498039
vn 0.0000003063915421 -0.0000114353040740 0.0012134101930957
v 0.0014038368860566 -0.0195359055038650 0.0084439272773567 0.349020 0.529412 0.529412
vn 0.0000784165318268 -0.0001667600494351 -0.0008460349918822
v 0.1148691133512186 -0.1010446541750377 -0.0022095218351831 0.172549 0.337255 0.337255
vn -0.0001336404026213 0.0000030006351046 -0.0007751556125305
v -0.1542200584249545 -0.0337588497294190 -0.0016222769497551 0.352941 0.517647 0.521569
vn -0.0005986564511202 -0.0000296813638836 -0.0000058865285379
v -0.1646090216555138 -0.0278694131597425 0.0032664363829303 0.368627 0.529412 0.537255
vn 0.0000035927060568 -0.0001706848322777 0.0009624010917551
v 0.0112798948545424 -0.1006395777510547 0.0060381275057798 0.352941 0.533333 0.541176
vn 0.0000149349148358 -0.0000478692313336 0.0010898195983306
v 0.0059660561745182 -0.0893660346283858 0.0065558154101508 0.149020 0.317647 0.317647
vn 0.0000154340645856 -0.0000026279847081 -0.0012341670917825
v -0.0641219643962747 0.0052041190035904 -0.0011206725944517 0.380392 0.545098 0.549020
vn 0.0003660744008927 -0.0001060337991275 0.0005386075377075
v 0.1624832303824796 0.0894273201754063 0.0080888466533912 0.203922 0.376471 0.380392
vn 0.0003135783740547 0.0000619362120326 -0.0006878944305285
v 0.1611406615068835 0.0875722698609723 -0.0007149754965988 0.317647 0.501961 0.494118
vn 0.0003407440247484 0.0000446540471598 -0.0001273023316495
v 0.1639028172114119 0.0984959039484123 0.0032246852819385 0.184314 0.356863 0.364706
vn -0.0005449022406328 0.0000006966932215 0.0003776921155370
v -0.1630509512611785 0.0306226592450486 0.0038422993681181 0.278431 0.443137 0.447059
vn 0.0000101003531246 0.0000488952702413 0.0017102805033120
v 0.0510194306691490 0.0714994165870256 0.0073044575874908 0.345098 0.521569 0.521569
vn 0.0000112912548560 0.0000546016692228 0.0010893135101560
v 0.0412746832459408 0.0852440984055033 0.0069164394250083 0.400000 0.564706 0.568627
vn 0.0000081846232270 0.0000456062731322 0.0016440986796971
v 0.0324117565404548 0.0727736960739078 0.0073487189291363 0.345098 0.509804 0.509804
vn -0.0000133696677224 -0.0004914992396115 0.0007375561378535
v 0.0526805507138123 -0.1071240294132030 0.0048401032804574 0.349020 0.509804 0.517647
vn -0.0000049071443237 0.0000275764542891 0.0015649968346569
v -0.0216495272985686 0.0380328597236467 0.0081600689767374 0.270588 0.443137 0.450980
vn -0.0000050676454685 0.0000130266964312 0.0012023684422756
v -0.0206599163662827 0.0237775493429350 0.0083595321441243 0.415686 0.576471 0.580392
vn -0.0000705968148720 0.0000898942534768 0.0012507890081417
v 0.1414709587676074 -0.0727744021372249 0.0079659052006517 0.490196 0.650980 0.658824
vn 0.0000345802411704 -0.0000581742035312 -0.0011137328143979
v 0.0297744789884748 -0.0974745081359073 -0.0034612934060020 0.380392 0.541176 0.545098
vn -0.0000170980420333 0.0000368546884676 -0.0010820221871205
v 0.0106079253922593 -0.0931420685549182 -0.0029403093465185 0.180392 0.349020 0.356863
vn 0.0000046235777480 -0.0000164550912058 0.0010031679570766
v 0.0271434180403804 -0.0412608289204333 0.0080816016332498 0.313725 0.482353 0.482353
vn -0.0000045150071473 0.0000404858073358 -0.0007829027682233
v 0.0062319357858131 -0.0821222308380104 -0.0022152987525124 0.388235 0.560784 0.564706
vn 0.0000132587975595 -0.0000085872724565 -0.0009693464730590
v 0.1380171829115330 -0.0261148574116566 -0.0017170801940433 0.329412 0.494118 0.501961
vn 0.0000061667797435 -0.0000127775975083 -0.0006959216521844
v 0.1490580419838922 -0.0294356593438693 -0.0015517000010746 0.356863 0.521569 0.529412
vn 0.0000599462060476 -0.0000012117584136 0.0010375351341754
v 0.1398008571573801 0.0499018682984123 0.0059268437141427 0.360784 0.521569 0.525490
vn -0.0001666803791660 -0.0000536150124408 -0.0006483040006870
v -0.1558338932147365 -0.0221965805667461 -0.0019472426609860 0.282353 0.447059 0.450980
vn 0.0000434913467631 -0.0000108132220909 -0.0008932110527593
v -0.1339693223877921 0.0172262235618602 -0.0028593836598067 0.274510 0.450980 0.450980
vn -0.0000733131937039 0.0003029226414588 -0.0010042956617471
v -0.1466259666848339 0.1038017327959582 0.0016114629278443 0.341176 0.509804 0.509804
vn 0.0000045751516170 0.0000229316796349 0.0012553115752278
v 0.0253782986440179 0.0445312055458261 0.0080303996851608 0.298039 0.462745 0.466667
vn -0.0003349672099138 -0.0000213538269276 0.0001308915277308
v -0.1638551190689069 0.0610522730943577 0.0025864155658511 0.356863 0.525490 0.529412
vn -0.0002321264475814 -0.0000709525800814 0.0005735559380495
v -0.1619853504050386 0.0717972552745078 0.0054652344399209 0.470588 0.627451 0.635294
vn 0.0000182888525532 0.0005306413582535 0.0006162904457938
v 0.0567705668172003 0.1089770451914546 0.0041752940135071 0.164706 0.345098 0.341176
vn -0.0000024006432922 0.0004284514690709 0.0000559157128627
v 0.0723863233902794 0.1109168597702504 0.0018225318753115 0.462745 0.619608 0.627451
vn 0.0000114269019288 0.0000823529985059 0.0011485695197954
v 0.0714842316661820 0.0886048518680666 0.0063776578504174 0.309804 0.486275 0.490196
vn -0.0000131330583941 -0.0000425861575919 -0.0010286249040018
v -0.0617803539504370 -0.0943775047400009 -0.0018475094193095 0.317647 0.490196 0.494118
vn -0.0000067963838625 -0.0001778069152946 -0.0007647066459914
v -0.0560718833044532 -0.1065337498405401 -0.0013362941601770 0.388235 0.549020 0.549020
vn -0.0000124254443624 -0.0000107180135867 -0.0009643277703803
v 0.0798685645236688 0.0351248798215492 -0.0015350510182975 0.235294 0.415686 0.423529
vn -0.0000121620148701 -0.0000112812292933 -0.0009237784461133
v 0.0906536535419021 0.0443560322543873 -0.0017866463068792 0.254902 0.423529 0.427451
vn -0.0005149045628655 -0.0000059893982851 -0.0000987312387742
v -0.1645991694661003 0.0502716183451499 0.0004030439135961 0.274510 0.439216 0.439216
vn -0.0000841782347519 -0.0000015237283596 -0.0011839561999106
v -0.1519773405925114 0.0489964595979918 -0.0041435472572161 0.368627 0.537255 0.537255
vn -0.0002705104069244 -0.0000073658774172 -0.0009162067391912
v -0.1604939968695877 0.0352272716971229 -0.0043485516195209 0.415686 0.568627 0.576471
vn -0.0000454996571793 0.0000057397488255 0.0009813936214646
v -0.1263759616857087 0.0196324895592642 0.0067811163900962 0.294118 0.466667 0.466667
vn -0.0000403194307892 0.0000053751820344 0.0015311728009100
v -0.1129655223828293 0.0165063513232109 0.0072993113579378 0.470588 0.635294 0.639216
vn -0.0000168590721944 -0.0000051114074811 -0.0007585027613737
v 0.1164381576291061 0.0241884251153705 -0.0020287155221186 0.380392 0.537255 0.545098
vn -0.0000298473195330 -0.0000110937744088 -0.0007563107505722
v 0.1319489148515875 0.0316293426146044 -0.0025487878868782 0.341176 0.505882 0.513725
vn 0.0000585955205086 -0.0000786280126839 -0.0009559674436476
v 0.1454723885536657 -0.0830317067131168 -0.0001737337214401 0.145098 0.313725 0.309804
vn 0.0000060062857038 0.0000397029714766 0.0008278113815534
v -0.0900555388976561 -0.0941384838462840 0.0075245442231570 0.372549 0.537255 0.537255
vn -0.0000012108177915 0.0000191903799560 0.0009341303686646
v -0.0902388021082804 -0.0814920472586218 0.0069492940137698 0.368627 0.541176 0.545098
vn 0.0000051057818415 -0.0000614922172870 0.0012996070065089
v 0.0409860491383928 -0.0744779057845805 0.0072729342042832 0.176471 0.360784 0.360784
vn 0.0000067132586994 -0.0000270840868104 0.0011391146013405
v 0.0526642337764194 -0.0668631886329967 0.0074057465601888 0.176471 0.349020 0.349020
vn -0.0000012672251318 -0.0000217355707722 -0.0008350428635370
v 0.0164207787544505 0.0751852262276848 -0.0019151175941809 0.349020 0.533333 0.549020
vn 0.0000236958220186 0.0000941555259758 -0.0010690561956152
v -0.1413727300917300 0.0731077504052448 -0.0024107107735342 0.184314 0.376471 0.376471
vn 0.0000004978192340 -0.0000063553627659 -0.0009932413258283
v -0.0032020501069830 0.0146949072223363 -0.0007504805213961 0.298039 0.478431 0.474510
vn 0.0000011555803605 0.0000162329527451 0.0006785839262941
v 0.0204784162555230 0.0730404336276679 0.0073726808463801 0.474510 0.619608 0.623529
vn 0.0000297987346418 -0.0005489938740470 -0.0000123379565901
v 0.0336746759702134 -0.1112629078338340 0.0010986344967227 0.349020 0.513725 0.517647
vn -0.0000027285286453 -0.0002079940865104 0.0016164746069551
v 0.0428451617750180 -0.0934518829371529 0.0059319900376283 0.352941 0.513725 0.521569
vn 0.0000666830360036 -0.0001608770139961 0.0008739603604141
v 0.0291016402128624 -0.1033793038062747 0.0055246869647118 0.329412 0.505882 0.505882
vn 0.0000063085070290 0.0002359337397142 -0.0012366953303480
v -0.0375124967760687 0.0984511138158762 -0.0016382109812986 0.443137 0.607843 0.607843
vn -0.0000022975048478 0.0000017301004126 0.0009754608843783
v -0.0122663961603548 0.0036970051758260 0.0085150698851274 0.447059 0.607843 0.615686
vn -0.0000213986445213 -0.0000049674963785 0.0010939792305843
v 0.1332251277481643 -0.0392036387769433 0.0074033435397779 0.360784 0.525490 0.533333
vn -0.0000021083437764 -0.0000169321401885 0.0019116346074500
v 0.1155347328971319 -0.0417811362595456 0.0071093283050330 0.329412 0.494118 0.498039
vn 0.0000090029654609 0.0004133231999974 0.0004845053374549
v -0.1168211151818851 0.1097990460413313 0.0082137839618659 0.317647 0.486275 0.486275
vn -0.0000105445066651 0.0002792016353002 -0.0004877867745615
v -0.1150582532846538 0.1088254408898753 0.0006191481126144 0.329412 0.494118 0.501961
vn -0.0000058553758893 0.0005232034868132 -0.0003604912127636
v -0.1019265854211889 0.1112766222260662 0.0035925850000000 0.494118 0.662745 0.662745
vn -0.0000013188293779 0.0000243276892863 0.0011507677059810
v -0.0049467627043860 0.0504671868041807 0.0079590894762189 0.325490 0.494118 0.498039
vn -0.0000005618849897 0.0000175969451092 0.0010561942378310
v -0.0016951042499412 0.0381290863242005 0.0081996046546137 0.349020 0.517647 0.521569
vn 0.0000023841285434 0.0000253411217201 0.0012830773239633
v 0.0095596424816959 0.0441501390253154 0.0080832568478178 0.376471 0.537255 0.541176
vn 0.0000076337733395 0.0000295196358646 0.0013477600531763
v 0.0403843298632378 0.0558058563289171 0.0077256680685164 0.329412 0.498039 0.501961
vn 0.0001948111827156 -0.0000736486059088 -0.0007699637105948
v 0.1565533870574656 -0.0797356665620757 0.0001738884093029 0.125490 0.282353 0.278431
vn 0.0000587845756656 0.0000303050557885 0.0008791404557218
v 0.1479884420268148 0.0153830549966792 0.0063497010552887 0.482353 0.647059 0.650980
vn 0.0000235168735886 0.0000195903454516 0.0009785741895358
v 0.1364014375260303 0.0098410552480008 0.0069735391436926 0.490196 0.658824 0.666667
vn -0.0000733225575178 -0.0000223794409420 -0.0013198717522484
v 0.1363398231823450 0.0430841026037616 -0.0029932403876549 0.392157 0.552941 0.556863
vn -0.0000222802734408 -0.0000016493287496 0.0017963758093898
v -0.0641904466057736 -0.0011213482240482 0.0081158350992631 0.360784 0.525490 0.533333
vn -0.0000003828439526 0.0000149126557356 -0.0005787551072777
v 0.0056955105806289 -0.0638922091303509 -0.0015956685027659 0.286275 0.458824 0.458824
vn -0.0000019203606979 0.0000226931012602 -0.0009616232095419
v 0.0151530196455518 -0.0564422605020612 -0.0014252338621276 0.270588 0.435294 0.443137
vn 0.0003261658255335 -0.0000046852502193 -0.0005185488027942
v 0.1599815570826449 0.0117360548044094 -0.0034684917427701 0.184314 0.352941 0.356863
vn 0.0003466047705859 -0.0000331272788630 -0.0008831661489845
v 0.1603511869096798 0.0256499964064224 -0.0040565842962716 0.454902 0.623529 0.627451
vn 0.0000104967533787 -0.0000095786091221 -0.0015394924104609
v -0.0328522034177725 0.0144065427073589 -0.0008569867678435 0.356863 0.525490 0.529412
vn 0.0000062247151999 -0.0000158423377248 -0.0011950278222028
v -0.0266157219161473 0.0300308232545073 -0.0009749174315747 0.301961 0.474510 0.474510
vn 0.0000048399970953 -0.0000112515967539 -0.0013508950326456
v -0.0174816146268571 0.0193945523866174 -0.0008170620789948 0.356863 0.521569 0.521569
vn 0.0000716030899925 -0.0001276729630061 -0.0008617671322938
v 0.0973685092788315 -0.1065456069391563 -0.0044138527025263 0.262745 0.427451 0.435294
vn 0.0000125849880422 0.0000025746521189 0.0009527149285874
v 0.0675517925685174 0.0066497500647531 0.0080644817891404 0.274510 0.447059 0.454902
vn 0.0000109047662272 -0.0000065018717880 0.0015021217158756
v 0.1128166290789584 -0.0246676004464125 0.0072668962936288 0.298039 0.462745 0.466667
vn -0.0000025992432544 0.0000046055224101 0.0010685512199054
v 0.1250217564877383 -0.0128992905765035 0.0072678611684916 0.129412 0.301961 0.301961
vn 0.0000205649006481 -0.0000010607689802 0.0014425462895492
v 0.1136296478783808 -0.0066313478787058 0.0073106427033691 0.470588 0.643137 0.647059
vn 0.0000032995583054 -0.0000184875568709 -0.0014624952866219
v -0.0241360952572600 0.0725707750346974 -0.0018581013732269 0.450980 0.619608 0.623529
vn -0.0000037590654958 0.0000010375133963 -0.0008886288274636
v -0.0250882093301715 0.0910636429177936 -0.0018182351839386 0.270588 0.439216 0.443137
vn 0.0000335352603006 0.0000125891759939 0.0008147417035139
v 0.1272967205508170 0.0449761317581479 0.0067000195624143 0.341176 0.505882 0.509804
vn -0.0000700652347264 0.0001781904086216 -0.0012633376524419
v -0.0991743421323420 0.0939078278162082 -0.0018853894441317 0.141176 0.301961 0.301961
vn -0.0000061257079833 0.0001580162856134 -0.0011052119301899
v -0.1133818213970480 0.0977290983045869 -0.0007559494074547 0.494118 0.658824 0.670588
vn -0.0000115243273381 0.0000012462219646 -0.0013923020942906
v 0.1181270577489343 -0.0191556853937016 -0.0020403436505524 0.247059 0.419608 0.419608
vn -0.0000772018768774 -0.0000012941713925 0.0010344312948436
v 0.1157478602699255 -0.0904945662017533 0.0074558823499111 0.470588 0.643137 0.643137
vn -0.0000385919825905 -0.0001553615900005 0.0010143333945103
v -0.1521847453365517 0.0832433437434995 0.0081242991734000 0.356863 0.525490 0.533333
vn 0.0000223840141078 0.0002203282744236 0.0010264124365675
v 0.0740777426232827 0.1035605548782611 0.0049496413981529 0.525490 0.674510 0.682353
vn 0.0000041743664626 0.0000504547357914 0.0005661849210484
v 0.0821184278813120 0.0932890415059913 0.0058579315597943 0.227451 0.407843 0.407843
vn -0.0000313842742817 0.0001521759632402 0.0010602022456327
v 0.0920555800551082 0.0993182362103863 0.0052712820005096 0.411765 0.572549 0.580392
vn -0.0000203650111383 -0.0000545701405823 -0.0013563868828474
v 0.0178882931238639 0.0903838382125789 -0.0022950033245060 0.207843 0.384314 0.392157
vn -0.0000130799744573 -0.0000244107700158 -0.0008788440003740
v 0.0027360890521400 0.0911618192625052 -0.0021153326590451 0.509804 0.674510 0.682353
vn -0.0000493176655227 0.0000684135783830 -0.0007218436072737
v 0.0058831142633174 0.1023611744282756 -0.0027399078984969 0.337255 0.501961 0.513725
vn 0.0000097963415933 0.0000239799692230 0.0012258471773288
v 0.0591274126130144 0.0547274844006596 0.0076191270601430 0.313725 0.478431 0.482353
vn -0.0000398774319650 -0.0000533164729955 -0.0009396524221311
v -0.1057963001623034 -0.0861430658144253 -0.0019517618263948 0.149020 0.325490 0.325490
vn -0.0000099461032433 0.0000070312167811 -0.0012116115487993
v 0.0413550591684376 -0.0138994827209530 -0.0009168026555676 0.317647 0.490196 0.494118
vn 0.0000166999391107 0.0000078841619725 0.0012256198760590
v 0.0710595667468888 0.0225454984742514 0.0079350748683339 0.431373 0.592157 0.600000
vn 0.0000086506479497 -0.0000231059271955 -0.0013631863344160
v -0.0698174869884445 0.0627743958263877 -0.0018605879779278 0.286275 0.458824 0.466667
vn 0.0000003764296078 -0.0000444817269530 -0.0009592641805705
v -0.0743620270598969 -0.0937973847311176 -0.0017777355608593 0.301961 0.478431 0.486275
vn 0.0000137543847566 0.0000198856278535 -0.0012774426844594
v -0.0791240005612359 -0.0502173777740801 -0.0017282720765919 0.466667 0.631373 0.639216
vn 0.0000101437348967 0.0000312950280148 0.0010700703527181
v -0.0530411163538977 -0.0922296578648065 0.0072257705638901 0.337255 0.509804 0.509804
vn -0.0000160271540800 -0.0000098090805402 0.0012831651229536
v -0.0685795120568526 -0.0210718145444670 0.0079784793283386 0.274510 0.447059 0.454902
vn -0.0000134171438916 -0.0000142296505369 -0.0013679013957895
v -0.0128446295127766 0.0901479237009506 -0.0019174212958901 0.384314 0.549020 0.556863
vn 0.0000258769950187 -0.0000287656964964 -0.0009167057071096
v 0.1174197627140112 -0.0740775856060408 -0.0024259320718391 0.266667 0.447059 0.447059
vn 0.0000535182752851 -0.0000552987751201 -0.0014687111139894
v 0.1312886687970247 -0.0729156767502988 -0.0019156678992444 0.400000 0.564706 0.572549
vn 0.0000039023936677 0.0000136238727045 -0.0009293788050818
v -0.0235116071238901 -0.0346465267383850 -0.0010258943648474 0.364706 0.533333 0.533333
vn 0.0000197246327696 -0.0000004871381656 -0.0011970194038668
v -0.0933879257336400 0.0003531128711263 -0.0015508812373948 0.360784 0.537255 0.541176
vn 0.0000217706742309 -0.0000195775113313 -0.0008311794308286
v -0.1405310138947214 0.0063718939596001 -0.0029341023750334 0.329412 0.494118 0.501961
vn 0.0000401896541304 -0.0000117560189798 -0.0010947097224941
v -0.1320679559432288 -0.0014745277701472 -0.0025354212909115 0.450980 0.615686 0.623529
vn -0.0000101398908455 0.0000019400459570 -0.0007569233247190
v 0.0688078704655667 -0.0073230138641762 -0.0011861679789519 0.349020 0.521569 0.517647
vn -0.0000069015408889 -0.0000342151889075 -0.0012856664794042
v 0.0445626426714470 0.0646390087402526 -0.0017318026074080 0.360784 0.525490 0.529412
vn -0.0000053312567717 -0.0000114593080373 -0.0008648772818715
v 0.0340341782957576 0.0310955060869005 -0.0010297121094035 0.384314 0.560784 0.560784
vn -0.0000040135737643 -0.0000165410707882 -0.0009778146587528
v 0.0222016954853694 0.0375781256878018 -0.0010673821139927 0.325490 0.498039 0.498039
vn -0.0000104785799082 -0.0000130800880514 -0.0009611576745789
v 0.0686991517678528 0.0412354117621331 -0.0014788409441849 0.427451 0.592157 0.596078
vn 0.0001155818159239 0.0001545943698159 -0.0007744932730504
v 0.1548167305977513 0.0998160379014187 0.0010813610413755 0.356863 0.529412 0.529412
vn 0.0000050518226713 -0.0000225723635008 0.0009884412225306
v 0.0400896496484930 -0.0602201491379711 0.0076289505722302 0.450980 0.623529 0.627451
vn -0.0000123544837446 -0.0000096824419161 -0.0010199357034627
v 0.0664760320982839 0.0255644796007364 -0.0012668214892348 0.219608 0.403922 0.407843
vn -0.0000049421074021 0.0000150179625244 0.0009205423551248
v -0.0335292548535869 0.0380884817735094 0.0081018393051433 0.380392 0.545098 0.552941
vn 0.0000162615592471 -0.0000098086320276 0.0016487618239315
v 0.0524621905543558 -0.0154222638801403 0.0082028371937503 0.352941 0.517647 0.525490
vn 0.0000174160057584 -0.0000042731268494 0.0013641668079670
v 0.0657928880364009 -0.0077928863013404 0.0080839958941046 0.372549 0.537255 0.541176
vn 0.0000236792912586 0.0003254509196708 -0.0001114846141121
v -0.0417945344095448 0.1112089274149958 0.0038358722425140 0.341176 0.505882 0.509804
vn -0.0000054580988482 -0.0000096186196278 -0.0006723290650481
v 0.0466094034072521 0.0359846444093357 -0.0011898051177770 0.431373 0.596078 0.603922
vn -0.0000025804930785 0.0000079314255173 -0.0010855256099646
v -0.1143425354171339 0.0689480613502063 -0.0023773590370888 0.403922 0.568627 0.584314
vn 0.0000817340133247 0.0000296541254253 -0.0015961294680535
v -0.1332560435289128 0.0535790961314387 -0.0029837136990292 0.329412 0.498039 0.498039
vn -0.0000068529870918 0.0000337280230912 -0.0014553851128667
v 0.0369795035003835 -0.0629733036442064 -0.0016553830284553 0.435294 0.607843 0.611765
vn -0.0000109313648487 0.0000279163755183 -0.0014881415141783
v 0.0519876930937379 -0.0509526330731614 -0.0014864635417507 0.466667 0.631373 0.635294
vn -0.0000145019965490 -0.0000001855427416 0.0012532632589797
v 0.1303580972737608 -0.0247559827942788 0.0073745905382910 0.356863 0.525490 0.529412
vn -0.0000088758308291 0.0000255338666550 -0.0014355392016490
v 0.0368487106536606 -0.0461009934770962 -0.0012918291744659 0.282353 0.447059 0.458824
vn -0.0000002661936864 -0.0000385354678391 0.0010727545084597
v 0.0054720763786229 -0.0731007392093039 0.0073904600718687 0.447059 0.607843 0.619608
vn -0.0000304804040657 -0.0000877791303376 0.0013960042242966
v -0.1339197560270939 0.0699459068770183 0.0065981376575037 0.137255 0.305882 0.298039
vn -0.0000125449036088 0.0000266958964582 -0.0014336199829948
v 0.0664789444935222 -0.0543981177340060 -0.0016726743789850 0.137255 0.301961 0.294118
vn -0.0000122315963616 0.0000103632189345 -0.0008916693894113
v 0.0976845138357363 -0.0472078643847169 -0.0019154013802309 0.384314 0.545098 0.549020
vn -0.0000081786603308 0.0000100037379630 -0.0007035764528694
v 0.0876867462844570 -0.0534145795588123 -0.0018730577208392 0.419608 0.572549 0.580392
vn -0.0000111617692637 0.0000084676762466 0.0019233514125867
v -0.0280404285806380 0.0115432660214361 0.0084216842908737 0.298039 0.470588 0.470588
vn 0.0001693407806627 0.0000847294026280 0.0005192752588139
v 0.1596508223045468 0.1060967230480016 0.0117524318273026 0.505882 0.682353 0.674510
vn -0.0000193086542529 -0.0000277399417028 -0.0011981270038790
v -0.1077441648776499 -0.0731582353071730 -0.0023684546632241 0.427451 0.592157 0.600000
vn -0.0000635609287678 0.0001508132460414 -0.0009133240659962
v -0.0217818175933391 0.1029500395347096 -0.0020091559842625 0.341176 0.509804 0.521569
vn -0.0000442955893827 0.0004549020570841 -0.0000463004726383
v -0.0285498264573701 0.1112250803090643 0.0033945079332321 0.423529 0.584314 0.588235
vn -0.0000028110673009 0.0003316840501972 -0.0002974551297456
v -0.0146658572088334 0.1104249996019705 -0.0004454839100523 0.345098 0.517647 0.517647
vn -0.0000029226146123 0.0003432162073426 -0.0006199473994926
v -0.0884185940109453 0.1082120755958835 -0.0008923062163885 0.360784 0.541176 0.541176
vn 0.0000060197897421 -0.0000430556202517 0.0007811473453334
v 0.0275928531671420 -0.0794605835399693 0.0071773917776125 0.137255 0.298039 0.294118
vn 0.0000102953101367 -0.0000550279047242 0.0008022399360537
v 0.0316985631409193 -0.0902691689150579 0.0062760830357597 0.407843 0.576471 0.580392
vn -0.0000040682296105 0.0000217828223627 -0.0010331814770755
v 0.0244356197367694 -0.0479872572088413 -0.0012677253238477 0.317647 0.486275 0.490196
vn -0.0000048602746998 0.0000169534727484 -0.0011331575745598
v 0.0208462252771476 -0.0359573671974456 -0.0010358268736315 0.349020 0.513725 0.521569
vn 0.0000267932449841 -0.0000117793972824 -0.0006774683838680
v 0.1394588748839616 -0.0645265138018858 -0.0019905035688697 0.337255 0.501961 0.509804
vn 0.0000114220459424 -0.0000141535272201 -0.0009743767131716
v -0.1313694710569660 -0.0134489891206670 -0.0023647742467938 0.121569 0.286275 0.266667
vn 0.0000250136170951 -0.0000014450488655 -0.0010322460324873
v -0.1198927440607138 -0.0122186313845843 -0.0020535482491815 0.290196 0.482353 0.470588
vn 0.0000659662121573 0.0000497350466039 -0.0010180601686434
v 0.1048664953189636 -0.0936990458336287 -0.0027959909785368 0.494118 0.658824 0.662745
vn 0.0000188400948271 0.0000263511233622 -0.0017227658814043
v 0.1037696066118832 -0.0766872500336546 -0.0023874232139367 0.235294 0.415686 0.415686
vn -0.0001737686290035 -0.0000476852633531 0.0008272108071243
v -0.1563554339376158 0.0583496347672581 0.0048755847007187 0.349020 0.517647 0.521569
vn -0.0000519054444239 -0.0001221549090196 0.0011883091106758
v -0.1493226513068496 0.0692932806884859 0.0061240869594044 0.270588 0.454902 0.458824
vn 0.0000097045296066 0.0000249170416240 -0.0012385222872882
v -0.0666182487777888 -0.0593953616628112 -0.0017674695520650 0.129412 0.298039 0.301961
vn -0.0000790274951395 0.0000731502247485 0.0014579923037066
v 0.1254514868433418 -0.0812147925445930 0.0077210032111970 0.498039 0.658824 0.666667
vn 0.0000275265017183 -0.0000851188392197 0.0013054071737940
v -0.1202280685094671 0.0768652878251010 0.0070760215978735 0.149020 0.325490 0.317647
vn -0.0000141085583440 0.0000112606562289 -0.0011040567569605
v 0.0726715212121360 -0.0286559102793917 -0.0013743672527135 0.325490 0.494118 0.494118
vn -0.0000159050733017 0.0000183949095628 -0.0013518486298201
v 0.0803687850993259 -0.0442015299485934 -0.0016548302711239 0.192157 0.360784 0.360784
vn 0.0000253683718198 0.0000028607295406 -0.0013926155485377
v -0.1045240085413973 -0.0060958797208756 -0.0017520815124619 0.372549 0.549020 0.552941
vn 0.0000253208399327 -0.0000011701480257 -0.0009053903955495
v -0.1205563496369108 -0.0006910428138046 -0.0020688357899242 0.239216 0.423529 0.423529
vn -0.0000347756591991 0.0000553662126086 0.0008767621907304
v 0.1020466981399080 0.0931951847618271 0.0060029483492091 0.305882 0.478431 0.478431
vn 0.0000038565433809 0.0000799489406713 0.0015038949637401
v 0.0871938963969456 0.0828683515024571 0.0066968939035813 0.317647 0.505882 0.509804
vn 0.0000869064452166 0.0000465598287038 -0.0009054653420960
v 0.1022503017550572 0.1037089361220057 -0.0037852769524026 0.372549 0.541176 0.545098
vn 0.0001561076735566 0.0001746973309849 -0.0016280968953997
v 0.1197888836873382 0.0953862825209173 -0.0019248315053874 0.305882 0.482353 0.482353
vn -0.0000064916359836 -0.0000295436115731 -0.0015536698483170
v 0.0029434020534570 0.0775625985906192 -0.0019723017671417 0.113725 0.270588 0.262745
vn -0.0000160263418953 -0.0000015212851594 0.0009753788006961
v -0.0877698455782122 -0.0048397593805780 0.0077718704616256 0.384314 0.545098 0.549020
vn 0.0000055669691585 -0.0000114587609990 -0.0013426939036228
v 0.1304041553542650 -0.0159548770700115 -0.0018800781206878 0.298039 0.478431 0.482353
vn 0.0000087006972146 0.0000041174701891 -0.0010282858665999
v 0.1250804947989130 -0.0292874752215951 -0.0019907437825875 0.329412 0.498039 0.498039
vn -0.0000278305043586 0.0005009455898458 0.0004113293262669
v 0.0894169865041542 0.1107278765155958 0.0022260778457182 0.345098 0.509804 0.517647
vn 0.0000084674586551 0.0005605169842758 0.0003085152057266
v -0.0000604177144227 0.1112819049901965 0.0018223735384355 0.262745 0.435294 0.431373
vn -0.0000005695350493 -0.0000269161170395 -0.0011161809015485
v 0.0032647291032485 0.0589558265475818 -0.0014702911031532 0.356863 0.521569 0.525490
vn -0.0000004756890147 0.0000177767727349 0.0006962627019094
v -0.0062523608409572 0.0648205032630486 0.0076145327259159 0.301961 0.482353 0.482353
vn -0.0000353980208880 0.0000317107882568 0.0012241659868390
v 0.1285219599899766 -0.0675540681852739 0.0069253208340623 0.278431 0.450980 0.454902
vn -0.0000011845714256 -0.0000212640027858 -0.0008188356484160
v 0.0137249319404094 0.0639256415344686 -0.0016063888219646 0.337255 0.505882 0.513725
vn 0.0000100092577096 0.0000195330985270 0.0011926227191645
v 0.0490981188027476 0.0438834885605329 0.0078979870266184 0.317647 0.478431 0.486275
vn -0.0000075286176374 0.0000074423786895 -0.0006933661738936
v 0.0590219451906302 -0.0286708775625150 -0.0012144259894106 0.313725 0.474510 0.478431
vn -0.0005996235974103 0.0000366535759816 0.0001148801250291
v -0.1642975918806542 0.0106292833540441 0.0028929681318939 0.400000 0.564706 0.564706
vn 0.0000092847998650 0.0000062669892020 0.0006363080648075
v 0.0994560513384045 0.0400206051693987 0.0073717263525583 0.364706 0.537255 0.537255
vn 0.0000759398285728 -0.0000657461273684 -0.0010238707412437
v 0.1493700430318644 -0.0706947749668225 -0.0010646401876816 0.486275 0.658824 0.658824
vn -0.0000113667790008 0.0000046266087634 -0.0007943688479969
v 0.0762390402679366 -0.0161758072032878 -0.0013258494635247 0.282353 0.466667 0.462745
vn 0.0000266761862044 -0.0000537500077497 0.0010432661037108
v -0.1017185182430906 0.0922975396648801 0.0073466454232558 0.152941 0.321569 0.325490
vn -0.0000063715040344 -0.0000356333170618 0.0013896238569533
v -0.0886762187783729 0.0859579027571951 0.0070657110836444 0.447059 0.603922 0.607843
vn -0.0000092302619013 -0.0000261363403254 -0.0012879165570890
v 0.0545091160760475 0.0552651592976207 -0.0015895292513117 0.333333 0.498039 0.501961
vn -0.0000164213564671 0.0000228265521925 -0.0015462105207189
v 0.0953705225780930 -0.0630663801091246 -0.0021031882952828 0.392157 0.560784 0.560784
vn 0.0000026622074567 -0.0000560761249078 0.0012994942920395
v 0.0932225340667822 -0.0807224849241121 0.0068304360207355 0.231373 0.403922 0.407843
vn 0.0000243792607527 -0.0000139147507126 0.0015977003005519
v 0.0990421022264040 -0.0332178648470612 0.0074398565671142 0.321569 0.486275 0.490196
vn -0.0003023718453496 -0.0000002113324424 -0.0004293286811792
v -0.1585875389121581 0.0238070075256185 -0.0039573610992800 0.372549 0.533333 0.541176
vn -0.0000015810387870 0.0000193074793175 -0.0010092028688047
v 0.0115640274953693 -0.0444135571520046 -0.0011581735157385 0.384314 0.541176 0.549020
vn 0.0000536972258363 0.0003174513777546 0.0006444289734776
v -0.0139201590749997 0.1072736910928736 0.0067895923094454 0.337255 0.509804 0.509804
vn 0.0000200926412016 0.0001395293945951 -0.0008434280015002
v 0.1319376790939124 0.1015447187446432 -0.0007962970394711 0.333333 0.498039 0.505882
vn 0.0000513850702847 0.0001629916202434 -0.0013376191413160
v -0.0845291920237976 0.0946295708858838 -0.0017583789305201 0.305882 0.498039 0.498039
vn 0.0000102875472840 0.0000112564873339 0.0009659624849109
v 0.0623858667901803 0.0304006198262558 0.0079637645708900 0.152941 0.317647 0.317647
vn -0.0000100144768348 -0.0000538257099700 -0.0008476734075815
v 0.0398277717885628 0.0896570313664806 -0.0025669162400360 0.388235 0.556863 0.564706
vn -0.0000124738479092 0.0000181256232748 -0.0012361547634149
v 0.0633466233266156 -0.0398271213182333 -0.0014011910606391 0.427451 0.596078 0.600000
vn 0.0000128548721972 0.0000190198281052 0.0012467086152143
v 0.0689672514484055 0.0400744693785988 0.0077683563693639 0.400000 0.568627 0.572549
vn -0.0000270999328014 0.0003381897824508 0.0009048639100401
v 0.1076028770469798 0.1084132085188401 0.0055325356027855 0.392157 0.556863 0.560784
vn 0.0000919625043660 0.0005069017390000 -0.0005568640855432
v 0.1051574529314917 0.1107100858496350 -0.0012485751811641 0.411765 0.572549 0.580392
vn 0.0000310595238281 -0.0000496281296366 0.0007569667721559
v -0.1115317299904524 0.0852496262091343 0.0072976353676474 0.117647 0.278431 0.278431
vn 0.0000015770241424 0.0000487412313417 0.0013405964529468
v -0.0772678329352967 -0.0949773619040724 0.0075364139887760 0.309804 0.478431 0.486275
vn 0.0000064614605787 0.0000098175596758 -0.0006214429224889
v -0.0864797281445540 -0.0596005607256448 -0.0019560059077368 0.431373 0.603922 0.607843
vn 0.0000641365546467 -0.0000157060517475 0.0008008128069264
v 0.1505792041264797 0.0555844938863125 0.0051888245707743 0.372549 0.541176 0.541176
vn -0.0000234429384835 -0.0000024850005676 0.0013431103752516
v -0.0994623233870774 -0.0071491328216418 0.0075699711761183 0.403922 0.572549 0.580392
vn 0.0000054803213575 0.0000336749923811 0.0008667489638873
v 0.0614247504588988 0.0781875259518188 0.0070893781088161 0.392157 0.541176 0.552941
vn 0.0000288287831707 0.0000430923815901 0.0007070641658786
v -0.1533257373801688 -0.0649951790724224 0.0080597593833295 0.403922 0.564706 0.568627
vn -0.0000270558493374 -0.0000069671349629 -0.0011390408983794
v -0.1287076194883339 -0.0600078538854536 -0.0021072423194902 0.294118 0.462745 0.466667
vn 0.0000166007031992 0.0000041030128563 -0.0010285651331250
v -0.1123456978697821 -0.0209567682369240 -0.0019396954118865 0.349020 0.513725 0.517647
vn -0.0000116856686983 0.0000196599278265 -0.0014556287545545
v 0.0473163240014580 -0.0311563574737169 -0.0011299700406600 0.317647 0.486275 0.490196
vn 0.0000105013403740 0.0003255120834536 -0.0009536618027166
v 0.0863971034115725 0.1063205318953838 -0.0045881308990318 0.337255 0.505882 0.509804
vn 0.0001375914016554 -0.0001959390788467 -0.0008232088486790
v 0.1393082897644615 -0.1063901099628554 0.0000984736431484 0.360784 0.525490 0.533333
vn 0.0000035894093303 0.0000191117420875 0.0008504727932556
v 0.0283971487583005 0.0561334823209407 0.0077760990538172 0.368627 0.533333 0.537255
vn -0.0000309181744925 -0.0000034015744495 0.0017696671225442
v -0.1140237564215607 -0.0208105158857419 0.0072636579556698 0.329412 0.501961 0.505882
vn -0.0000044470062328 -0.0000080651750445 -0.0007012018705638
v 0.1336311888356923 -0.0036645238498316 -0.0019809288961591 0.160784 0.329412 0.329412
vn 0.0000148352723579 0.0000119881662428 0.0011073066415429
v 0.0772639064116757 0.0321752202733293 0.0077639229876696 0.270588 0.450980 0.450980
vn -0.0000107988143533 0.0000217191192656 -0.0012083544082384
v 0.0794080541881817 -0.0617776568352537 -0.0019246124547398 0.360784 0.529412 0.529412
vn -0.0000020356779199 0.0000062584839497 0.0009071230304040
v -0.0064950726355241 0.0142857536220217 0.0084817302689364 0.286275 0.466667 0.462745
vn -0.0000104448535089 -0.0000052288881420 0.0009449992383138
v -0.0561213293109447 -0.0147751023880030 0.0081682817309974 0.247059 0.427451 0.431373
vn -0.0000085065620354 -0.0000157689640908 -0.0009729264968595
v 0.0565716930089350 0.0431609745701667 -0.0013867458055339 0.400000 0.568627 0.576471
vn -0.0000611427617094 -0.0000204440164533 -0.0011678617689817
v 0.0417775609653252 -0.0971274189365639 -0.0036005430951234 0.317647 0.494118 0.494118
vn -0.0000249072208096 -0.0002814317763941 -0.0005206180370203
v 0.0490623726750813 -0.1066248206429976 -0.0043028362745299 0.352941 0.513725 0.521569
vn 0.0000035006025663 0.0000115113173778 -0.0013119820364341
v 0.1157906787966424 -0.0603329097852003 -0.0022986446982555 0.400000 0.556863 0.564706
vn -0.0000007869841970 0.0000236177971293 0.0014801076590755
v -0.0162224926029587 0.0709577340167373 0.0074382099624386 0.203922 0.400000 0.388235
vn -0.0000068081553928 0.0000368665022656 0.0016684415190380
v -0.0285910129728454 0.0557614920262702 0.0077837306705406 0.352941 0.525490 0.525490
vn -0.0000023296043868 0.0000124447288855 0.0010779780335639
v -0.1313890133821989 -0.0233788559956747 0.0069890737822910 0.372549 0.545098 0.549020
vn 0.0000099322384921 0.0000643785509593 0.0009956309681422
v -0.1481899078549570 -0.0778829823758390 0.0092035674918759 0.254902 0.435294 0.439216
vn 0.0000116121936989 0.0000527916706823 0.0009605148334894
v 0.0294914245785867 0.0905793564050136 0.0067716117385411 0.149020 0.313725 0.309804
vn -0.0000382351402507 0.0000758959736882 -0.0007739129511805
v -0.1252220578689464 0.0972273156168954 -0.0001103457540724 0.447059 0.619608 0.619608
vn -0.0001096835116071 -0.0000354770887879 0.0011916420846377
v 0.1272571964887142 -0.0989458140872541 0.0084309297325899 0.184314 0.356863 0.356863
vn 0.0000002737196049 0.0000220448170922 -0.0013278125566176
v 0.0019025479214794 -0.0363929826401982 -0.0010042585456897 0.337255 0.501961 0.505882
vn 0.0000099830959546 -0.0000555951843073 0.0008974585101714
v 0.0202203489420969 -0.0919260302870212 0.0062642996769910 0.313725 0.505882 0.505882
vn -0.0000165764166450 -0.0000358658118813 -0.0014758211637804
v -0.1444113790962140 -0.0245918741448961 -0.0021279480914781 0.298039 0.466667 0.466667
vn -0.0000618301464419 0.0000086032461357 0.0011470029402060
v -0.1317840299112900 0.0323718237098309 0.0063841219502974 0.349020 0.509804 0.517647
vn -0.0000463090425743 0.0000010762365628 0.0008341491055297
v -0.1347015208183338 0.0442021028589741 0.0061680388956099 0.349020 0.517647 0.513725
vn -0.0000023681168229 0.0000212245630438 0.0009423080452537
v -0.0156962396312732 0.0579003996403301 0.0077743377235640 0.333333 0.498039 0.505882
vn 0.0000516993716420 0.0000232486480497 0.0007156135016760
v 0.1553716948804831 -0.0284788003972155 0.0076743108024480 0.368627 0.533333 0.533333
vn 0.0000071188944466 -0.0000275173581017 -0.0009854820789474
v -0.1424526157913800 -0.0065237130632527 -0.0026503045894883 0.482353 0.650980 0.662745
vn 0.0000465202354636 -0.0003633550564152 0.0006763482975393
v -0.0192545344484431 -0.1103173551668385 0.0052099787866315 0.239216 0.400000 0.400000
vn 0.0000004002497851 -0.0000472863050405 0.0010638047555488
v 0.0152768739965131 -0.0806174155118485 0.0071466853990444 0.286275 0.466667 0.458824
vn 0.0000246529029835 0.0000060206829492 -0.0009726036872141
v 0.1331757423705946 -0.0385398826087270 -0.0018305242190569 0.352941 0.517647 0.525490
vn -0.0000105837744914 0.0000096108868597 0.0009469985523873
v 0.1432130964357921 -0.0275520821708336 0.0076023618104874 0.352941 0.521569 0.521569
vn 0.0000101420924323 0.0000241302542646 0.0012402280439705
v 0.0955055101352665 0.0680893686753435 0.0070516665979889 0.415686 0.580392 0.588235
vn 0.0002250651599746 -0.0000174541686749 -0.0002663341495631
v 0.1620828806931207 0.0384098339803618 -0.0039516669823099 0.309804 0.478431 0.482353
vn -0.0000354707501336 -0.0001684620857809 -0.0009921210273261
v 0.0004532706156317 -0.1010947812691651 -0.0029243679505538 0.262745 0.454902 0.454902
vn 0.0000334960076506 -0.0003942674702686 -0.0002034169029935
v -0.0067140735134146 -0.1107925442161445 -0.0001003057594843 0.376471 0.549020 0.556863
vn -0.0000119978685193 0.0000007358748704 0.0006628877669209
v -0.1061292363758570 0.0060889756828884 0.0074516293384910 0.192157 0.360784 0.364706
vn -0.0000026918024127 0.0000221922047959 -0.0008883290934776
v 0.0243256308338272 -0.0655192262346478 -0.0016718117939647 0.494118 0.658824 0.670588
vn -0.0000421567024041 0.0000899125622554 0.0012315084388075
v -0.1468148132097956 0.1000145921786421 0.0105170727937344 0.282353 0.450980 0.454902
vn -0.0000495544930787 -0.0000775429205495 0.0009494616716152
v 0.1502409524615833 0.0980855923600142 0.0099426282216684 0.443137 0.607843 0.611765
vn 0.0000009229679675 -0.0000205095894795 0.0005322544389678
v 0.0811086007492387 -0.0765377779660498 0.0070119178858926 0.286275 0.466667 0.462745
vn -0.0000088749275797 -0.0000103164017485 -0.0008746409900067
v 0.0553144596177502 0.0284316737863367 -0.0011727419167569 0.254902 0.427451 0.423529
vn -0.0000211841665981 -0.0004086892014110 -0.0000250297353272
v -0.0340771934757732 -0.1109217765169673 0.0046117987305820 0.262745 0.431373 0.435294
vn 0.0000171124553995 0.0000023790803111 -0.0010768054167719
v 0.1238739058136557 -0.0516835335139656 -0.0022134252019661 0.337255 0.498039 0.505882
vn -0.0000089685314756 -0.0000019416197877 0.0009447960975458
v -0.0454153458506074 -0.0062552663753679 0.0083129432064500 0.352941 0.521569 0.525490
vn 0.0000007875366563 0.0001103948916219 -0.0008665789467105
v -0.0057054772709755 0.1010727348892352 -0.0023340133761361 0.290196 0.466667 0.466667
vn -0.0000071954018102 -0.0003193442205807 -0.0005171653620769
v 0.0614746068678120 -0.1075168436602704 -0.0044214925493214 0.329412 0.494118 0.498039
vn 0.0000413998236876 0.0000977060058374 0.0009593899913945
v -0.1077382545067988 0.1023317337892390 0.0085510453290924 0.482353 0.647059 0.654902
# 780 vertices, 0 vertices normals

f 1//1 2//2 3//3
f 4//4 5//5 6//6
f 7//7 8//8 9//9
f 10//10 11//11 12//12
f 13//13 14//14 15//15
f 16//16 17//17 18//18
f 19//19 20//20 21//21
f 22//22 23//23 24//24
f 17//17 25//25 26//26
f 27//27 28//28 29//29
f 19//19 21//21 30//30
f 31//31 32//32 33//33
f 31//31 33//33 34//34
f 35//35 36//36 37//37
f 38//38 23//23 39//39
f 40//40 41//41 42//42
f 43//43 44//44 45//45
f 46//46 47//47 48//48
f 49//49 50//50 51//51
f 31//31 52//52 32//32
f 53//53 54//54 55//55
f 56//56 57//57 58//58
f 59//59 60//60 61//61
f 62//62 63//63 64//64
f 65//65 66//66 67//67
f 68//68 69//69 70//70
f 71//71 72//72 73//73
f 74//74 75//75 24//24
f 53//53 76//76 54//54
f 77//77 78//78 79//79
f 80//80 81//81 82//82
f 83//83 84//84 85//85
f 86//86 87//87 88//88
f 79//79 89//89 90//90
f 78//78 89//89 79//79
f 91//91 92//92 93//93
f 94//94 95//95 96//96
f 97//97 98//98 99//99
f 26//26 99//99 98//98
f 63//63 100//100 101//101
f 102//102 103//103 104//104
f 105//105 106//106 107//107
f 108//108 109//109 110//110
f 111//111 112//112 113//113
f 114//114 115//115 116//116
f 117//117 118//118 119//119
f 120//120 121//121 122//122
f 123//123 124//124 125//125
f 126//126 127//127 128//128
f 129//129 38//38 130//130
f 131//131 132//132 133//133
f 73//73 134//134 135//135
f 136//136 137//137 138//138
f 136//136 138//138 139//139
f 140//140 141//141 142//142
f 140//140 142//142 143//143
f 144//144 145//145 146//146
f 110//110 147//147 148//148
f 149//149 150//150 90//90
f 151//151 152//152 153//153
f 154//154 155//155 156//156
f 157//157 110//110 148//148
f 158//158 152//152 151//151
f 159//159 160//160 161//161
f 162//162 62//62 64//64
f 162//162 64//64 163//163
f 164//164 5//5 4//4
f 165//165 154//154 166//166
f 167//167 168//168 169//169
f 170//170 50//50 171//171
f 172//172 173//173 25//25
f 172//172 25//25 17//17
f 148//148 174//174 157//157
f 147//147 174//174 148//148
f 175//175 176//176 177//177
f 178//178 179//179 180//180
f 31//31 55//55 52//52
f 181//181 8//8 182//182
f 183//183 184//184 185//185
f 186//186 187//187 188//188
f 137//137 189//189 190//190
f 191//191 189//189 137//137
f 88//88 192//192 146//146
f 4//4 193//193 194//194
f 195//195 196//196 197//197
f 198//198 195//195 197//197
f 155//155 199//199 200//200
f 201//201 184//184 202//202
f 203//203 204//204 205//205
f 206//206 207//207 208//208
f 175//175 209//209 176//176
f 210//210 211//211 212//212
f 9//9 213//213 214//214
f 215//215 216//216 217//217
f 70//70 218//218 219//219
f 203//203 205//205 220//220
f 171//171 221//221 170//170
f 222//222 223//223 224//224
f 225//225 226//226 227//227
f 228//228 229//229 230//230
f 231//231 229//229 228//228
f 138//138 232//232 139//139
f 233//233 73//73 135//135
f 160//160 234//234 235//235
f 164//164 236//236 5//5
f 66//66 5//5 236//236
f 103//103 207//207 237//237
f 120//120 238//238 121//121
f 226//226 239//239 240//240
f 241//241 242//242 243//243
f 244//244 245//245 246//246
f 247//247 248//248 240//240
f 249//249 250//250 251//251
f 252//252 251//251 250//250
f 59//59 61//61 253//253
f 254//254 22//22 141//141
f 199//199 255//255 200//200
f 256//256 257//257 146//146
f 258//258 259//259 260//260
f 130//130 237//237 206//206
f 261//261 262//262 263//263
f 264//264 185//185 265//265
f 178//178 266//266 179//179
f 267//267 210//210 268//268
f 96//96 269//269 270//270
f 271//271 272//272 273//273
f 274//274 275//275 276//276
f 277//277 278//278 157//157
f 279//279 280//280 281//281
f 282//282 280//280 279//279
f 283//283 224//224 223//223
f 282//282 284//284 285//285
f 286//286 287//287 288//288
f 289//289 290//290 291//291
f 289//289 291//291 292//292
f 57//57 289//289 292//292
f 293//293 294//294 127//127
f 295//295 296//296 297//297
f 298//298 12//12 299//299
f 300//300 91//91 301//301
f 302//302 303//303 304//304
f 305//305 280//280 282//282
f 111//111 113//113 306//306
f 151//151 153//153 307//307
f 78//78 308//308 309//309
f 310//310 311//311 312//312
f 313//313 314//314 35//35
f 315//315 316//316 317//317
f 318//318 319//319 320//320
f 321//321 322//322 323//323
f 305//305 324//324 325//325
f 273//273 219//219 15//15
f 246//246 326//326 54//54
f 327//327 29//29 328//328
f 329//329 330//330 331//331
f 23//23 332//332 74//74
f 333//333 334//334 335//335
f 220//220 336//336 337//337
f 302//302 304//304 2//2
f 37//37 36//36 338//338
f 339//339 323//323 340//340
f 166//166 341//341 334//334
f 28//28 99//99 26//26
f 342//342 343//343 344//344
f 168//168 132//132 345//345
f 346//346 347//347 348//348
f 349//349 350//350 351//351
f 253//253 352//352 59//59
f 267//267 211//211 210//210
f 110//110 109//109 147//147
f 100//100 353//353 354//354
f 355//355 51//51 356//356
f 357//357 358//358 359//359
f 170//170 360//360 361//361
f 362//362 360//360 170//170
f 325//325 324//324 363//363
f 364//364 365//365 218//218
f 366//366 47//47 46//46
f 301//301 367//367 300//300
f 368//368 369//369 195//195
f 370//370 47//47 371//371
f 57//57 372//372 289//289
f 373//373 216//216 286//286
f 69//69 374//374 70//70
f 375//375 376//376 377//377
f 378//378 63//63 101//101
f 324//324 305//305 379//379
f 243//243 380//380 381//381
f 1//1 382//382 215//215
f 341//341 383//383 334//334
f 312//312 384//384 385//385
f 318//318 320//320 386//386
f 387//387 388//388 389//389
f 303//303 390//390 47//47
f 391//391 269//269 392//392
f 256//256 192//192 393//393
f 149//149 90//90 394//394
f 395//395 396//396 397//397
f 398//398 399//399 400//400
f 292//292 401//401 57//57
f 402//402 403//403 404//404
f 405//405 403//403 402//402
f 406//406 299//299 12//12
f 407//407 27//27 408//408
f 27//27 29//29 409//409
f 410//410 411//411 412//412
f 199//199 378//378 413//413
f 414//414 415//415 30//30
f 416//416 232//232 417//417
f 139//139 232//232 416//416
f 267//267 418//418 211//211
f 419//419 420//420 421//421
f 422//422 423//423 424//424
f 72//72 425//425 426//426
f 104//104 427//427 102//102
f 428//428 429//429 430//430
f 431//431 432//432 382//382
f 343//343 433//433 434//434
f 435//435 436//436 437//437
f 438//438 439//439 187//187
f 440//440 441//441 442//442
f 443//443 444//444 329//329
f 358//358 242//242 359//359
f 445//445 446//446 173//173
f 447//447 315//315 366//366
f 142//142 448//448 143//143
f 298//298 449//449 10//10
f 157//157 278//278 110//110
f 361//361 450//450 451//451
f 118//118 452//452 453//453
f 211//211 454//454 212//212
f 455//455 456//456 405//405
f 108//108 457//457 109//109
f 448//448 375//375 377//377
f 458//458 111//111 459//459
f 204//204 460//460 461//461
f 462//462 183//183 181//181
f 318//318 463//463 464//464
f 373//373 302//302 216//216
f 465//465 87//87 86//86
f 217//217 216//216 302//302
f 182//182 466//466 467//467
f 468//468 105//105 469//469
f 310//310 420//420 307//307
f 470//470 130//130 206//206
f 166//166 156//156 341//341
f 471//471 341//341 156//156
f 472//472 123//123 473//473
f 417//417 123//123 472//472
f 302//302 2//2 217//217
f 180//180 474//474 178//178
f 475//475 187//187 186//186
f 391//391 270//270 269//269
f 34//34 476//476 477//477
f 478//478 368//368 67//67
f 478//478 67//67 66//66
f 479//479 261//261 480//480
f 325//325 363//363 481//481
f 335//335 482//482 449//449
f 433//433 343//343 483//483
f 177//177 319//319 389//389
f 484//484 485//485 4//4
f 472//472 486//486 167//167
f 487//487 331//331 488//488
f 44//44 37//37 45//45
f 489//489 490//490 62//62
f 491//491 492//492 144//144
f 77//77 308//308 78//78
f 124//124 123//123 417//417
f 493//493 484//484 6//6
f 494//494 495//495 233//233
f 496//496 460//460 398//398
f 497//497 498//498 499//499
f 147//147 167//167 486//486
f 473//473 486//486 472//472
f 500//500 47//47 366//366
f 66//66 65//65 5//5
f 501//501 53//53 436//436
f 211//211 502//502 503//503
f 504//504 505//505 506//506
f 72//72 507//507 134//134
f 388//388 508//508 363//363
f 452//452 509//509 453//453
f 458//458 459//459 471//471
f 510//510 511//511 512//512
f 363//363 324//324 209//209
f 480//480 201//201 513//513
f 260//260 131//131 514//514
f 515//515 55//55 412//412
f 288//288 516//516 373//373
f 517//517 518//518 177//177
f 204//204 461//461 33//33
f 519//519 520//520 521//521
f 522//522 146//146 145//145
f 142//142 523//523 448//448
f 524//524 316//316 525//525
f 94//94 526//526 527//527
f 488//488 418//418 487//487
f 528//528 435//435 34//34
f 529//529 530//530 531//531
f 153//153 532//532 311//311
f 307//307 153//153 311//311
f 247//247 239//239 397//397
f 533//533 534//534 535//535
f 332//332 38//38 536//536
f 458//458 471//471 529//529
f 529//529 471//471 530//530
f 537//537 538//538 492//492
f 117//117 119//119 539//539
f 540//540 541//541 498//498
f 283//283 542//542 224//224
f 90//90 89//89 394//394
f 499//499 498//498 543//543
f 520//520 544//544 545//545
f 306//306 546//546 111//111
f 252//252 547//547 251//251
f 246//246 76//76 548//548
f 83//83 85//85 415//415
f 549//549 56//56 159//159
f 491//491 114//114 550//550
f 292//292 551//551 552//552
f 98//98 17//17 26//26
f 553//553 554//554 13//13
f 15//15 553//553 13//13
f 555//555 365//365 364//364
f 556//556 173//173 557//557
f 454//454 558//558 559//559
f 96//96 95//95 269//269
f 560//560 561//561 562//562
f 291//291 561//561 560//560
f 128//128 563//563 564//564
f 445//445 173//173 241//241
f 136//136 191//191 137//137
f 197//197 565//565 566//566
f 198//198 197//197 566//566
f 509//509 452//452 42//42
f 42//42 452//452 118//118
f 377//377 567//567 509//509
f 568//568 569//569 124//124
f 570//570 129//129 571//571
f 91//91 572//572 92//92
f 289//289 275//275 573//573
f 88//88 87//87 542//542
f 574//574 517//517 176//176
f 456//456 575//575 405//405
f 576//576 536//536 577//577
f 576//576 577//577 578//578
f 129//129 577//577 38//38
f 536//536 38//38 577//577
f 579//579 336//336 202//202
f 580//580 145//145 144//144
f 493//493 581//581 582//582
f 161//161 583//583 584//584
f 583//583 585//585 584//584
f 416//416 357//357 139//139
f 74//74 24//24 23//23
f 586//586 587//587 588//588
f 589//589 533//533 535//535
f 238//238 473//473 121//121
f 357//357 416//416 169//169
f 194//194 193//193 590//590
f 310//310 312//312 385//385
f 591//591 105//105 333//333
f 106//106 592//592 299//299
f 298//298 299//299 592//592
f 566//566 489//489 593//593
f 72//72 594//594 507//507
f 542//542 87//87 441//441
f 50//50 522//522 171//171
f 124//124 232//232 568//568
f 499//499 595//595 596//596
f 333//333 468//468 597//597
f 333//333 597//597 598//598
f 126//126 506//506 340//340
f 475//475 295//295 297//297
f 599//599 600//600 601//601
f 141//141 24//24 602//602
f 577//577 129//129 570//570
f 253//253 603//603 352//352
f 604//604 605//605 606//606
f 446//446 25//25 173//173
f 607//607 337//337 608//608
f 83//83 609//609 306//306
f 585//585 610//610 611//611
f 584//584 585//585 611//611
f 333//333 335//335 591//591
f 528//528 285//285 284//284
f 267//267 268//268 612//612
f 462//462 181//181 467//467
f 254//254 613//613 104//104
f 528//528 150//150 435//435
f 614//614 401//401 552//552
f 615//615 616//616 617//617
f 618//618 619//619 620//620
f 453//453 509//509 590//590
f 533//533 621//621 21//21
f 622//622 358//358 357//357
f 489//489 62//62 162//162
f 489//489 162//162 593//593
f 319//319 424//424 623//623
f 404//404 403//403 69//69
f 374//374 69//69 403//403
f 402//402 404//404 351//351
f 429//429 428//428 624//624
f 567//567 590//590 509//509
f 479//479 480//480 625//625
f 406//406 12//12 11//11
f 191//191 626//626 556//556
f 145//145 580//580 221//221
f 627//627 474//474 89//89
f 628//628 3//3 190//190
f 10//10 12//12 298//298
f 286//286 629//629 287//287
f 568//568 232//232 138//138
f 124//124 569//569 304//304
f 630//630 399//399 607//607
f 631//631 376//376 375//375
f 632//632 376//376 631//631
f 495//495 339//339 71//71
f 618//618 620//620 272//272
f 327//327 633//633 29//29
f 557//557 191//191 556//556
f 634//634 501//501 436//436
f 635//635 548//548 636//636
f 484//484 4//4 6//6
f 422//422 424//424 637//637
f 424//424 423//423 623//623
f 169//169 416//416 472//472
f 124//124 417//417 232//232
f 163//163 155//155 154//154
f 248//248 247//247 638//638
f 414//414 428//428 11//11
f 272//272 68//68 273//273
f 639//639 518//518 640//640
f 558//558 641//641 395//395
f 42//42 118//118 40//40
f 177//177 320//320 319//319
f 642//642 43//43 531//531
f 571//571 222//222 643//643
f 355//355 382//382 432//432
f 502//502 463//463 503//503
f 318//318 644//644 463//463
f 98//98 18//18 17//17
f 538//538 645//645 135//135
f 144//144 257//257 491//491
f 182//182 494//494 466//466
f 646//646 647//647 253//253
f 198//198 593//593 165//165
f 103//103 102//102 207//207
f 202//202 648//648 579//579
f 649//649 386//386 639//639
f 274//274 650//650 410//410
f 651//651 274//274 410//410
f 186//186 652//652 653//653
f 95//95 94//94 527//527
f 107//107 605//605 654//654
f 147//147 109//109 167//167
f 254//254 140//140 613//613
f 653//653 652//652 655//655
f 656//656 392//392 95//95
f 256//256 393//393 61//61
f 279//279 281//281 327//327
f 212//212 565//565 210//210
f 358//358 380//380 242//242
f 179//179 266//266 259//259
f 346//346 647//647 228//228
f 158//158 294//294 657//657
f 658//658 475//475 186//186
f 659//659 660//660 330//330
f 91//91 93//93 638//638
f 230//230 206//206 208//208
f 371//371 500//500 122//122
f 661//661 362//362 221//221
f 618//618 272//272 271//271
f 461//461 476//476 33//33
f 43//43 662//662 531//531
f 492//492 587//587 537//537
f 93//93 248//248 638//638
f 345//345 663//663 168//168
f 664//664 665//665 666//666
f 511//511 628//628 190//190
f 517//517 342//342 518//518
f 610//610 585//585 667//667
f 668//668 669//669 570//570
f 655//655 670//670 671//671
f 519//519 672//672 632//632
f 550//550 588//588 491//491
f 142//142 141//141 523//523
f 673//673 674//674 258//258
f 429//429 603//603 647//647
f 296//296 675//675 602//602
f 676//676 675//675 296//296
f 130//130 470//470 571//571
f 11//11 428//428 406//406
f 158//158 677//677 152//152
f 678//678 677//677 158//158
f 679//679 309//309 445//445
f 553//553 219//219 218//218
f 15//15 219//219 553//553
f 14//14 273//273 15//15
f 271//271 273//273 14//14
f 14//14 240//240 248//248
f 671//671 388//388 387//387
f 220//220 513//513 336//336
f 539//539 680//680 117//117
f 235//235 234//234 681//681
f 682//682 331//331 683//683
f 501//501 684//684 685//685
f 35//35 686//686 313//313
f 687//687 313//313 686//686
f 383//383 335//335 334//334
f 205//205 204//204 32//32
f 146//146 192//192 256//256
f 101//101 688//688 689//689
f 101//101 689//689 378//378
f 488//488 464//464 502//502
f 618//618 690//690 619//619
f 397//397 354//354 395//395
f 580//580 661//661 221//221
f 288//288 287//287 691//691
f 373//373 303//303 302//302
f 692//692 544//544 693//693
f 163//163 378//378 199//199
f 163//163 199//199 155//155
f 399//399 690//690 400//400
f 487//487 418//418 267//267
f 490//490 212//212 454//454
f 442//442 441//441 87//87
f 615//615 694//694 554//554
f 615//615 554//554 553//553
f 272//272 695//695 68//68
f 523//523 375//375 448//448
f 434//434 400//400 696//696
f 337//337 607//607 220//220
f 507//507 661//661 134//134
f 405//405 697//697 455//455
f 310//310 307//307 311//311
f 426//426 287//287 594//594
f 539//539 698//698 680//680
f 152//152 560//560 532//532
f 426//426 594//594 72//72
f 442//442 392//392 656//656
f 511//511 190//190 189//189
f 599//599 461//461 600//600
f 602//602 24//24 75//75
f 57//57 56//56 549//549
f 185//185 667//667 265//265
f 585//585 265//265 667//667
f 696//696 690//690 699//699
f 457//457 168//168 167//167
f 258//258 179//179 259//259
f 294//294 293//293 657//657
f 657//657 293//293 681//681
f 274//274 651//651 573//573
f 293//293 127//127 322//322
f 54//54 326//326 410//410
f 412//412 54//54 410//410
f 700//700 116//116 115//115
f 701//701 423//423 422//422
f 249//249 251//251 702//702
f 702//702 251//251 312//312
f 525//525 312//312 251//251
f 415//415 703//703 83//83
f 4//4 485//485 193//193
f 119//119 193//193 485//485
f 50//50 86//86 522//522
f 119//119 485//485 539//539
f 521//521 704//704 672//672
f 107//107 106//106 605//605
f 530//530 642//642 531//531
f 73//73 72//72 134//134
f 290//290 573//573 651//651
f 705//705 637//637 488//488
f 599//599 601//601 305//305
f 461//461 599//599 477//477
f 282//282 477//477 599//599
f 395//395 641//641 396//396
f 178//178 381//381 266//266
f 706//706 707//707 265//265
f 40//40 143//143 41//41
f 708//708 638//638 247//247
f 466//466 350//350 467//467
f 296//296 295//295 676//676
f 709//709 676//676 295//295
f 557//557 172//172 189//189
f 710//710 103//103 237//237
f 646//646 231//231 228//228
f 59//59 352//352 115//115
f 410//410 326//326 651//651
f 282//282 279//279 284//284
f 43//43 45//45 662//662
f 559//559 354//354 353//353
f 428//428 430//430 406//406
f 101//101 100//100 225//225
f 78//78 309//309 679//679
f 374//374 575//575 535//535
f 711//711 348//348 347//347
f 70//70 219//219 68//68
f 219//219 273//273 68//68
f 640//640 300//300 367//367
f 562//562 244//244 712//712
f 245//245 326//326 246//246
f 622//622 663//663 380//380
f 217//217 1//1 215//215
f 242//242 380//380 243//243
f 66//66 545//545 478//478
f 488//488 502//502 418//418
f 511//511 510//510 628//628
f 99//99 27//27 407//407
f 306//306 113//113 84//84
f 306//306 84//84 83//83
f 408//408 713//713 596//596
f 392//392 465//465 49//49
f 714//714 695//695 666//666
f 714//714 666//666 665//665
f 409//409 408//408 27//27
f 715//715 413//413 689//689
f 331//331 682//682 705//705
f 610//610 716//716 261//261
f 610//610 261//261 263//263
f 510//510 431//431 628//628
f 22//22 24//24 141//141
f 115//115 717//717 700//700
f 684//684 674//674 685//685
f 113//113 112//112 36//36
f 271//271 718//718 92//92
f 93//93 92//92 718//718
f 86//86 49//49 465//465
f 110//110 278//278 108//108
f 317//317 108//108 278//278
f 606//606 406//406 430//430
f 597//597 368//368 195//195
f 597//597 195//195 598//598
f 682//682 719//719 701//701
f 378//378 64//64 63//63
f 700//700 717//717 720//720
f 289//289 372//372 275//275
f 617//617 721//721 694//694
f 615//615 617//617 694//694
f 721//721 722//722 694//694
f 721//721 37//37 722//722
f 639//639 386//386 320//320
f 311//311 532//532 702//702
f 311//311 702//702 312//312
f 681//681 723//723 235//235
f 190//190 724//724 137//137
f 190//190 3//3 724//724
f 627//627 243//243 725//725
f 420//420 419//419 564//564
f 673//673 636//636 674//674
f 726//726 111//111 546//546
f 288//288 691//691 727//727
f 501//501 685//685 76//76
f 364//364 533//533 728//728
f 711//711 347//347 208//208
f 230//230 208//208 347//347
f 478//478 369//369 368//368
f 51//51 170//170 361//361
f 325//325 281//281 280//280
f 514//514 133//133 317//317
f 678//678 158//158 657//657
f 532//532 560//560 562//562
f 203//203 607//607 398//398
f 714//714 351//351 404//404
f 519//519 521//521 672//672
f 426//426 425//425 504//504
f 368//368 597//597 468//468
f 255//255 715//715 44//44
f 513//513 625//625 480//480
f 255//255 530//530 200//200
f 729//729 366//366 315//315
f 259//259 730//730 260//260
f 254//254 141//141 140//140
f 179//179 731//731 180//180
f 562//562 712//712 532//532
f 100//100 63//63 353//353
f 555//555 615//615 365//365
f 549//549 161//161 275//275
f 175//175 388//388 363//363
f 612//612 487//487 267//267
f 465//465 442//442 87//87
f 689//689 413//413 378//378
f 201//201 480//480 716//716
f 258//258 731//731 179//179
f 716//716 667//667 185//185
f 520//520 236//236 521//521
f 494//494 7//7 495//495
f 393//393 283//283 646//646
f 719//719 682//682 683//683
f 671//671 508//508 388//388
f 732//732 387//387 623//623
f 349//349 351//351 665//665
f 35//35 37//37 721//721
f 722//722 37//37 689//689
f 688//688 722//722 689//689
f 26//26 25//25 446//446
f 541//541 543//543 498//498
f 555//555 364//364 728//728
f 13//13 733//733 226//226
f 722//722 733//733 694//694
f 722//722 688//688 733//733
f 554//554 733//733 13//13
f 694//694 733//733 554//554
f 627//627 725//725 178//178
f 132//132 108//108 133//133
f 567//567 377//377 376//376
f 558//558 395//395 559//559
f 270//270 432//432 431//431
f 270//270 431//431 510//510
f 316//316 514//514 317//317
f 338//338 45//45 37//37
f 509//509 42//42 734//734
f 655//655 671//671 387//387
f 535//535 735//735 589//589
f 727//727 736//736 288//288
f 576//576 80//80 540//540
f 437//437 436//436 53//53
f 535//535 575//575 456//456
f 369//369 692//692 737//737
f 284//284 90//90 150//150
f 79//79 90//90 284//284
f 201//201 716//716 185//185
f 624//624 738//738 717//717
f 364//364 534//534 533//533
f 241//241 243//243 679//679
f 426//426 691//691 287//287
f 230//230 347//347 228//228
f 680//680 104//104 613//613
f 739//739 709//709 295//295
f 211//211 503//503 454//454
f 340//340 323//323 126//126
f 199//199 413//413 255//255
f 715//715 255//255 413//413
f 398//398 607//607 399//399
f 160//160 235//235 583//583
f 371//371 47//47 500//500
f 113//113 314//314 84//84
f 36//36 314//314 113//113
f 606//606 299//299 406//406
f 304//304 370//370 124//124
f 305//305 325//325 280//280
f 124//124 370//370 125//125
f 122//122 121//121 123//123
f 370//370 303//303 47//47
f 654//654 605//605 604//604
f 688//688 227//227 733//733
f 557//557 189//189 191//191
f 511//511 189//189 172//172
f 521//521 236//236 164//164
f 475//475 739//739 295//295
f 329//329 444//444 659//659
f 390//390 516//516 48//48
f 383//383 546//546 482//482
f 515//515 52//52 55//55
f 655//655 387//387 732//732
f 247//247 240//240 239//239
f 76//76 246//246 54//54
f 477//477 476//476 461//461
f 729//729 315//315 277//277
f 197//197 196//196 210//210
f 303//303 370//370 304//304
f 144//144 740//740 580//580
f 629//629 451//451 450//450
f 741//741 629//629 450//450
f 561//561 651//651 245//245
f 290//290 651//651 561//561
f 732//732 701//701 719//719
f 621//621 533//533 589//589
f 623//623 389//389 319//319
f 71//71 425//425 72//72
f 433//433 601//601 600//600
f 60//60 114//114 491//491
f 734//734 42//42 41//41
f 216//216 215//215 451//451
f 739//739 660//660 709//709
f 549//549 159//159 161//161
f 284//284 279//279 79//79
f 453//453 590//590 193//193
f 472//472 416//416 417//417
f 727//727 419//419 736//736
f 367//367 708//708 742//742
f 659//659 709//709 660//660
f 13//13 240//240 14//14
f 618//618 92//92 572//572
f 271//271 92//92 618//618
f 233//233 495//495 73//73
f 71//71 73//73 495//495
f 39//39 130//130 38//38
f 367//367 742//742 649//649
f 576//576 743//743 744//744
f 9//9 339//339 495//495
f 594//594 629//629 741//741
f 709//709 444//444 745//745
f 746//746 350//350 466//466
f 746//746 466//466 747//747
f 472//472 167//167 169//169
f 455//455 697//697 586//586
f 632//632 631//631 745//745
f 471//471 156//156 155//155
f 200//200 471//471 155//155
f 46//46 748//748 385//385
f 277//277 157//157 749//749
f 340//340 71//71 339//339
f 339//339 9//9 214//214
f 351//351 350//350 402//402
f 518//518 342//342 640//640
f 1//1 217//217 2//2
f 570//570 571//571 643//643
f 388//388 175//175 389//389
f 177//177 389//389 175//175
f 48//48 736//736 748//748
f 48//48 748//748 46//46
f 126//126 323//323 322//322
f 535//535 750//750 374//374
f 534//534 750//750 535//535
f 321//321 706//706 723//723
f 291//291 560//560 551//551
f 177//177 176//176 517//517
f 117//117 40//40 118//118
f 333//333 105//105 468//468
f 161//161 751//751 275//275
f 680//680 752//752 117//117
f 676//676 709//709 745//745
f 621//621 589//589 700//700
f 160//160 583//583 161//161
f 753//753 481//481 363//363
f 138//138 724//724 568//568
f 244//244 562//562 245//245
f 646//646 228//228 647//647
f 736//736 48//48 516//516
f 288//288 373//373 286//286
f 23//23 22//22 39//39
f 186//186 188//188 652//652
f 264//264 213//213 181//181
f 86//86 50//50 49//49
f 120//120 749//749 157//157
f 291//291 551//551 292//292
f 705//705 488//488 331//331
f 456//456 588//588 550//550
f 10//10 449//449 482//482
f 475//475 658//658 739//739
f 241//241 173//173 556//556
f 362//362 661//661 507//507
f 710//710 39//39 22//22
f 710//710 22//22 254//254
f 710//710 254//254 104//104
f 753//753 408//408 409//409
f 140//140 752//752 613//613
f 433//433 600//600 496//496
f 154//154 165//165 593//593
f 526//526 578//578 754//754
f 91//91 638//638 301//301
f 226//226 240//240 13//13
f 188//188 497//497 652//652
f 289//289 573//573 290//290
f 644//644 503//503 463//463
f 258//258 260//260 755//755
f 614//614 552//552 678//678
f 681//681 321//321 723//723
f 756//756 757//757 151//151
f 425//425 505//505 504//504
f 392//392 49//49 391//391
f 201//201 202//202 336//336
f 665//665 579//579 648//648
f 586//586 537//537 587//587
f 586//586 758//758 537//537
f 349//349 648//648 462//462
f 648//648 202//202 462//462
f 753//753 713//713 408//408
f 393//393 192//192 88//88
f 211//211 418//418 502//502
f 607//607 608//608 630//630
f 720//720 621//621 700//700
f 489//489 565//565 212//212
f 571//571 470//470 222//222
f 571//571 129//129 130//130
f 481//481 633//633 325//325
f 358//358 622//622 380//380
f 359//359 626//626 191//191
f 214//214 321//321 323//323
f 456//456 455//455 588//588
f 469//469 759//759 65//65
f 201//201 336//336 513//513
f 253//253 61//61 646//646
f 402//402 746//746 405//405
f 421//421 748//748 736//736
f 419//419 421//421 736//736
f 456//456 735//735 535//535
f 664//664 608//608 579//579
f 337//337 579//579 608//608
f 468//468 65//65 67//67
f 317//317 278//278 277//277
f 315//315 317//317 277//277
f 125//125 371//371 122//122
f 125//125 122//122 123//123
f 88//88 283//283 393//393
f 252//252 760//760 755//755
f 250//250 760//760 252//252
f 88//88 542//542 283//283
f 451//451 215//215 355//355
f 135//135 661//661 538//538
f 657//657 681//681 234//234
f 544//544 692//692 478//478
f 310//310 385//385 421//421
f 310//310 421//421 420//420
f 756//756 307//307 563//563
f 564//564 563//563 420//420
f 756//756 563//563 128//128
f 753//753 363//363 508//508
f 439//439 743//743 497//497
f 188//188 439//439 497//497
f 48//48 47//47 390//390
f 602//602 523//523 141//141
f 675//675 523//523 602//602
f 624//624 717//717 352//352
f 690//690 572//572 699//699
f 80//80 576//576 81//81
f 425//425 71//71 505//505
f 60//60 257//257 256//256
f 203//203 460//460 204//204
f 348//348 606//606 430//430
f 397//397 100//100 354//354
f 31//31 437//437 55//55
f 36//36 112//112 338//338
f 258//258 674//674 731//731
f 524//524 525//525 547//547
f 2//2 304//304 569//569
f 540//540 743//743 576//576
f 288//288 736//736 516//516
f 516//516 303//303 373//373
f 256//256 61//61 60//60
f 598//598 195//195 198//198
f 439//439 188//188 187//187
f 366//366 46//46 447//447
f 9//9 8//8 213//213
f 108//108 317//317 133//133
f 209//209 324//324 379//379
f 708//708 301//301 638//638
f 11//11 83//83 703//703
f 94//94 96//96 761//761
f 717//717 738//738 720//720
f 664//664 579//579 665//665
f 96//96 270//270 510//510
f 504//504 506//506 564//564
f 269//269 95//95 392//392
f 564//564 506//506 128//128
f 202//202 184//184 462//462
f 183//183 462//462 184//184
f 185//185 184//184 201//201
f 656//656 762//762 442//442
f 527//527 762//762 656//656
f 95//95 527//527 656//656
f 466//466 494//494 747//747
f 494//494 233//233 747//747
f 467//467 181//181 182//182
f 659//659 330//330 329//329
f 610//610 667//667 716//716
f 570//570 440//440 668//668
f 643//643 440//440 570//570
f 316//316 315//315 447//447
f 316//316 447//447 525//525
f 438//438 187//187 297//297
f 520//520 763//763 544//544
f 6//6 764//764 581//581
f 700//700 589//589 116//116
f 114//114 116//116 550//550
f 548//548 76//76 636//636
f 279//279 327//327 77//77
f 477//477 285//285 528//528
f 284//284 150//150 528//528
f 422//422 637//637 705//705
f 528//528 34//34 477//477
f 335//335 449//449 591//591
f 484//484 539//539 485//485
f 601//601 379//379 305//305
f 43//43 642//642 44//44
f 468//468 469//469 65//65
f 67//67 368//368 468//468
f 651//651 326//326 245//245
f 765//765 84//84 313//313
f 500//500 366//366 729//729
f 434//434 433//433 496//496
f 682//682 701//701 422//422
f 102//102 711//711 208//208
f 582//582 711//711 102//102
f 582//582 604//604 711//711
f 330//330 660//660 683//683
f 687//687 19//19 765//765
f 604//604 348//348 711//711
f 432//432 270//270 391//391
f 599//599 305//305 282//282
f 407//407 408//408 595//595
f 442//442 465//465 392//392
f 292//292 552//552 401//401
f 212//212 490//490 489//489
f 60//60 59//59 114//114
f 756//756 128//128 127//127
f 249//249 244//244 250//250
f 114//114 59//59 115//115
f 282//282 285//285 477//477
f 204//204 33//33 32//32
f 226//226 225//225 239//239
f 100//100 239//239 225//225
f 646//646 61//61 393//393
f 398//398 460//460 203//203
f 623//623 423//423 732//732
f 512//512 96//96 510//510
f 755//755 547//547 252//252
f 524//524 547//547 755//755
f 228//228 347//347 346//346
f 529//529 531//531 662//662
f 346//346 430//430 429//429
f 348//348 430//430 346//346
f 552//552 551//551 677//677
f 34//34 33//33 476//476
f 598//598 766//766 334//334
f 333//333 598//598 334//334
f 676//676 745//745 631//631
f 550//550 735//735 456//456
f 655//655 732//732 653//653
f 653//653 732//732 719//719
f 453//453 193//193 119//119
f 453//453 119//119 118//118
f 767//767 97//97 541//541
f 18//18 767//767 768//768
f 385//385 748//748 421//421
f 266//266 663//663 345//345
f 266//266 381//381 663//663
f 170//170 221//221 362//362
f 464//464 463//463 502//502
f 461//461 460//460 600//600
f 419//419 769//769 564//564
f 527//527 526//526 754//754
f 473//473 238//238 486//486
f 147//147 486//486 238//238
f 147//147 238//238 174//174
f 174//174 238//238 157//157
f 120//120 157//157 238//238
f 770//770 652//652 497//497
f 564//564 769//769 504//504
f 438//438 743//743 439//439
f 744//744 743//743 438//438
f 220//220 607//607 203//203
f 181//181 213//213 8//8
f 268//268 196//196 737//737
f 755//755 260//260 524//524
f 316//316 524//524 260//260
f 677//677 560//560 152//152
f 322//322 127//127 126//126
f 377//377 509//509 734//734
f 321//321 214//214 707//707
f 321//321 707//707 706//706
f 525//525 251//251 547//547
f 213//213 264//264 707//707
f 213//213 707//707 214//214
f 328//328 446//446 309//309
f 28//28 446//446 328//328
f 391//391 355//355 432//432
f 158//158 151//151 757//757
f 614//614 234//234 771//771
f 127//127 757//757 756//756
f 158//158 757//757 294//294
f 54//54 412//412 55//55
f 506//506 505//505 340//340
f 446//446 28//28 26//26
f 685//685 636//636 76//76
f 168//168 457//457 132//132
f 10//10 482//482 609//609
f 772//772 338//338 112//112
f 96//96 512//512 761//761
f 394//394 474//474 180//180
f 609//609 546//546 306//306
f 102//102 427//427 582//582
f 493//493 582//582 427//427
f 266//266 345//345 730//730
f 266//266 730//730 259//259
f 650//650 263//263 262//262
f 515//515 262//262 479//479
f 51//51 50//50 170//170
f 265//265 707//707 264//264
f 55//55 437//437 53//53
f 429//429 647//647 346//346
f 172//172 557//557 173//173
f 316//316 260//260 514//514
f 627//627 679//679 243//243
f 687//687 616//616 555//555
f 680//680 613//613 752//752
f 78//78 679//679 627//627
f 39//39 773//773 130//130
f 208//208 207//207 102//102
f 598//598 198//198 165//165
f 471//471 459//459 341//341
f 555//555 20//20 687//687
f 708//708 367//367 301//301
f 566//566 565//565 489//489
f 210//210 565//565 197//197
f 579//579 337//337 336//336
f 287//287 629//629 594//594
f 617//617 616//616 687//687
f 731//731 684//684 180//180
f 394//394 180//180 149//149
f 149//149 180//180 684//684
f 220//220 205//205 513//513
f 644//644 318//318 774//774
f 140//140 143//143 752//752
f 191//191 136//136 359//359
f 359//359 136//136 139//139
f 357//357 359//359 139//139
f 11//11 10//10 83//83
f 325//325 633//633 281//281
f 126//126 128//128 506//506
f 644//644 558//558 503//503
f 516//516 390//390 303//303
f 487//487 329//329 331//331
f 348//348 604//604 606//606
f 487//487 612//612 329//329
f 726//726 459//459 111//111
f 464//464 424//424 318//318
f 318//318 424//424 319//319
f 753//753 409//409 481//481
f 596//596 595//595 408//408
f 756//756 151//151 307//307
f 138//138 137//137 724//724
f 166//166 766//766 165//165
f 727//727 769//769 419//419
f 433//433 483//483 601//601
f 647//647 603//603 253//253
f 168//168 622//622 357//357
f 168//168 357//357 169//169
f 635//635 244//244 548//548
f 244//244 246//246 548//548
f 94//94 761//761 768//768
f 94//94 768//768 82//82
f 768//768 761//761 16//16
f 16//16 18//18 768//768
f 78//78 627//627 89//89
f 216//216 451//451 286//286
f 387//387 389//389 623//623
f 677//677 551//551 560//560
f 230//230 470//470 206//206
f 263//263 276//276 611//611
f 610//610 263//263 611//611
f 658//658 683//683 739//739
f 122//122 749//749 120//120
f 719//719 683//683 658//658
f 186//186 653//653 658//658
f 135//135 134//134 661//661
f 89//89 474//474 394//394
f 649//649 742//742 774//774
f 520//520 519//519 763//763
f 650//650 274//274 276//276
f 650//650 276//276 263//263
f 574//574 601//601 483//483
f 582//582 581//581 654//654
f 582//582 654//654 604//604
f 6//6 581//581 493//493
f 704//704 194//194 590//590
f 704//704 590//590 567//567
f 490//490 454//454 559//559
f 132//132 131//131 730//730
f 132//132 730//730 345//345
f 198//198 566//566 593//593
f 482//482 335//335 383//383
f 125//125 370//370 371//371
f 99//99 28//28 27//27
f 420//420 563//563 307//307
f 105//105 107//107 469//469
f 653//653 719//719 658//658
f 555//555 728//728 20//20
f 696//696 344//344 434//434
f 696//696 300//300 344//344
f 343//343 434//434 344//344
f 767//767 18//18 97//97
f 704//704 567//567 632//632
f 405//405 575//575 374//374
f 496//496 398//398 434//434
f 339//339 214//214 323//323
f 515//515 479//479 52//52
f 537//537 758//758 747//747
f 772//772 112//112 458//458
f 679//679 445//445 241//241
f 761//761 775//775 16//16
f 512//512 775//775 761//761
f 775//775 511//511 172//172
f 512//512 511//511 775//775
f 17//17 16//16 775//775
f 17//17 775//775 172//172
f 578//578 81//81 576//576
f 776//776 632//632 745//745
f 352//352 717//717 115//115
f 776//776 519//519 632//632
f 279//279 77//77 79//79
f 742//742 708//708 396//396
f 443//443 776//776 444//444
f 745//745 444//444 776//776
f 206//206 237//237 207//207
f 342//342 517//517 483//483
f 695//695 69//69 68//68
f 695//695 404//404 69//69
f 695//695 714//714 404//404
f 687//687 765//765 313//313
f 30//30 738//738 414//414
f 480//480 261//261 716//716
f 168//168 663//663 622//622
f 374//374 750//750 70//70
f 522//522 88//88 146//146
f 481//481 409//409 633//633
f 88//88 522//522 86//86
f 391//391 51//51 355//355
f 51//51 391//391 49//49
f 234//234 614//614 678//678
f 234//234 678//678 657//657
f 676//676 631//631 375//375
f 676//676 375//375 675//675
f 130//130 773//773 237//237
f 710//710 773//773 39//39
f 237//237 773//773 710//710
f 726//726 383//383 341//341
f 633//633 409//409 29//29
f 178//178 725//725 381//381
f 145//145 221//221 171//171
f 76//76 53//53 501//501
f 99//99 407//407 97//97
f 340//340 505//505 71//71
f 641//641 558//558 644//644
f 38//38 332//332 23//23
f 448//448 41//41 143//143
f 734//734 41//41 448//448
f 457//457 167//167 109//109
f 160//160 771//771 234//234
f 83//83 10//10 609//609
f 334//334 766//766 166//166
f 165//165 766//766 598//598
f 244//244 635//635 250//250
f 58//58 614//614 771//771
f 56//56 771//771 159//159
f 160//160 159//159 771//771
f 58//58 771//771 56//56
f 104//104 103//103 710//710
f 398//398 400//400 434//434
f 81//81 578//578 526//526
f 777//777 360//360 362//362
f 629//629 286//286 451//451
f 664//664 666//666 778//778
f 600//600 460//460 496//496
f 584//584 611//611 751//751
f 584//584 751//751 161//161
f 276//276 751//751 611//611
f 275//275 751//751 276//276
f 555//555 616//616 615//615
f 260//260 730//730 131//131
f 484//484 493//493 698//698
f 484//484 698//698 539//539
f 104//104 698//698 427//427
f 680//680 698//698 104//104
f 493//493 427//427 698//698
f 503//503 558//558 454//454
f 478//478 545//545 544//544
f 609//609 482//482 546//546
f 62//62 353//353 63//63
f 296//296 602//602 75//75
f 296//296 75//75 297//297
f 75//75 74//74 297//297
f 701//701 732//732 423//423
f 328//328 309//309 308//308
f 44//44 642//642 255//255
f 255//255 642//642 530//530
f 80//80 541//541 540//540
f 593//593 162//162 163//163
f 593//593 163//163 154//154
f 163//163 64//64 378//378
f 177//177 518//518 320//320
f 639//639 320//320 518//518
f 495//495 7//7 9//9
f 37//37 715//715 689//689
f 37//37 44//44 715//715
f 149//149 684//684 634//634
f 741//741 777//777 594//594
f 362//362 507//507 777//777
f 507//507 594//594 777//777
f 504//504 769//769 727//727
f 209//209 379//379 574//574
f 574//574 379//379 601//601
f 630//630 619//619 690//690
f 630//630 690//690 399//399
f 488//488 637//637 464//464
f 618//618 572//572 690//690
f 352//352 603//603 624//624
f 429//429 624//624 603//603
f 402//402 350//350 746//746
f 692//692 693//693 612//612
f 448//448 377//377 734//734
f 40//40 117//117 752//752
f 32//32 52//52 625//625
f 143//143 40//40 752//752
f 52//52 479//479 625//625
f 268//268 210//210 196//196
f 765//765 85//85 84//84
f 108//108 132//132 457//457
f 567//567 376//376 632//632
f 57//57 401//401 58//58
f 58//58 401//401 614//614
f 764//764 6//6 759//759
f 363//363 209//209 175//175
f 491//491 257//257 60//60
f 630//630 608//608 664//664
f 559//559 353//353 490//490
f 62//62 490//490 353//353
f 746//746 697//697 405//405
f 34//34 437//437 31//31
f 435//435 437//437 34//34
f 537//537 645//645 538//538
f 230//230 229//229 470//470
f 274//274 573//573 275//275
f 321//321 681//681 293//293
f 321//321 293//293 322//322
f 82//82 526//526 94//94
f 588//588 455//455 586//586
f 538//538 740//740 492//492
f 249//249 702//702 712//712
f 532//532 712//712 702//702
f 625//625 205//205 32//32
f 562//562 561//561 245//245
f 625//625 513//513 205//205
f 747//747 758//758 746//746
f 349//349 665//665 648//648
f 291//291 290//290 561//561
f 7//7 182//182 8//8
f 663//663 381//381 380//380
f 153//153 152//152 532//532
f 2//2 569//569 724//724
f 568//568 724//724 569//569
f 384//384 447//447 46//46
f 384//384 46//46 385//385
f 222//222 229//229 223//223
f 223//223 229//229 231//231
f 222//222 470//470 229//229
f 525//525 447//447 384//384
f 525//525 384//384 312//312
f 654//654 581//581 764//764
f 522//522 145//145 171//171
f 479//479 262//262 261//261
f 632//632 672//672 704//704
f 654//654 764//764 107//107
f 35//35 314//314 36//36
f 414//414 11//11 703//703
f 414//414 703//703 415//415
f 764//764 469//469 107//107
f 272//272 620//620 695//695
f 673//673 755//755 760//760
f 467//467 349//349 462//462
f 467//467 350//350 349//349
f 116//116 589//589 735//735
f 116//116 735//735 550//550
f 222//222 224//224 643//643
f 93//93 718//718 248//248
f 250//250 635//635 760//760
f 673//673 258//258 755//755
f 299//299 606//606 605//605
f 299//299 605//605 106//106
f 84//84 314//314 313//313
f 592//592 591//591 449//449
f 592//592 449//449 298//298
f 705//705 682//682 422//422
f 122//122 500//500 749//749
f 264//264 181//181 183//183
f 264//264 183//183 185//185
f 218//218 70//70 750//750
f 218//218 750//750 534//534
f 218//218 534//534 364//364
f 431//431 382//382 1//1
f 514//514 131//131 133//133
f 770//770 497//497 499//499
f 770//770 499//499 596//596
f 435//435 634//634 436//436
f 435//435 150//150 634//634
f 149//149 634//634 150//150
f 552//552 677//677 678//678
f 105//105 592//592 106//106
f 242//242 626//626 359//359
f 105//105 591//591 592//592
f 20//20 19//19 687//687
f 2//2 724//724 3//3
f 588//588 587//587 491//491
f 491//491 587//587 492//492
f 223//223 231//231 283//283
f 283//283 231//231 646//646
f 341//341 459//459 726//726
f 659//659 444//444 709//709
f 628//628 431//431 3//3
f 1//1 3//3 431//431
f 249//249 712//712 244//244
f 332//332 536//536 779//779
f 536//536 744//744 779//779
f 744//744 438//438 779//779
f 332//332 779//779 74//74
f 74//74 779//779 297//297
f 297//297 779//779 438//438
f 536//536 576//576 744//744
f 18//18 98//98 97//97
f 369//369 478//478 692//692
f 268//268 737//737 692//692
f 268//268 692//692 612//612
f 474//474 627//627 178//178
f 574//574 176//176 209//209
f 768//768 767//767 82//82
f 82//82 767//767 80//80
f 80//80 767//767 541//541
f 624//624 428//428 738//738
f 428//428 414//414 738//738
f 684//684 501//501 634//634
f 636//636 685//685 674//674
f 731//731 674//674 684//684
f 737//737 196//196 369//369
f 195//195 369//369 196//196
f 556//556 626//626 241//241
f 241//241 626//626 242//242
f 97//97 407//407 543//543
f 499//499 543//543 407//407
f 397//397 239//239 100//100
f 415//415 765//765 19//19
f 415//415 19//19 30//30
f 403//403 405//405 374//374
f 549//549 372//372 57//57
f 101//101 227//227 688//688
f 770//770 596//596 670//670
f 14//14 248//248 718//718
f 14//14 718//718 271//271
f 713//713 671//671 670//670
f 596//596 713//713 670//670
f 665//665 351//351 714//714
f 778//778 619//619 630//630
f 424//424 464//464 637//637
f 778//778 630//630 664//664
f 666//666 695//695 778//778
f 30//30 21//21 720//720
f 621//621 720//720 21//21
f 200//200 530//530 471//471
f 686//686 617//617 687//687
f 577//577 570//570 669//669
f 770//770 670//670 652//652
f 643//643 441//441 440//440
f 655//655 652//652 670//670
f 224//224 441//441 643//643
f 224//224 542//542 441//441
f 28//28 328//328 29//29
f 297//297 187//187 475//475
f 458//458 112//112 111//111
f 415//415 85//85 765//765
f 458//458 529//529 772//772
f 662//662 772//772 529//529
f 662//662 45//45 772//772
f 338//338 772//772 45//45
f 713//713 508//508 671//671
f 753//753 508//508 713//713
f 65//65 759//759 5//5
f 144//144 146//146 257//257
f 494//494 182//182 7//7
f 696//696 400//400 690//690
f 440//440 442//442 762//762
f 440//440 762//762 668//668
f 762//762 754//754 668//668
f 527//527 754//754 762//762
f 135//135 645//645 233//233
f 97//97 543//543 541//541
f 21//21 20//20 728//728
f 21//21 728//728 533//533
f 640//640 367//367 639//639
f 342//342 483//483 343//343
f 649//649 639//639 367//367
f 329//329 612//612 693//693
f 329//329 693//693 443//443
f 763//763 443//443 693//693
f 763//763 693//693 544//544
f 154//154 156//156 166//166
f 327//327 281//281 633//633
f 127//127 294//294 757//757
f 760//760 635//635 636//636
f 760//760 636//636 673//673
f 309//309 446//446 445//445
f 383//383 726//726 546//546
f 81//81 526//526 82//82
f 641//641 774//774 742//742
f 644//644 774//774 641//641
f 386//386 774//774 318//318
f 386//386 649//649 774//774
f 764//764 759//759 469//469
f 5//5 759//759 6//6
f 521//521 194//194 704//704
f 243//243 381//381 725//725
f 342//342 344//344 640//640
f 640//640 344//344 300//300
f 538//538 661//661 740//740
f 580//580 740//740 661//661
f 733//733 227//227 226//226
f 144//144 492//492 740//740
f 595//595 499//499 407//407
f 574//574 483//483 517//517
f 101//101 225//225 227//227
f 497//497 743//743 540//540
f 498//498 497//497 540//540
f 553//553 365//365 615//615
f 218//218 365//365 553//553
f 473//473 123//123 121//121
f 504//504 691//691 426//426
f 727//727 691//691 504//504
f 395//395 354//354 559//559
f 537//537 747//747 645//645
f 233//233 645//645 747//747
f 683//683 331//331 330//330
f 742//742 396//396 641//641
f 328//328 308//308 327//327
f 77//77 327//327 308//308
f 763//763 776//776 443//443
f 763//763 519//519 776//776
f 4//4 194//194 164//164
f 194//194 521//521 164//164
f 262//262 411//411 650//650
f 262//262 515//515 411//411
f 451//451 355//355 356//356
f 361//361 451//451 356//356
f 361//361 356//356 51//51
f 397//397 396//396 247//247
f 708//708 247//247 396//396
f 741//741 360//360 777//777
f 741//741 450//450 360//360
f 450//450 361//361 360//360
f 683//683 660//660 739//739
f 617//617 686//686 721//721
f 35//35 721//721 686//686
f 549//549 275//275 372//372
f 235//235 780//780 583//583
f 706//706 265//265 780//780
f 586//586 697//697 758//758
f 758//758 697//697 746//746
f 723//723 706//706 780//780
f 723//723 780//780 235//235
f 583//583 780//780 585//585
f 265//265 585//585 780//780
f 375//375 523//523 675//675
f 578//578 577//577 669//669
f 754//754 669//669 668//668
f 578//578 669//669 754//754
f 215//215 382//382 355//355
f 91//91 699//699 572//572
f 696//696 699//699 300//300
f 300//300 699//699 91//91
f 695//695 620//620 778//778
f 778//778 620//620 619//619
f 412//412 411//411 515//515
f 729//729 277//277 749//749
f 500//500 729//729 749//749
f 720//720 738//738 30//30
f 545//545 66//66 236//236
f 545//545 236//236 520//520
f 410//410 650//650 411//411
# 1556 faces, 0 coords texture

# End of File
